"gene","contrast","logFC","P.Value","adj.P.Val","pi_eq2"
"MB","Cancer_vs_Healthy",-0.288343550572552,0.276499868099924,0.431802075044693,0.690265763541904
"CKM","Cancer_vs_Healthy",-0.0343065617466642,0.872536389026195,0.913507662945686,0.995333192318405
"ALDOA","Cancer_vs_Healthy",0.210495679004921,0.0400491254134706,0.121611972251749,0.507986150879386
"GAPDH","Cancer_vs_Healthy",0.299571962716552,0.0137977765133926,0.0605261007644519,0.277165367360548
"CKB","Cancer_vs_Healthy",0.0768354206542412,0.647942424234899,0.751201423956493,0.967206755648009
"CA3","Cancer_vs_Healthy",0.31010320518244,0.222401326997307,0.374767246612677,0.627401000903665
"FHL1","Cancer_vs_Healthy",-0.442253076890214,0.00942565831006651,0.0467979076508045,0.12709636009615
"ACTA1","Cancer_vs_Healthy",0.259872526826545,0.559201933897999,0.688424466680154,0.859805128107866
"ENO1","Cancer_vs_Healthy",0.497233185983834,0.0698268094367065,0.175121779382636,0.266200872647271
"ENO3","Cancer_vs_Healthy",-0.390825462326958,0.104664081084088,0.227055051577012,0.413915766235603
"ACTB","Cancer_vs_Healthy",1.45934123081212,0.0089056351800145,0.0463169967893627,0.00101826649023167
"PRDX2","Cancer_vs_Healthy",1.99706666866737,0.00031359127420318,0.00528061390406474,1.00694387580872e-07
"PKM","Cancer_vs_Healthy",-0.168178409992599,0.167438194601901,0.310631527171675,0.740404567752966
"TPI1","Cancer_vs_Healthy",-0.0589360341626879,0.589190090821724,0.706580232407207,0.969303467658398
"ENO2","Cancer_vs_Healthy",0.171774214102616,0.452842174638037,0.601999145057856,0.872771474716605
"PGAM1","Cancer_vs_Healthy",0.603431921403082,0.00283649983342094,0.0221045035562383,0.0290353996460345
"CASQ1","Cancer_vs_Healthy",-0.152727923291721,0.30226463236037,0.456057842305836,0.832991628076415
"PGK1","Cancer_vs_Healthy",0.331646759911333,0.00929915400190727,0.0466277399863915,0.211953625341635
"HSPB1","Cancer_vs_Healthy",-0.0429971332762804,0.81119275121795,0.873679278348926,0.99104322091441
"MYL1","Cancer_vs_Healthy",-0.538856486861249,0.174480157990744,0.319261565685191,0.390310233458981
"PYGM","Cancer_vs_Healthy",-0.429268196430268,0.116001436724079,0.241636210753963,0.396646729173907
"CRYAB","Cancer_vs_Healthy",-0.00279467443192161,0.989112595099305,0.992409637082969,0.999969406869568
"LDHA","Cancer_vs_Healthy",0.0804412779214871,0.694369882590004,0.784513472569581,0.971085272380543
"MYL2","Cancer_vs_Healthy",0.00509613063541536,0.987599162036496,0.992131323397532,0.999936410618273
"AK1","Cancer_vs_Healthy",0.0573308629639229,0.694594154285027,0.784513472569581,0.979323799295915
"FABP4","Cancer_vs_Healthy",2.4376162108068,0.00128298868014795,0.0136700740787445,8.93217203785115e-08
"FABP3","Cancer_vs_Healthy",-0.246284636824061,0.425848248594393,0.579477565291663,0.81038458094593
"ATP2A1","Cancer_vs_Healthy",-0.336866899005358,0.251759665472674,0.407786332307915,0.628365110038268
"CA2","Cancer_vs_Healthy",1.86177563255216,0.00014907064106002,0.00351923631051516,7.51129280572759e-08
"MDH1","Cancer_vs_Healthy",-0.00430206096289965,0.972308335226727,0.985403396980622,0.999879195498552
"MYH7","Cancer_vs_Healthy",-0.789953073148514,0.145286208993786,0.281229253422056,0.217869573693968
"PGAM2","Cancer_vs_Healthy",0.00971340456662872,0.959955255577421,0.976583124389704,0.999603105495054
"PYGB","Cancer_vs_Healthy",-0.0737590334154881,0.634262577786993,0.740080265849086,0.96697569695218
"PRDX6","Cancer_vs_Healthy",0.394296311028004,0.0443162536822726,0.130297361253861,0.292647487164523
"IDH2","Cancer_vs_Healthy",-0.37977622256393,0.0531481088006445,0.14589865613889,0.328073065687293
"MYH2","Cancer_vs_Healthy",-0.967966326613439,0.0871263835223196,0.202901674585827,0.0942107771400796
"ATP2A2","Cancer_vs_Healthy",-0.677596695452294,0.015927466492587,0.065350319411441,0.0605035065039208
"ATP5F1B","Cancer_vs_Healthy",-0.0740043483685007,0.650091941405999,0.753330796393478,0.968633133534282
"MDH2","Cancer_vs_Healthy",-0.31447477388301,0.0698785204752892,0.175121779382636,0.433087098784136
"ATP5F1A","Cancer_vs_Healthy",-0.242801411292458,0.17954958076748,0.326059872162965,0.65904477107317
"MYH1","Cancer_vs_Healthy",0.103456777014607,0.850267263470282,0.896821537641892,0.983358859248607
"PFKM","Cancer_vs_Healthy",-0.600287238747534,0.0468279737932983,0.134560573859502,0.159192036141246
"S100A1","Cancer_vs_Healthy",0.149687821740489,0.667869422905904,0.766919203794667,0.941365898229476
"HSPB6","Cancer_vs_Healthy",-0.209997292979846,0.227314771807983,0.380120812856683,0.732644932346477
"EEF1A1","Cancer_vs_Healthy",0.585600495553653,0.00767121667875359,0.041792510774748,0.0577265305520639
"FBP2","Cancer_vs_Healthy",0.088415231357132,0.762551620097431,0.836167714569496,0.97631690301225
"ARF4","Cancer_vs_Healthy",0.21754350470993,0.383520032894059,0.540700374244083,0.811812612916839
"SLC25A4","Cancer_vs_Healthy",-0.461500388443874,0.207031522251725,0.358166100657265,0.483448890319196
"TNNC2","Cancer_vs_Healthy",0.226332270192678,0.644936804953681,0.74915958819511,0.90549819051823
"PGM1","Cancer_vs_Healthy",-0.102187463777561,0.527507182213902,0.661926677837976,0.936731710523238
"YWHAE","Cancer_vs_Healthy",0.31379778051652,0.0858669757815053,0.201331721209216,0.462846535915371
"GOT1","Cancer_vs_Healthy",-0.290295463525066,0.217216002316903,0.369650977794418,0.641952216242238
"CKMT2","Cancer_vs_Healthy",-0.586182874782619,0.0758970345142484,0.187355601288966,0.220600736684852
"MYL6","Cancer_vs_Healthy",0.690801278353241,0.0690044960765229,0.173992488536405,0.157722995173909
"ATP2A3","Cancer_vs_Healthy",-0.558303254239508,0.0327244798284524,0.105489353985159,0.148200143599804
"RPS27A","Cancer_vs_Healthy",0.216055037833591,0.402194779359353,0.557584662117819,0.821365576724956
"PDLIM3","Cancer_vs_Healthy",-0.421090001396074,0.048479294143844,0.138151645323522,0.279576649193429
"PEBP1","Cancer_vs_Healthy",0.151266537000335,0.303219054023552,0.456645933391586,0.834847399481933
"TPM2","Cancer_vs_Healthy",-0.266398131161797,0.611562884477472,0.722947189897768,0.877219573495935
"SOD1","Cancer_vs_Healthy",1.0552290078898,1.46344834533416e-05,0.00083904371799158,7.91345228563962e-06
"GPI","Cancer_vs_Healthy",-0.0224878648543267,0.82804753754468,0.885801186320563,0.995765872956524
"TUBB","Cancer_vs_Healthy",0.750173987320245,0.0121747456640786,0.055582038923712,0.0366236662237119
"PARK7","Cancer_vs_Healthy",0.0547780736127947,0.650992658527763,0.753649193141756,0.976760429997073
"GOT2","Cancer_vs_Healthy",-0.471119809272238,0.144812967864243,0.280764594699757,0.402383133122604
"MYL3","Cancer_vs_Healthy",-1.05885324582777,0.0612155098700818,0.160749125155024,0.0519355016731805
"MT-CO2","Cancer_vs_Healthy",-0.340630751599342,0.0769915789901959,0.18900283966094,0.417530609339732
"PRDX1","Cancer_vs_Healthy",0.287530193688482,0.13541781813031,0.267127818467487,0.562769533439433
"ALDOC","Cancer_vs_Healthy",-0.153032566755829,0.411534500443632,0.564658163571662,0.872954481068173
"CYCS","Cancer_vs_Healthy",0.277226547896721,0.186844000809822,0.334513274312305,0.628108516349146
"TPM1","Cancer_vs_Healthy",-0.0977471083102017,0.857469964568921,0.901569800307599,0.985081906420539
"PPIA","Cancer_vs_Healthy",1.11062725085068,0.00122968534857094,0.013317925058469,0.000585930235366885
"GPD1","Cancer_vs_Healthy",0.746443578673919,0.00245123921795519,0.0202721749276755,0.0112544355035071
"CFL1","Cancer_vs_Healthy",0.645837953271307,0.00743628761018704,0.0410676508587264,0.0421930607624186
"VIM","Cancer_vs_Healthy",2.73008494764979,0.00020121389809521,0.00407162240851489,8.1034932614535e-11
"CS","Cancer_vs_Healthy",-0.227187539361687,0.195693365335212,0.345729731274535,0.690327092120377
"DECR1","Cancer_vs_Healthy",-0.0142247663972235,0.947883076012968,0.967319085966073,0.999238921636912
"HSPA8","Cancer_vs_Healthy",0.218009618210523,0.131661464007759,0.263541816567484,0.642737327998329
"HADHA","Cancer_vs_Healthy",-0.483250201853799,0.0027840428439538,0.0219375294329411,0.0582289715818998
"ACO2","Cancer_vs_Healthy",-0.319786479429357,0.0818649750091226,0.195857771711519,0.449183173009138
"LGALS1","Cancer_vs_Healthy",1.18288364491769,0.00013306168252578,0.00330592325868438,2.60139138554995e-05
"BLVRB","Cancer_vs_Healthy",1.68150470230199,5.78943637279335e-05,0.00194780297898004,7.49640408005618e-08
"ACAT1","Cancer_vs_Healthy",-0.331565797535799,0.0228927750658523,0.083328862966845,0.285845990888369
"ANXA2","Cancer_vs_Healthy",1.89882617030562,0.00049937556372445,0.00730721787999914,5.38130155124984e-07
"CSRP3","Cancer_vs_Healthy",-0.757505838585423,0.00446916023498699,0.0294513039759895,0.0165971079807873
"LDB3","Cancer_vs_Healthy",-0.415874011092196,0.0535125717909338,0.146263646847411,0.295936016104125
"AKR1A1","Cancer_vs_Healthy",0.309681902099154,0.0987500637142869,0.219566161979689,0.488232206780981
"GSTM2","Cancer_vs_Healthy",0.168361617516947,0.435488688827376,0.586825272913443,0.869395851317827
"MYBPC1","Cancer_vs_Healthy",0.14410879741196,0.676597986588498,0.771415586734589,0.945255387641418
"TNNI2","Cancer_vs_Healthy",0.480192503730258,0.370598376867463,0.528986894781772,0.620855736914146
"ANXA6","Cancer_vs_Healthy",0.418692892247662,0.0200303465202787,0.0763181557291631,0.194504220962656
"CFL2","Cancer_vs_Healthy",-0.238738055270716,0.189668109285105,0.338562496040424,0.672403192649968
"TTR","Cancer_vs_Healthy",2.35076553386146,1.18847326414247e-05,0.00081969265565988,2.64517778025723e-12
"VDAC1","Cancer_vs_Healthy",-0.360873107666972,0.0576452152579108,0.154748805285451,0.357102415957434
"TXN","Cancer_vs_Healthy",0.671990765545601,0.00307295421019892,0.023225993979666,0.0204956120898638
"FLNC","Cancer_vs_Healthy",-0.46600280370766,0.0943359094571171,0.214505070795787,0.332810198563557
"CALM1","Cancer_vs_Healthy",0.77101270862936,0.0110024552770498,0.0514444899167689,0.0309003643874636
"TNNT3","Cancer_vs_Healthy",0.39228088197347,0.455211746235869,0.603939330543235,0.734384791909995
"LDHB","Cancer_vs_Healthy",0.816900215862802,0.0149627697245687,0.0629901214978346,0.0322973509383478
"S100A6","Cancer_vs_Healthy",3.0735724473543,0.00014352718942122,0.00343338325184871,1.54190914344752e-12
"BIN1","Cancer_vs_Healthy",-0.538247241216837,0.0331791935496265,0.106241787761821,0.159904288529308
"ACADVL","Cancer_vs_Healthy",-0.472578189765983,0.0105587237597678,0.0497715772254979,0.116413103209313
"AKR1B1","Cancer_vs_Healthy",0.0384915724908872,0.865118459626338,0.907714706222319,0.994438523536839
"PRDX3","Cancer_vs_Healthy",-0.252701173720755,0.060364607479808,0.159232121376894,0.491928831210721
"HADHB","Cancer_vs_Healthy",-0.554802855611982,0.00286939914001218,0.0222887520295139,0.0388664761755258
"CAT","Cancer_vs_Healthy",2.79859057459828,9.02560145146394e-07,0.00025267399600159,1.21297690407702e-17
"S100A4","Cancer_vs_Healthy",2.20607943058965,5.75907198731272e-06,0.00051362390168329,2.76007855342019e-12
"UQCRC2","Cancer_vs_Healthy",-0.281723281194296,0.176061579878004,0.321487851035351,0.613036247950145
"TUBA1B","Cancer_vs_Healthy",0.578052693467846,0.0420010411791191,0.125326526839305,0.160019079344536
"SLC25A6","Cancer_vs_Healthy",-0.97540967797789,0.00849654880862047,0.044671811203402,0.0095535141003759
"SLC25A5","Cancer_vs_Healthy",-0.246054546994291,0.24939638600169,0.405500673526042,0.7105621673396
"ANXA5","Cancer_vs_Healthy",1.37495599677112,0.00293682411379222,0.0225211543034563,0.000329946545352013
"H2BC4","Cancer_vs_Healthy",0.255697072648005,0.612957465513504,0.723663932929903,0.882361519524085
"TUBA4A","Cancer_vs_Healthy",-0.41223150625046,0.0436402945725316,0.129256862645333,0.274991232140357
"DCN","Cancer_vs_Healthy",1.86292667444177,0.00118828211760984,0.0130656773479657,3.55459091228894e-06
"APOBEC2","Cancer_vs_Healthy",-0.638347850652739,0.046036688172556,0.133561861589777,0.140150728232493
"HSP90AA1","Cancer_vs_Healthy",0.22945424614149,0.125929755970568,0.255682000317983,0.621613777482993
"EEF1A2","Cancer_vs_Healthy",-0.515726047921028,0.00833630679396232,0.0440215499119765,0.0846821697720245
"ATP5MF","Cancer_vs_Healthy",-0.334568778060664,0.0675132957106402,0.17118415116759,0.405835666074418
"TTN","Cancer_vs_Healthy",0.508579792640688,0.312341972185245,0.466286093628066,0.553323617095083
"SRL","Cancer_vs_Healthy",-0.412278013803746,0.0220022394850739,0.0813846277727463,0.207317298278377
"HSPA1A","Cancer_vs_Healthy",0.129347838156622,0.344865022181686,0.500262032176807,0.871356583581377
"COX5B","Cancer_vs_Healthy",-0.295506791974361,0.152371100340364,0.289623905515671,0.573511551448118
"TNNC1","Cancer_vs_Healthy",-0.358592001842339,0.438239067021744,0.58987125399014,0.743910112878428
"SELENBP1","Cancer_vs_Healthy",1.1024312291512,0.00089626748859682,0.0108452869976942,0.000436789394471965
"ECHS1","Cancer_vs_Healthy",-0.14927498947926,0.346537552112086,0.50208328849934,0.853682210334918
"NDUFA4","Cancer_vs_Healthy",-1.1153582078078,1.26553638294113e-05,0.0008236247594925,3.44573452829843e-06
"ATP5MG","Cancer_vs_Healthy",-0.392617283591004,0.0645403139558697,0.166395156323056,0.340972307888049
"PFN1","Cancer_vs_Healthy",0.339340110748257,0.0785597651029426,0.19089247219,0.421790802588254
"ATP5F1C","Cancer_vs_Healthy",-0.44685558588807,0.0315272180926462,0.102599989741955,0.213368005212806
"ANKRD2","Cancer_vs_Healthy",-0.0823158515919076,0.765370093767799,0.837732357178572,0.978229561240192
"UQCRC1","Cancer_vs_Healthy",-0.177460014562424,0.352029559963788,0.509121429665347,0.830875448666774
"HADH","Cancer_vs_Healthy",0.251008289958097,0.0782305403508846,0.190667146928067,0.527507070308398
"PDLIM5","Cancer_vs_Healthy",-0.0438810084781665,0.898486902813556,0.932195159877096,0.99531385305553
"YWHAG","Cancer_vs_Healthy",0.0315192813646128,0.831207694151534,0.887846618944184,0.994189799378767
"PLIN1","Cancer_vs_Healthy",3.90758028080714,0.00016131108319652,0.00363025316203026,1.51755150211488e-15
"COX7A1","Cancer_vs_Healthy",-0.379460970976908,0.116550969663637,0.242361601856682,0.442363426729904
"DBI","Cancer_vs_Healthy",0.463025410830994,0.00462507983495116,0.0300193860985509,0.0829642275360634
"SOD2","Cancer_vs_Healthy",0.371758120140903,0.0574923876525911,0.154659825122142,0.345839881484633
"TPM3","Cancer_vs_Healthy",-0.280039198552895,0.615082358383463,0.72462552580862,0.872756400244434
"TUBB4B","Cancer_vs_Healthy",0.396177653704889,0.0175707876896374,0.070517427927745,0.201662667803125
"TRIM72","Cancer_vs_Healthy",-0.0255806671841299,0.854063075056697,0.899249621660047,0.995972774988423
"COX4I1","Cancer_vs_Healthy",-0.275015610122804,0.145171047413374,0.281229253422056,0.588171422590004
"UGP2","Cancer_vs_Healthy",0.0110955110444095,0.935538825356937,0.959036820544702,0.999260950129076
"ATP5PO","Cancer_vs_Healthy",-0.37863830748487,0.043904704473705,0.129530344659042,0.306198236174166
"ANXA1","Cancer_vs_Healthy",2.43402555578179,7.91070232353774e-05,0.00237327197417419,1.03788823522299e-10
"LUM","Cancer_vs_Healthy",1.8170560975672,0.00025302679895228,0.00448390350758923,2.91307586799447e-07
"CASQ2","Cancer_vs_Healthy",-0.650171388295018,0.0140827512772093,0.0611013785144505,0.0625647318581061
"QDPR","Cancer_vs_Healthy",0.0724622188898962,0.541939103681701,0.674761820923235,0.956580364744085
"CMBL","Cancer_vs_Healthy",-0.257872791837251,0.360135823877024,0.51773556053485,0.768466133428002
"MYOM2","Cancer_vs_Healthy",-0.588074881071282,0.124904004363533,0.254618546105987,0.294251883512137
"HBG2","Cancer_vs_Healthy",3.93584449896075,0.00018887356489194,0.00388724396803253,2.20591520298814e-15
"AHNAK","Cancer_vs_Healthy",1.38027142442206,0.00158115472859678,0.0156683974751483,0.000136089420726969
"GLO1","Cancer_vs_Healthy",-0.0901994405774111,0.540529757119088,0.673703755249878,0.946020348675762
"MIF","Cancer_vs_Healthy",0.320862372302987,0.17390521085701,0.318693871951051,0.570485876560874
"VDAC3","Cancer_vs_Healthy",-0.335787916946323,0.13005142721043,0.261405539835321,0.504116093732599
"GSTP1","Cancer_vs_Healthy",0.102054051820677,0.504706925792817,0.643034009158255,0.932596870345646
"ECH1","Cancer_vs_Healthy",-0.371908195655038,0.0516900600890834,0.143398231214876,0.332281018205362
"GSN","Cancer_vs_Healthy",1.40701361783094,0.0002471886895576,0.00448390350758923,8.41283002219184e-06
"SLC25A3","Cancer_vs_Healthy",-0.55624953649864,0.00217946906728291,0.0189797469276869,0.0330718748522871
"ATP5PD","Cancer_vs_Healthy",-0.633599543578441,0.00673352597377013,0.0383317506970177,0.0420702859966739
"ADSS1","Cancer_vs_Healthy",-0.207160338390118,0.373882706340357,0.531061479647852,0.815619717515583
"CAVIN1","Cancer_vs_Healthy",1.40091936187796,0.00118699522261884,0.0130656773479657,7.97147923882456e-05
"MT-ATP6","Cancer_vs_Healthy",-0.546399727799802,0.0531972674792133,0.14589865613889,0.201291888311597
"TNNI1","Cancer_vs_Healthy",-0.555087740915212,0.285508687327484,0.440143994292306,0.498678864821677
"HSPB7","Cancer_vs_Healthy",-0.520412165953289,0.0110545283803415,0.0515877991082602,0.0959035156168561
"CSTB","Cancer_vs_Healthy",0.333772294572089,0.103699837421313,0.225981922937044,0.469346939084133
"RTN2","Cancer_vs_Healthy",-0.413988959630558,0.0304472705044189,0.10029689107338,0.235616535353076
"LCP1","Cancer_vs_Healthy",1.77580671429317,0.00038899851898692,0.00620336711073193,8.79846011670956e-07
"ACTN2","Cancer_vs_Healthy",0.020185423575164,0.981465936912624,0.990400906910226,0.999622442973729
"NNT","Cancer_vs_Healthy",-0.627740845899741,0.00427271867316811,0.0288199063445065,0.0325608933847493
"TNNT1","Cancer_vs_Healthy",-0.190123149824871,0.727665039962095,0.807473463699873,0.941347522225998
"PRDX5","Cancer_vs_Healthy",0.146826553884008,0.262353734102446,0.41920888634286,0.821631758136124
"PADI2","Cancer_vs_Healthy",-0.411652857432905,0.0346700788360202,0.109705058918708,0.250592594995601
"UQCR10","Cancer_vs_Healthy",-0.32498095678099,0.190071479783051,0.339031202457471,0.582990855119926
"ETFA","Cancer_vs_Healthy",-0.139199080880758,0.410090829007113,0.56299812785013,0.883310229069341
"ACSL1","Cancer_vs_Healthy",0.149831303112471,0.465406008788716,0.608743981077256,0.891724776456468
"GLRX","Cancer_vs_Healthy",-0.339354595488022,0.205093260648333,0.35632364476276,0.584127351259095
"FH","Cancer_vs_Healthy",-0.378822446440086,0.0220772304906179,0.0814119004922021,0.235857145883533
"HINT1","Cancer_vs_Healthy",0.438666448230354,0.00767076943921998,0.041792510774748,0.118072784609809
"MYH3","Cancer_vs_Healthy",0.739732655316406,0.259516005671198,0.416237963208947,0.368670246852891
"NIPSNAP2","Cancer_vs_Healthy",-0.364833457857713,0.0525985179705337,0.144972109410628,0.341482413367717
"FTH1","Cancer_vs_Healthy",-0.375238730751065,0.169682318968047,0.313339742388847,0.513960581881885
"VDAC2","Cancer_vs_Healthy",-0.18516684662076,0.212556091860419,0.36403632233278,0.750706885362186
"ACYP2","Cancer_vs_Healthy",-0.672296226797606,0.031226110440879,0.102025066406563,0.0972456220855813
"COX6C","Cancer_vs_Healthy",-0.0509521382267266,0.827382949085464,0.885483618399021,0.990391657879418
"COX5A","Cancer_vs_Healthy",-0.364243117672444,0.0882939468908316,0.204434446262618,0.413107039946668
"UQCRFS1","Cancer_vs_Healthy",-0.101084582513998,0.65759380023512,0.759101568056649,0.958513714360724
"CYB5R3","Cancer_vs_Healthy",0.469991712736764,0.128116793018531,0.257986026616798,0.380699444606097
"HSP90AB1","Cancer_vs_Healthy",-0.0359448192548726,0.766967052928757,0.839098892981575,0.990508757337746
"PCMT1","Cancer_vs_Healthy",0.148902093993978,0.266741949554736,0.423970042592611,0.821379379733623
"PSAP","Cancer_vs_Healthy",0.627089758081702,0.0213241132269812,0.0795932377001126,0.0895472198678991
"ECI1","Cancer_vs_Healthy",-0.460880181376698,0.0833140663191302,0.196879560055413,0.318112305309341
"CYB5R1","Cancer_vs_Healthy",-0.626889984138472,0.0021192298002086,0.0186926936223528,0.0210769517640065
"AAMDC","Cancer_vs_Healthy",-0.434820277616048,0.174863885511169,0.3197207565003,0.468501146264191
"PITPNA","Cancer_vs_Healthy",0.914230936432869,0.001361525961066,0.0141928766850516,0.00239793738825434
"ATP5ME","Cancer_vs_Healthy",-0.580162176911234,0.0255412212022394,0.0895243968777183,0.119108252577724
"UQCRB","Cancer_vs_Healthy",-0.46258907952059,0.0463859418434478,0.133929673811777,0.24159330927789
"PHPT1","Cancer_vs_Healthy",0.0551134699506832,0.77212101314701,0.843205169912925,0.985847980476519
"VBP1","Cancer_vs_Healthy",-0.146281248222021,0.326587088082402,0.480697865588279,0.848998980281973
"CP","Cancer_vs_Healthy",2.7178060679856,8.48499861057914e-07,0.00025267399600159,3.15684279022963e-17
"C1QBP","Cancer_vs_Healthy",-0.428451386524458,0.00821490858295881,0.0436677701275161,0.127793466330607
"ADH1B","Cancer_vs_Healthy",1.57057757316671,0.00448934311333224,0.0294559624438802,0.000205386057460931
"AGL","Cancer_vs_Healthy",-0.442883408284356,0.097936795500984,0.218767906833367,0.35736060648614
"ESD","Cancer_vs_Healthy",0.14315883948775,0.223296483663016,0.375571045758807,0.806838635340427
"LMCD1","Cancer_vs_Healthy",-0.48990687801756,0.126461306777879,0.256328978721492,0.363113907884653
"EIF5A","Cancer_vs_Healthy",0.401081926603283,0.0160704580698078,0.065589259376436,0.190752551882284
"ATP5F1D","Cancer_vs_Healthy",-0.796092679574784,0.0027817928053016,0.0219375294329411,0.00923518640225892
"CD36","Cancer_vs_Healthy",1.26444135011575,0.0061672948388694,0.0363101368508497,0.00160584777001433
"PLIN4","Cancer_vs_Healthy",1.29630260277388,0.0030865108278626,0.023225993979666,0.00055666072526115
"TPT1","Cancer_vs_Healthy",-0.00389031075613033,0.973143487066948,0.985668180260346,0.999894096803695
"CYC1","Cancer_vs_Healthy",-0.277247886822796,0.232508365859165,0.386124237923359,0.667338892385405
"KLHL41","Cancer_vs_Healthy",-0.324290760006999,0.457538603025567,0.604894857011767,0.776032400949122
"CISD1","Cancer_vs_Healthy",-0.679125500572017,0.00088078963405812,0.0107118254485453,0.00841753246364256
"SDHA","Cancer_vs_Healthy",-0.37058137476479,0.0287780145895939,0.0971866846196082,0.268507637484835
"UQCRH","Cancer_vs_Healthy",0.0629201111429687,0.805176087743687,0.870174115862792,0.986458099452798
"NPEPPS","Cancer_vs_Healthy",-0.214935931300975,0.155847338883947,0.294337562378466,0.670628632613945
"MACROD1","Cancer_vs_Healthy",-0.23612069380286,0.252218305530054,0.407885614315896,0.722349001177695
"NDRG2","Cancer_vs_Healthy",-0.136105776343832,0.563989257278206,0.691489883669003,0.925010203757249
"RAB1B","Cancer_vs_Healthy",0.50615468554864,0.0196205449534929,0.0756559293159461,0.136724928917414
"EHD2","Cancer_vs_Healthy",1.72612338984373,0.00044415218070994,0.0068122194340735,1.6339028267639e-06
"ADIRF","Cancer_vs_Healthy",3.3419266494116,0.00708588949065843,0.0398664062932371,6.54901033583354e-08
"NUTF2","Cancer_vs_Healthy",0.625735668938223,7.98318230515404e-05,0.00237327197417419,0.00272800641709575
"FLNB","Cancer_vs_Healthy",-0.198638802952019,0.385131906482239,0.542020824552444,0.827343705357603
"VCL","Cancer_vs_Healthy",0.420852356520594,0.031688922454662,0.102978306708267,0.233939402767479
"CAV1","Cancer_vs_Healthy",1.87414064595121,0.00098717587458917,0.0114836691111629,2.32848062691831e-06
"NEB","Cancer_vs_Healthy",0.119665998597203,0.848232917421519,0.895943411879976,0.980495693933218
"PYGL","Cancer_vs_Healthy",0.830733453893192,5.82399561821274e-05,0.00194780297898004,0.000303408293430556
"CRAT","Cancer_vs_Healthy",-0.506868524060817,0.0197174833557653,0.0756559293159461,0.136682806584688
"ST13","Cancer_vs_Healthy",0.379662677572089,0.0142067318043798,0.0614179716067265,0.198870787859336
"AKR1C1","Cancer_vs_Healthy",2.05009907258879,0.00016829125015752,0.00365085883224612,1.83253490766908e-08
"UBE2N","Cancer_vs_Healthy",0.195752914010722,0.113398621403134,0.238213535284292,0.653035389054992
"HSP90B1","Cancer_vs_Healthy",0.730524661423534,0.00996764542824548,0.0482939440467105,0.0345082171834399
"NME2","Cancer_vs_Healthy",0.811773468301457,0.00082537778009359,0.0104058099186669,0.00314065713870594
"RTN4","Cancer_vs_Healthy",-0.152878296061139,0.342420167169428,0.49821617072144,0.848875939649592
"DLST","Cancer_vs_Healthy",-0.496933141927265,0.0189834906050838,0.0739680345906824,0.139465893041031
"SYPL2","Cancer_vs_Healthy",-0.873948293578533,6.82351932112859e-05,0.00216197822701022,0.00022863292500164
"RAN","Cancer_vs_Healthy",0.654271226450359,0.0001663565499042,0.00364169611063019,0.00336926479311342
"GYG1","Cancer_vs_Healthy",-0.525709589452735,0.0339173131008264,0.108027409314355,0.168821773709831
"RNH1","Cancer_vs_Healthy",0.295758712796051,0.0552351769005595,0.150250385361145,0.424618927472626
"ADH5","Cancer_vs_Healthy",0.289419161443039,0.146338182775206,0.281680530873458,0.573374683191534
"ACAA2","Cancer_vs_Healthy",-0.0727901198826757,0.587492004192406,0.706280951620227,0.962023375991261
"YWHAZ","Cancer_vs_Healthy",0.857888231163319,0.013707701428733,0.0604294513400282,0.0252187692148133
"HSPA2","Cancer_vs_Healthy",-0.662498363874647,0.0204850442633971,0.077454574899487,0.0760903730601399
"HSPD1","Cancer_vs_Healthy",-0.0961345433938661,0.515290251205108,0.652174325373433,0.938249287737663
"CLU","Cancer_vs_Healthy",3.03340421072831,2.26588262704608e-07,0.00018187484553089,6.97829265705396e-21
"ATP5PB","Cancer_vs_Healthy",-0.290304709103431,0.181306478391837,0.328094687823779,0.609135478509247
"FLNA","Cancer_vs_Healthy",1.26299775496226,0.000116859819081,0.0030586787429027,1.08011497671074e-05
"KRT1","Cancer_vs_Healthy",0.269828883208099,0.673190336280221,0.770457381065956,0.898724609916219
"ARL6IP5","Cancer_vs_Healthy",0.0147548528905688,0.926846367168927,0.951746717331674,0.998879739288481
"PDHB","Cancer_vs_Healthy",-0.607304468568476,0.0145637224437086,0.0621798646178195,0.0766561700706479
"ACTN1","Cancer_vs_Healthy",0.977674694663968,0.104159777327219,0.226368902350128,0.109554491969036
"COX6B1","Cancer_vs_Healthy",-0.17758750308035,0.46050583340902,0.606286520967151,0.871354279843487
"S100A9","Cancer_vs_Healthy",2.67094942867346,4.18265707591166e-06,0.00041965992661647,4.30696145780678e-15
"TUFM","Cancer_vs_Healthy",-0.243307771879159,0.108561488318144,0.232984254346062,0.582602608486448
"S100A8","Cancer_vs_Healthy",2.31044262426685,0.00011083762614852,0.00293293410731489,7.26903484967516e-10
"HAGH","Cancer_vs_Healthy",-0.0734344494109074,0.59812342368937,0.713157436256421,0.96296112761114
"TAGLN","Cancer_vs_Healthy",2.37282900081741,3.78659886929892e-06,0.0004156168837555,1.36493731228271e-13
"NDUFS1","Cancer_vs_Healthy",-0.231004033503815,0.25453346502789,0.410801999857345,0.728995206437322
"DLD","Cancer_vs_Healthy",-0.418569719712984,0.0091016534646491,0.0463888053771113,0.139878045204428
"OGDH","Cancer_vs_Healthy",-0.432285365191593,0.0371090854615941,0.115599841903646,0.2407727028675
"COQ9","Cancer_vs_Healthy",-0.443718294598572,0.113577276889433,0.238235263719298,0.380904000690323
"DLAT","Cancer_vs_Healthy",-0.584383093254814,0.00567821415923649,0.0345247915373584,0.0487078910999596
"COQ8A","Cancer_vs_Healthy",-0.673511958698978,0.00288804930425614,0.0222898164251563,0.0194843908311847
"SLC25A12","Cancer_vs_Healthy",-0.327212515660282,0.180624540185443,0.327271552119298,0.571226112491268
"FKBP3","Cancer_vs_Healthy",-0.0776091576065134,0.639765400396427,0.744589214187818,0.965929508635013
"EEF2","Cancer_vs_Healthy",-0.0774444880345371,0.488575422265095,0.627203330628556,0.946039932132957
"ACTN4","Cancer_vs_Healthy",1.55458726926722,0.00074031588597317,0.00966959065663741,1.3590506095088e-05
"PDHA1","Cancer_vs_Healthy",-0.54027442897371,0.0193303496345583,0.0748351799357177,0.118603945766124
"MSN","Cancer_vs_Healthy",1.11842400376132,0.00035117623196364,0.00567538501052655,0.000136909116483289
"GSTO1","Cancer_vs_Healthy",0.475711257435709,0.0386132867230778,0.118597952078025,0.212664388534838
"BPGM","Cancer_vs_Healthy",2.10454421345484,3.8073402528284e-06,0.0004156168837555,3.93259061100227e-12
"GPD1L","Cancer_vs_Healthy",-0.446375891707486,0.0494220681697522,0.139191041114343,0.261214802565007
"SUCLA2","Cancer_vs_Healthy",-0.492550758145001,0.0277927024085015,0.094784053104084,0.171220958767925
"UBA1","Cancer_vs_Healthy",0.285690460748317,0.0474808089204866,0.136111652238728,0.418691215254285
"ACADM","Cancer_vs_Healthy",-0.33727662158962,0.131630937143706,0.263541816567484,0.504638095224006
"COMP","Cancer_vs_Healthy",3.60442248563759,0.00634107096604143,0.0368828046982168,1.196921049598e-08
"SDHB","Cancer_vs_Healthy",-0.416868820704352,0.0253539975138549,0.0891276292165877,0.216120877877554
"ALDH9A1","Cancer_vs_Healthy",0.0907269146659502,0.534658435536193,0.668093210121513,0.944776784086207
"FBP1","Cancer_vs_Healthy",-0.848801384237699,0.0214532456272899,0.0797213201705466,0.0383503165652193
"PRELP","Cancer_vs_Healthy",2.51894380406729,0.00037716026684206,0.00605467948370463,2.37936579433887e-09
"GAMT","Cancer_vs_Healthy",-0.425209887207846,0.0842919195675054,0.198800139391335,0.349328132731246
"SAR1A","Cancer_vs_Healthy",-0.0525520081379511,0.782136840580053,0.851825197700935,0.987169647914556
"AOC3","Cancer_vs_Healthy",2.86039464846147,5.70573056368846e-05,0.00194780297898004,7.26733929771858e-13
"GSTM3","Cancer_vs_Healthy",-0.322183076135982,0.249375969658873,0.405500673526042,0.639258866255584
"P4HB","Cancer_vs_Healthy",0.273345997442508,0.0978586627870373,0.218767906833367,0.529766329828252
"FTL","Cancer_vs_Healthy",0.660809274115223,0.205856752938075,0.357134770226862,0.351882334068664
"LRRC20","Cancer_vs_Healthy",-0.127240382106937,0.581954793209586,0.702688977674728,0.933435724647586
"COX7C","Cancer_vs_Healthy",-0.689782063676731,0.0552154615552451,0.150250385361145,0.135611349700672
"EHD1","Cancer_vs_Healthy",1.25534414292828,0.00061829293224064,0.00845937148201969,9.37226449207044e-05
"SERPING1","Cancer_vs_Healthy",3.05703430161385,3.23554211807375e-07,0.00019477963550804,1.44439353410783e-20
"SNCA","Cancer_vs_Healthy",3.69965895111178,4.3941324733535e-08,6.06683105382034e-05,6.04143043901296e-28
"RAP1B","Cancer_vs_Healthy",1.28137525972958,0.00049790212863245,0.00730721787999914,5.85871016078499e-05
"YWHAB","Cancer_vs_Healthy",0.57814878072135,0.0149151507071709,0.0629901214978346,0.0879194677690203
"H3-3A","Cancer_vs_Healthy",0.0586946795339358,0.921971618606669,0.948358674756454,0.995242945823732
"PPP3CA","Cancer_vs_Healthy",-0.00658940750861348,0.959353963465331,0.976383915479509,0.999726608755346
"NDUFB10","Cancer_vs_Healthy",0.00144186568098092,0.99493759808855,0.996593068301675,0.999992682184599
"S100A10","Cancer_vs_Healthy",1.53899912603883,0.00099906279599152,0.0115660731382095,2.41199232116447e-05
"ARHGDIA","Cancer_vs_Healthy",0.702445346911102,0.0047528926664791,0.0306835537289053,0.0233447894445156
"GPT","Cancer_vs_Healthy",-0.358427704502024,0.193227353408086,0.342882436998284,0.554762643682941
"REEP5","Cancer_vs_Healthy",-0.0447648425056357,0.818693849633765,0.878135763883344,0.991084990195314
"ACADS","Cancer_vs_Healthy",-0.326771717109132,0.216583691175023,0.369222335973577,0.606598435471479
"ACTC1","Cancer_vs_Healthy",1.22579850259473,0.125869803542472,0.255682000317983,0.0788288496788598
"DDB1","Cancer_vs_Healthy",-0.208308263244856,0.0351157176591665,0.110389880056492,0.497755369537588
"ALDH2","Cancer_vs_Healthy",0.639887126584885,0.0388552949750728,0.118820128432806,0.125143226559548
"CTSD","Cancer_vs_Healthy",0.788008737874744,0.00241537718055611,0.0201253572691319,0.00866501423485766
"ALDH1A1","Cancer_vs_Healthy",0.582697133368711,0.0297254793325224,0.0988649111298893,0.128912956147447
"ACOT2","Cancer_vs_Healthy",-0.183683478222783,0.191952586109851,0.341627366853304,0.738472920868924
"GDI2","Cancer_vs_Healthy",0.307807413747227,0.0409157494581003,0.123775282280283,0.373877739353962
"PSMC1","Cancer_vs_Healthy",0.241570864389583,0.187729253421927,0.335599140489977,0.667584870885957
"GSTM1","Cancer_vs_Healthy",0.629942862654175,0.367143414192598,0.524694827117907,0.531950696362207
"S100B","Cancer_vs_Healthy",2.28244384244162,0.252731299231839,0.408440918490112,0.043311455749821
"UQCRQ","Cancer_vs_Healthy",-0.638453092593412,0.0343202257886371,0.108740925919787,0.116149529691248
"FKBP1A","Cancer_vs_Healthy",0.335717940858366,0.0176307598470628,0.0706403822158522,0.257775549499779
"OLA1","Cancer_vs_Healthy",0.0956172651797473,0.401350975982361,0.557584662117819,0.916410549611968
"PHB2","Cancer_vs_Healthy",-0.115791424315834,0.400462008359903,0.557406078688234,0.89945617832504
"ANXA7","Cancer_vs_Healthy",0.163569315774833,0.114677965793201,0.239634072206319,0.701713422645605
"GRHPR","Cancer_vs_Healthy",0.00516189964760372,0.968389185247845,0.982672211578934,0.999834207222527
"NDUFV2","Cancer_vs_Healthy",-0.405607029519881,0.0585409771385057,0.1562823425161,0.316280996558639
"PCBP1","Cancer_vs_Healthy",-0.287738478569,0.0457013314969612,0.133069898723921,0.411538023144315
"CES1","Cancer_vs_Healthy",1.88246259509917,0.29905319772846,0.453190748980574,0.103066153424404
"WDR1","Cancer_vs_Healthy",0.0963964228806518,0.395643216675051,0.552386373750549,0.914495387836183
"ETFB","Cancer_vs_Healthy",-0.327424038699863,0.122412958534031,0.251082115970993,0.50272763771288
"DUSP3","Cancer_vs_Healthy",-0.0522099010692756,0.743705068576216,0.819288786872345,0.984658978743946
"AMPD1","Cancer_vs_Healthy",-0.426915461206434,0.263410053781672,0.420060536096866,0.565794851468582
"PFN2","Cancer_vs_Healthy",-0.183979387851995,0.374036656761942,0.531061479647852,0.834497442050763
"EIF4A1","Cancer_vs_Healthy",0.220796563805106,0.133502245302537,0.265680501395462,0.641078011604715
"APOD","Cancer_vs_Healthy",1.76901995648944,0.00033853192043067,0.0055454752680072,7.25759082404738e-07
"HSPB2","Cancer_vs_Healthy",-0.546135889377368,0.00274622309974201,0.0219375294329411,0.0399210271420275
"MYO6","Cancer_vs_Healthy",-1.43797453325444,5.3023458294568e-05,0.00187765422901941,7.11039847187115e-07
"SLC25A13","Cancer_vs_Healthy",-0.579184275701298,0.0315298971798365,0.102599989741955,0.135046617243417
"PLN","Cancer_vs_Healthy",-1.09082831264935,0.00151407838951487,0.015254814903564,0.000839510233501415
"PFKL","Cancer_vs_Healthy",-0.70000171437022,0.00574382543256995,0.0346644903298958,0.0270045547491987
"STOM","Cancer_vs_Healthy",2.37394543422005,3.48783396540641e-06,0.0004156168837555,1.10745290104475e-13
"PPP3R1","Cancer_vs_Healthy",0.177073468840117,0.22113214839185,0.373412491814569,0.765517698755646
"HSPA9","Cancer_vs_Healthy",-0.275243106666871,0.0501774566268966,0.140328205106712,0.43885794196541
"UBE2D3","Cancer_vs_Healthy",0.0459166366107979,0.805850613942702,0.870174115862792,0.990137533613221
"PRKAR1A","Cancer_vs_Healthy",-0.458545587894797,0.00453689618200811,0.029628650133327,0.0842397569898215
"DEFA3","Cancer_vs_Healthy",2.31089836987519,1.38018588572396e-05,0.00083365870453503,5.87340137261452e-12
"ARF1","Cancer_vs_Healthy",0.872726312387144,8.37480544967611e-05,0.00242970259311085,0.000276613115376975
"SUCLG1","Cancer_vs_Healthy",-0.536764023721116,0.0285782364857981,0.0967881764526045,0.14833900534614
"TALDO1","Cancer_vs_Healthy",0.772865710377182,0.00218330145306033,0.0189797469276869,0.00877995363424678
"HSDL2","Cancer_vs_Healthy",-0.563183236708671,0.0105076672316658,0.0497101428169964,0.0768679891567256
"FABP5","Cancer_vs_Healthy",0.592217382824135,0.0157394883208025,0.0648984381446787,0.0855512772219165
"CZIB","Cancer_vs_Healthy",0.196889480556553,0.209638756379482,0.360384636546563,0.735198971459963
"S100A13","Cancer_vs_Healthy",0.517852852119756,0.0527906158139924,0.145279774720107,0.218007963625
"SMPX","Cancer_vs_Healthy",-0.121795058347573,0.708843085295685,0.793904255531167,0.95895392616248
"PCBD2","Cancer_vs_Healthy",-0.0690758510733325,0.708759315702676,0.793904255531167,0.97650186259178
"PREP","Cancer_vs_Healthy",-0.3132215891067,0.141376551080666,0.275655655872263,0.541850968146355
"SKP1","Cancer_vs_Healthy",0.250027362702507,0.206208949722137,0.357231043835184,0.673842059693912
"RPL7","Cancer_vs_Healthy",0.262043260327069,0.161831176313344,0.30278902297011,0.620497559635198
"HIBADH","Cancer_vs_Healthy",-0.251394441320748,0.141942654943197,0.276475430597432,0.612133154175388
"EEF1D","Cancer_vs_Healthy",-0.149670551726114,0.183478867586316,0.331097720580121,0.775854919022794
"FMOD","Cancer_vs_Healthy",NA,NA,NA,NA
"VCP","Cancer_vs_Healthy",0.361934793099536,0.0168861187172347,0.0681101739884442,0.228287103977471
"PNP","Cancer_vs_Healthy",2.78846760724162,5.03889622410328e-08,6.06683105382034e-05,4.47402796043788e-21
"PBXIP1","Cancer_vs_Healthy",-0.511327839870145,0.00526094443681581,0.0326503974326095,0.0683465240473857
"MYOZ1","Cancer_vs_Healthy",0.460893019170946,0.487535174824875,0.627203330628556,0.71813174069694
"CDC42","Cancer_vs_Healthy",0.405316032342558,0.0427947433603248,0.127065033306612,0.278792186368955
"ALAD","Cancer_vs_Healthy",2.01060606967645,1.35733378316117e-05,0.00083365870453503,1.63587551685684e-10
"CRIP1","Cancer_vs_Healthy",1.61758200980515,0.0181685075160302,0.0716584607048326,0.00152864323492381
"IDH3A","Cancer_vs_Healthy",-0.38615273196152,0.049804258418608,0.139451923572102,0.314011744344479
"NDUFV1","Cancer_vs_Healthy",-0.303681560865734,0.206093825624429,0.357231043835184,0.619005036652453
"HIBCH","Cancer_vs_Healthy",-0.00417822098769705,0.984952552548152,0.990813609021564,0.999936652618071
"PRKACA","Cancer_vs_Healthy",-0.0440965968348266,0.710578756378244,0.795108571263388,0.985046208839916
"AIFM1","Cancer_vs_Healthy",-0.511497331675869,0.00335414559382757,0.0244011558608362,0.0542427562832364
"SLC25A11","Cancer_vs_Healthy",-0.891799625760566,0.00682662905901917,0.0384977114147966,0.0117097060587864
"KRT10","Cancer_vs_Healthy",-0.163377422621025,0.786795285275162,0.85496527389106,0.961581636477958
"MYOM1","Cancer_vs_Healthy",-0.487261463528537,0.166307276918286,0.309480620416719,0.417234370132826
"FUNDC2","Cancer_vs_Healthy",-0.581940079740235,0.0144864425784783,0.0619597757175414,0.0850726446162828
"AKR1C3","Cancer_vs_Healthy",1.55939031121029,0.00091137040381735,0.0109253991521333,1.81542251267351e-05
"DES","Cancer_vs_Healthy",-0.406854253257368,0.50789594472877,0.645049280014176,0.75908988371896
"NAPA","Cancer_vs_Healthy",0.32225434529618,0.0283774750973495,0.0962436056822782,0.317295614138088
"HSPE1","Cancer_vs_Healthy",-0.0553711823010161,0.735867765122537,0.814324254786337,0.983160781855121
"ADPRHL1","Cancer_vs_Healthy",-1.03214084836899,0.00105743983719448,0.0119158036539204,0.000848423560568332
"NDUFA9","Cancer_vs_Healthy",-0.265988824238732,0.276511129451377,0.431802075044693,0.710398106472218
"PACSIN3","Cancer_vs_Healthy",-0.324008989195502,0.081452680389643,0.195417850129595,0.443734864834602
"COASY","Cancer_vs_Healthy",0.213240689357647,0.280433079060132,0.434265501206945,0.762526123056703
"NDUFA10","Cancer_vs_Healthy",-0.256854792703137,0.239060117092142,0.394015579711073,0.692415174749908
"CCT3","Cancer_vs_Healthy",0.131906239093738,0.283872056671659,0.437901289215474,0.846961101254231
"MGST3","Cancer_vs_Healthy",-0.228378025737044,0.219456811662608,0.371430782800832,0.70725919094833
"MYH9","Cancer_vs_Healthy",0.861656391892531,0.00283121406132648,0.0221045035562383,0.00637493844835216
"CACNA2D1","Cancer_vs_Healthy",-0.39964139118301,0.0226048386988326,0.082637884269518,0.219923056560683
"LTA4H","Cancer_vs_Healthy",0.181625618453079,0.082738051872286,0.196830282768657,0.635956710254005
"AK3","Cancer_vs_Healthy",-0.284336098827037,0.278242590737013,0.43198462830092,0.695071651580748
"HNRNPK","Cancer_vs_Healthy",0.521441957934687,0.00439867027416172,0.0290988956598391,0.0590376281026304
"MYOT","Cancer_vs_Healthy",-0.430344852773111,0.268531058520745,0.426251014448222,0.567898514166754
"CSRP1","Cancer_vs_Healthy",1.70543948776047,3.11290867122362e-06,0.0004156168837555,4.05908822230511e-10
"RNPEP","Cancer_vs_Healthy",0.0355864866738678,0.843956644971465,0.895263260392637,0.993980793150551
"GYS1","Cancer_vs_Healthy",-0.565411868390097,0.0353933677305493,0.11100714977999,0.151197013783088
"NDUFA5","Cancer_vs_Healthy",-0.225675947408369,0.3264907987593,0.480697865588279,0.776769858939472
"IMMT","Cancer_vs_Healthy",-0.404788529844929,0.0778778354555833,0.19038561195639,0.355841872676094
"SMTNL1","Cancer_vs_Healthy",-1.13479999849035,0.00066719670675222,0.00897547301597407,0.000248979347060306
"NT5C3A","Cancer_vs_Healthy",-0.464133130628447,0.0633688647730275,0.164431278419666,0.277914318725874
"ANK1","Cancer_vs_Healthy",2.62566958554534,3.0348306650939e-06,0.0004156168837555,3.25018651573474e-15
"KRT19","Cancer_vs_Healthy",0.569560577303047,0.297934836087927,0.452064956080483,0.501741722172385
"ATP5PF","Cancer_vs_Healthy",-0.299918914008821,0.172993544312277,0.317344753559374,0.590841176289204
"EEF1B2","Cancer_vs_Healthy",-0.186425076009268,0.132621353338416,0.264583445599756,0.686172244117894
"RAB5C","Cancer_vs_Healthy",0.325740159065383,0.0932232574502977,0.212965740592589,0.461671083009041
"NDUFA13","Cancer_vs_Healthy",-0.385533556747465,0.209210555394123,0.360099369112972,0.54709428216249
"PSMA5","Cancer_vs_Healthy",0.196813847075191,0.18476195977812,0.332267960527045,0.717231238303113
"CAP2","Cancer_vs_Healthy",-0.359380281983984,0.125002056527197,0.254618546105987,0.473641593543254
"S100A11","Cancer_vs_Healthy",2.09993236592589,0.00018619358848232,0.00386512207815028,1.4695291115189e-08
"NDUFB3","Cancer_vs_Healthy",-0.459989433364822,0.0748731519447312,0.185488220044149,0.303530199935752
"HMGB1","Cancer_vs_Healthy",0.435056390069761,0.00951854548352892,0.0471618467578964,0.131997047752723
"PPP2R1A","Cancer_vs_Healthy",-0.00276802511271868,0.983001660168063,0.990405019951756,0.999952544802647
"EPHX1","Cancer_vs_Healthy",0.417094852015563,0.0964754325830848,0.217725249915715,0.377055645941102
"RHCE","Cancer_vs_Healthy",NA,NA,NA,NA
"SLC2A1","Cancer_vs_Healthy",2.84936394137929,1.58710734990538e-06,0.00031954203110358,2.98824855064388e-17
"PRKAR2A","Cancer_vs_Healthy",-0.539986589709013,0.00157476269534467,0.0156683974751483,0.0306572891481034
"SFXN4","Cancer_vs_Healthy",-0.550417453339303,0.110613159016016,0.23474999442697,0.297642244951022
"UBE2L3","Cancer_vs_Healthy",0.366327328546454,0.103700176430828,0.225981922937044,0.435966512824211
"PCYOX1","Cancer_vs_Healthy",0.217717870141481,0.152995989005286,0.290318630043128,0.664492794509462
"FHL3","Cancer_vs_Healthy",-0.349710159523983,0.366364821595796,0.52418686298436,0.703876091052935
"LMNA","Cancer_vs_Healthy",0.590298061449275,0.148864653915377,0.284949194458051,0.324863171931341
"GARNL3","Cancer_vs_Healthy",NA,NA,NA,NA
"NDUFAB1","Cancer_vs_Healthy",0.102096114717707,0.615896465718057,0.725026431591435,0.951720787341998
"UBE2D1","Cancer_vs_Healthy",-0.551116192288948,0.0765126754565141,0.18819460929447,0.242553416031628
"CST3","Cancer_vs_Healthy",1.08589928581121,0.00245825377029952,0.0202721749276755,0.00146718004728276
"ADSL","Cancer_vs_Healthy",-0.00192982568837508,0.988907245256646,0.992409637082969,0.999978473531466
"CBR1","Cancer_vs_Healthy",0.497298511823974,0.00872021174505763,0.0456484127871713,0.0945860647849925
"PGD","Cancer_vs_Healthy",1.17724864458595,0.00025050801812336,0.00448390350758923,5.76126227284672e-05
"USP14","Cancer_vs_Healthy",0.37439035463505,0.00798750535910169,0.0428372225049373,0.163939260325053
"DPYSL2","Cancer_vs_Healthy",0.939202089093303,0.00168209698309853,0.0162670262461898,0.00248035300204132
"RACK1","Cancer_vs_Healthy",0.107824270154968,0.405813173923198,0.559489048991586,0.907335810963147
"AMPD3","Cancer_vs_Healthy",-0.90293564554004,0.0123849773253381,0.0560307351046583,0.0189673697566026
"ABHD14B","Cancer_vs_Healthy",0.777249502643862,0.00023148150479188,0.00438903514597519,0.00149390196980844
"NAXE","Cancer_vs_Healthy",-0.156083920577657,0.277621897750237,0.43198462830092,0.818713731430982
"BCAT2","Cancer_vs_Healthy",-0.494609394890698,0.0381446328050766,0.117759327941826,0.198775864730792
"TAGLN2","Cancer_vs_Healthy",1.3220536456676,4.27071151335075e-05,0.00172756190015901,1.67219494799979e-06
"RPLP2","Cancer_vs_Healthy",0.372896174152526,0.0771179671441891,0.18910393572628,0.384613541379731
"TWF2","Cancer_vs_Healthy",-0.188423294038497,0.293259857313316,0.44842404331312,0.793629830691675
"PSMA7","Cancer_vs_Healthy",0.212890382271979,0.139534304395565,0.272947688858262,0.65752278865803
"HK1","Cancer_vs_Healthy",-0.343996983724864,0.0101463568109389,0.048670173706655,0.206146847870556
"PSMA4","Cancer_vs_Healthy",-0.0394936392010266,0.780267906988537,0.850174262456288,0.990248773844958
"MYBPC2","Cancer_vs_Healthy",0.91894967140837,0.0868903695525071,0.202901674585827,0.105917651146993
"NDUFA6","Cancer_vs_Healthy",-0.408225678704301,0.145604206378275,0.281516302812906,0.455392743645975
"ANXA11","Cancer_vs_Healthy",0.0443677006845817,0.728861894396017,0.808056833197795,0.986065775161735
"STAC3","Cancer_vs_Healthy",-0.406112067444326,0.0912667973913107,0.209106040074478,0.378242640118866
"NIPSNAP3B","Cancer_vs_Healthy",-0.149473984713975,0.717066573770643,0.798869741828695,0.951502425415159
"AHCY","Cancer_vs_Healthy",0.100645733656496,0.427842201021608,0.580419166231004,0.918100596174715
"NDUFB4","Cancer_vs_Healthy",-0.709575441325516,0.0492214408045722,0.139047928707053,0.118027939656534
"NDUFS3","Cancer_vs_Healthy",-0.362161125333827,0.1243511621774,0.253975910537047,0.470021117064541
"ALDH4A1","Cancer_vs_Healthy",-0.485718684447406,0.0143273528143593,0.0616076171017451,0.127178984711784
"PSMA2","Cancer_vs_Healthy",0.375921276094036,0.0778136406581762,0.19038561195639,0.38293428969685
"MYL6B","Cancer_vs_Healthy",-0.812746015934415,0.142512442438378,0.277100675494835,0.205256642538723
"UBE2V2","Cancer_vs_Healthy",0.126291150031818,0.376281592592119,0.533619596561733,0.883875396855124
"DDAH1","Cancer_vs_Healthy",-0.0749825065962355,0.812851546822418,0.874596302389805,0.98458319056919
"SDHC","Cancer_vs_Healthy",-1.68316750475575,8.09801031720432e-05,0.00237804985900341,1.29752387002451e-07
"SRI","Cancer_vs_Healthy",1.39871714636473,5.23851064523236e-05,0.00187765422901941,1.02892233087462e-06
"COL1A1","Cancer_vs_Healthy",NA,NA,NA,NA
"HRC","Cancer_vs_Healthy",-0.376672022061094,0.114824077573279,0.239634072206319,0.442527960671716
"CD59","Cancer_vs_Healthy",0.0971437628445067,0.505347765119241,0.643510004445866,0.93584872110528
"PDLIM1","Cancer_vs_Healthy",0.267494453502529,0.135412277645799,0.267127818467487,0.5857648976823
"STIP1","Cancer_vs_Healthy",0.121512222399321,0.321263632918546,0.475186012326695,0.871119334372552
"CAPZA1","Cancer_vs_Healthy",0.597497346417935,0.0463457900989649,0.133929673811777,0.159567590935528
"OGN","Cancer_vs_Healthy",1.92987990645143,0.00016495165268462,0.00364169611063019,5.01132589372749e-08
"EIF4A2","Cancer_vs_Healthy",-0.0973432436112063,0.509919048748908,0.64724376296395,0.936541920453925
"SURF4","Cancer_vs_Healthy",0.628189029935175,0.114669365646969,0.239634072206319,0.256540053444503
"CAPNS1","Cancer_vs_Healthy",0.42206327843623,0.0121874238171594,0.055582038923712,0.155644474390006
"HNRNPA2B1","Cancer_vs_Healthy",0.914426393317154,6.37852440383737e-05,0.0020803237239262,0.000145789230318098
"CACYBP","Cancer_vs_Healthy",0.102999309574908,0.601459940767086,0.715497719986516,0.948983023376462
"PSMA6","Cancer_vs_Healthy",0.0749815221986587,0.570489930499871,0.694710307361403,0.95878913231053
"AZGP1","Cancer_vs_Healthy",1.72302420590072,2.57141648389477e-05,0.00126366752922829,1.23485505794242e-08
"THBS4","Cancer_vs_Healthy",2.61766833535654,0.0276105979203552,0.0945751348395667,8.3033532547617e-05
"ALDH5A1","Cancer_vs_Healthy",-0.743183186060165,0.00609567815301794,0.0360698213704168,0.0225873672999918
"PSMF1","Cancer_vs_Healthy",0.810601546081056,0.00990416229720997,0.0480831105074226,0.0237359581857815
"FIS1","Cancer_vs_Healthy",-0.581139144536923,0.00237987216109935,0.019974622085918,0.0298822035763316
"PDIA3","Cancer_vs_Healthy",0.91628713971393,0.001232995507408,0.013317925058469,0.00216015755415326
"GPX3","Cancer_vs_Healthy",1.64836399948249,2.39450281518528e-05,0.0012268005912694,2.41693481074808e-08
"COL6A3","Cancer_vs_Healthy",1.21226793623315,0.0313309155069697,0.102228786640627,0.015021607019018
"MAOB","Cancer_vs_Healthy",-0.46834465813248,0.00426559460145813,0.0288199063445065,0.0776271417684276
"TKT","Cancer_vs_Healthy",2.42319308849058,1.90883413610277e-05,0.00104465286357624,3.66766872731218e-12
"NDUFA2","Cancer_vs_Healthy",-0.491377119098047,0.0592761998718374,0.157546456171506,0.249471813121518
"APEH","Cancer_vs_Healthy",0.437275852038095,0.0096030850161578,0.0472888112861104,0.131146574663044
"RHOA","Cancer_vs_Healthy",0.519952979810128,0.00504290044346972,0.0319202033112312,0.0639001423318406
"TCAP","Cancer_vs_Healthy",0.0443611070775205,0.90996327471091,0.940136564787282,0.995823230577886
"TPSB2","Cancer_vs_Healthy",0.861526434167175,0.0463570810737077,0.133929673811777,0.0709289849503552
"HSPA5","Cancer_vs_Healthy",0.15009450897529,0.300968803014539,0.454948447996868,0.83508164444145
"RYR1","Cancer_vs_Healthy",-0.701392098109832,0.00751050590689288,0.0411965790974898,0.0323601970520027
"CAVIN2","Cancer_vs_Healthy",1.48543864546653,9.85793183138634e-05,0.00269748861931572,1.1194755714771e-06
"TMEM109","Cancer_vs_Healthy",-0.279454522352708,0.0864836979129558,0.202383619605828,0.504570050687071
"PDHX","Cancer_vs_Healthy",-0.880669410964028,0.00653052822565846,0.0376208420272382,0.0119039697887704
"IDH1","Cancer_vs_Healthy",0.676777561095189,0.0052091241628399,0.032483328942854,0.0284942734993672
"ANP32A","Cancer_vs_Healthy",0.911270616922788,2.8416764838393e-05,0.00130933862431509,7.19409471515473e-05
"PRXL2A","Cancer_vs_Healthy",0.749470171439913,0.0496615607683259,0.13921424718292,0.105367374596036
"CANX","Cancer_vs_Healthy",0.145546611727582,0.401847856414308,0.557584662117819,0.875734613495255
"KRT8","Cancer_vs_Healthy",-0.0655373703029802,0.911854049774572,0.940764589484649,0.993970766427925
"EEF1G","Cancer_vs_Healthy",-0.352732903776339,0.00983882229111478,0.047959279508106,0.195904764062115
"HEBP2","Cancer_vs_Healthy",-0.059421972729016,0.644092342883605,0.748732658068842,0.974198196763038
"CCT2","Cancer_vs_Healthy",0.263940124359635,0.0626723158176561,0.163255138887331,0.481393278312172
"MYLK","Cancer_vs_Healthy",-0.271544733910776,0.295583605980345,0.450644438621071,0.718234123270509
"RAB7A","Cancer_vs_Healthy",0.312926446064569,0.0231195563012075,0.083717130185425,0.307642206586359
"PLIN3","Cancer_vs_Healthy",-0.309605046521945,0.0524801635184456,0.144922286413322,0.401517101913103
"LAP3","Cancer_vs_Healthy",0.126802608140959,0.506402024468257,0.644171196470979,0.91733771701942
"WARS1","Cancer_vs_Healthy",0.110661521816606,0.361032332954016,0.518714712263287,0.893382369969026
"MAP4","Cancer_vs_Healthy",0.0167892745492608,0.904479214418776,0.935963020335373,0.998315844538708
"ACP1","Cancer_vs_Healthy",0.135824086833058,0.340724249416901,0.496348452871081,0.863950917888043
"COL6A1","Cancer_vs_Healthy",1.89166370022155,0.00238069623698441,0.019974622085918,1.09045099826663e-05
"ACTN3","Cancer_vs_Healthy",1.15269374289186,0.107832588243441,0.232388310103421,0.0767462229819613
"CAMK2D","Cancer_vs_Healthy",-0.465821287153879,0.00454027072225817,0.029628650133327,0.0810249561643495
"SPTB","Cancer_vs_Healthy",2.12699336971905,1.50808910839596e-05,0.00084452990070174,5.55323694982162e-11
"MPI","Cancer_vs_Healthy",-0.262691769272017,0.146135954533278,0.281516302812906,0.60337673376022
"ANK2","Cancer_vs_Healthy",-0.4074626593384,0.0116149320918566,0.0537860701484437,0.162767071078064
"RAB10","Cancer_vs_Healthy",0.194112470348013,0.190598424107087,0.339468199149309,0.724873428191407
"HP1BP3","Cancer_vs_Healthy",-0.0604717146542413,0.81917389680141,0.878259458369454,0.988010828722668
"MYL12B","Cancer_vs_Healthy",0.744627290914689,0.0018807234774897,0.0173450917963986,0.00934088378062448
"PTGES3","Cancer_vs_Healthy",-0.0629321462666681,0.57406867268433,0.697455783967642,0.965675198672877
"CRKL","Cancer_vs_Healthy",-0.0526672892094275,0.653141382011311,0.754685435644547,0.977815530336873
"PSMA3","Cancer_vs_Healthy",0.0453370468027678,0.721294306253106,0.801882128096712,0.985297180331798
"DYSF","Cancer_vs_Healthy",-0.716609258004862,0.0009524011864867,0.0111872295466341,0.00683902813129534
"FASN","Cancer_vs_Healthy",2.67145472467098,0.0676063653489941,0.17118415116759,0.00074879823860785
"DDT","Cancer_vs_Healthy",0.983857785405299,0.00023917071964762,0.00446452010008906,0.000273629982518116
"GNAI2","Cancer_vs_Healthy",1.20518431523039,0.0005699393359629,0.00807302306469805,0.000123076617319821
"MUSTN1","Cancer_vs_Healthy",1.12006467159888,0.0139910013568003,0.060812872323421,0.00837974385396367
"NDUFA8","Cancer_vs_Healthy",-0.547139463429129,0.06274415677754,0.163255138887331,0.219839077779773
"C1QA","Cancer_vs_Healthy",NA,NA,NA,NA
"TCP1","Cancer_vs_Healthy",0.0549741311702832,0.677233710151093,0.771415586734589,0.978802341961351
"PSMB1","Cancer_vs_Healthy",-0.111453744513213,0.358436817501092,0.516215268754556,0.891944059098201
"NEDD8","Cancer_vs_Healthy",0.0209016360205467,0.937134679707407,0.960263961164016,0.998643813343395
"RPS16","Cancer_vs_Healthy",-0.15673288309333,0.312187942681491,0.466286093628066,0.833217497922975
"SPTAN1","Cancer_vs_Healthy",1.47411170317938,0.00014400818456674,0.00343338325184871,2.17286916200411e-06
"TUBA8","Cancer_vs_Healthy",-0.472445789051928,0.123930357408829,0.253546559592575,0.372885610100878
"TLN1","Cancer_vs_Healthy",1.12972715784282,8.57879835264136e-05,0.00243032310978358,2.54613503099818e-05
"DCXR","Cancer_vs_Healthy",-0.194982954462301,0.44730801494516,0.598691471356229,0.85481918023154
"CAV2","Cancer_vs_Healthy",1.51262703351915,0.00275413966193957,0.0219375294329411,0.000134169424246189
"TMEM43","Cancer_vs_Healthy",0.603215022341107,0.0202610688774716,0.077075282554426,0.0951816640820814
"ACOT13","Cancer_vs_Healthy",0.0909524808709712,0.664142420871223,0.763003315581062,0.963461172106197
"MTPN","Cancer_vs_Healthy",0.496540461800766,0.00230309996892034,0.0196661869686531,0.0490096469941937
"AK2","Cancer_vs_Healthy",-0.140803795658492,0.293617977913134,0.44842404331312,0.841514834143881
"CPT1B","Cancer_vs_Healthy",-0.650762104944576,0.0101227558892783,0.0486538845935772,0.0503412534518583
"SERPINF1","Cancer_vs_Healthy",2.01234926760307,5.98611333553716e-06,0.00051480574685619,3.08881171215197e-11
"IDH3B","Cancer_vs_Healthy",-0.306125710617447,0.0811242897363143,0.194957374935174,0.463514203040642
"RPS25","Cancer_vs_Healthy",0.203826569640093,0.245725310399295,0.401974556685804,0.751203309400523
"GPX1","Cancer_vs_Healthy",0.481938012758679,0.0104698184123522,0.0496285880648506,0.111104950062848
"JCHAIN","Cancer_vs_Healthy",2.74228803344775,0.00185685832590345,0.0173450917963986,3.23746217031446e-08
"ACACA","Cancer_vs_Healthy",-1.28273440772139,0.00399365425174537,0.0277138888709016,0.000837906119051843
"PSMC6","Cancer_vs_Healthy",0.0768090622414377,0.571603152736793,0.695513083269428,0.95794961056067
"ASPN","Cancer_vs_Healthy",1.44829207417414,0.00588658000417419,0.0353488395263128,0.000588993269728962
"CAPN1","Cancer_vs_Healthy",0.148240623249528,0.153240435291254,0.290553518253024,0.75724992969666
"SDHD","Cancer_vs_Healthy",-1.00923542965406,0.00587234921315114,0.0353488395263128,0.00560023037793434
"PRKCSH","Cancer_vs_Healthy",0.201062091267097,0.301936814844897,0.456057842305836,0.786015005868009
"NDUFB1","Cancer_vs_Healthy",-0.375289095728213,0.1681834665477,0.311527528805278,0.512206298594013
"COL1A2","Cancer_vs_Healthy",2.77812073856066,0.152483096206158,0.289623905515671,0.00538135039446739
"RPLP1","Cancer_vs_Healthy",0.469462072448827,0.0194814259897872,0.0752989948369304,0.157413439827383
"GLUD1","Cancer_vs_Healthy",0.415015317094351,0.0604450259382572,0.159246851706043,0.312065651882215
"VAT1","Cancer_vs_Healthy",1.52706483430713,0.00017771727452936,0.0037982443805841,1.87540047055594e-06
"RPL14","Cancer_vs_Healthy",0.825693006964858,0.0134601273857657,0.0595808579869922,0.02852127810263
"MYOC","Cancer_vs_Healthy",NA,NA,NA,NA
"EIF4H","Cancer_vs_Healthy",-0.155637899787191,0.24961578745658,0.405583546690583,0.805735850599861
"GNG2","Cancer_vs_Healthy",2.18674069509388,0.0148129655648468,0.0627986286622378,9.99236856536299e-05
"SMYD1","Cancer_vs_Healthy",-0.326209415837678,0.227606054880049,0.380343775261039,0.617031458568962
"ECI2","Cancer_vs_Healthy",-0.823861253121105,0.00366924502695173,0.0262182255931744,0.00985256071798345
"UBE2V1","Cancer_vs_Healthy",0.44193128768368,0.0257486900802023,0.0898591966856915,0.198455423734504
"CAP1","Cancer_vs_Healthy",1.29130580377629,7.81561383787403e-05,0.00237327197417419,4.97232384038276e-06
"RBP4","Cancer_vs_Healthy",2.2264450610274,3.16162174160552e-06,0.0004156168837555,5.68004246612028e-13
"DGLUCY","Cancer_vs_Healthy",-0.118353777944453,0.716807696039405,0.798869741828695,0.961360686900041
"DSTN","Cancer_vs_Healthy",0.756032557967217,0.00086077329536525,0.010629446642254,0.0048158852210075
"ETFDH","Cancer_vs_Healthy",-0.580864227025145,0.0142864777690064,0.0615417503895662,0.0847738749548097
"UCHL1","Cancer_vs_Healthy",0.326752626739925,0.343275440988989,0.498857731986412,0.705131382066004
"CRYZ","Cancer_vs_Healthy",0.0946614130516323,0.56383400144215,0.691489883669003,0.947204225599246
"DHRS7","Cancer_vs_Healthy",-0.339921643489646,0.0268813479400911,0.0927367991973343,0.292507103334565
"CD81","Cancer_vs_Healthy",1.7801865335292,0.00023439692359767,0.00440959212518125,3.45014437874837e-07
"IPO5","Cancer_vs_Healthy",-0.19580854645103,0.141243866609894,0.275655655872263,0.681642691408123
"MFAP4","Cancer_vs_Healthy",1.98838502510846,0.0123954466932479,0.0560307351046583,0.000161685500702109
"BANF1","Cancer_vs_Healthy",-0.0800356012363146,0.751455076331061,0.825880339482061,0.977389848084555
"PPBP","Cancer_vs_Healthy",2.81638722626497,0.00619537384119713,0.036342158666777,6.0479356327156e-07
"PPP2CA","Cancer_vs_Healthy",-0.273639522775543,0.0418278389917478,0.125119796636185,0.419544910936019
"GPD2","Cancer_vs_Healthy",-0.325171661259233,0.100101085192388,0.220735726321677,0.473119686499382
"DPYSL3","Cancer_vs_Healthy",-0.41808213814668,0.0828165557517265,0.196830282768657,0.352926371426518
"AKR7A2","Cancer_vs_Healthy",0.053828648601236,0.673847978191354,0.770632523874255,0.978975268134567
"IARS2","Cancer_vs_Healthy",-0.349392295531736,0.0354042736839836,0.11100714977999,0.311208346853185
"NSFL1C","Cancer_vs_Healthy",-0.0462208699033333,0.716652549221394,0.798869741828695,0.984718823807071
"RPL22","Cancer_vs_Healthy",0.0476989649636046,0.73846076609501,0.816068620815413,0.985642347774533
"METTL7A","Cancer_vs_Healthy",0.0556965190235275,0.773046303074859,0.843832954580354,0.985765094519591
"GNB1","Cancer_vs_Healthy",1.08426086186027,0.00051752969190826,0.00750729818141626,0.000273557499406022
"SERPINH1","Cancer_vs_Healthy",NA,NA,NA,NA
"PGP","Cancer_vs_Healthy",-0.0812497207082785,0.677369500575223,0.771415586734589,0.968845731805496
"CLTC","Cancer_vs_Healthy",0.68253784752125,0.00388638839218615,0.0274431445895392,0.0226346640008195
"ATP1A2","Cancer_vs_Healthy",-0.784980420368278,0.00252841771724739,0.0207796241062516,0.00914717902038736
"MGST1","Cancer_vs_Healthy",3.17852453030097,0.0153603528347355,0.0641035175494679,1.71961688133552e-06
"RAD23A","Cancer_vs_Healthy",0.239842854291489,0.127811709130972,0.257986026616798,0.61054454139233
"CUTA","Cancer_vs_Healthy",-0.447616103316388,0.0124021519147769,0.0560307351046583,0.140158221211745
"SERPINB6","Cancer_vs_Healthy",0.0827209471630539,0.534376755646287,0.668093210121513,0.949483216385141
"ATIC","Cancer_vs_Healthy",0.420094458937939,0.00278774252760797,0.0219375294329411,0.0844821190468987
"LRPPRC","Cancer_vs_Healthy",-0.442830269113859,0.018145014608886,0.0716584607048326,0.169404536590505
"NQO2","Cancer_vs_Healthy",-0.182032058798395,0.557053958990787,0.687640126601009,0.89896991123342
"PPP1R1A","Cancer_vs_Healthy",0.343081740433977,0.0980531114051608,0.218824737964437,0.450805093833796
"ADSS2","Cancer_vs_Healthy",-0.21965188021267,0.488159589646192,0.627203330628556,0.854263831682447
"SOD3","Cancer_vs_Healthy",1.76399899342894,3.19432898122497e-05,0.00140239100903488,1.17416792683165e-08
"FAM162A","Cancer_vs_Healthy",-0.99827261173435,0.0014160924768529,0.0145724388216316,0.0014322300662683
"CAV3","Cancer_vs_Healthy",-0.568547597053321,0.148729528037453,0.284949194458051,0.338429659217052
"PSMA1","Cancer_vs_Healthy",-0.183842102058186,0.150921722753938,0.287743078694761,0.706350075858979
"NDUFS6","Cancer_vs_Healthy",-0.641248097079234,0.0371959370234784,0.115720692961933,0.121152662275207
"ANXA4","Cancer_vs_Healthy",1.004857508836,0.000404016255989,0.00632138933534964,0.000388968464180637
"PPIB","Cancer_vs_Healthy",1.05601920311385,0.00134034242173448,0.0140328023979853,0.000925304511227498
"RPL5","Cancer_vs_Healthy",0.0102402066314973,0.94608933678497,0.966150603468281,0.99943266637631
"ATP5IF1","Cancer_vs_Healthy",0.281191143559333,0.779892035278585,0.850149398348045,0.932483280031782
"SH3BGR","Cancer_vs_Healthy",-0.674060102076051,0.031186631808051,0.102025066406563,0.0965704455600694
"IMPA2","Cancer_vs_Healthy",-0.785212925093138,0.021950102291624,0.0813166866434317,0.0498510764695949
"DYNLL2","Cancer_vs_Healthy",-0.489479812098715,0.029777049199955,0.0988649111298893,0.179058887123976
"LAMA4","Cancer_vs_Healthy",NA,NA,NA,NA
"RAB6A","Cancer_vs_Healthy",0.182087331337819,0.314982782642994,0.469065269390433,0.810297287533335
"RPS3","Cancer_vs_Healthy",-0.480798725117701,0.00163771635999155,0.016162381126474,0.0457730142349366
"GFM1","Cancer_vs_Healthy",-0.425760817935291,0.037304902324705,0.115775849835592,0.246555039877872
"ATP1A1","Cancer_vs_Healthy",-0.566373962700649,0.00747489055273509,0.0410948320798769,0.0624690851606507
"RAD23B","Cancer_vs_Healthy",0.14640730324296,0.240334529354638,0.395304335168012,0.811609207637604
"KRT2","Cancer_vs_Healthy",-0.281702917950476,0.588494452239816,0.706580232407207,0.86126292932882
"APOE","Cancer_vs_Healthy",2.66632549570232,1.88513862448727e-06,0.00034918567752041,5.44755802237419e-16
"TACO1","Cancer_vs_Healthy",-0.373187570377759,0.249940918002574,0.405752905259342,0.596046836933192
"PSMB2","Cancer_vs_Healthy",0.0125126987992701,0.927866283259781,0.952387898588897,0.999063642328797
"CNN1","Cancer_vs_Healthy",1.42549338935384,0.0265653929215588,0.0919101525217149,0.00567378953412931
"ME1","Cancer_vs_Healthy",-0.29039996679299,0.0970694577321268,0.218247669672233,0.507982582574116
"NONO","Cancer_vs_Healthy",0.40859457645637,0.079197426934721,0.191858555391155,0.354829171238476
"HINT2","Cancer_vs_Healthy",-0.255973530861738,0.30322958782938,0.456645933391586,0.736795967706023
"CAVIN3","Cancer_vs_Healthy",2.81098009174441,0.0242707937848351,0.0860907830597572,2.88737517929351e-05
"NDUFS7","Cancer_vs_Healthy",-0.27914355597574,0.383748349397399,0.540705690666435,0.765401425281781
"CLEC3B","Cancer_vs_Healthy",1.66773486980836,2.81390294429392e-05,0.00130933862431509,2.57427018953696e-08
"PHKA1","Cancer_vs_Healthy",-0.376785443822005,0.108466061066678,0.232984254346062,0.433024802516034
"CHCHD3","Cancer_vs_Healthy",-0.385010688884215,0.112472530965646,0.236787254511327,0.431164252840515
"CAVIN4","Cancer_vs_Healthy",-0.681036182919872,0.0096011824514633,0.0472888112861104,0.042256169970035
"CAB39","Cancer_vs_Healthy",-0.220536450470838,0.271941773648707,0.428805192836214,0.750380134437435
"GLRX5","Cancer_vs_Healthy",-0.533619490121467,0.0848999151429816,0.199647456703418,0.268190899054092
"ACO1","Cancer_vs_Healthy",0.47534262870137,0.00546710756232116,0.0337558846412035,0.0840736223527557
"BSG","Cancer_vs_Healthy",-0.178258039313025,0.238505422460867,0.39364020375995,0.774522537926879
"PLS3","Cancer_vs_Healthy",1.02103955179066,0.00157163188413051,0.0156683974751483,0.00137202905692035
"TUBB2A","Cancer_vs_Healthy",0.666857961142757,0.0456082089808309,0.13295952448649,0.127576934074824
"GPX4","Cancer_vs_Healthy",-0.181031608385577,0.310431104761026,0.464874440463029,0.809151136682411
"FHOD1","Cancer_vs_Healthy",-0.69586268950275,0.00322788825456608,0.0239899843117133,0.0184735058216515
"PRPS1","Cancer_vs_Healthy",0.431181303904633,0.0574648927090181,0.154659825122142,0.291794831813104
"F13A1","Cancer_vs_Healthy",1.52721688387595,0.0004628064125636,0.00696523650908229,8.07870246519621e-06
"MICOS13","Cancer_vs_Healthy",-0.499956078931866,0.101546149549294,0.223105043900273,0.318695079766005
"PCBD1","Cancer_vs_Healthy",-0.143736473609096,0.386732796105509,0.5434634705947,0.872360338902272
"FKBP2","Cancer_vs_Healthy",0.105520451949992,0.557688463640651,0.687640126601009,0.940240888250551
"PTGR2","Cancer_vs_Healthy",-0.124550756545947,0.607267103466333,0.71857453815574,0.939766121429399
"ISOC2","Cancer_vs_Healthy",-0.356795495310578,0.110872309389667,0.234981550500229,0.456244017267346
"KPNB1","Cancer_vs_Healthy",0.286583414243403,0.0306063004698331,0.100683021217702,0.368178564411216
"NDUFS2","Cancer_vs_Healthy",-0.308131305096897,0.217829347573955,0.370171537726242,0.625248904749333
"CFD","Cancer_vs_Healthy",NA,NA,NA,NA
"TBCA","Cancer_vs_Healthy",0.557627096807408,0.00324004240504389,0.0240062218810637,0.0409086936218447
"NAP1L4","Cancer_vs_Healthy",-0.31320615563283,0.0204594126587157,0.077454574899487,0.295774916763582
"CPT2","Cancer_vs_Healthy",-0.691933723116605,0.00551702143786446,0.0338539645978702,0.0273784782469641
"MYH4","Cancer_vs_Healthy",-0.138927856246461,0.814007514915516,0.875448903937724,0.971815445436948
"CCT6A","Cancer_vs_Healthy",0.136803962398574,0.26826641980124,0.426111833035215,0.835267546056132
"MAP2K3","Cancer_vs_Healthy",-0.464504311898878,0.0830842016198831,0.196830282768657,0.314855773637386
"TOLLIP","Cancer_vs_Healthy",-0.360455098281921,0.0700257192947186,0.175282673660792,0.38350162364695
"APOOL","Cancer_vs_Healthy",-0.403847658755279,0.128114079331826,0.257986026616798,0.436119073938406
"CACNB3","Cancer_vs_Healthy",-0.54401433750132,0.0234140338370644,0.0841507365367927,0.129709473892334
"GSR","Cancer_vs_Healthy",0.203202119819007,0.158892401500143,0.298450002193717,0.688117277328341
"PSMB4","Cancer_vs_Healthy",0.0336663160559638,0.804018902652918,0.869756297209446,0.992683181543469
"FAH","Cancer_vs_Healthy",1.31570785459308,4.708346085322e-05,0.00181202866609722,2.0265575302988e-06
"B2M","Cancer_vs_Healthy",1.5052333269784,0.00022540606783326,0.00433074992980078,3.23863705692822e-06
"CILP","Cancer_vs_Healthy",NA,NA,NA,NA
"ITGB1","Cancer_vs_Healthy",0.684037906369102,0.00795342385931761,0.0428203934238224,0.0366352737473598
"KLHL40","Cancer_vs_Healthy",-0.569862376427007,0.13223238597157,0.264464771943139,0.315706475739712
"APOM","Cancer_vs_Healthy",2.774061098918,0.00060191503162981,0.00841272456138663,1.16475302664641e-09
"CAND2","Cancer_vs_Healthy",-0.695981142584252,0.00641021821952345,0.0371947119821987,0.0297594455379373
"RAB11B","Cancer_vs_Healthy",0.584559209832594,0.0153090088729204,0.0640001620937367,0.086894861675621
"PPP1CB","Cancer_vs_Healthy",-0.116043800790266,0.423872563986638,0.577964402083706,0.905196712914338
"RIDA","Cancer_vs_Healthy",-0.420706408901758,0.0466522567376962,0.134507389967821,0.275414116015479
"APRT","Cancer_vs_Healthy",0.456843915643994,0.0489795325564327,0.139047928707053,0.25208160591524
"FBN1","Cancer_vs_Healthy",1.98934251200624,0.00027854744445737,0.00475703720747064,8.46616641756823e-08
"MTHFD1","Cancer_vs_Healthy",0.117513113206005,0.344319841876461,0.500073690734932,0.882240456182006
"NDUFB9","Cancer_vs_Healthy",-0.528245953170625,0.0789617658724768,0.19148029428089,0.261556136767055
"HSPA4","Cancer_vs_Healthy",-0.0375377999821751,0.706457867517256,0.793447082547365,0.987040630777993
"MCAM","Cancer_vs_Healthy",2.40773293886943,0.00282176527964018,0.0221045035562383,7.27001252044648e-07
"HPR","Cancer_vs_Healthy",2.17321358965006,0.00201138144976001,0.0180052287398591,1.38012198287075e-06
"ADPRH","Cancer_vs_Healthy",-1.55894626045751,0.00017823987334136,0.0037982443805841,1.43059944963863e-06
"RDX","Cancer_vs_Healthy",-0.201720971871794,0.24475760721383,0.40066371051727,0.75282714797855
"IMPA1","Cancer_vs_Healthy",-0.29041880326136,0.167441745128253,0.310631527171675,0.595107517932576
"EIF3K","Cancer_vs_Healthy",-0.65898816570008,0.0534623015303519,0.146263646847411,0.145143788490461
"PSMB5","Cancer_vs_Healthy",-0.123911457231955,0.404556622208927,0.559489048991586,0.893923252426407
"STBD1","Cancer_vs_Healthy",-0.996222331787166,0.00167007077398993,0.0162514134684309,0.00171090723241934
"COL6A2","Cancer_vs_Healthy",2.13673113336763,0.00074288798649415,0.00966959065663741,2.06065113100965e-07
"NOL3","Cancer_vs_Healthy",-0.707146794547651,0.00600772230528249,0.0358972588365267,0.0268671617987243
"GSTK1","Cancer_vs_Healthy",-0.33255005369546,0.0592389036539587,0.157546456171506,0.390688291465409
"RPS20","Cancer_vs_Healthy",0.232853011409869,0.275174538006557,0.431112743994659,0.740476180049129
"LANCL1","Cancer_vs_Healthy",0.120186174590721,0.466868559387482,0.609663498375845,0.912518688865453
"MT-CO1","Cancer_vs_Healthy",0.210032048657666,0.565007757527594,0.691896840961569,0.886999714253445
"MYH13","Cancer_vs_Healthy",0.268972668067782,0.627006568689566,0.734711346668844,0.882006393631493
"RPS10","Cancer_vs_Healthy",0.302372023794629,0.147227775567747,0.283108867227186,0.560303553782751
"AKR1C2","Cancer_vs_Healthy",1.68626198051991,0.0022336016318129,0.019277823402887,3.38632886131685e-05
"FARSB","Cancer_vs_Healthy",-0.792992612892835,5.12000697485208e-07,0.00024657953590887,1.02682874669532e-05
"LIPE","Cancer_vs_Healthy",NA,NA,NA,NA
"LGALS3","Cancer_vs_Healthy",1.21998048955438,0.00254491989587329,0.0208441058138193,0.000683869191664118
"SAA4","Cancer_vs_Healthy",2.56825245016678,0.0273690016482673,0.093927706920405,9.69363100784911e-05
"PLEC","Cancer_vs_Healthy",0.0319399455806746,0.908708923830268,0.939532455381402,0.996947044352054
"MTCH2","Cancer_vs_Healthy",-0.0971509988344081,0.557940574867241,0.687640126601009,0.944888940494232
"GLOD4","Cancer_vs_Healthy",0.409131756203617,0.0102349772521651,0.0489976644596691,0.153413419858418
"SAR1B","Cancer_vs_Healthy",-0.143029210561448,0.578379511373543,0.699999450416506,0.924675815112948
"CALR","Cancer_vs_Healthy",0.389934745630654,0.0279260790447171,0.0949802236436142,0.247768042788033
"SAMM50","Cancer_vs_Healthy",-0.647719334733544,0.0281965485099634,0.0957648643328516,0.0991201503192268
"GNPDA1","Cancer_vs_Healthy",0.00205513655704337,0.987477076252873,0.992131323397532,0.999974101511884
"RPS9","Cancer_vs_Healthy",-0.642401162369094,0.00015323461443788,0.00354402042952733,0.00354379691422199
"TMEM11","Cancer_vs_Healthy",-0.647028339763789,0.00314135270523802,0.0234918550130843,0.0240194785223532
"PPA1","Cancer_vs_Healthy",0.321267003774008,0.0263094563651823,0.0912869898088747,0.310766413399263
"LYPLA1","Cancer_vs_Healthy",-0.0931773827698166,0.68325858931903,0.775347164505289,0.965132793755761
"CYB5A","Cancer_vs_Healthy",1.04705384667346,0.0138787308566559,0.0605434490993248,0.0113485444732942
"USP5","Cancer_vs_Healthy",0.371627882735041,0.00831165648123649,0.043987843531467,0.168615658144868
"PDLIM7","Cancer_vs_Healthy",0.261511322759674,0.451707552734014,0.60161050165017,0.812346455078104
"C11orf54","Cancer_vs_Healthy",-0.695588943604577,0.0129599046966772,0.0578987950085321,0.0486571520178192
"RPS15A","Cancer_vs_Healthy",-0.457381572167968,0.018363288739911,0.0721350722442183,0.160680410807939
"RAC1","Cancer_vs_Healthy",0.11891324227771,0.36170343649177,0.519369037013824,0.886099068230066
"CUTC","Cancer_vs_Healthy",-0.109069441415155,0.600708254999462,0.715029895224273,0.945929919937646
"TXNDC17","Cancer_vs_Healthy",0.221876600624299,0.102490872885139,0.22436183809765,0.603245642409611
"MYOZ2","Cancer_vs_Healthy",1.66209677028404,0.0881299609608556,0.204251151100809,0.0176479110243848
"ATL3","Cancer_vs_Healthy",3.46950811796762,3.20313561033714e-05,0.00140239100903488,2.55009938671736e-16
"RPSA","Cancer_vs_Healthy",0.229393383815651,0.0905508775977354,0.208656950483585,0.576392177892144
"PPP1CA","Cancer_vs_Healthy",0.0476549312378758,0.767842362616516,0.839293876160041,0.987489868063266
"XIRP1","Cancer_vs_Healthy",-0.316663634864543,0.345091949750388,0.500289834436445,0.713971314272231
"TMA7","Cancer_vs_Healthy",0.959105547443954,0.158516779588803,0.298209691601435,0.170917969899737
"BGN","Cancer_vs_Healthy",1.48441807120802,0.00296072635053036,0.0225614843420161,0.000176399721660686
"TUBB6","Cancer_vs_Healthy",1.63380301913852,0.00013065274027898,0.00330592325868438,4.51338848770014e-07
"MPC2","Cancer_vs_Healthy",-0.856912725407049,0.00294608123155679,0.0225211543034563,0.00678209069873029
"CCT4","Cancer_vs_Healthy",0.138911908174595,0.215187083972773,0.367496807238609,0.80783046125723
"PSMB6","Cancer_vs_Healthy",-0.066349971973068,0.663433857284542,0.762553092286958,0.973142136862807
"CUL5","Cancer_vs_Healthy",-0.57773318935622,0.00644302989892808,0.0372952307611029,0.0542298824263318
"SBDS","Cancer_vs_Healthy",-0.36586002206786,0.0971749582842438,0.218281063011622,0.426173672327368
"RPL23A","Cancer_vs_Healthy",0.0594846298081855,0.689029606633134,0.779691396979598,0.978087346254575
"BAG3","Cancer_vs_Healthy",-0.306610202834509,0.18271737442209,0.330070095730228,0.59381910876273
"HDGF","Cancer_vs_Healthy",0.0139367010912608,0.917969776183602,0.945453901219039,0.998807857597732
"ATP1B1","Cancer_vs_Healthy",-0.781033472137814,0.00433262571860432,0.0290036836215431,0.0142634164793476
"NCL","Cancer_vs_Healthy",0.102093628760585,0.459525648989544,0.605972866532679,0.923685184319289
"CLIC5","Cancer_vs_Healthy",-0.747321258423352,0.003160212038269,0.0235597231831323,0.0135358265755962
"PSME1","Cancer_vs_Healthy",0.446894758561818,0.0137993477241213,0.0605261007644519,0.147473008318793
"RPS3A","Cancer_vs_Healthy",-0.19423106347455,0.134033296811791,0.266077641156466,0.676826874201434
"CCT8","Cancer_vs_Healthy",0.0665912007637601,0.50721733227507,0.644527354152173,0.955803287970077
"EIF4G1","Cancer_vs_Healthy",-0.480176324424551,0.00455875199124542,0.0296688507970783,0.0751334378365625
"VAPA","Cancer_vs_Healthy",-0.101557137137036,0.59883901001266,0.713157436256421,0.949257964440247
"GCSH","Cancer_vs_Healthy",-0.478894901208264,0.0879662249814005,0.204068082615812,0.312203878152646
"EPB41","Cancer_vs_Healthy",2.18741458869188,7.74189526066832e-06,0.00058257761836529,6.60374052215763e-12
"NME1","Cancer_vs_Healthy",0.923945313062948,4.38084902641869e-06,0.00042196337822464,1.11967735191577e-05
"CD9","Cancer_vs_Healthy",1.88304433783598,0.00047246155492428,0.0070663815171285,5.46618871101128e-07
"MAP2K6","Cancer_vs_Healthy",-0.536775699553214,0.0168076173579526,0.068021416131008,0.111556485469911
"CCT5","Cancer_vs_Healthy",0.11416654122625,0.327260022972409,0.481394096101137,0.880272240873451
"GDI1","Cancer_vs_Healthy",-0.117007683767103,0.402442750315934,0.557584662117819,0.898974438837401
"NAXD","Cancer_vs_Healthy",-0.527822629851748,0.0209196942426715,0.0787103495880515,0.129882637452366
"SNTB2","Cancer_vs_Healthy",-0.112464496685345,0.546840894860145,0.679109270151227,0.934369530201011
"COQ6","Cancer_vs_Healthy",-0.538203566886345,0.0909685479188259,0.208893530410184,0.275214659949442
"RPS12","Cancer_vs_Healthy",-0.217700129967536,0.107894572548017,0.232388310103421,0.615862679198273
"DHRS7C","Cancer_vs_Healthy",-0.89060199918833,0.00271215907630148,0.0219375294329411,0.0051773240565581
"CMPK1","Cancer_vs_Healthy",0.620574481236925,0.00174826112908572,0.0168392511953537,0.0194460696092327
"RSU1","Cancer_vs_Healthy",0.667510311626891,0.00791956985411208,0.0427585744589728,0.0395695987217893
"RPL10A","Cancer_vs_Healthy",0.0965268442711356,0.621470252256997,0.730054424657706,0.955123471831011
"CAPN2","Cancer_vs_Healthy",0.0663285655109647,0.61508910911662,0.72462552580862,0.968279111017819
"PAFAH1B2","Cancer_vs_Healthy",0.947710257019018,0.00024660060562042,0.00448390350758923,0.00038076396271075
"YBX1","Cancer_vs_Healthy",-0.329016502387606,0.0627800077282675,0.163255138887331,0.402219748588327
"BCAP31","Cancer_vs_Healthy",0.541206524017436,0.0495613799469911,0.13921424718292,0.196699424726637
"CCT7","Cancer_vs_Healthy",0.211026054130414,0.0785608139286917,0.19089247219,0.584601164517726
"TSN","Cancer_vs_Healthy",-0.150711944608112,0.353600250641297,0.510779486229299,0.854979005642925
"PSMB3","Cancer_vs_Healthy",0.484919318896537,0.00784419123220406,0.0425423704665481,0.0952852623248056
"CAPZB","Cancer_vs_Healthy",0.264316389335811,0.311869316857717,0.466158482305017,0.734934572331528
"HPRT1","Cancer_vs_Healthy",1.66602683864297,6.80956902765659e-06,0.00054658140728656,2.46512318245014e-09
"MYLK2","Cancer_vs_Healthy",-0.803898504672169,0.0277187826544268,0.094784053104084,0.0559948995982883
"MFGE8","Cancer_vs_Healthy",NA,NA,NA,NA
"NDUFB6","Cancer_vs_Healthy",-0.380011124616388,0.150594121556098,0.287345994221144,0.487032452789998
"SEPTIN7","Cancer_vs_Healthy",0.743855822159464,0.00420303772793794,0.0288199063445065,0.0170715799415259
"NPM1","Cancer_vs_Healthy",-0.00764581879500525,0.964928236048619,0.979986162971351,0.999727069691682
"PHGDH","Cancer_vs_Healthy",3.28694938997857,0.00185524756063741,0.0173450917963986,1.05044952834422e-09
"BLMH","Cancer_vs_Healthy",0.0719534406766975,0.602529681747291,0.715782670768365,0.964203474578823
"VAMP5","Cancer_vs_Healthy",-0.262669703260851,0.604606483667063,0.717541849517145,0.876192487611403
"SYNPO2","Cancer_vs_Healthy",0.239995883774906,0.517770360967018,0.653112115876678,0.8538746127325
"SUMO2","Cancer_vs_Healthy",0.796718247784401,0.0004040675888052,0.00632138933534964,0.00197833570819085
"EHD4","Cancer_vs_Healthy",0.847446952539162,0.00401887562768147,0.0277809155310793,0.00932407409589112
"GANAB","Cancer_vs_Healthy",0.448547358383806,0.0404415834419223,0.122649033914545,0.237190039596126
"GNB2","Cancer_vs_Healthy",0.640536835590961,0.00420799069536205,0.0288199063445065,0.0300699268849531
"ACOT9","Cancer_vs_Healthy",-0.598997261217395,0.00078491110613524,0.0101073045110891,0.01380403235183
"UQCR11","Cancer_vs_Healthy",-0.213188166185514,0.471061841421777,0.614140180911554,0.851734193049287
"TPD52L2","Cancer_vs_Healthy",0.35605140816979,0.139662126832446,0.272975975172508,0.496139780238927
"RPLP0","Cancer_vs_Healthy",0.0967445091872321,0.461832133654149,0.60736852967733,0.927984417060049
"COL14A1","Cancer_vs_Healthy",0.465859144990112,0.685720196319376,0.776676497054119,0.838817638088
"UCHL3","Cancer_vs_Healthy",-0.225950602351261,0.224079712201196,0.376016687791275,0.713219259495726
"ACADSB","Cancer_vs_Healthy",-0.573317907241432,0.0294203495400331,0.0983947245727775,0.132448906659672
"RPS5","Cancer_vs_Healthy",-0.258457386207063,0.262565916209792,0.419269712356219,0.707779307918315
"FN1","Cancer_vs_Healthy",2.5661810586055,1.19141374369169e-05,0.00081969265565988,2.31358321511633e-13
"DYNC1H1","Cancer_vs_Healthy",-0.0629048526412426,0.58904432042802,0.706580232407207,0.967255464860438
"HNRNPD","Cancer_vs_Healthy",0.0186353385959279,0.888133549187841,0.924211575818634,0.997791672955147
"CHCHD2","Cancer_vs_Healthy",0.0675069402288138,0.713235980340018,0.797340873100633,0.97744476589626
"VCAN","Cancer_vs_Healthy",NA,NA,NA,NA
"HSPB3","Cancer_vs_Healthy",-0.5840292593059,0.0188118924519663,0.0736569707712762,0.0982241057536413
"ALDH3A2","Cancer_vs_Healthy",-0.187188863809624,0.298681666286362,0.452912753411562,0.797562796820578
"CAND1","Cancer_vs_Healthy",1.04724875201848,2.74996181171495e-05,0.00130933862431509,1.67432799727109e-05
"LAMB2","Cancer_vs_Healthy",1.22924299104842,0.0155925088049874,0.0646243738423575,0.00600695884160166
"NDUFS5","Cancer_vs_Healthy",-0.70248268379002,0.0362609934205085,0.113250936649266,0.0972817406797538
"MAPRE2","Cancer_vs_Healthy",-0.196842967357206,0.381840889789698,0.538964163313947,0.827363766429081
"NIPSNAP3A","Cancer_vs_Healthy",0.131754161286878,0.660353423943671,0.759737718517133,0.946792469923344
"CACNA1S","Cancer_vs_Healthy",-0.388707153091833,0.0264229618658932,0.0915489096015408,0.243563900614611
"HSD17B10","Cancer_vs_Healthy",-0.315143227132957,0.0384273433436225,0.118392393422591,0.358062628733847
"COL12A1","Cancer_vs_Healthy",NA,NA,NA,NA
"NACA","Cancer_vs_Healthy",-0.439939691377784,0.00656988452665047,0.037667337952796,0.109611727939177
"NDUFC2","Cancer_vs_Healthy",-0.0201474199803116,0.926659846921687,0.951746717331674,0.998466573701528
"PPIF","Cancer_vs_Healthy",-0.57632735344222,0.106109981574376,0.229571280890473,0.274483771021203
"PPP1R7","Cancer_vs_Healthy",0.0640718154624267,0.582262208410164,0.702688977674728,0.965941271610909
"PIN1","Cancer_vs_Healthy",-0.31813319950048,0.0510952531004976,0.142404362807868,0.388233469749625
"CDH13","Cancer_vs_Healthy",-0.0697495184331594,0.672776351944425,0.770349717300131,0.972733931457143
"ILK","Cancer_vs_Healthy",0.774927528549881,0.00055017172454871,0.00788579471853164,0.00297935584707107
"GOSR2","Cancer_vs_Healthy",-0.41052085853239,0.193643561331742,0.343115302197818,0.50968269043065
"CAST","Cancer_vs_Healthy",0.615960884821533,0.00178764677258845,0.0171500136589362,0.0203007933485823
"NARS1","Cancer_vs_Healthy",-0.310269008390954,0.0120214551276185,0.0551384075186766,0.253670622489776
"YWHAQ","Cancer_vs_Healthy",0.534718373446655,0.00426584523336621,0.0288199063445065,0.0540406021258245
"MAPT","Cancer_vs_Healthy",-0.73866000717311,0.00231957388388012,0.019736868948351,0.011322241389452
"ALPK3","Cancer_vs_Healthy",NA,NA,NA,NA
"ERP44","Cancer_vs_Healthy",0.240836266261962,0.135633035540908,0.267127818467487,0.61807637276133
"NDUFB11","Cancer_vs_Healthy",-0.470518083758972,0.110952667325066,0.234981550500229,0.355402143317591
"PA2G4","Cancer_vs_Healthy",0.440160383904068,0.00389765591761727,0.0274431445895392,0.0870095940551399
"IQGAP1","Cancer_vs_Healthy",0.835678358973443,0.00560864626748925,0.0342782238886145,0.0131452663326173
"KPNA4","Cancer_vs_Healthy",-0.11458266721052,0.488340340202979,0.627203330628556,0.921155618594786
"CTSB","Cancer_vs_Healthy",0.475496993835772,0.0338493937486846,0.108027409314355,0.199896813347073
"RPS6KA3","Cancer_vs_Healthy",-0.291357462521379,0.103876874358175,0.226151347390249,0.516958207118452
"TXN2","Cancer_vs_Healthy",-0.0248634059717112,0.898799359215721,0.932195159877096,0.997350703268625
"MPST","Cancer_vs_Healthy",0.499687953264552,0.003288636026869,0.0241434010753066,0.057449031582535
"ASAH1","Cancer_vs_Healthy",0.669599560421634,0.0215002665479033,0.0797729458356722,0.0764548659203509
"EIF3J","Cancer_vs_Healthy",-0.480223494994124,0.00237644262641219,0.019974622085918,0.0549362047582788
"MT-ND1","Cancer_vs_Healthy",-0.33388511230676,0.425440589304198,0.579477565291663,0.751752431784814
"ALDH1L1","Cancer_vs_Healthy",-0.340350850070198,0.166565362922113,0.309721539703821,0.54333250724258
"IDH3G","Cancer_vs_Healthy",-0.559079145011072,0.0460096011495945,0.133561861589777,0.178824271710623
"CALU","Cancer_vs_Healthy",-0.160167449421426,0.197243779386081,0.347424540928781,0.771049889364004
"MYO1C","Cancer_vs_Healthy",1.32456096793946,0.00092738075074119,0.010992602642485,9.61498084123081e-05
"TMOD4","Cancer_vs_Healthy",-0.160646123434162,0.751883139301148,0.825973813611845,0.955221377411465
"BZW2","Cancer_vs_Healthy",-0.988581641995637,0.0111937320743445,0.0521363768569081,0.0117829059362726
"OXSR1","Cancer_vs_Healthy",0.0719987458827092,0.56674425653071,0.692751355190837,0.959940207073199
"TPP1","Cancer_vs_Healthy",0.685525259023262,0.0242306070333965,0.0860907830597572,0.0780622229569258
"JSRP1","Cancer_vs_Healthy",-0.830694725276228,0.00522053500867297,0.032483328942854,0.0127091907875307
"PHKG1","Cancer_vs_Healthy",-0.481329690248518,0.098304665272145,0.219182994421597,0.327413074090473
"COX7A2","Cancer_vs_Healthy",-0.261374524561987,0.256028797470543,0.412386183484326,0.700392957721062
"MT-ND5","Cancer_vs_Healthy",-0.758150768455529,0.0107851909973522,0.0506252240187604,0.0322542476087656
"MAPK1","Cancer_vs_Healthy",-0.0339774702145874,0.78568583273244,0.854530932800233,0.991838182932544
"SPR","Cancer_vs_Healthy",0.171934786417623,0.526079757905895,0.66055754787466,0.895445307651677
"TOMM70","Cancer_vs_Healthy",-0.216969242874057,0.406122724412766,0.559489048991586,0.822414329449183
"PUDP","Cancer_vs_Healthy",0.268641040491303,0.366191360505294,0.52418686298436,0.763473712689309
"FBLN1","Cancer_vs_Healthy",1.9353613362502,1.03630149830021e-06,0.00025267399600159,2.61699704426791e-12
"PGRMC2","Cancer_vs_Healthy",0.0274832877092628,0.848096028642534,0.895943411879976,0.995482051586298
"BLVRA","Cancer_vs_Healthy",0.766650809014276,0.00028516829706688,0.00483581168547225,0.00191558090588439
"CLIC1","Cancer_vs_Healthy",1.56940601387665,3.96976259401019e-06,0.0004156168837555,3.3363267620986e-09
"NDUFA12","Cancer_vs_Healthy",-0.682139156148583,0.0638225972372705,0.165030775792809,0.153047519740377
"SETD7","Cancer_vs_Healthy",-0.17640030664742,0.339300921452309,0.494574224489806,0.82640903564212
"PGM5","Cancer_vs_Healthy",-0.581797395364486,0.028816982067442,0.0971866846196082,0.127006955954006
"CAPZA2","Cancer_vs_Healthy",0.148992031558056,0.515566808190309,0.652174325373433,0.906009497247998
"COQ7","Cancer_vs_Healthy",-0.683384343317766,0.00426522200606235,0.0288199063445065,0.0240070736534381
"EIF5","Cancer_vs_Healthy",-0.33061017004044,0.0943240572403168,0.214505070795787,0.45814163511537
"SNCG","Cancer_vs_Healthy",2.12029684874886,0.00214146647947832,0.0188198951919117,2.18935173740292e-06
"HNRNPL","Cancer_vs_Healthy",0.392061012523374,0.0731287568873318,0.181540254211026,0.358635491282693
"TPPP3","Cancer_vs_Healthy",-0.314962506163763,0.287639085290434,0.442316188225808,0.675394279741454
"PSMD8","Cancer_vs_Healthy",-0.17550219967012,0.281314173715372,0.435070347017737,0.800445775128096
"GSTZ1","Cancer_vs_Healthy",-0.317331253886227,0.264468682513085,0.420912483470925,0.655694131955606
"MYH14","Cancer_vs_Healthy",-1.0192712948951,0.00012041471146315,0.00311783467960513,0.000101192696587609
"SPTBN1","Cancer_vs_Healthy",1.58113021030879,5.13702635977619e-05,0.00187765422901941,1.65225409589636e-07
"MAOA","Cancer_vs_Healthy",0.488431249110373,0.0802606947048212,0.193461214063273,0.291692316941536
"RRAS","Cancer_vs_Healthy",0.852486550764691,0.00270165302781667,0.0219375294329411,0.0064639613761766
"SERPINB1","Cancer_vs_Healthy",0.0182863513389542,0.903975562422978,0.93584400443445,0.998155641779808
"UGDH","Cancer_vs_Healthy",1.31101873397524,0.172399007608515,0.317035677702465,0.099789022774706
"DARS1","Cancer_vs_Healthy",-0.500492103921307,0.00060440255362121,0.00841272456138663,0.0244951003697125
"RAB2A","Cancer_vs_Healthy",-0.0817596432605647,0.44464915161018,0.596498694750593,0.935884024068802
"PPP2R2A","Cancer_vs_Healthy",-0.0804043586373915,0.613225541963985,0.723663932929903,0.961443441567085
"DIABLO","Cancer_vs_Healthy",-0.720397907359942,0.00068863378778768,0.00921238978329308,0.00527343270276517
"COQ3","Cancer_vs_Healthy",-0.919751199956501,0.0144733379716348,0.0619597757175414,0.0203320354327336
"SCRN2","Cancer_vs_Healthy",0.181993307562585,0.395708677209176,0.552386373750549,0.844743870022117
"UNC45B","Cancer_vs_Healthy",-0.573581561684701,0.0221213804750964,0.081449975816563,0.11236079707679
"ACTR1A","Cancer_vs_Healthy",0.049326681318103,0.673983428272085,0.770632523874255,0.980726328745296
"PKIA","Cancer_vs_Healthy",0.137872864389312,0.400285660567921,0.557406078688234,0.881409277416268
"PTGR1","Cancer_vs_Healthy",-0.0484726658843861,0.815746556079928,0.876927547785923,0.990177029382193
"STRAP","Cancer_vs_Healthy",-0.241492580313324,0.0951572774427768,0.215963614559932,0.566632296566064
"ALDH1B1","Cancer_vs_Healthy",-0.85776523859543,0.00598351012723067,0.0358415233491827,0.0123922497937626
"PABPC1","Cancer_vs_Healthy",-0.126729980955918,0.256757538800541,0.413141491310621,0.841722404017257
"GCLC","Cancer_vs_Healthy",1.22103538649376,0.00022660900795469,0.00433074992980078,3.54539354827649e-05
"EPDR1","Cancer_vs_Healthy",-0.473009268407299,0.0616703980173995,0.161415563506411,0.267728798704862
"RPS2","Cancer_vs_Healthy",-0.561431162356254,8.52601305188998e-05,0.00243032310978358,0.00519270909137932
"CNDP2","Cancer_vs_Healthy",0.347983258202696,0.0805469652360178,0.193957092288331,0.416220465022077
"OBSCN","Cancer_vs_Healthy",-0.48148308488895,0.152509598087156,0.289623905515671,0.404362995520238
"SERPINF2","Cancer_vs_Healthy",2.18487070711746,1.59240214835674e-06,0.00031954203110358,2.14899251393873e-13
"COPS8","Cancer_vs_Healthy",-0.20744612243255,0.165725756583762,0.308636985192343,0.688756141698384
"RPS6","Cancer_vs_Healthy",-0.1716362365914,0.291105635746978,0.446201381845145,0.809117630158476
"RPS18","Cancer_vs_Healthy",-0.128743631546001,0.196225807892585,0.346416235634416,0.810861826368497
"SNX3","Cancer_vs_Healthy",0.189485546743853,0.192831305181832,0.342431993272751,0.732068087672824
"LRRC47","Cancer_vs_Healthy",-0.707767551171798,0.00146194190381414,0.0148538232252509,0.00984984802507621
"SGCD","Cancer_vs_Healthy",-0.434918850798475,0.055124732126655,0.150250385361145,0.283522717459176
"PSMD10","Cancer_vs_Healthy",0.127465598337093,0.521901611791736,0.65729031443227,0.920454376003741
"PSMC3","Cancer_vs_Healthy",-0.0672386323853544,0.550925264035441,0.682773049818499,0.960708042667488
"NDUFB8","Cancer_vs_Healthy",-0.0599915932538835,0.84275031266843,0.895263260392637,0.989788856396718
"AGMAT","Cancer_vs_Healthy",0.156341976925518,0.728180440601834,0.807673192523822,0.951616961785872
"ADIPOQ","Cancer_vs_Healthy",0.138927084731218,0.43122282882657,0.583362118996843,0.889713495729573
"PSMC2","Cancer_vs_Healthy",0.0243040724363048,0.836723437910511,0.891912367635463,0.995676886799018
"CDC37","Cancer_vs_Healthy",-0.217572200206877,0.229542926827366,0.382751629089989,0.726008584162048
"PDCD5","Cancer_vs_Healthy",-0.110417550956448,0.491718508879671,0.63075696376195,0.924613216757215
"PSMB7","Cancer_vs_Healthy",0.118165996702523,0.590182480324184,0.706692895385696,0.939589964271861
"LRG1","Cancer_vs_Healthy",1.86080223546785,4.7972320646429e-05,0.00181202866609722,9.18708831729208e-09
"TYMP","Cancer_vs_Healthy",1.45896809108179,0.00050070222184379,0.00730721787999914,1.53035374423881e-05
"OTUB1","Cancer_vs_Healthy",-0.0831785284073199,0.606404101339932,0.718259260219654,0.959247053046409
"GRB2","Cancer_vs_Healthy",-0.266460665980084,0.116426928310139,0.242312915618681,0.56381935126028
"TST","Cancer_vs_Healthy",-0.406064462539437,0.111737799391339,0.235814742273746,0.410684101645206
"RPN1","Cancer_vs_Healthy",0.223994717971902,0.101997786806407,0.22389304524141,0.599693807486379
"AFG3L2","Cancer_vs_Healthy",-0.569051363154834,0.0526186144621631,0.144972109410628,0.187181376613595
"ECPAS","Cancer_vs_Healthy",-0.797790567566913,0.00018483269407986,0.00386512207815028,0.00105116607220145
"LASP1","Cancer_vs_Healthy",1.73334084450613,0.00026066288219437,0.0045483784081454,6.13541129878065e-07
"DMD","Cancer_vs_Healthy",-0.369717519659563,0.156097241518049,0.294578493397697,0.503250348749035
"MT-ND2","Cancer_vs_Healthy",-0.0687606530830251,0.78405627906274,0.853462036325221,0.983411419414007
"MCTS1","Cancer_vs_Healthy",-0.310365484140256,0.118256729278543,0.245273216281422,0.515510066339278
"HNRNPH1","Cancer_vs_Healthy",0.51301274447561,7.90002546853713e-05,0.00237327197417419,0.00786015542035505
"DNPH1","Cancer_vs_Healthy",-0.125448996094899,0.545061368412034,0.677467341792757,0.926696110655848
"RPS28","Cancer_vs_Healthy",0.285553911853896,0.135335595995004,0.267127818467487,0.564899655893756
"DCD","Cancer_vs_Healthy",0.47525598762552,0.447653913286807,0.598691471356229,0.682508836520736
"ASS1","Cancer_vs_Healthy",-0.00713435683334751,0.981692147383016,0.990400906910226,0.999868183500912
"AOX1","Cancer_vs_Healthy",1.39391113631396,0.0551650418782184,0.150250385361145,0.0176194103299812
"GBE1","Cancer_vs_Healthy",-0.109248482292159,0.501284707998323,0.639350411472438,0.927330794739967
"AQP1","Cancer_vs_Healthy",1.03758262322209,0.0205041403332709,0.077454574899487,0.0177172430579549
"KLKB1","Cancer_vs_Healthy",1.85160646469583,0.0295089795554202,0.0984177600684927,0.00146878182453038
"L2HGDH","Cancer_vs_Healthy",-0.515889359850888,0.0823889673153661,0.196623026060854,0.275872482519912
"EIF1","Cancer_vs_Healthy",-0.332584163047407,0.147315369865309,0.283108867227186,0.528898672941744
"ELOB","Cancer_vs_Healthy",-0.596988235132873,0.00191070594237309,0.017494220187203,0.0238179685462018
"PPP3CB","Cancer_vs_Healthy",-0.308931398441739,0.24274534392036,0.398213902747795,0.645734232398114
"KPNA3","Cancer_vs_Healthy",-0.745737858838538,0.0130159696862508,0.0579405660326999,0.039254889894767
"YBX3","Cancer_vs_Healthy",-0.673992096319324,0.0223918938281435,0.082194634661844,0.0772634785896746
"PDIA6","Cancer_vs_Healthy",0.300104491485602,0.0888416076036742,0.205307669011178,0.483587494941263
"APMAP","Cancer_vs_Healthy",1.34359889924997,0.00025150268847161,0.00448390350758923,1.4580520984727e-05
"RPL18","Cancer_vs_Healthy",0.0641383455684412,0.670258561042447,0.769295812674077,0.974665229233654
"THY1","Cancer_vs_Healthy",2.40084527437348,3.64705434369898e-05,0.00151415635510813,2.2126360637732e-11
"RETSAT","Cancer_vs_Healthy",3.0310061320009,0.00402638684399778,0.0277809155310793,5.50153890972938e-08
"PEA15","Cancer_vs_Healthy",1.60529193881059,6.59879468795024e-05,0.00211865301447789,1.94545078331453e-07
"TIMM13","Cancer_vs_Healthy",-0.475650333160882,0.101030179858387,0.222377214898535,0.336098710687866
"NIT2","Cancer_vs_Healthy",-0.178881048017061,0.277858328184176,0.43198462830092,0.795262584377791
"DHRS7B","Cancer_vs_Healthy",-0.829385053981536,0.00069567379275492,0.00925515189477274,0.00240512932626818
"MYH10","Cancer_vs_Healthy",1.65460910848537,0.0199689663015464,0.076204866646789,0.00154082341038795
"PGLS","Cancer_vs_Healthy",0.743026489769985,0.00025324371969773,0.00448390350758923,0.0021268358525781
"PSMD14","Cancer_vs_Healthy",-0.103129049830343,0.464170966487848,0.60808176728434,0.923899678507113
"COQ10A","Cancer_vs_Healthy",-0.182056224567805,0.598449470569761,0.713157436256421,0.91076527988165
"TRIP10","Cancer_vs_Healthy",-0.51011379915197,0.00494979299220514,0.0317842707339466,0.0666771509478868
"SCRN1","Cancer_vs_Healthy",NA,NA,NA,NA
"NT5C1A","Cancer_vs_Healthy",-0.340479504967725,0.202861888182484,0.35397929474161,0.580919502498668
"PCBP2","Cancer_vs_Healthy",-0.167585771932647,0.403424438963161,0.558623374941513,0.858877754914459
"CIRBP","Cancer_vs_Healthy",-0.478791959075092,0.00362173156763327,0.0259557429013718,0.0677998500167484
"NCLN","Cancer_vs_Healthy",0.81788410928635,0.00668407924214846,0.038140433211122,0.0166393393136394
"COX6A2","Cancer_vs_Healthy",0.239964705699546,0.684740209490547,0.776662170017919,0.913128724147333
"TPM4","Cancer_vs_Healthy",1.47328185509119,0.0001338041840693,0.00330592325868438,1.96425598516843e-06
"NDUFS8","Cancer_vs_Healthy",-0.456867298692199,0.161373628932042,0.302167728202455,0.43459487849819
"PNPO","Cancer_vs_Healthy",-0.321299217948464,0.149266153809789,0.285490785046841,0.542743242982849
"BCL2L13","Cancer_vs_Healthy",-0.652670821661999,0.0051051771808757,0.0321547655130478,0.0319216651929083
"PABPC4","Cancer_vs_Healthy",-0.535845525183301,0.00909851082296563,0.0463888053771113,0.0805978351911139
"PHKA2","Cancer_vs_Healthy",-0.76174551692656,0.0414476078872579,0.124719164428255,0.0884884157194036
"ANXA3","Cancer_vs_Healthy",0.156482589604153,0.46439467194182,0.60808176728434,0.886897949607727
"DNAJA4","Cancer_vs_Healthy",-0.375426707799285,0.112599979295682,0.236804148597383,0.44047589887594
"PCCA","Cancer_vs_Healthy",-0.313316931831061,0.180624133351825,0.327271552119298,0.584972252871063
"SET","Cancer_vs_Healthy",0.0790517926798735,0.678006232319567,0.771568529029073,0.969747615366313
"PHKB","Cancer_vs_Healthy",-0.481548102296021,0.0912298302495815,0.209106040074478,0.315686406524822
"COPS4","Cancer_vs_Healthy",-0.0925507748479504,0.530031058797845,0.664401243927752,0.942939596896924
"GSS","Cancer_vs_Healthy",0.52105497562891,0.00186640394686373,0.0173450917963986,0.0378480851786604
"GALM","Cancer_vs_Healthy",-0.381278909136142,0.097384777030982,0.218345012188645,0.411465076749806
"RPS7","Cancer_vs_Healthy",0.412438459275233,0.0762046625285716,0.187820703550461,0.345848734297105
"TMED9","Cancer_vs_Healthy",0.282166957491707,0.173037234810406,0.317344753559374,0.609576420531845
"ARPC3","Cancer_vs_Healthy",0.792512818254227,0.00973723476643895,0.0475603677841481,0.0254571311982444
"RPS4X","Cancer_vs_Healthy",-0.33131809169149,0.0191766839613983,0.074359830884134,0.269806120078347
"PDXK","Cancer_vs_Healthy",0.83896759481339,0.00071928045714032,0.00951663374062579,0.00230695696728181
"SNTA1","Cancer_vs_Healthy",-0.392286283465722,0.0869639310577125,0.202901674585827,0.38363418746125
"AKAP12","Cancer_vs_Healthy",1.4438677805447,7.4283793054428e-05,0.00232305680097484,1.09173438081273e-06
"LAMB1","Cancer_vs_Healthy",1.00960425897595,0.155173194892671,0.293294390346586,0.152421101582659
"COPS6","Cancer_vs_Healthy",-0.120915957059825,0.432984490570432,0.5850879086945,0.903740416817293
"COL4A2","Cancer_vs_Healthy",0.90687126905803,0.134981648090812,0.267127818467487,0.162656393042996
"VAPB","Cancer_vs_Healthy",-0.305665707832087,0.164224215312825,0.306077330087679,0.57568651291834
"FXN","Cancer_vs_Healthy",-0.388888991330241,0.0864730758830323,0.202383619605828,0.385979899203064
"RPS24","Cancer_vs_Healthy",-0.253566612957144,0.109198771859693,0.233319115029407,0.570327264416023
"RAB21","Cancer_vs_Healthy",-0.470635849296894,0.0357962370581221,0.111944595890854,0.20863349098281
"KARS1","Cancer_vs_Healthy",-0.514302809872333,0.00061004221109009,0.00844242324313186,0.0222178257775414
"ADHFE1","Cancer_vs_Healthy",0.217081395465922,0.534918483851444,0.668093210121513,0.873004121676677
"NDUFB7","Cancer_vs_Healthy",-0.448663521543462,0.117179799651923,0.243458979777248,0.382145012862253
"AHNAK2","Cancer_vs_Healthy",NA,NA,NA,NA
"DMTN","Cancer_vs_Healthy",1.86527639842078,0.0321562942029479,0.104075747904165,0.00164300349942146
"MAP1LC3B2","Cancer_vs_Healthy",-0.0477282910528807,0.849324487336254,0.896612610918764,0.992235603356121
"LAMP2","Cancer_vs_Healthy",0.232856673783612,0.17685905627973,0.322389559062521,0.668043890234304
"CAMK2B","Cancer_vs_Healthy",-0.938144930325986,0.00015647556624653,0.00355465248605338,0.000269053909370292
"RRBP1","Cancer_vs_Healthy",0.431252982256257,0.694524874350905,0.784513472569581,0.854530156399044
"PRMT1","Cancer_vs_Healthy",-0.629766587348037,0.00796658482303672,0.0428203934238224,0.0476750707171695
"TXNRD1","Cancer_vs_Healthy",-0.271148633958486,0.0683811591598128,0.172601500269213,0.48316404917544
"CPA3","Cancer_vs_Healthy",0.379096272977357,0.223170381067082,0.375571045758807,0.566331274918117
"HSPG2","Cancer_vs_Healthy",0.283026177306837,0.452999356663137,0.601999145057856,0.799220498478002
"HDHD5","Cancer_vs_Healthy",-0.170517749079902,0.568307649194711,0.693860829535359,0.908138590677924
"PPA2","Cancer_vs_Healthy",-0.14472284817316,0.430104118604428,0.58250321574773,0.885053915877538
"GPNMB","Cancer_vs_Healthy",1.64277430910761,0.029489461896343,0.0984177600684927,0.00306201993197468
"ARL8B","Cancer_vs_Healthy",0.0350679096059494,0.793369610046519,0.861331839942298,0.99191582274877
"PTGES2","Cancer_vs_Healthy",-0.468285383128627,0.108728544793614,0.232984254346062,0.353780410944858
"ACSL3","Cancer_vs_Healthy",-0.759868976205585,0.00098070007527541,0.0114637173847728,0.00517561185423544
"GNG12","Cancer_vs_Healthy",0.957827973571813,0.0004272805215929,0.00659545830766482,0.000592656090056441
"DNAJA2","Cancer_vs_Healthy",-0.352199796231929,0.0968174316208472,0.217987224442751,0.439392914715523
"RPL27A","Cancer_vs_Healthy",0.672745098274078,0.00788422233277253,0.0426633873647556,0.0384640344033147
"TXNL1","Cancer_vs_Healthy",0.148708157548668,0.247614091796469,0.403693116483343,0.812548794386899
"MAP3K20","Cancer_vs_Healthy",-0.30806130805631,0.278140864961992,0.43198462830092,0.67421667214907
"COLEC12","Cancer_vs_Healthy",NA,NA,NA,NA
"YWHAH","Cancer_vs_Healthy",0.354271080391037,0.0126026372566804,0.0566178181232956,0.212348120171254
"CSE1L","Cancer_vs_Healthy",-0.803597065458717,1.41943550190767e-05,0.00083365870453503,0.000127131851910421
"TFG","Cancer_vs_Healthy",0.210473379069491,0.376794488315273,0.533718310507751,0.814294104398959
"SNX2","Cancer_vs_Healthy",0.574441295477108,0.0322992372657629,0.104398071591889,0.139193345888727
"PDCD6IP","Cancer_vs_Healthy",0.0798561398106301,0.462706221240955,0.607522672163696,0.940313294435159
"RPS19","Cancer_vs_Healthy",-0.0142133865704217,0.918620764389853,0.945653951013857,0.998794268179844
"PTPA","Cancer_vs_Healthy",0.834464559893586,0.00022103327867958,0.00433074992980078,0.000890388362193743
"ARPC4","Cancer_vs_Healthy",0.393481501471626,0.0996345168932525,0.220312136527963,0.403545763027968
"CTBP1","Cancer_vs_Healthy",-0.422896004530326,0.0445065953651303,0.130697416633212,0.268178568104623
"TFAM","Cancer_vs_Healthy",-0.538958228985063,0.0453680109115913,0.132741397661132,0.188818358650528
"PGRMC1","Cancer_vs_Healthy",0.0296263915351958,0.897626399550966,0.932195159877096,0.996805423762901
"RPL12","Cancer_vs_Healthy",0.302302190069504,0.127894884895846,0.257986026616798,0.537031498195777
"GGCT","Cancer_vs_Healthy",-0.220729810252998,0.229682767456409,0.382751629089989,0.722739840735749
"MRPS21","Cancer_vs_Healthy",0.220342185440092,0.602146295706547,0.715680296180338,0.894250231846718
"NAGK","Cancer_vs_Healthy",0.0730447924954376,0.676647055029747,0.771415586734589,0.97187148908043
"LPP","Cancer_vs_Healthy",0.730329100189127,0.00433202157604233,0.0290036836215431,0.0187934442711097
"PAFAH1B3","Cancer_vs_Healthy",0.842407033839176,0.00611149797306065,0.0360698213704168,0.0136469382692806
"UBA6","Cancer_vs_Healthy",-0.721253977980275,0.271207689886598,0.428212197201688,0.390181624714206
"ARPC5","Cancer_vs_Healthy",2.18344505849887,3.61604967503454e-05,0.00151415635510813,2.00285183777382e-10
"PFDN2","Cancer_vs_Healthy",-0.582316733751604,0.0113013863716132,0.0525361744842562,0.073503162268294
"THBS1","Cancer_vs_Healthy",2.63732015348373,0.0289283105978605,0.0972896255861005,8.7501667115967e-05
"RPL32","Cancer_vs_Healthy",-0.429382480874509,0.152449703907885,0.289623905515671,0.445911698882887
"RPL23","Cancer_vs_Healthy",0.552736620228757,0.00890019466270297,0.0463169967893627,0.0735458231740226
"RPL35","Cancer_vs_Healthy",0.0832486463196496,0.636931929901177,0.742367902808342,0.96314352471937
"ACSF2","Cancer_vs_Healthy",-0.161096582702385,0.373669746088125,0.531061479647852,0.853354076709883
"NDUFA7","Cancer_vs_Healthy",-0.287645331597265,0.454988787519184,0.603939330543235,0.797306851808869
"ENOPH1","Cancer_vs_Healthy",-0.224028220276736,0.169320290468708,0.312911173790215,0.671752128242555
"PSMD2","Cancer_vs_Healthy",-0.165243951172581,0.128135916874456,0.257986026616798,0.712111518505702
"PPME1","Cancer_vs_Healthy",0.457515812266745,0.0157932903066679,0.0650089624930877,0.149890026619303
"FDPS","Cancer_vs_Healthy",0.222293539520866,0.0670972864828955,0.170612741130742,0.548509421917884
"COPS2","Cancer_vs_Healthy",-0.108232994647373,0.486909929927692,0.62699417714753,0.925063678848699
"DDX17","Cancer_vs_Healthy",0.0776069797936962,0.553407472673589,0.684440264097587,0.95512123334201
"SGCG","Cancer_vs_Healthy",-0.545600271000929,0.0341477981478673,0.108337151436185,0.158417186056627
"CBR4","Cancer_vs_Healthy",-0.462778707113245,0.104570832544768,0.227055051577012,0.351725689262426
"UBL5","Cancer_vs_Healthy",-0.491322697074093,0.0220610909503095,0.0814119004922021,0.153527558294405
"CAB39L","Cancer_vs_Healthy",-0.03785029534383,0.91894943744702,0.945653951013857,0.996805847123058
"MYH11","Cancer_vs_Healthy",0.368276296525174,0.335546422588709,0.49058639076722,0.668876485752986
"NID2","Cancer_vs_Healthy",0.875541101448132,0.335015477783199,0.490348127061675,0.383861693447778
"COL4A1","Cancer_vs_Healthy",1.08798913811648,0.103176012797675,0.225247360667998,0.0844859290718435
"HHATL","Cancer_vs_Healthy",-0.430860264708919,0.159617065090423,0.299344153222538,0.453563967240031
"FN3K","Cancer_vs_Healthy",0.553639190846944,0.0137206013143899,0.0604294513400282,0.0930629414413532
"SH3BGRL","Cancer_vs_Healthy",1.84178788689197,1.39029437884341e-05,0.00083365870453503,1.13405175564487e-09
"UTRN","Cancer_vs_Healthy",0.145056401891065,0.569457533231157,0.694305691149684,0.921569519502001
"MAT2A","Cancer_vs_Healthy",-0.240842891538534,0.133440121732276,0.265680501395462,0.615646556126633
"PSMD13","Cancer_vs_Healthy",-0.165693631078252,0.263326604114746,0.420060536096866,0.801640534601626
"DDI2","Cancer_vs_Healthy",1.63067435576627,0.0232993756822503,0.0839893662318244,0.0021760566245026
"CAPN3","Cancer_vs_Healthy",0.198655928690862,0.280320748393377,0.434265501206945,0.776736009512784
"RPL13A","Cancer_vs_Healthy",0.118201766077657,0.512503377580322,0.649530596428114,0.924029084150697
"COTL1","Cancer_vs_Healthy",NA,NA,NA,NA
"ATE1","Cancer_vs_Healthy",0.399719947970528,0.325969350968115,0.480677595826198,0.638861979710021
"PSMD12","Cancer_vs_Healthy",-0.259099202957138,0.0516014772261749,0.143398231214876,0.463929282243917
"COMT","Cancer_vs_Healthy",-0.210429927445212,0.434795936018951,0.586219828630254,0.839236645113538
"ALDH6A1","Cancer_vs_Healthy",-0.122142971830449,0.659285358453634,0.759126690604668,0.950388321877041
"IMPDH2","Cancer_vs_Healthy",-0.366464803026428,0.00308230054110509,0.023225993979666,0.120160316918276
"MYOF","Cancer_vs_Healthy",-0.442459959945506,0.0122235841296805,0.0556415701025908,0.142449836170102
"PSMD5","Cancer_vs_Healthy",0.816698825181529,0.00101912679793676,0.0116859872830082,0.00360266187193046
"TXLNB","Cancer_vs_Healthy",-0.900473313745888,0.0238317031382055,0.0851435328735887,0.0345677774716171
"ATP5F1E","Cancer_vs_Healthy",-0.263554078169239,0.474415055880847,0.615844449898156,0.821580725973837
"CARM1","Cancer_vs_Healthy",-0.318447009709558,0.056060422751466,0.151848704145703,0.399496852876213
"SH3BGRL3","Cancer_vs_Healthy",1.58830966358297,0.00013173014319322,0.00330592325868438,6.86844536643113e-07
"SGCB","Cancer_vs_Healthy",-0.324168370273522,0.141367092886303,0.275655655872263,0.530358827611567
"MYOM3","Cancer_vs_Healthy",-0.399395508300184,0.500849721092362,0.639350411472438,0.758690242885981
"FBXO7","Cancer_vs_Healthy",1.72141265502231,4.81602303281653e-05,0.00181202866609722,3.69935017893644e-08
"MAP2K1","Cancer_vs_Healthy",-0.130157674552851,0.521046032496434,0.656556172816019,0.918648247126697
"DYNLL1","Cancer_vs_Healthy",-0.406431919567741,0.0607231534794616,0.159630298666532,0.320270073712141
"PRKAR2B","Cancer_vs_Healthy",NA,NA,NA,NA
"SQOR","Cancer_vs_Healthy",0.178069664421372,0.431120327853686,0.583362118996843,0.860861088122145
"PSME2","Cancer_vs_Healthy",0.701983309680475,0.00207393233445551,0.0183862887131821,0.0130747857372404
"CPNE3","Cancer_vs_Healthy",0.193612175776551,0.183698735338473,0.331097720580121,0.720314228805763
"ECHDC1","Cancer_vs_Healthy",0.788516425311663,0.00902917200460183,0.0463888053771113,0.0244340135743046
"ASPH","Cancer_vs_Healthy",0.241186155348537,0.246755754479169,0.402566298635393,0.713548149293436
"GNAS","Cancer_vs_Healthy",0.64074935765256,0.00079368403120986,0.0101659103571987,0.0103145721577859
"CAMK2G","Cancer_vs_Healthy",-0.419855765532287,0.078851377393353,0.191405359640317,0.344206460490006
"APOO","Cancer_vs_Healthy",-0.676590843062062,0.02782903884742,0.094784053104084,0.088626118766032
"JPH2","Cancer_vs_Healthy",-0.13989384324455,0.538479212255163,0.671495568674486,0.917048257816398
"PTMS","Cancer_vs_Healthy",0.937084907864236,0.00015122473287986,0.0035354287065506,0.000263016023801178
"ART3","Cancer_vs_Healthy",-0.209600187704979,0.391101981691958,0.547823837460898,0.821379597220722
"LAMC1","Cancer_vs_Healthy",1.12997708058069,0.0179238347332613,0.0713398248556914,0.0106271541992293
"SRSF2","Cancer_vs_Healthy",0.177113224988698,0.344700459171922,0.500262032176807,0.828084844703696
"ENDOG","Cancer_vs_Healthy",-0.745469885428498,0.0147684241631586,0.062775200103462,0.0431811042271245
"SYNGR2","Cancer_vs_Healthy",0.0539254980346797,0.786529944029872,0.85496527389106,0.987134643011368
"XRCC5","Cancer_vs_Healthy",0.0188605100539867,0.903158608575271,0.935400399763119,0.998080767327734
"TMEM38A","Cancer_vs_Healthy",-0.26730853988791,0.445515130956939,0.596995233914474,0.805634278461618
"SDR39U1","Cancer_vs_Healthy",-0.291719328071554,0.457472793398158,0.604894857011767,0.796016344372274
"TMLHE","Cancer_vs_Healthy",-0.220684092447677,0.336256903451804,0.491326834655306,0.786219598306069
"SYNJ2BP","Cancer_vs_Healthy",-0.607071211143754,0.00276513401360953,0.0219375294329411,0.0279859172492381
"PLCD4","Cancer_vs_Healthy",-0.185052371703911,0.370327089239763,0.528913185580872,0.832081220108178
"SNRPD1","Cancer_vs_Healthy",-0.419395037352121,0.241702849995814,0.397283592348068,0.551253595914495
"PRKG1","Cancer_vs_Healthy",-0.326552809345131,0.261357112144158,0.418449418911657,0.645202781390611
"KRT14","Cancer_vs_Healthy",NA,NA,NA,NA
"PC","Cancer_vs_Healthy",1.43211469269822,0.204001130624999,0.354682110140792,0.102639532779164
"OPA1","Cancer_vs_Healthy",-0.551274723247374,0.0189085801740831,0.0737955608738934,0.112192964258327
"SEC22B","Cancer_vs_Healthy",0.477035788698497,0.00470724481654851,0.0304705524684108,0.0775937012210296
"OXCT1","Cancer_vs_Healthy",-0.608343287503217,0.0844439356744088,0.198832787607624,0.222323377653051
"PFDN6","Cancer_vs_Healthy",-0.47689124759076,0.0104442514369745,0.0496050443002655,0.113558574664504
"TSPO","Cancer_vs_Healthy",0.0483835266939252,0.845113821200855,0.895819743600337,0.99189088617559
"MTR","Cancer_vs_Healthy",-0.161965552578796,0.725766211412781,0.805737684224056,0.949410144686564
"ALDH7A1","Cancer_vs_Healthy",0.305709665013477,0.14309176215831,0.277874970384846,0.551903606457159
"PSMD11","Cancer_vs_Healthy",-0.242796716818255,0.0516475424470795,0.143398231214876,0.487004173522831
"DNM1L","Cancer_vs_Healthy",-0.431825211493567,0.0425170583156425,0.126396390646996,0.255728433070668
"NID1","Cancer_vs_Healthy",1.20124083424983,0.00890347458868627,0.0463169967893627,0.00344292190215753
"HSD17B8","Cancer_vs_Healthy",-0.619652964555016,0.0375334178597246,0.116319781475183,0.130807895333058
"SORBS1","Cancer_vs_Healthy",1.27052385928293,0.0089657683576446,0.0463295497965841,0.00250445704246135
"PDAP1","Cancer_vs_Healthy",-0.341271982208632,0.0955269245324572,0.216192513415561,0.448689089083745
"HNRNPA3","Cancer_vs_Healthy",0.964587381550242,0.0124775891516748,0.0562659825416347,0.0145730910838432
"H1-0","Cancer_vs_Healthy",-0.00415596126746109,0.98979137366064,0.992677062796677,0.999957356209451
"PARVA","Cancer_vs_Healthy",0.862980325103056,0.002053397043511,0.018313259558424,0.00479420960285661
"LACTB","Cancer_vs_Healthy",-0.820538171886511,0.00150561313462568,0.0152332623032716,0.004832881075422
"FSCN1","Cancer_vs_Healthy",1.4834552381662,2.14321984122308e-05,0.00114686075059226,1.18534963655346e-07
"JPH1","Cancer_vs_Healthy",-0.359787318390556,0.292725820978142,0.448114289202394,0.642746093412543
"RPS13","Cancer_vs_Healthy",-0.374107582466213,0.0985247931555104,0.219267746689897,0.4202210001097
"PROCR","Cancer_vs_Healthy",NA,NA,NA,NA
"RPL31","Cancer_vs_Healthy",-0.583088655588874,0.0261558093698863,0.0909517728552251,0.119481852606745
"TGFBI","Cancer_vs_Healthy",1.19410532132821,0.00807588983468862,0.0431191634632598,0.00316931133129518
"NSF","Cancer_vs_Healthy",0.0633318623440715,0.719143220815873,0.799859988787354,0.979336299353346
"PRMT5","Cancer_vs_Healthy",-0.405644041606763,0.0150766754191145,0.0633588733145334,0.182406586003469
"TOM1","Cancer_vs_Healthy",-0.532287751758435,0.0211907982266015,0.0794819970866921,0.128537165374102
"SELENOW","Cancer_vs_Healthy",-0.0522221051696725,0.818154575395235,0.877948403543549,0.989573551201635
"COPS5","Cancer_vs_Healthy",-0.347060174188233,0.00918987536983137,0.0465650358317255,0.196401989394016
"DAG1","Cancer_vs_Healthy",-0.00382224957528976,0.985716140994393,0.99106658351336,0.999945011360425
"SRP9","Cancer_vs_Healthy",-0.1204418503802,0.477157677001317,0.618071912974271,0.914739528341151
"PREB","Cancer_vs_Healthy",-0.119397429545504,0.614701548975553,0.72462552580862,0.943554654981998
"DCTN2","Cancer_vs_Healthy",-0.127331568468708,0.289105104268276,0.443699866843856,0.85383781397749
"PSMD4","Cancer_vs_Healthy",-0.0357644324198851,0.763389464637022,0.836705430517045,0.990390539155393
"LONP1","Cancer_vs_Healthy",-0.460746415119125,0.0144835769780544,0.0619597757175414,0.142111797477278
"BCHE","Cancer_vs_Healthy",NA,NA,NA,NA
"FUS","Cancer_vs_Healthy",0.389027050483115,0.0155269036744929,0.0644634207727223,0.197825867119488
"CNN3","Cancer_vs_Healthy",1.25040288183413,0.00743424276810941,0.0410676508587264,0.00217865409999547
"COBL","Cancer_vs_Healthy",-0.237409821406786,0.27420926332388,0.430160199403194,0.735521169491488
"RTCB","Cancer_vs_Healthy",-0.149824555827411,0.220074232262976,0.372147999500876,0.797077815200227
"SEPTIN9","Cancer_vs_Healthy",0.4571844028671,0.134211884151727,0.266212699371796,0.399245138867425
"RPL38","Cancer_vs_Healthy",-0.0443064891162592,0.846777528544847,0.895943411879976,0.99265814940858
"EIF2S1","Cancer_vs_Healthy",-0.361043034106405,0.00841322637402278,0.0443305232136693,0.178164917897458
"SLC25A20","Cancer_vs_Healthy",-0.67796129110079,0.0101042286409179,0.0486538845935772,0.0443741849682747
"ARHGAP1","Cancer_vs_Healthy",1.31980993159742,7.67388459739933e-06,0.00058257761836529,1.77497542798685e-07
"COPS7A","Cancer_vs_Healthy",-0.450749507402712,0.00240543324119287,0.0201120945999737,0.0660045954754207
"ELOC","Cancer_vs_Healthy",-0.403874013088807,0.0416367504620566,0.124858399891198,0.276976272450395
"DBT","Cancer_vs_Healthy",-0.8179970514452,0.0010450594558897,0.0119158036539204,0.00364473642060219
"BDH1","Cancer_vs_Healthy",-0.674181507095096,0.0818109829098439,0.195857771711519,0.184942912668813
"PAFAH1B1","Cancer_vs_Healthy",-0.221045290415482,0.136889451597039,0.26820976358476,0.644315608491923
"SLC25A42","Cancer_vs_Healthy",-0.333826949808579,0.405838743991432,0.559489048991586,0.740044516949575
"SAMHD1","Cancer_vs_Healthy",1.27749468886508,0.00937294756354778,0.0466323506880642,0.00256497183729929
"NEK7","Cancer_vs_Healthy",-0.243495339490412,0.271095610315551,0.428212197201688,0.72772612663042
"MRPS36","Cancer_vs_Healthy",-0.0557956780899609,0.812275890050301,0.874367609852984,0.988466258230143
"ERI3","Cancer_vs_Healthy",-0.346731248958466,0.0965669764017554,0.2177277894901,0.444639830806324
"UBE2M","Cancer_vs_Healthy",-0.449285423319509,0.0238073668648964,0.0851435328735887,0.18650053336407
"RPL8","Cancer_vs_Healthy",0.685858721773858,0.0389323427464634,0.118820128432806,0.107932487817805
"NDUFS4","Cancer_vs_Healthy",-0.599866473690099,0.0675760487032886,0.17118415116759,0.19862409432905
"RPS17","Cancer_vs_Healthy",-0.103740054442191,0.568516369050359,0.693860829535359,0.943098431872124
"RAP2B","Cancer_vs_Healthy",0.492620283067758,0.095120759765648,0.215963614559932,0.313817887257598
"TMED10","Cancer_vs_Healthy",0.131601057781243,0.517378987975212,0.653112115876678,0.916931586617876
"SMYD2","Cancer_vs_Healthy",-0.0908768644174494,0.69870383379059,0.788415572524715,0.967943142895807
"VPS4A","Cancer_vs_Healthy",-0.501607737107122,0.0141228331316582,0.061165075865167,0.118028387688176
"SGCA","Cancer_vs_Healthy",-0.0842944791751101,0.72481705587762,0.805055106343778,0.973235688569029
"ACLY","Cancer_vs_Healthy",1.92598248791126,0.0454995797289773,0.13295952448649,0.00260223027318323
"PRKAA2","Cancer_vs_Healthy",-0.227970385889208,0.196949390856055,0.34718457773161,0.690452418864052
"PROS1","Cancer_vs_Healthy",2.07300332257682,0.0490636080557985,0.139047928707053,0.0019317016769396
"DNPEP","Cancer_vs_Healthy",-0.527192751800168,0.00228711497812784,0.0195991916986898,0.0405355222733824
"PLPBP","Cancer_vs_Healthy",0.0152305613543788,0.948645882140962,0.967530404148851,0.999197371676922
"LYVE1","Cancer_vs_Healthy",1.35385365582898,0.182606886385944,0.330070095730228,0.100046591152255
"RAB14","Cancer_vs_Healthy",0.424293764988526,0.0151398583440775,0.063403093726154,0.168980671531228
"RPL13","Cancer_vs_Healthy",0.0168296084117081,0.945415515231037,0.966022137165665,0.999055787515965
"MRPS5","Cancer_vs_Healthy",NA,NA,NA,NA
"RALA","Cancer_vs_Healthy",0.1214639380742,0.417621443722674,0.571057601637819,0.899370802437567
"KIF5B","Cancer_vs_Healthy",-0.278047536692625,0.0204691203962111,0.077454574899487,0.339160516061186
"PSMD1","Cancer_vs_Healthy",-0.2827419641688,0.0529347790841652,0.14551021465145,0.435660367236784
"DIAPH2","Cancer_vs_Healthy",-1.53805304055014,0.00019207925293429,0.00391971899208282,1.92218780690773e-06
"PFDN1","Cancer_vs_Healthy",-0.491683617961652,0.0398652912498507,0.12120659258793,0.205085737006017
"SCCPDH","Cancer_vs_Healthy",-0.593516150481637,0.0050154337537733,0.0318658693379581,0.0431614426850589
"SLMAP","Cancer_vs_Healthy",-0.50265352954596,0.0231856583415465,0.0838304283580239,0.150755018184025
"DBN1","Cancer_vs_Healthy",NA,NA,NA,NA
"GCDH","Cancer_vs_Healthy",-0.467240077543085,0.114841245567314,0.239634072206319,0.36378104586071
"MGLL","Cancer_vs_Healthy",1.40721256292138,0.00088021989991685,0.0107118254485453,5.01637884414098e-05
"SCRN3","Cancer_vs_Healthy",-0.234896575055544,0.404500098353376,0.559489048991586,0.808474884240248
"MAP1B","Cancer_vs_Healthy",1.15593398735557,0.0496357839872124,0.13921424718292,0.0310759906485104
"MECR","Cancer_vs_Healthy",-0.506189585454287,0.059871437338103,0.158603323553523,0.240459167366144
"TRAP1","Cancer_vs_Healthy",-0.559991869461882,0.00930293100154545,0.0466277399863915,0.0728523565023883
"DENR","Cancer_vs_Healthy",-0.245088202779606,0.258165784361109,0.414718618239861,0.717568400054614
"ENDOD1","Cancer_vs_Healthy",-0.819108269906458,0.00081034195982512,0.0102700181013627,0.00293673434268657
"COQ10B","Cancer_vs_Healthy",-0.157993431777417,0.694996439718558,0.784599825054987,0.944135408390746
"SEPTIN2","Cancer_vs_Healthy",0.472739897964882,0.015930497298387,0.065350319411441,0.141293465911001
"UBE2K","Cancer_vs_Healthy",-0.314908116378103,0.0197697076548714,0.0756559293159461,0.290667615265564
"EPRS1","Cancer_vs_Healthy",-0.600021554243607,0.00040848715452564,0.00634604560063062,0.00926049067914406
"GPS1","Cancer_vs_Healthy",-0.515489992362614,0.018873142722216,0.07377683064139,0.129185851546027
"PANK4","Cancer_vs_Healthy",-0.569204536340443,0.0156861196763237,0.0647893244950044,0.0939462070121352
"TRDN","Cancer_vs_Healthy",NA,NA,NA,NA
"CYBRD1","Cancer_vs_Healthy",1.7896529961534,0.00394551698199864,0.0275385649062398,4.98723890205679e-05
"HNRNPR","Cancer_vs_Healthy",0.229172375583925,0.122884404883397,0.251834593156783,0.6184973054751
"AP2A1","Cancer_vs_Healthy",0.632159077404328,0.00026748285907455,0.00463380377447142,0.00551420246575155
"NAPRT","Cancer_vs_Healthy",0.483345630740587,0.046231855462845,0.133929673811777,0.226310769873249
"PEPD","Cancer_vs_Healthy",0.201202390918127,0.207343664583151,0.358166100657265,0.728645939692447
"SULT1A1","Cancer_vs_Healthy",1.29240746263577,0.0028863259598108,0.0222898164251563,0.000522073213137026
"RPS21","Cancer_vs_Healthy",-0.086841883068189,0.472490211319813,0.614995389443633,0.936965627149298
"ERAP1","Cancer_vs_Healthy",-0.0911088574140138,0.677551480873611,0.771415586734589,0.96515562475174
"ERGIC1","Cancer_vs_Healthy",0.0593026958932974,0.7220015273435,0.802297959318481,0.980868819079136
"RPS15","Cancer_vs_Healthy",0.184768026633655,0.817916582073701,0.877948403543549,0.96354370090213
"PLIN2","Cancer_vs_Healthy",-0.172840036685074,0.588594797429526,0.706580232407207,0.912462576442902
"EFEMP1","Cancer_vs_Healthy",1.65146379411572,9.58554942214599e-05,0.00268395383820088,2.31092569928333e-07
"IVD","Cancer_vs_Healthy",-0.403938106886784,0.0830846102337538,0.196830282768657,0.366060772036076
"RPL17","Cancer_vs_Healthy",0.253078287160999,0.29632272145336,0.45065851317347,0.7350471181966
"SLC1A4","Cancer_vs_Healthy",-0.526205522779211,0.18684121924391,0.334513274312305,0.413661314200827
"PALM","Cancer_vs_Healthy",NA,NA,NA,NA
"SYNCRIP","Cancer_vs_Healthy",0.16627834669195,0.2487923510559,0.405065572239762,0.793488760030468
"PTBP1","Cancer_vs_Healthy",1.53588454602324,0.00027326022692747,0.00470007590315256,3.36505990290711e-06
"RPS8","Cancer_vs_Healthy",-0.356440426693741,0.016165235307023,0.0658644443643171,0.229861488468545
"SPRYD4","Cancer_vs_Healthy",-0.279770673498241,0.296796549058016,0.450906050556279,0.711884367646178
"DPP3","Cancer_vs_Healthy",0.188669748580637,0.218837287753814,0.37109872458534,0.750759533906912
"CCS","Cancer_vs_Healthy",1.22355098737505,0.00032039505331982,0.00535771728051492,5.30308286222235e-05
"MT-ATP8","Cancer_vs_Healthy",-0.744213100166139,0.0586237266579682,0.156329937754582,0.121111142964494
"OCIAD1","Cancer_vs_Healthy",-0.526276206719899,0.00896262760332608,0.0463295497965841,0.083640273443256
"TNS1","Cancer_vs_Healthy",0.887258837449377,0.00093126700127364,0.010992602642485,0.00204542853822888
"EIF3A","Cancer_vs_Healthy",-0.373518451505475,0.00830431845672251,0.043987843531467,0.167040449604757
"PURA","Cancer_vs_Healthy",0.0496402028115988,0.802360921857795,0.869134097990809,0.98912891097622
"ESYT1","Cancer_vs_Healthy",0.849613924507224,0.00676948774260872,0.038413161199943,0.0143486157166872
"SUCLG2","Cancer_vs_Healthy",-0.176299865761312,0.457757918992458,0.604894857011767,0.871304884651272
"DDOST","Cancer_vs_Healthy",-0.129733307775965,0.522530020029359,0.65739408998469,0.919241535580966
"VARS1","Cancer_vs_Healthy",-0.536460989710434,0.00101038427519698,0.0116411738501164,0.0247186020208928
"RPL27","Cancer_vs_Healthy",-0.494603487191526,0.0271922113067278,0.0935412068951438,0.168139907197847
"MRC1","Cancer_vs_Healthy",NA,NA,NA,NA
"ITGA7","Cancer_vs_Healthy",0.238824717048541,0.135550321721519,0.267127818467487,0.620474817628601
"NPLOC4","Cancer_vs_Healthy",-0.326578414756742,0.0763924522464833,0.188091027617108,0.431746064023819
"FECH","Cancer_vs_Healthy",-0.465978818185551,0.059027288882275,0.157231981889954,0.26750792532451
"GLIPR2","Cancer_vs_Healthy",1.76883029524178,0.0014044542596368,0.0145147032498086,9.00378311933786e-06
"NIBAN1","Cancer_vs_Healthy",0.413595154218232,0.0438463263191216,0.129530344659042,0.274353280336254
"ISOC1","Cancer_vs_Healthy",-0.607457638661543,0.00262098214381064,0.0213943220416814,0.0270287695284955
"ABHD10","Cancer_vs_Healthy",-0.288582318090164,0.186439358961409,0.334285909440858,0.615871418813323
"NDUFA11","Cancer_vs_Healthy",-0.372585672641826,0.215166659499494,0.367496807238609,0.564158993954355
"TRIM54","Cancer_vs_Healthy",-0.365358340841162,0.119403064765517,0.247224918276324,0.460023380425237
"SNRPD3","Cancer_vs_Healthy",0.0164797467440714,0.91310083888132,0.941647460396667,0.99850296509412
"CLTA","Cancer_vs_Healthy",1.36241778679159,0.228290956336988,0.381223732912251,0.133657583390244
"ME2","Cancer_vs_Healthy",-0.31175418199048,0.163780729232392,0.305724027900464,0.568909442569055
"PSMC4","Cancer_vs_Healthy",-0.256101316335709,0.108307127052037,0.232860323161879,0.565945219977838
"RTCA","Cancer_vs_Healthy",-0.204378124571114,0.362620717246705,0.519756361386944,0.812758932377402
"NDUFB5","Cancer_vs_Healthy",-0.926265959865042,0.0120826820681677,0.055313875323475,0.0167329761755102
"ERLIN2","Cancer_vs_Healthy",-0.120213251194571,0.425683442293368,0.579477565291663,0.902425405456746
"PDCD6","Cancer_vs_Healthy",0.179911759290039,0.273544097057443,0.429734109574152,0.791980702474878
"LXN","Cancer_vs_Healthy",2.42948431225835,1.04931061462458e-06,0.00025267399600159,2.97769510612337e-15
"VAMP3","Cancer_vs_Healthy",0.0751967000884761,0.66287420825789,0.762273683612702,0.969554462486092
"LYPLA2","Cancer_vs_Healthy",-0.349369909842558,0.0874168743266084,0.203381481525095,0.42680081124057
"VAMP2","Cancer_vs_Healthy",0.411213993693078,0.0439477955093177,0.129530344659042,0.276666606472398
"RPL7A","Cancer_vs_Healthy",-0.308393551695065,0.0952464114047539,0.215963614559932,0.484265465953577
"UBE2I","Cancer_vs_Healthy",0.292490078445997,0.207075563943905,0.358166100657265,0.630920261284987
"NRAP","Cancer_vs_Healthy",-0.44217808715673,0.183649917731566,0.331097720580121,0.472664333598837
"PSMC5","Cancer_vs_Healthy",-0.148547397807341,0.192382099867394,0.341886418066927,0.782824705164027
"PRKAG1","Cancer_vs_Healthy",-0.615242905599334,0.0387886832610022,0.118820128432806,0.135428723927039
"XRCC6","Cancer_vs_Healthy",0.245036656417739,0.0978439070137047,0.218767906833367,0.56577502724334
"PAICS","Cancer_vs_Healthy",0.0891636672811345,0.497159368138212,0.636448569099848,0.939590110643904
"MTAP","Cancer_vs_Healthy",0.38535682294081,0.029845773417935,0.0988649111298893,0.258395945999395
"SLC16A1","Cancer_vs_Healthy",-0.808379502615814,0.0177265123966532,0.0707884607813282,0.0383904297150873
"HLA-DRA","Cancer_vs_Healthy",0.54328319200652,0.0108322304783861,0.0507471030971862,0.0855648243497233
"FAM114A2","Cancer_vs_Healthy",0.608227521145846,0.00907933993247668,0.0463888053771113,0.0572838784139493
"CPPED1","Cancer_vs_Healthy",0.1142690228554,0.617273226621862,0.726132843041252,0.946363674501179
"RPN2","Cancer_vs_Healthy",-0.156337632556919,0.316853008011996,0.470106003261175,0.83553624785156
"CYB5B","Cancer_vs_Healthy",-1.48272411903394,8.54279401327074e-07,0.00025267399600159,1.00516384542782e-09
"NAMPT","Cancer_vs_Healthy",-0.102180309304899,0.671554326423077,0.770048960965128,0.960132340757982
"CAMK2A","Cancer_vs_Healthy",-0.216633210894159,0.376572015719981,0.53371713587623,0.809309427910174
"SGTA","Cancer_vs_Healthy",-0.148545493979515,0.440391766056697,0.591776435638687,0.885307037644958
"CNN2","Cancer_vs_Healthy",1.3494218072472,0.0103154846334487,0.0491874990046425,0.00208621755278036
"IAH1","Cancer_vs_Healthy",-0.523626010394771,0.04928670677826,0.139047928707053,0.206766092745404
"UBAC1","Cancer_vs_Healthy",-0.279793381480363,0.135782578822344,0.267127818467487,0.571972969483776
"CLTB","Cancer_vs_Healthy",0.0578931772493441,0.774286296651616,0.844500973260825,0.985299265595904
"TMCO1","Cancer_vs_Healthy",0.265414568996889,0.389167243202255,0.546104150134633,0.778423963122069
"HNRNPA1","Cancer_vs_Healthy",0.763815488342317,0.00080405107502857,0.010244206289253,0.00432720738739951
"APOL1","Cancer_vs_Healthy",2.96381933416136,9.74449966704754e-05,0.00269709829864948,1.29243284339671e-12
"SUOX","Cancer_vs_Healthy",-0.291130952529699,0.136137695174549,0.267466722574263,0.559595617765042
"HSPB8","Cancer_vs_Healthy",-0.12466174827312,0.716040516914067,0.798869741828695,0.959215675271621
"PSMD9","Cancer_vs_Healthy",0.56296183303191,0.00479357833577927,0.0308634669319692,0.0494652269358298
"MCEE","Cancer_vs_Healthy",-0.433658295560601,0.162903968477779,0.304323317373539,0.455247562036728
"SIRT3","Cancer_vs_Healthy",-0.167797776569341,0.606342965219125,0.718259260219654,0.919476472690764
"XPNPEP1","Cancer_vs_Healthy",-0.598983794981361,0.00064193756339322,0.00868418905983637,0.0122388303702418
"MAPRE1","Cancer_vs_Healthy",0.299139731307584,0.0304121002803262,0.10029689107338,0.351737693852191
"SRSF1","Cancer_vs_Healthy",-0.101689300302908,0.555762705260996,0.687000305065954,0.942015354247281
"SHMT1","Cancer_vs_Healthy",-0.0215214814013933,0.898902475595772,0.932195159877096,0.997708853464027
"SRSF6","Cancer_vs_Healthy",0.280033500355486,0.195053143063503,0.345061571985572,0.632730903679933
"HNRNPH2","Cancer_vs_Healthy",0.275922379622219,0.199159232472655,0.34954477536017,0.640669012563869
"TMEM205","Cancer_vs_Healthy",-0.417594506344102,0.0332226188474464,0.106241787761821,0.241300879152891
"CKAP4","Cancer_vs_Healthy",0.439367801216019,0.445061151170072,0.596718959920676,0.700691631872055
"G6PD","Cancer_vs_Healthy",1.30564529065711,0.0117336860782624,0.0541278085755861,0.00301554768848214
"ERP29","Cancer_vs_Healthy",-0.107314679555476,0.480157243995149,0.620621923532108,0.924288970875163
"DNM2","Cancer_vs_Healthy",-0.00831562445841882,0.938963209756162,0.961319476655119,0.999476427558972
"CRABP2","Cancer_vs_Healthy",NA,NA,NA,NA
"CACNB1","Cancer_vs_Healthy",-0.682625945130312,0.00682271668803244,0.0384977114147966,0.0332202640749649
"VTA1","Cancer_vs_Healthy",-0.195317988595892,0.287492297528026,0.442316188225808,0.783898730211534
"ACY1","Cancer_vs_Healthy",-0.48809916878248,0.0584744959520533,0.156278120147108,0.250125152926897
"CALD1","Cancer_vs_Healthy",1.35959030507491,0.00045971183951531,0.00696217678964077,2.89966548707308e-05
"GGT5","Cancer_vs_Healthy",1.36620762555558,0.00194893438647349,0.0177095622740685,0.000198289762578252
"RPL35A","Cancer_vs_Healthy",0.0972779941292927,0.675363969580027,0.771415586734589,0.962537786354731
"RANBP1","Cancer_vs_Healthy",0.965614111988462,0.00111683321379548,0.0125085319945094,0.00141089879993488
"STUB1","Cancer_vs_Healthy",-0.52421377300584,0.0180649732585553,0.0716584607048326,0.121957950132229
"METAP2","Cancer_vs_Healthy",-0.424424861336355,0.0373098253623005,0.115775849835592,0.247654524437892
"CARNS1","Cancer_vs_Healthy",0.156239001866805,0.651333782549501,0.753681762796347,0.935209394832408
"BZW1","Cancer_vs_Healthy",-0.229030059184304,0.427146231792506,0.579801649468069,0.822983128580972
"CTSG","Cancer_vs_Healthy",0.998721111466935,0.0367528936155026,0.114638559360272,0.0369084978167584
"MAPK12","Cancer_vs_Healthy",-0.423170057951094,0.114365317180182,0.239634072206319,0.399483053470328
"MTX2","Cancer_vs_Healthy",0.5627241209117,0.157531409228612,0.296722116836324,0.353459077479866
"GCLM","Cancer_vs_Healthy",0.933646088582929,0.00311637273391038,0.0233776496674648,0.0045704142158019
"SYPL1","Cancer_vs_Healthy",-0.0809176148009385,0.659507075060201,0.759126690604668,0.966877980526262
"FERMT2","Cancer_vs_Healthy",0.368116590842572,0.0397529029988171,0.121017687005249,0.305073465627389
"MRRF","Cancer_vs_Healthy",0.0713089941457241,0.790013522535384,0.858075129573841,0.983332562803891
"HNRNPU","Cancer_vs_Healthy",-0.0650530973047196,0.677245506483789,0.771415586734589,0.974966091730251
"NIT1","Cancer_vs_Healthy",-0.563003810476559,0.0197937024373115,0.0756559293159461,0.109884954039342
"KLC1","Cancer_vs_Healthy",-0.0866910059992279,0.561453255468809,0.690366666006975,0.951191025750585
"COQ5","Cancer_vs_Healthy",-0.674316505913634,0.0348317822331594,0.109893509080604,0.103951352948313
"RNF123","Cancer_vs_Healthy",-0.29812632262141,0.112493612608371,0.236787254511327,0.521334228146345
"COPB2","Cancer_vs_Healthy",0.0708720138304635,0.856738126170682,0.901278028754479,0.989101383196116
"SYNM","Cancer_vs_Healthy",0.30498946951602,0.397012676524436,0.553885588105934,0.754465801519825
"SEC23A","Cancer_vs_Healthy",-0.360508149722762,0.0388849124613298,0.118820128432806,0.310173437314304
"USO1","Cancer_vs_Healthy",-0.717741083474991,0.00085837473297664,0.010629446642254,0.0062975837833365
"SARS1","Cancer_vs_Healthy",-0.00676322079420544,0.963748870664388,0.979201384202467,0.999750302458109
"GARS1","Cancer_vs_Healthy",-0.587734543263661,0.00233706433151481,0.0198156722193227,0.0284103678194487
"GMFG","Cancer_vs_Healthy",0.940219863026783,0.111166725535681,0.235021488226444,0.126767104255351
"ASPA","Cancer_vs_Healthy",-0.422346449924166,0.121644302432835,0.250144731219699,0.410763417068621
"PGM2","Cancer_vs_Healthy",1.38293732759783,4.7168438735401e-05,0.00181202866609722,1.03975536306752e-06
"KRAS","Cancer_vs_Healthy",0.514227570212736,0.041408818169448,0.124719164428255,0.194478237093115
"THAP4","Cancer_vs_Healthy",0.125954396796491,0.736781049264048,0.814960388896567,0.962256146994674
"NIF3L1","Cancer_vs_Healthy",0.031472353400634,0.80650686948893,0.870492398802933,0.993254945683857
"GRPEL1","Cancer_vs_Healthy",-0.147171165788688,0.625803468421644,0.734373660798888,0.933343566227089
"RNF7","Cancer_vs_Healthy",-0.693971195035658,0.0339604438749861,0.108027409314355,0.0956175971362417
"RPS11","Cancer_vs_Healthy",-0.446585620983768,0.0781890631416076,0.190667146928067,0.320401782319615
"RPL30","Cancer_vs_Healthy",-0.604528498363091,0.0039090798351984,0.0274433359858826,0.0350219591857862
"LIMS1","Cancer_vs_Healthy",0.411138439341542,0.0137271220444333,0.0604294513400282,0.171509167993413
"DDAH2","Cancer_vs_Healthy",1.50237622910435,6.39302141073666e-05,0.0020803237239262,4.99565726529511e-07
"TLN2","Cancer_vs_Healthy",0.381039030115097,0.0994714102777058,0.220153635982275,0.415034235975769
"ANG","Cancer_vs_Healthy",NA,NA,NA,NA
"PTRHD1","Cancer_vs_Healthy",-0.877836870870045,0.0106076893784921,0.0498892891082207,0.0184849012932434
"FAHD1","Cancer_vs_Healthy",-0.215257794312553,0.41630274405763,0.569577845278848,0.828084927201576
"MCM3AP","Cancer_vs_Healthy",-0.743656688854379,0.073000587630725,0.181409097022483,0.142792383076471
"HSD17B12","Cancer_vs_Healthy",0.192090154402525,0.32656697018118,0.480697865588279,0.80656404066667
"EPB41L2","Cancer_vs_Healthy",1.18665144669352,0.00013454338843482,0.00330592325868438,2.54864249691887e-05
"HNRNPDL","Cancer_vs_Healthy",0.151224047721541,0.379585281440083,0.536302912378638,0.863736871303499
"SEPTIN11","Cancer_vs_Healthy",0.669650028666233,0.00651918675595827,0.0376208420272382,0.0343775215291389
"DHCR24","Cancer_vs_Healthy",-0.159390362372278,0.533104321962064,0.667558610132423,0.904599822326611
"UFM1","Cancer_vs_Healthy",0.468271992372909,0.00634114665492598,0.0368828046982168,0.0935011033203741
"PPP5C","Cancer_vs_Healthy",-0.353492262538563,0.0470855465681069,0.135139447122767,0.339528348303703
"CNBP","Cancer_vs_Healthy",-0.385156394702953,0.197374074746916,0.347424540928781,0.535274406176105
"SELENOP","Cancer_vs_Healthy",0.914831891306296,0.226422237107726,0.379154900525316,0.256956376377922
"ATP6V1E1","Cancer_vs_Healthy",0.184320723825536,0.456559013670612,0.604894857011767,0.865442514800153
"RTN3","Cancer_vs_Healthy",0.410746661517258,0.225629140318947,0.37835304309751,0.542511854468448
"MAPK3","Cancer_vs_Healthy",0.297870566908507,0.194814709964028,0.344936633524544,0.614326467600711
"PUF60","Cancer_vs_Healthy",-0.318027576509067,0.282742080803017,0.43643777600876,0.669155472862453
"PICALM","Cancer_vs_Healthy",1.00894840975391,0.00438221896759097,0.0290988956598391,0.00417437044135506
"COX19","Cancer_vs_Healthy",0.400361906642832,0.0518902487905223,0.143787939111137,0.305892819261994
"ACAT2","Cancer_vs_Healthy",1.84483783768161,2.9263431495635e-06,0.0004156168837555,6.18397096542788e-11
"VKORC1L1","Cancer_vs_Healthy",0.336983886087957,0.201321019004666,0.35205592865885,0.582668916485881
"PDIA4","Cancer_vs_Healthy",0.526810009346484,0.0329877376592431,0.106054035091398,0.165749903255308
"FAM136A","Cancer_vs_Healthy",0.044132804330669,0.838787141864019,0.893321290406262,0.99227154687725
"CD14","Cancer_vs_Healthy",NA,NA,NA,NA
"VPS35","Cancer_vs_Healthy",0.328021791660358,0.130484371898388,0.262057020459815,0.512724315953555
"FOLR2","Cancer_vs_Healthy",NA,NA,NA,NA
"PRKAA1","Cancer_vs_Healthy",-0.547584752394553,0.103965756462212,0.226151347390249,0.289510372504425
"COA6","Cancer_vs_Healthy",-0.493231509126044,0.109903568085661,0.234409027413882,0.33650908915868
"RPL6","Cancer_vs_Healthy",0.242594836709358,0.158854653609433,0.298450002193717,0.639980455796136
"MCU","Cancer_vs_Healthy",-0.504159113658332,0.0447798512382965,0.131179904844061,0.208896432223058
"SMAP1","Cancer_vs_Healthy",0.0992997615275364,0.646476497049263,0.750586019717756,0.957608367652966
"CNRIP1","Cancer_vs_Healthy",1.16505964278626,0.0989976377126841,0.219710886278473,0.0675838650566499
"VPS26A","Cancer_vs_Healthy",0.0898312386144013,0.496626002741135,0.636103943936517,0.939061313815765
"ARPP19","Cancer_vs_Healthy",-0.767863405845922,0.00059480485212051,0.00837596540296028,0.00333549442881894
"ARPC2","Cancer_vs_Healthy",0.549929575717552,0.0160503165153223,0.065589259376436,0.103072392796652
"GSTM4","Cancer_vs_Healthy",0.700489757205663,0.223412416999071,0.375571045758807,0.349990563934491
"OPTN","Cancer_vs_Healthy",-0.642282513761131,0.00987984687692037,0.0480619621810591,0.0515303540694575
"ARF6","Cancer_vs_Healthy",0.174127881146941,0.426969826214305,0.579801649468069,0.86226715776455
"PRDX4","Cancer_vs_Healthy",0.107753049899962,0.504155115321055,0.642670999308153,0.928860260954268
"DYNC1LI2","Cancer_vs_Healthy",1.30740177876407,0.00104917446554603,0.0119158036539204,0.000127365263930558
"CD44","Cancer_vs_Healthy",1.77118565395032,0.040855601748674,0.123748791208562,0.00346951506254039
"TPP2","Cancer_vs_Healthy",-0.0470103375745552,0.741643300975712,0.818458784944782,0.986047478379326
"SPARC","Cancer_vs_Healthy",2.29538766331821,2.52414819410854e-05,0.00126366752922829,2.7930013589298e-11
"HMBS","Cancer_vs_Healthy",1.1228856118181,0.00351720343327849,0.0252818682607003,0.00175654979394097
"AIMP1","Cancer_vs_Healthy",-0.484379403488937,0.0148776830073268,0.0629621453104447,0.130260799457371
"AHSA1","Cancer_vs_Healthy",0.428700701533593,0.0292066008614393,0.0978538318537408,0.219862233188055
"CRIP2","Cancer_vs_Healthy",1.53998566274774,3.63785032342185e-06,0.0004156168837555,4.20512601823421e-09
"ACTR3","Cancer_vs_Healthy",0.603600831903403,0.00105896261708429,0.0119158036539204,0.0160035183716735
"TIPRL","Cancer_vs_Healthy",0.345166847521078,0.0876595523617287,0.203749229813748,0.431607864397525
"PVALB","Cancer_vs_Healthy",0.930043109552155,0.154029733091261,0.291590878367734,0.175564709189531
"PPM1B","Cancer_vs_Healthy",-0.50168512846794,0.0339143682923517,0.108027409314355,0.183111396091421
"HIKESHI","Cancer_vs_Healthy",-0.323826663798037,0.131172602913274,0.263000522743683,0.518005160061592
"QARS1","Cancer_vs_Healthy",-0.410169029830449,0.0484749432854257,0.138151645323522,0.288961451496343
"LGALS3BP","Cancer_vs_Healthy",1.67441959234462,5.18995714841598e-05,0.00187765422901941,6.68938620043089e-08
"USP9X","Cancer_vs_Healthy",-0.28861466426477,0.102186302914562,0.224102565954704,0.517721502469818
"KCTD12","Cancer_vs_Healthy",1.03474017323805,0.00016418965250644,0.00364169611063019,0.000121301519345269
"CORO1C","Cancer_vs_Healthy",1.72858312031951,0.00434212741337099,0.0290036836215431,8.25225283023075e-05
"PITHD1","Cancer_vs_Healthy",1.11948318012212,3.3826095867076e-05,0.00145452212228427,9.88718526328739e-06
"TMX4","Cancer_vs_Healthy",-0.365869645994085,0.05638530121563,0.152557084637345,0.349212283606254
"TGM2","Cancer_vs_Healthy",0.564962375934186,0.049083785565128,0.139047928707053,0.182150031443704
"MMUT","Cancer_vs_Healthy",-0.605605708579844,0.0156520678830728,0.0647597585265278,0.0806533347748282
"TBCB","Cancer_vs_Healthy",-0.196270077690588,0.365996487608956,0.52418686298436,0.820962993133141
"STMN1","Cancer_vs_Healthy",0.665437009630867,0.079510251241927,0.19203679537669,0.185481608288723
"NUDT3","Cancer_vs_Healthy",-0.080449497403162,0.627364395174619,0.734773085399068,0.963186917425423
"KRT5","Cancer_vs_Healthy",NA,NA,NA,NA
"NDUFA3","Cancer_vs_Healthy",-0.535435912918459,0.268865622940624,0.426500935468394,0.494940166714736
"ACAD8","Cancer_vs_Healthy",-0.904085471544377,0.0053400866695446,0.0330563719801115,0.00882082971947246
"SUB1","Cancer_vs_Healthy",0.249186570684838,0.0998741680334198,0.220437210471563,0.563218832202222
"ADK","Cancer_vs_Healthy",0.468618124967275,0.00731181315241769,0.040772402105299,0.099779986368021
"SSB","Cancer_vs_Healthy",0.0899863113909802,0.589243308585079,0.706580232407207,0.953519685871526
"LAMP1","Cancer_vs_Healthy",0.974203469083537,0.00960190109404936,0.0472888112861104,0.0108244393719041
"EIF1AX","Cancer_vs_Healthy",-0.193150467525111,0.277495126760899,0.43198462830092,0.780664647301353
"CSDE1","Cancer_vs_Healthy",-0.61080026366065,0.0181190145512604,0.0716584607048326,0.0863113954942858
"FBLN2","Cancer_vs_Healthy",1.03338091711082,0.00020658020434464,0.00411111679390002,0.000155626297076139
"RAB1A","Cancer_vs_Healthy",1.04621246673758,6.64053253046996e-06,0.00054658140728656,3.82757873142749e-06
"MPP1","Cancer_vs_Healthy",1.29641153889937,0.00013935487739899,0.00338956105835142,1.00275651706971e-05
"NRBP1","Cancer_vs_Healthy",-0.129584906662391,0.626173363397813,0.734449809577172,0.941140986653219
"HMGCL","Cancer_vs_Healthy",-0.0268848199269165,0.906545831689985,0.93769860941129,0.997365706937647
"EYA3","Cancer_vs_Healthy",0.311422091586891,0.272098976185106,0.428805192836214,0.666747615625966
"LAMTOR3","Cancer_vs_Healthy",0.253397313458397,0.246698999771252,0.402566298635393,0.701417907249148
"REXO2","Cancer_vs_Healthy",NA,NA,NA,NA
"DDX1","Cancer_vs_Healthy",-0.210178446273407,0.218135276688491,0.37043000441882,0.726130097305817
"CTSH","Cancer_vs_Healthy",1.26866386715059,0.127960938946217,0.257986026616798,0.073651464060844
"AP2B1","Cancer_vs_Healthy",0.49552102848995,0.00143552184868586,0.0146471890323541,0.0390156256414301
"ITGA6","Cancer_vs_Healthy",0.510839713737102,0.21105483140274,0.36223808554369,0.451725167506244
"HINT3","Cancer_vs_Healthy",-0.993438319897379,0.0003249747197512,0.00539682155283372,0.000342560832293164
"DRG2","Cancer_vs_Healthy",-0.341033958429033,0.25088067849019,0.406815268555136,0.62401916402203
"MPC1","Cancer_vs_Healthy",0.0096976394136874,0.991503512024167,0.99356656552401,0.999917255513605
"FCN3","Cancer_vs_Healthy",NA,NA,NA,NA
"PSMD6","Cancer_vs_Healthy",-0.227707632682634,0.110614853567968,0.23474999442697,0.60571596973581
"LDHD","Cancer_vs_Healthy",-0.403514054199537,0.330892229655614,0.486143068340889,0.640010029891207
"NAP1L1","Cancer_vs_Healthy",-0.0387992433488122,0.741115357036733,0.81825115990117,0.988443086099588
"HLA-A","Cancer_vs_Healthy",0.344993200209611,0.132522441153454,0.264583445599756,0.497961562115617
"HNRNPC","Cancer_vs_Healthy",0.687946120466201,0.0826212468214444,0.196787302023777,0.179894326516249
"APEX1","Cancer_vs_Healthy",0.250809531990566,0.111586111719105,0.235701190368075,0.576941190154915
"FXYD1","Cancer_vs_Healthy",-0.558068672686385,0.0567140033484484,0.153274208824987,0.201592143411295
"COA3","Cancer_vs_Healthy",-0.842116255730296,0.00912726695077347,0.0463888053771113,0.0191588656410125
"CNIH4","Cancer_vs_Healthy",-0.616132080814396,0.00244164983586032,0.0202721749276755,0.0245735513871455
"DTD1","Cancer_vs_Healthy",-0.124901043569761,0.609257097701142,0.72057519217306,0.939985966869824
"ACTR2","Cancer_vs_Healthy",0.596223791403077,0.0004545572299902,0.00692768234061021,0.0101665777119973
"CARHSP1","Cancer_vs_Healthy",1.68699803393681,0.146019896163038,0.281516302812906,0.038937202548074
"RAB12","Cancer_vs_Healthy",-0.148631264586651,0.377731980556938,0.534731692640274,0.865279245576075
"ADD3","Cancer_vs_Healthy",NA,NA,NA,NA
"ECM1","Cancer_vs_Healthy",0.823305343746053,0.208182433410529,0.358842734182214,0.274708039510489
"SLIRP","Cancer_vs_Healthy",-0.229230968956671,0.289712735129283,0.444349214134595,0.75277694293111
"UBXN1","Cancer_vs_Healthy",-0.0962776167774315,0.579535436707714,0.700562917465951,0.948833274995143
"NPEPL1","Cancer_vs_Healthy",-0.413583808817211,0.100922175064994,0.222342724205404,0.387315596102513
"MYL4","Cancer_vs_Healthy",-0.061711861541891,0.895897416470167,0.931083719836065,0.993239013376756
"MSI2","Cancer_vs_Healthy",-0.168767300641523,0.310264724178886,0.464874440463029,0.820769197088076
"VPS29","Cancer_vs_Healthy",0.70736798503555,0.00498384684287808,0.0318288638515414,0.0235142414025324
"RPS14","Cancer_vs_Healthy",0.531026569568326,0.0197669400262055,0.0756559293159461,0.124479710302956
"DDX19A","Cancer_vs_Healthy",-0.514800214102166,0.0459587359989466,0.133561861589777,0.204826808933279
"EIF4E","Cancer_vs_Healthy",0.0673515798619455,0.613371298633693,0.723663932929903,0.967615549914578
"DYNC1I2","Cancer_vs_Healthy",0.127555354844151,0.300299046873547,0.454740359541736,0.857747002798855
"FLOT1","Cancer_vs_Healthy",0.535116199841973,0.0130934163746373,0.0580643584348559,0.0982662867738513
"TNXB","Cancer_vs_Healthy",0.990714943785168,0.0251438528125995,0.0885181251063444,0.0260185989019588
"DHX15","Cancer_vs_Healthy",-0.680413462241031,0.275912905547323,0.431707782038956,0.416383729025147
"SSBP1","Cancer_vs_Healthy",-0.307582467271185,0.178566790093333,0.324764977752829,0.588663367855942
"PPP1R2","Cancer_vs_Healthy",-0.254910630610915,0.287836157371196,0.442316188225808,0.727998357788389
"TIMM44","Cancer_vs_Healthy",-0.484555112401281,0.0988936656161286,0.219682607752433,0.325914548513413
"METTL26","Cancer_vs_Healthy",-0.53261076255292,0.0197477220967558,0.0756559293159461,0.123644275259087
"IBA57","Cancer_vs_Healthy",-0.549441693773399,0.0780117954430799,0.190519678931984,0.246210553312124
"XPO1","Cancer_vs_Healthy",0.0437684164361265,0.764589747642386,0.837258805058147,0.988320602487302
"RPL24","Cancer_vs_Healthy",0.532638883638008,0.0387966706293674,0.118820128432806,0.177148327101831
"FBLN5","Cancer_vs_Healthy",0.284089694589245,0.367155641068801,0.524694827117907,0.752278115049352
"ATP6V1A","Cancer_vs_Healthy",0.185162518356339,0.207864194756221,0.358550845969184,0.747615623884902
"ARMT1","Cancer_vs_Healthy",-0.186443055009537,0.405199914446703,0.559489048991586,0.844992149504824
"MLEC","Cancer_vs_Healthy",-0.12507487490695,0.447737888851689,0.598691471356229,0.904381877937028
"NXN","Cancer_vs_Healthy",-0.379649928597573,0.126433135084836,0.256328978721492,0.45605955323616
"EIF3B","Cancer_vs_Healthy",-0.50430261226467,0.00025857251007417,0.00454483652743516,0.0155187203984287
"DDX39B","Cancer_vs_Healthy",0.393707727027373,0.0309771764654654,0.101487130515429,0.25463113660503
"SNX12","Cancer_vs_Healthy",0.299831250694737,0.341168813265218,0.496695587873425,0.724385266615457
"DTNA","Cancer_vs_Healthy",-0.569426362037721,0.0623936907385241,0.162777906065402,0.206025671516954
"NT5DC1","Cancer_vs_Healthy",-0.139788743782944,0.607152448591282,0.71857453815574,0.932625884352996
"GLUL","Cancer_vs_Healthy",-0.128369627765601,0.639311900767415,0.744432305530504,0.944190057746333
"GLRX3","Cancer_vs_Healthy",0.332492661591225,0.0649562182730072,0.166931241837141,0.402907272993802
"RCN3","Cancer_vs_Healthy",2.12102130055463,0.0288832608949891,0.0972739751540331,0.00054324764233007
"GNA11","Cancer_vs_Healthy",0.268601304095839,0.139281710163445,0.272675087864696,0.588909874382069
"FLOT2","Cancer_vs_Healthy",0.916863364528144,0.00022431161003252,0.00433074992980078,0.000451055164962273
"SPPL2A","Cancer_vs_Healthy",-0.396822208981153,0.0931615909623385,0.212965740592589,0.389915328218121
"RPL9","Cancer_vs_Healthy",-0.265413476282763,0.145711979213067,0.281516302812906,0.599763964125795
"PPM1A","Cancer_vs_Healthy",-0.297964494600333,0.0851031451369878,0.199930120477919,0.47991219362131
"ATP6V0D1","Cancer_vs_Healthy",-0.0034705965492563,0.990650412356123,0.993124976250435,0.999967399241893
"VPS25","Cancer_vs_Healthy",-0.18040387204428,0.350443715201281,0.507437442095421,0.827651246945688
"MT-ND3","Cancer_vs_Healthy",-1.05664722423096,0.0297489948456852,0.0988649111298893,0.0243780374185192
"CTSC","Cancer_vs_Healthy",0.918535732674659,0.362272632033188,0.519566705143488,0.393512356652795
"GMPR","Cancer_vs_Healthy",0.0446344789936006,0.8516542760769,0.897793999986745,0.992858458645931
"CHMP2A","Cancer_vs_Healthy",-0.100538278023006,0.707018715291122,0.793706790872271,0.96574405413051
"TRMT112","Cancer_vs_Healthy",-0.191262342143901,0.264762680732859,0.421102070808932,0.775557914281819
"RPL15","Cancer_vs_Healthy",0.0261846832162753,0.883303130182322,0.920226595682898,0.996756098219541
"EPHX2","Cancer_vs_Healthy",-0.425288530976449,0.159133984141509,0.29867079798344,0.457634683610817
"FERMT3","Cancer_vs_Healthy",0.87963675770504,0.383999207129735,0.540742743139417,0.430885299110653
"PFDN5","Cancer_vs_Healthy",-0.192600701125045,0.236346382938713,0.391149202829155,0.757434513643469
"CD248","Cancer_vs_Healthy",NA,NA,NA,NA
"ALYREF","Cancer_vs_Healthy",0.766885346263916,0.090807164415435,0.208893530410184,0.15885379084622
"RPIA","Cancer_vs_Healthy",0.51896946968872,0.0180744185063614,0.0716584607048326,0.124586103060524
"RRAD","Cancer_vs_Healthy",-0.659475046595272,0.0147813697918035,0.062775200103462,0.0620829728044853
"SESN3","Cancer_vs_Healthy",NA,NA,NA,NA
"NT5E","Cancer_vs_Healthy",NA,NA,NA,NA
"RRAS2","Cancer_vs_Healthy",0.306135957677423,0.342732393417859,0.498369325694568,0.720498449645106
"VPS13C","Cancer_vs_Healthy",-0.146294895432131,0.394231153730432,0.550962633884435,0.872690857414869
"IDI1","Cancer_vs_Healthy",0.0717936568936146,0.807700153822614,0.87099953891843,0.984784377111314
"HSPA12A","Cancer_vs_Healthy",2.41128063302049,0.00142354982108383,0.0145868424219994,1.36767419360894e-07
"RPL26","Cancer_vs_Healthy",-0.202663878300406,0.625052493429152,0.733850026415114,0.909158586524857
"RBM38","Cancer_vs_Healthy",-0.135720372154353,0.574899963719082,0.698113521248386,0.927623569658917
"RPL4","Cancer_vs_Healthy",-0.342345334081539,0.0147404472929639,0.062775200103462,0.236046829107131
"RARS1","Cancer_vs_Healthy",-0.658764486517363,0.00034331273838591,0.00558579104076537,0.00522198413012404
"TXNDC5","Cancer_vs_Healthy",0.570805724517978,0.0743632472186393,0.18441472636713,0.226863633142779
"ABCF1","Cancer_vs_Healthy",-0.449665647344723,0.0410474037187153,0.12396242704514,0.237926169870955
"PPIL3","Cancer_vs_Healthy",-0.0170944438982268,0.932230024850922,0.956459267081815,0.998801104905746
"NT5C","Cancer_vs_Healthy",0.256974461208419,0.300701227362831,0.454829494654332,0.73433474006348
"HDHD2","Cancer_vs_Healthy",0.245294893336869,0.2135036092565,0.36539921186187,0.68470977072988
"PAK2","Cancer_vs_Healthy",-0.152276208397961,0.246612117206137,0.402566298635393,0.808012835760472
"DEPTOR","Cancer_vs_Healthy",-0.18060223724709,0.378089128830841,0.534922809767723,0.838904580596551
"PRPSAP2","Cancer_vs_Healthy",0.260389330475846,0.316282904435027,0.469754648410422,0.741011675751704
"NLN","Cancer_vs_Healthy",-0.0486345362854337,0.837544263569389,0.892392294988977,0.991415075502099
"BTF3L4","Cancer_vs_Healthy",-0.319268468227143,0.0114124078585953,0.0529500541878566,0.239762810721061
"CDV3","Cancer_vs_Healthy",0.123981705229017,0.474087661356412,0.615751396195383,0.911616973998922
"EIF3E","Cancer_vs_Healthy",-0.323798794532664,0.0254374613414056,0.0892906806269749,0.304575052511717
"RAB5B","Cancer_vs_Healthy",-0.217735143476141,0.271367031947581,0.428212197201688,0.752775490543552
"ARL3","Cancer_vs_Healthy",0.168419966225532,0.462118955934516,0.607413998848424,0.878087598524099
"CAPG","Cancer_vs_Healthy",1.48027448958949,0.0190170341725593,0.0739790279281467,0.00283569140738366
"SH3GLB1","Cancer_vs_Healthy",-0.201777968134458,0.261853701094626,0.418965921751401,0.763092298175591
"SNTB1","Cancer_vs_Healthy",-0.378207707644936,0.193535388453997,0.343115302197818,0.53733766224204
"GSPT1","Cancer_vs_Healthy",-0.350476090214077,0.00733155574164752,0.040772402105299,0.178567447231514
"COL3A1","Cancer_vs_Healthy",NA,NA,NA,NA
"ISCA2","Cancer_vs_Healthy",NA,NA,NA,NA
"PTGIS","Cancer_vs_Healthy",1.42420700767327,0.190504855740193,0.339468199149309,0.0942838156298751
"STK38","Cancer_vs_Healthy",-0.20349266418744,0.408352245288138,0.561033083709348,0.833390345970084
"EIF2S3","Cancer_vs_Healthy",-0.099067181447758,0.405872040800973,0.559489048991586,0.914543179927538
"TIMM50","Cancer_vs_Healthy",-0.642466592180789,0.023669804691432,0.0848168001442979,0.0902556488936431
"IPO7","Cancer_vs_Healthy",-0.43820351912149,0.0178215701707735,0.071050233396064,0.171221527320478
"UQCC3","Cancer_vs_Healthy",-0.172295006271206,0.565252221844494,0.691896840961569,0.906384733047911
"DCTN1","Cancer_vs_Healthy",-0.311496566193622,0.00422309899054467,0.0288199063445065,0.18213453071552
"LMAN2","Cancer_vs_Healthy",0.365140673256807,0.119601203717092,0.247347843371592,0.460514954745205
"NDUFV3","Cancer_vs_Healthy",0.0610430843100644,0.839870021858122,0.89376020799451,0.989404022305916
"DDX3X","Cancer_vs_Healthy",0.155270092201867,0.295688626669972,0.450644438621071,0.827630415568528
"CUL4A","Cancer_vs_Healthy",-0.721688971033004,0.0151089573137574,0.0633839184869824,0.04852590186981
"ECHDC3","Cancer_vs_Healthy",0.00938894865409168,0.973978205491786,0.985850995722665,0.999752478314535
"HMGCS2","Cancer_vs_Healthy",0.662998790812328,0.238849774193362,0.393938531683298,0.386988017181188
"LRP1","Cancer_vs_Healthy",NA,NA,NA,NA
"LNPK","Cancer_vs_Healthy",-0.212998818373968,0.238186548897112,0.393383545777947,0.736688866831078
"NSUN4","Cancer_vs_Healthy",NA,NA,NA,NA
"DCUN1D1","Cancer_vs_Healthy",0.698203334286706,0.00274098131949919,0.0219375294329411,0.0162606341736678
"PCTP","Cancer_vs_Healthy",-0.0868518682038477,0.74234313597119,0.818855827493644,0.974454972783896
"MSRB2","Cancer_vs_Healthy",-0.469496176436149,0.109752396250172,0.234294122491501,0.354387216225905
"PRG4","Cancer_vs_Healthy",NA,NA,NA,NA
"PIN4","Cancer_vs_Healthy",-0.0349459901494775,0.873062678170925,0.913661420702124,0.995267388460673
"SMS","Cancer_vs_Healthy",-0.496902745396113,0.060373308478864,0.159232121376894,0.24785547775148
"AGO2","Cancer_vs_Healthy",0.345339011017288,0.120716520431436,0.248661575020444,0.481834866632297
"PPTC7","Cancer_vs_Healthy",-0.152147677983187,0.541283742277048,0.674294491155267,0.910838186975084
"RCN1","Cancer_vs_Healthy",0.490453612055568,0.0166508101123491,0.0676074000626934,0.134182707905503
"UBXN6","Cancer_vs_Healthy",-0.0134185327384166,0.942138715141183,0.963751073092595,0.99920053816363
"CUL3","Cancer_vs_Healthy",-0.305379645739361,0.0418137714043798,0.125119796636185,0.379296634000848
"ADD1","Cancer_vs_Healthy",1.73709048461522,1.25774591522854e-05,0.0008236247594925,3.07290746772523e-09
"ATP6V1G1","Cancer_vs_Healthy",0.0797558267444884,0.616031594284085,0.725026431591435,0.96209866544999
"CLIP1","Cancer_vs_Healthy",-0.555234057576687,0.00913135122456427,0.0463888053771113,0.0737258178964436
"GNAI1","Cancer_vs_Healthy",1.30883966364328,0.030003807223858,0.0992433623558382,0.0101593992461796
"EIF3C","Cancer_vs_Healthy",-0.453910179595074,0.00187570983839169,0.0173450917963986,0.0578445082458409
"PSMD3","Cancer_vs_Healthy",-0.37400417572518,0.00800922501469697,0.042858252967534,0.164412219103323
"MT-CYB","Cancer_vs_Healthy",NA,NA,NA,NA
"CD163","Cancer_vs_Healthy",1.44801356881374,0.0318692162795892,0.10342462641678,0.00680552221358669
"NUCB1","Cancer_vs_Healthy",0.450234849884971,0.0769982498784809,0.18900283966094,0.31524983974687
"DHX9","Cancer_vs_Healthy",0.105822195272971,0.658312756926474,0.75911580425454,0.956722756861231
"ATPAF2","Cancer_vs_Healthy",-0.312289116810728,0.219495848806306,0.371430782800832,0.622779924260089
"EIF3G","Cancer_vs_Healthy",-0.0888480011336874,0.593884789493712,0.710066818818698,0.954759290388378
"COX17","Cancer_vs_Healthy",-0.207490206604636,0.515534122076453,0.652174325373433,0.871557875759917
"TMEM70","Cancer_vs_Healthy",-0.317815470569489,0.469056558345336,0.611857092359464,0.786158811062939
"SURF1","Cancer_vs_Healthy",-0.395851409950673,0.145947850641922,0.281516302812906,0.466816805683986
"AHCYL1","Cancer_vs_Healthy",-0.469568519122092,0.00783960789918312,0.0425423704665481,0.102618795410155
"STXBP3","Cancer_vs_Healthy",-0.40448980075049,0.0520613263409212,0.144096176814872,0.302582286529804
"TMEM256","Cancer_vs_Healthy",1.22496781497996,0.00015453577454334,0.00354402042952733,2.14626439921852e-05
"GYPC","Cancer_vs_Healthy",0.990109812152337,0.0056920025914997,0.0345247915373584,0.00599053954062684
"TBC1D17","Cancer_vs_Healthy",-0.185969306640438,0.442595225768127,0.594405635052788,0.859346111362918
"EML1","Cancer_vs_Healthy",-0.734491286912888,0.00181866987544724,0.0173097116999089,0.0097120988911259
"SCARB2","Cancer_vs_Healthy",-0.122612275833148,0.493407918794277,0.632318397262704,0.917029493310856
"CNP","Cancer_vs_Healthy",0.675652758551632,0.0123977965613575,0.0560307351046583,0.0514947501862913
"RCN2","Cancer_vs_Healthy",-0.0297646234035795,0.87240864228277,0.913507662945686,0.995945450101044
"PITRM1","Cancer_vs_Healthy",-0.16305089279091,0.412482880115379,0.565637115784643,0.865548868976674
"SLC41A3","Cancer_vs_Healthy",-0.725544556874762,0.278077112916771,0.43198462830092,0.395109179402577
"CD151","Cancer_vs_Healthy",1.13557770157029,0.32512245522974,0.48022763122372,0.279184572011518
"MAT2B","Cancer_vs_Healthy",-0.203958066608923,0.216794933020241,0.369222335973577,0.732119313375322
"CHCHD10","Cancer_vs_Healthy",0.157120093622005,0.596826369675447,0.712169424270801,0.922106784297739
"CPNE1","Cancer_vs_Healthy",0.163126738658708,0.373332357856078,0.531061479647852,0.851524908252546
"RBMX","Cancer_vs_Healthy",0.308082543250357,0.309218402642176,0.463635064484657,0.696561789556646
"CD63","Cancer_vs_Healthy",0.572017920942233,0.0819056379208885,0.195857771711519,0.238998963527985
"MTRES1","Cancer_vs_Healthy",0.213116365376543,0.453630583142524,0.602505484946055,0.8449629133661
"AP1B1","Cancer_vs_Healthy",0.867518740162541,0.0128598427744314,0.0575585527896483,0.0228942542150123
"PLIN5","Cancer_vs_Healthy",-0.637864930601612,0.075938150688551,0.187355601288966,0.193145549812303
"IST1","Cancer_vs_Healthy",0.0127630708795472,0.93276746732836,0.956603092558215,0.999112093108664
"TMED2","Cancer_vs_Healthy",0.200193664271129,0.291562205259109,0.446616914926167,0.781344542111538
"NDUFAF4","Cancer_vs_Healthy",-0.3312050873941,0.324231053560652,0.479280771623112,0.688640495064905
"CHMP3","Cancer_vs_Healthy",0.29676781337929,0.335062317193189,0.490348127061675,0.72289056922097
"MSRA","Cancer_vs_Healthy",0.00772803306103853,0.982873153708631,0.990405019951756,0.999866505539324
"SESN1","Cancer_vs_Healthy",-0.231125719668359,0.247802703448566,0.403727273277502,0.724373113840074
"GART","Cancer_vs_Healthy",-0.162367280942394,0.331187981593814,0.486280890047502,0.835748897999064
"OXSM","Cancer_vs_Healthy",-0.545070408189527,0.0226156003877128,0.082637884269518,0.126775859370501
"TMEM143","Cancer_vs_Healthy",-0.297590269832256,0.313642129589069,0.467647212415157,0.708180192291357
"SMIM20","Cancer_vs_Healthy",-0.451227515042234,0.0680517794657046,0.17195035147263,0.297402805861765
"MT-ND4","Cancer_vs_Healthy",-1.20968205236301,0.0092047163853411,0.0465650358317255,0.00344429178742339
"TMX3","Cancer_vs_Healthy",0.0477185906409865,0.784348623915164,0.853462036325221,0.98847598996416
"ATP6V1B2","Cancer_vs_Healthy",-0.142548315374157,0.237505812041321,0.392798073760646,0.814710690184491
"STX7","Cancer_vs_Healthy",0.526713352335136,0.0393572919147039,0.119965011304566,0.181962132272734
"DYNLRB1","Cancer_vs_Healthy",0.183452895451371,0.127510190356375,0.257986026616798,0.685345587488826
"CCDC22","Cancer_vs_Healthy",0.282077760305285,0.450956227561873,0.600942222451018,0.798801741491596
"HNRNPF","Cancer_vs_Healthy",0.83812952193902,0.0117067326670291,0.0541071252633513,0.0240491060500984
"RHOG","Cancer_vs_Healthy",0.978352842149462,0.00910566895713451,0.0463888053771113,0.0100806133078995
"RUVBL2","Cancer_vs_Healthy",0.345771412982941,0.115904698805815,0.241636210753963,0.474671214009016
"CUL2","Cancer_vs_Healthy",-0.258367365121611,0.269951061464756,0.427378143331448,0.712955812693442
"HMGB2","Cancer_vs_Healthy",0.510106520071592,0.0422462453399678,0.125902176706241,0.199069881730139
"CPT1A","Cancer_vs_Healthy",-0.781090566930501,0.0229163795610367,0.083328862966845,0.0523751783397794
"SLC44A2","Cancer_vs_Healthy",-0.241524873022275,0.314253451072219,0.468268756300682,0.75610242211535
"SHMT2","Cancer_vs_Healthy",-0.382259490906332,0.0814782066154956,0.195417850129595,0.383473417059792
"CD38","Cancer_vs_Healthy",0.0429169018933031,0.867514823856151,0.909436524094738,0.993919098890702
"COPS3","Cancer_vs_Healthy",-0.240248032618897,0.203081366971073,0.354105671011111,0.681818998336217
"KYAT1","Cancer_vs_Healthy",-0.14064069561238,0.587131219996157,0.706199789086286,0.92784355205234
"TMOD1","Cancer_vs_Healthy",1.22198664354272,0.00131236514452973,0.0138192489553805,0.000300816269032832
"SRM","Cancer_vs_Healthy",0.145305066577471,0.552335566812305,0.683465593465586,0.917362094736528
"STX4","Cancer_vs_Healthy",-0.765329395482844,0.00276872041119898,0.0219375294329411,0.0110281080262097
"EEA1","Cancer_vs_Healthy",-0.157055388936378,0.41786711366735,0.571069245011907,0.87193077419678
"NNMT","Cancer_vs_Healthy",-0.700124707327657,0.142577963844726,0.277100675494835,0.255700271950372
"UBE4A","Cancer_vs_Healthy",-0.0843369306526469,0.710958866336387,0.795164398577808,0.971639177595595
"RAB2B","Cancer_vs_Healthy",0.36948101567992,0.14774513313419,0.283708357724984,0.49334517786815
"RDH14","Cancer_vs_Healthy",-0.273757773699305,0.243331078956754,0.398870822415156,0.679151738140748
"GABARAPL2","Cancer_vs_Healthy",-0.346373084669132,0.136812135626492,0.26820976358476,0.502084507274631
"CELF1","Cancer_vs_Healthy",-0.320051766411208,0.214880014782809,0.3674936616456,0.611319371936105
"CUL1","Cancer_vs_Healthy",-0.372672721467062,0.0637198211577512,0.164986375642866,0.358414640798509
"INPP1","Cancer_vs_Healthy",-0.070659191794725,0.717607061713304,0.798889414981801,0.976825685862559
"HNRNPH3","Cancer_vs_Healthy",0.387463185508505,0.0870395308443963,0.202901674585827,0.388310553188251
"ALDH16A1","Cancer_vs_Healthy",0.815790527906028,0.00207685653238602,0.0183862887131821,0.00647986010510778
"HEBP1","Cancer_vs_Healthy",1.4583621403395,0.00024879671127687,0.00448390350758923,5.54416655002624e-06
"PARVB","Cancer_vs_Healthy",-0.0788271821978377,0.746311294131582,0.820976517253929,0.977198165024606
"RMDN1","Cancer_vs_Healthy",-0.205355811254059,0.3328538592765,0.48842906345997,0.797796266875514
"IGF2","Cancer_vs_Healthy",NA,NA,NA,NA
"H6PD","Cancer_vs_Healthy",-0.347621155109795,0.0213397061192283,0.0795932377001126,0.262537021317707
"NAE1","Cancer_vs_Healthy",-0.101031935705656,0.569117917719092,0.694243133671516,0.944642781724139
"MIEN1","Cancer_vs_Healthy",0.233884992367244,0.207223394392569,0.358166100657265,0.692030586728592
"RBBP4","Cancer_vs_Healthy",-0.406078299453707,0.0834958309318741,0.197115647925444,0.36484758180913
"EIF3F","Cancer_vs_Healthy",0.00384768330777163,0.985053064783067,0.990813609021564,0.999942056467053
"ITGA1","Cancer_vs_Healthy",1.16193987091139,0.00196106994658232,0.0177528437269558,0.000714561747901543
"FN3KRP","Cancer_vs_Healthy",-0.203287681061951,0.359686853138398,0.517399009771363,0.812315863343693
"MPV17","Cancer_vs_Healthy",NA,NA,NA,NA
"VPS4B","Cancer_vs_Healthy",-0.0548651735575731,0.708624342558623,0.793904255531167,0.981280235472104
"RPS27","Cancer_vs_Healthy",0.00758028302757197,0.977080545691711,0.988575610935142,0.999824257573477
"IDE","Cancer_vs_Healthy",-0.159266901110911,0.373849989566532,0.531061479647852,0.854958106893927
"CLIC4","Cancer_vs_Healthy",0.641749724783953,0.00331611616091591,0.0242711480713845,0.0256368590038856
"HEXB","Cancer_vs_Healthy",NA,NA,NA,NA
"NFU1","Cancer_vs_Healthy",-0.566223529689367,0.0176785674868574,0.0707142699474296,0.101780198711638
"HBS1L","Cancer_vs_Healthy",-0.407767893672101,0.00522033390101197,0.032483328942854,0.117314214150018
"SEC23IP","Cancer_vs_Healthy",-0.203217771339183,0.526141767783887,0.66055754787466,0.877653579525469
"NANS","Cancer_vs_Healthy",0.504542879610408,0.0648580580401714,0.166857055299928,0.251527147554777
"RPL11","Cancer_vs_Healthy",-0.277592455697981,0.227096813856392,0.380020241672128,0.662657384431636
"MESD","Cancer_vs_Healthy",0.267369270857255,0.31954976052733,0.47323236368377,0.737104086700874
"RASA4","Cancer_vs_Healthy",0.275517072530171,0.273527108336638,0.429734109574152,0.699655079203178
"YKT6","Cancer_vs_Healthy",-0.17949721611825,0.516449618185501,0.652471500834568,0.888156130443036
"PYURF","Cancer_vs_Healthy",0.38474939660626,0.478089323309242,0.618763521653543,0.752820260228487
"LACTB2","Cancer_vs_Healthy",-0.38728097763136,0.05231275294916,0.144625842826151,0.318963574045949
"SNRPE","Cancer_vs_Healthy",0.204920471871716,0.426931490619637,0.579801649468069,0.839948822894949
"TMX1","Cancer_vs_Healthy",-0.0496641856419835,0.701874237467824,0.790141731567331,0.982572473715145
"C11orf68","Cancer_vs_Healthy",-0.286542193532625,0.117282415499817,0.243462117692724,0.541122950645364
"ARIH2","Cancer_vs_Healthy",-0.283949722460918,0.203598700376322,0.354682110140792,0.636395138715888
"MRPS17","Cancer_vs_Healthy",-0.696556666732825,0.0792960829659121,0.19187282790566,0.171106480142657
"PRKCQ","Cancer_vs_Healthy",-0.381213366756615,0.0477657727321672,0.13660330254045,0.313661829515998
"SRPRB","Cancer_vs_Healthy",-0.501488415509776,0.0093438428728163,0.0466323506880642,0.095993552024493
"ARHGDIB","Cancer_vs_Healthy",0.935821264400282,0.0182015235927232,0.0716584607048326,0.0235381230068561
"CSRP2","Cancer_vs_Healthy",0.645923596342566,0.306996410119453,0.461164913017869,0.466366444295178
"USP15","Cancer_vs_Healthy",0.558441804127568,0.0206664230423712,0.0778791027950388,0.11459712523467
"HPCAL1","Cancer_vs_Healthy",0.0397492684307927,0.820754256023771,0.879562193371268,0.992179010254927
"LARS2","Cancer_vs_Healthy",-0.379386338646217,0.406513289947804,0.559489048991586,0.710703247780364
"MDP1","Cancer_vs_Healthy",0.157778673708044,0.419110082179845,0.572118524880423,0.871789090220181
"COL15A1","Cancer_vs_Healthy",0.572460472002785,0.156495241008927,0.295098308809316,0.345846782512948
"DPP4","Cancer_vs_Healthy",NA,NA,NA,NA
"MRPL12","Cancer_vs_Healthy",-0.657689165324928,0.0502417438185567,0.140328205106712,0.139863479982183
"CES2","Cancer_vs_Healthy",-0.59011827337795,0.0491556480996655,0.139047928707053,0.168994888759235
"PDZK1IP1","Cancer_vs_Healthy",0.17580108140735,0.740618267222316,0.818077425445567,0.948581297993179
"ACAA1","Cancer_vs_Healthy",-0.603434789448226,0.0168664531054901,0.0681101739884442,0.0851381987819737
"PTPN11","Cancer_vs_Healthy",0.439836531373427,0.00447640251462299,0.0294513039759895,0.0926387778740382
"IL18","Cancer_vs_Healthy",-0.0321945708633322,0.925723589340108,0.951405208335886,0.997518320738061
"SFXN3","Cancer_vs_Healthy",1.76620499943257,0.00010087302029619,0.00272923857160949,8.74676521992501e-08
"DEK","Cancer_vs_Healthy",0.292582124236151,0.0933051728925172,0.212965740592589,0.49958895455689
"LRRC59","Cancer_vs_Healthy",0.768739447904434,0.00369158579814016,0.0262998183488802,0.0134840588419873
"BDH2","Cancer_vs_Healthy",0.374073542464931,0.148453283863451,0.284841041867084,0.48990702289921
"MOB1A","Cancer_vs_Healthy",0.420463563557021,0.110616008074968,0.23474999442697,0.396241812106319
"AIMP2","Cancer_vs_Healthy",-0.540967824131293,0.00609975760173225,0.0360698213704168,0.0633760785896341
"RPL19","Cancer_vs_Healthy",0.101264136262976,0.572464019122418,0.69616733783567,0.945080016574826
"TIMM8A","Cancer_vs_Healthy",-0.689937311790175,0.0616244657537173,0.161415563506411,0.146219587236525
"FARSA","Cancer_vs_Healthy",-0.361617941730366,0.0502920436075967,0.140328205106712,0.33918672260363
"MPO","Cancer_vs_Healthy",NA,NA,NA,NA
"CTSZ","Cancer_vs_Healthy",0.765378275879169,0.00607132340096656,0.0360698213704168,0.0201082022778736
"VWF","Cancer_vs_Healthy",0.687297445753604,0.0384480280965391,0.118392393422591,0.106509308101589
"STOML2","Cancer_vs_Healthy",-0.333701684758367,0.0853544430858408,0.200325047710238,0.439894325722142
"SRSF3","Cancer_vs_Healthy",0.162301119094138,0.39002614737224,0.546990659797528,0.858290002176549
"NHLRC2","Cancer_vs_Healthy",-0.231467525851979,0.122207714182395,0.250874830137432,0.614742128431177
"MAPK9","Cancer_vs_Healthy",-0.621842691294027,0.0249897507418251,0.0882336067248017,0.100846298636167
"SSPN","Cancer_vs_Healthy",-0.267088807859036,0.385683445135451,0.542479985914816,0.775330610466847
"PECAM1","Cancer_vs_Healthy",0.330734475932548,0.125088762476488,0.254618546105987,0.502827435975071
"PSMD7","Cancer_vs_Healthy",-0.30131106692102,0.0784210333886281,0.19089247219,0.464387258475281
"SIAE","Cancer_vs_Healthy",0.327640565542705,0.355998159028405,0.513627062277052,0.712912267318815
"MAPK14","Cancer_vs_Healthy",-0.570898748533853,0.0229431213235125,0.083328862966845,0.115904037496303
"EHBP1L1","Cancer_vs_Healthy",-0.71995612551563,0.00061804061640988,0.00845937148201969,0.00489410231886261
"RAB8A","Cancer_vs_Healthy",1.70407739224722,0.00439400578613426,0.0290988956598391,9.62170593986766e-05
"SNX5","Cancer_vs_Healthy",0.259657563487693,0.153408646604593,0.290643604267397,0.614610184829009
"OPLAH","Cancer_vs_Healthy",-0.615194794305211,0.00325112324530863,0.0240144318242429,0.0294724282943414
"TMEM126A","Cancer_vs_Healthy",-0.130050031490224,0.657227662094034,0.759042786725388,0.946877808864744
"EIF2S2","Cancer_vs_Healthy",-0.380178694066192,0.0302564745888647,0.0999418255281017,0.26450841569013
"EIF6","Cancer_vs_Healthy",0.505958366297008,0.003457980573078,0.0250807747589513,0.0568521217956952
"BOLA2","Cancer_vs_Healthy",0.724394944818656,0.00427032530051175,0.0288199063445065,0.019209581239439
"PFKFB1","Cancer_vs_Healthy",0.262174377906298,0.278541805086934,0.432170532634882,0.715260895680395
"WDR77","Cancer_vs_Healthy",-0.152018354503245,0.350873382475821,0.507754269832799,0.8528143821671
"SFPQ","Cancer_vs_Healthy",0.342278567637663,0.0832114733631614,0.196830282768657,0.426974419179412
"LAMA2","Cancer_vs_Healthy",-0.353226546832964,0.459462444883795,0.605972866532679,0.759797290678519
"LZIC","Cancer_vs_Healthy",0.297053004324496,0.0514894125780548,0.143337000564111,0.414297147207731
"PDK2","Cancer_vs_Healthy",0.157472821165015,0.700198770868358,0.788993280416942,0.945423881429251
"RALB","Cancer_vs_Healthy",0.0132381177790251,0.982137802495925,0.990400906910226,0.999761429233681
"RPS26","Cancer_vs_Healthy",-0.193777779350587,0.234988085834795,0.389704759428503,0.755305522776343
"MYH8","Cancer_vs_Healthy",-0.566631218254599,0.315259022124044,0.469186480392274,0.51991143377055
"ABCF2","Cancer_vs_Healthy",0.00855340958148787,0.973388261071056,0.985668180260346,0.999769321982473
"AP2M1","Cancer_vs_Healthy",0.257364053529646,0.09573067720448,0.216450207237923,0.546712732996465
"PITPNB","Cancer_vs_Healthy",0.502046762704882,0.184240851322953,0.33157845290409,0.427749376503362
"HSD17B4","Cancer_vs_Healthy",-0.40115370402836,0.0196884949486531,0.0756559293159461,0.206879297846158
"ACAD9","Cancer_vs_Healthy",-0.167045442266769,0.498537058020799,0.637195984986244,0.890228997018367
"TATDN3","Cancer_vs_Healthy",NA,NA,NA,NA
"CDIPT","Cancer_vs_Healthy",0.00993335411113705,0.96890780513743,0.982784328041673,0.999686296120586
"HNMT","Cancer_vs_Healthy",NA,NA,NA,NA
"KHSRP","Cancer_vs_Healthy",0.220963276714283,0.304071553527581,0.457627688059009,0.768699568129009
"BCKDK","Cancer_vs_Healthy",-0.567545158561657,0.121423823778601,0.249904758682795,0.302204630633648
"LTF","Cancer_vs_Healthy",1.70665183730154,0.0654469861044865,0.16765568355277,0.00953094357537502
"NPC2","Cancer_vs_Healthy",0.865131521934067,0.00092474002584072,0.010992602642485,0.0023725095391107
"UFD1","Cancer_vs_Healthy",-0.412432839018681,0.0638740378068513,0.165030775792809,0.32157075006158
"MVP","Cancer_vs_Healthy",0.47373503343638,0.136176994134571,0.267466722574263,0.388861196428574
"RPL29","Cancer_vs_Healthy",0.555935922985551,0.463511944963109,0.60808176728434,0.652155671140612
"PRKAB2","Cancer_vs_Healthy",-0.310209142937516,0.197825251396692,0.347710368878274,0.604923083789271
"SIRT5","Cancer_vs_Healthy",-0.476415377181763,0.110648357007729,0.23474999442697,0.350364973065658
"RNF114","Cancer_vs_Healthy",-0.321366583234937,0.110545657946308,0.23474999442697,0.492749577468309
"THEM6","Cancer_vs_Healthy",-0.761668859230923,0.218759170242664,0.37109872458534,0.314248244215287
"SCP2","Cancer_vs_Healthy",0.162381392856229,0.338731867300391,0.494343234217783,0.83879797158804
"DMAC2L","Cancer_vs_Healthy",-0.863841331071935,0.00074697911301187,0.00967056830178817,0.00199083201787231
"HDLBP","Cancer_vs_Healthy",1.07679467693541,0.00123334604984992,0.013317925058469,0.000737387473175293
"PMM2","Cancer_vs_Healthy",0.506384722215,0.0101037294039456,0.0486538845935772,0.0976112834751262
"ACSS1","Cancer_vs_Healthy",-0.179084762883384,0.406837759461905,0.559489048991586,0.851242498718761
"CBR3","Cancer_vs_Healthy",0.54288827576416,0.108937778682987,0.233121635213019,0.300120391558425
"RAB9A","Cancer_vs_Healthy",0.106947509359532,0.737997245792985,0.815930839242198,0.96802992542461
"TOMM40","Cancer_vs_Healthy",0.0177768162946847,0.945562365988153,0.966022137165665,0.999005429937672
"ARPC1B","Cancer_vs_Healthy",1.51562829959614,5.80747274362194e-05,0.00194780297898004,3.79996059299162e-07
"LGALSL","Cancer_vs_Healthy",-0.304822068206967,0.251987567472665,0.407786332307915,0.656942174227507
"COPB1","Cancer_vs_Healthy",0.178457223638944,0.565757840470651,0.691896840961569,0.903348110133144
"RTN4IP1","Cancer_vs_Healthy",-0.421492335338296,0.12198855321397,0.250638597388429,0.411993624540584
"AARS1","Cancer_vs_Healthy",-0.0454955161455537,0.717257633651843,0.798869741828695,0.984994641259259
"SERBP1","Cancer_vs_Healthy",-0.245166191288877,0.371036301446234,0.529298230973063,0.784215567580144
"TXNDC12","Cancer_vs_Healthy",-0.0065806533205901,0.97834069891472,0.989019480682891,0.999855911797569
"DDX19B","Cancer_vs_Healthy",1.90799533362075,0.000629940224502,0.00857003424068266,7.81768339387929e-07
"ZYX","Cancer_vs_Healthy",0.530571967860109,0.0012251718321079,0.013317925058469,0.0285153662537266
"MCCC1","Cancer_vs_Healthy",-0.514736391186741,0.0414900903426013,0.124719164428255,0.194359457414988
"AARSD1","Cancer_vs_Healthy",-0.372188647067979,0.107378532138894,0.231899107973504,0.435831365179554
"MRPL53","Cancer_vs_Healthy",NA,NA,NA,NA
"PIGS","Cancer_vs_Healthy",NA,NA,NA,NA
"SRP14","Cancer_vs_Healthy",-0.145172901399953,0.576734970808005,0.699636176174144,0.923209434379966
"LMAN1","Cancer_vs_Healthy",-0.0357998710094805,0.848318512909612,0.895943411879976,0.994128259568506
"CORO1B","Cancer_vs_Healthy",1.18987039079704,0.0210906937628123,0.0792299385036692,0.0101364374206044
"PFAS","Cancer_vs_Healthy",1.03171794377063,0.180373367139311,0.327271552119298,0.170836132491446
"AEBP1","Cancer_vs_Healthy",1.77581646427774,0.0582117703782539,0.155748825634261,0.00641041076233598
"RPL21","Cancer_vs_Healthy",0.335624347465217,0.22629640533378,0.379154900525316,0.607315141695504
"JUP","Cancer_vs_Healthy",-0.0367275271983338,0.883561944574356,0.920226595682898,0.995463677350713
"KHDRBS1","Cancer_vs_Healthy",0.0764025176631442,0.74375634887996,0.819288786872345,0.977635539135828
"SUGT1","Cancer_vs_Healthy",-0.0361235832204514,0.822092356972775,0.880382351496084,0.992948279406128
"UBA3","Cancer_vs_Healthy",-0.114391911108484,0.56356315696729,0.691489883669003,0.936504454123788
"NDRG1","Cancer_vs_Healthy",1.8911985429095,0.00192913388276458,0.0175960393549133,7.3465132730712e-06
"GNS","Cancer_vs_Healthy",NA,NA,NA,NA
"D2HGDH","Cancer_vs_Healthy",-0.367144234186537,0.269344464307367,0.426960955820919,0.617790017930087
"PLGRKT","Cancer_vs_Healthy",0.0486035428636526,0.851934921083767,0.897793999986745,0.992241770161643
"EZR","Cancer_vs_Healthy",0.337906385733881,0.10540667177171,0.228257192245539,0.467542281215998
"RDH13","Cancer_vs_Healthy",-0.187260562566678,0.478205528985567,0.618763521653543,0.870972511255481
"DBNL","Cancer_vs_Healthy",0.92998127942986,0.00018018333560704,0.00380597782580501,0.000329522211819688
"LYPLAL1","Cancer_vs_Healthy",-0.0766009687093643,0.685062478869626,0.776662170017919,0.97144176883581
"FAM98B","Cancer_vs_Healthy",-0.469068196650948,0.0717471800260069,0.178478522213455,0.290599215703909
"ATL2","Cancer_vs_Healthy",-0.459097497267024,0.101314827048146,0.222800094549713,0.349548116422859
"PPP2R5A","Cancer_vs_Healthy",-0.45869132706482,0.0348691510767931,0.109893509080604,0.214501582045978
"DNAJB1","Cancer_vs_Healthy",0.715228978913139,0.0126942800099366,0.0569233263760285,0.0440195439583522
"CRADD","Cancer_vs_Healthy",0.203367778826536,0.651728806835552,0.753776641143136,0.916615510762868
"LETM1","Cancer_vs_Healthy",-0.300130090216921,0.070496322751301,0.176094548947233,0.451128325889524
"TUBB4A","Cancer_vs_Healthy",1.68027627924799,0.00334103298822246,0.0243794164716354,6.90932438364986e-05
"CLYBL","Cancer_vs_Healthy",0.483203206618267,0.402104310435087,0.557584662117819,0.643895225709218
"NFIC","Cancer_vs_Healthy",-0.214737587755494,0.210227972699181,0.36107628977149,0.715411953480169
"AUH","Cancer_vs_Healthy",-0.540760384726774,0.065183661174888,0.167337160031056,0.228419519772706
"ENSA","Cancer_vs_Healthy",0.143804404155695,0.593187252173209,0.709608340785124,0.927649646206736
"DCLK1","Cancer_vs_Healthy",NA,NA,NA,NA
"PPIL1","Cancer_vs_Healthy",-0.0979509404830488,0.59855804365045,0.713157436256421,0.950971167269687
"STX12","Cancer_vs_Healthy",-0.483892196973308,0.450531117799177,0.600927102007398,0.67989231018432
"ABCA8","Cancer_vs_Healthy",0.674702483176606,0.0477075679894721,0.136599076954398,0.128362910313292
"MTM1","Cancer_vs_Healthy",-0.958583060913444,0.00219358256165775,0.0190005280880283,0.00282667090284193
"TXNRD2","Cancer_vs_Healthy",-0.309090178892077,0.379732751497333,0.536302912378638,0.741345741416827
"BCKDHB","Cancer_vs_Healthy",0.258480808660263,0.452646918128134,0.601999145057856,0.81474265644733
"C6orf136","Cancer_vs_Healthy",0.569331277605142,0.304264614387637,0.457632224513073,0.507924177879785
"PRPSAP1","Cancer_vs_Healthy",-0.345420419236746,0.253023153481104,0.408638332382628,0.622070158556447
"ETF1","Cancer_vs_Healthy",-0.373467708194884,0.0277638687687658,0.094784053104084,0.262234626119725
"EIF3L","Cancer_vs_Healthy",-0.524772795986291,0.0191126102295281,0.0742309119882318,0.12533821131678
"RBKS","Cancer_vs_Healthy",NA,NA,NA,NA
"SENP8","Cancer_vs_Healthy",0.0397649321056051,0.828872354587076,0.885896418040692,0.992564337592826
"ARCN1","Cancer_vs_Healthy",-0.0718408806337116,0.559978564482984,0.689028300089436,0.959198325243246
"TATDN1","Cancer_vs_Healthy",0.030103830273454,0.883452774329502,0.920226595682898,0.99627655963005
"C19orf12","Cancer_vs_Healthy",-0.852166308047703,0.00505049728470892,0.0319202033112312,0.0110371954930328
"MICU1","Cancer_vs_Healthy",-0.607944840756669,0.106252726161966,0.229673756371646,0.255898933572016
"DHTKD1","Cancer_vs_Healthy",-0.320041333597395,0.288107452276766,0.442450730282177,0.671483118777022
"CHMP1B","Cancer_vs_Healthy",0.827676515424209,0.238015568176161,0.393370959621274,0.304811185671662
"MGST2","Cancer_vs_Healthy",-0.444006115266138,0.123528858958839,0.252940044534765,0.395129658180537
"TNKS1BP1","Cancer_vs_Healthy",1.92520402867684,0.00327427478392406,0.0241114791427802,1.64471110574182e-05
"HNRNPM","Cancer_vs_Healthy",0.357321597647157,0.133235004046588,0.265587657073,0.486639353507536
"RPL36","Cancer_vs_Healthy",-0.56055059524278,0.0631242367208229,0.163973206066604,0.212544187151082
"NUDCD2","Cancer_vs_Healthy",0.203859525641924,0.37859955861753,0.535330438726373,0.820366648262859
"PRKCD","Cancer_vs_Healthy",0.0646404490707688,0.822250792572547,0.880382351496084,0.987428913330099
"EPB41L3","Cancer_vs_Healthy",0.828721447165641,0.231117830463158,0.384079872846987,0.297026458958173
"SYNPO2L","Cancer_vs_Healthy",0.316268385730165,0.56441760841265,0.691662901301609,0.834524532709901
"CLIC6","Cancer_vs_Healthy",-0.0187659988882061,0.958296977960731,0.975720559378198,0.999200933825475
"MTIF2","Cancer_vs_Healthy",0.0502636587011978,0.83994159081876,0.89376020799451,0.991271184920334
"OPA3","Cancer_vs_Healthy",-0.0920060569790202,0.803363483580578,0.869500308801473,0.980057002567246
"LIMCH1","Cancer_vs_Healthy",-0.180170670327886,0.406499251726617,0.559489048991586,0.850284051411508
"PLAA","Cancer_vs_Healthy",-0.464591017746685,0.0410805717533312,0.12396242704514,0.226938385579747
"PFKFB2","Cancer_vs_Healthy",-0.474357096594286,0.0347691700297919,0.109874227600707,0.203238122817705
"F10","Cancer_vs_Healthy",NA,NA,NA,NA
"FAHD2A","Cancer_vs_Healthy",-0.456238342051765,0.0831364871289058,0.196830282768657,0.321490054538171
"BROX","Cancer_vs_Healthy",-0.421491824228756,0.105407806385814,0.228257192245539,0.387390408419349
"HSPBP1","Cancer_vs_Healthy",-0.326290270641081,0.0658656257543229,0.168191332785164,0.411661135242023
"EIF3M","Cancer_vs_Healthy",-0.171514220199875,0.233415425421192,0.387363435157981,0.779157459850154
"NUDCD1","Cancer_vs_Healthy",NA,NA,NA,NA
"UBQLN1","Cancer_vs_Healthy",-0.513645465520661,0.00571242354563876,0.0345615977334124,0.0704370194402109
"BCKDHA","Cancer_vs_Healthy",-0.105558062218446,0.628835601077011,0.736138127075081,0.952212698610564
"PRUNE1","Cancer_vs_Healthy",-0.359755720904005,0.0432832114388325,0.128357109784124,0.323152953873547
"CSTA","Cancer_vs_Healthy",1.10995308251109,0.0753812791421711,0.186363573074279,0.0567303109438694
"CHMP4B","Cancer_vs_Healthy",-0.150974057860573,0.392001737686135,0.548191837875831,0.86815453415504
"ATAD3A","Cancer_vs_Healthy",-0.20558146183145,0.392020907318182,0.548191837875831,0.824882171038997
"ILVBL","Cancer_vs_Healthy",-0.181372906684754,0.534499383631516,0.668093210121513,0.892600230132874
"NAA50","Cancer_vs_Healthy",-0.207733768711126,0.203893292289075,0.354682110140792,0.718686802389762
"ATRN","Cancer_vs_Healthy",1.29985556605399,0.17440518280268,0.319261565685191,0.103308664495409
"DHRS11","Cancer_vs_Healthy",0.318370269471302,0.132560937776232,0.264583445599756,0.525536891376448
"PPP1R14B","Cancer_vs_Healthy",0.0746170286064469,0.828739434254693,0.885896418040692,0.986081007039212
"LPCAT3","Cancer_vs_Healthy",-1.5605195768592,0.00166589447439355,0.0162514134684309,4.61664534699644e-05
"PPP1R12B","Cancer_vs_Healthy",1.00289117643017,0.0415385256941282,0.124719164428255,0.0411582382297426
"BPNT1","Cancer_vs_Healthy",-0.163611970179357,0.273103305573508,0.429734109574152,0.808679330479161
"EIF4E3","Cancer_vs_Healthy",-0.281796265343118,0.413474468624308,0.566029858128103,0.779680505224319
"KPNA6","Cancer_vs_Healthy",-0.18483434248239,0.222024689976933,0.37439457525522,0.757168449317492
"LMNB2","Cancer_vs_Healthy",-0.378868836096647,0.302270895481775,0.456057842305836,0.635533376272318
"PGM2L1","Cancer_vs_Healthy",0.294870423425433,0.157602818701685,0.296722116836324,0.579943053896389
"PARP1","Cancer_vs_Healthy",-0.205031355117463,0.239831523650006,0.394746622658384,0.746210475567295
"TSG101","Cancer_vs_Healthy",-0.169730908049655,0.334922431898068,0.490348127061675,0.830554917272348
"GLS","Cancer_vs_Healthy",-0.682383302965388,0.023287364439929,0.0839893662318244,0.0768688146527333
"SMTN","Cancer_vs_Healthy",-0.314290671294842,0.111150138893477,0.235021488226444,0.501346995339958
"AP2A2","Cancer_vs_Healthy",1.13628136273223,0.000834866674429,0.0104706195417971,0.00031775391667235
"RO60","Cancer_vs_Healthy",0.189968918163238,0.476150407419887,0.617431438377538,0.868523165879952
"LSM3","Cancer_vs_Healthy",-0.300304304849302,0.297211071787143,0.451251110254375,0.694638973555587
"SERPINA5","Cancer_vs_Healthy",0.847307752569122,0.25541566906131,0.411673983333088,0.314598206455807
"CSNK2A1","Cancer_vs_Healthy",-0.419840962211058,0.0331247671086276,0.106210970968809,0.239166055953046
"CDNF","Cancer_vs_Healthy",-0.202193726572165,0.483925759622672,0.624464343888269,0.863503771646107
"HNRNPUL1","Cancer_vs_Healthy",0.228899957906801,0.436198727737075,0.587453320129126,0.827034778824434
"STAT5B","Cancer_vs_Healthy",-0.307724874643355,0.0172653623572193,0.0695233989233847,0.28677092191828
"CA14","Cancer_vs_Healthy",0.0533505073672984,0.8432435322174,0.895263260392637,0.990945012073124
"UBE3A","Cancer_vs_Healthy",-0.497763625107314,0.00350367770178503,0.0252600476224502,0.0599450655107188
"MME","Cancer_vs_Healthy",0.358869944428225,0.0991076194577067,0.219752437987254,0.436247539898949
"LANCL2","Cancer_vs_Healthy",-0.635105505732238,0.00893620528457154,0.0463295497965841,0.0499765274936126
"ATPAF1","Cancer_vs_Healthy",-0.2075100013286,0.473534416126989,0.615364745835828,0.856312333911957
"MICU2","Cancer_vs_Healthy",-0.285831215846216,0.444309148382422,0.596374821240173,0.793044300436087
"ETFRF1","Cancer_vs_Healthy",0.0629770955571693,0.841411522709674,0.894533751295759,0.989184380964393
"ETHE1","Cancer_vs_Healthy",-0.409672179191237,0.0484029140860257,0.138151645323522,0.289220082183101
"MLIP","Cancer_vs_Healthy",-0.517221471269426,0.208730321564401,0.359529767043689,0.444708093041578
"CTTN","Cancer_vs_Healthy",1.11011956106942,4.30455622963208e-05,0.00172756190015901,1.42278243676843e-05
"EDF1","Cancer_vs_Healthy",-0.617941541090342,0.0582115081461901,0.155748825634261,0.172523264078033
"MYL9","Cancer_vs_Healthy",0.809224526439793,0.0149410581533172,0.0629901214978346,0.0333169024647587
"IPO9","Cancer_vs_Healthy",0.361927444898228,0.658634755359307,0.75911580425454,0.859730866827643
"COPZ1","Cancer_vs_Healthy",0.162998515535413,0.491927565591753,0.63075696376195,0.890800282991667
"C9orf64","Cancer_vs_Healthy",0.0352277176338021,0.817859817494671,0.877948403543549,0.9929419881694
"RHOC","Cancer_vs_Healthy",0.561284561225502,0.0662872158437946,0.168909646298262,0.218015178251464
"FHIT","Cancer_vs_Healthy",NA,NA,NA,NA
"EIF3D","Cancer_vs_Healthy",-0.418414252385741,0.0154899098250575,0.0644209030375449,0.174860074565825
"GALK1","Cancer_vs_Healthy",-0.256892314699435,0.236080163505537,0.39097732718111,0.690150493832187
"TSNAX","Cancer_vs_Healthy",-0.0029797046783635,0.984769127081605,0.990813609021564,0.999954268377317
"PCOLCE","Cancer_vs_Healthy",NA,NA,NA,NA
"BCO2","Cancer_vs_Healthy",-0.893966661801961,0.0708857936570875,0.176883928628256,0.0938508587055633
"ILF3","Cancer_vs_Healthy",-0.142368713316319,0.488313748672633,0.627203330628556,0.90298486341813
"G3BP2","Cancer_vs_Healthy",-0.966609841309982,0.0325594519786118,0.105098070193696,0.0365038805459769
"STAT3","Cancer_vs_Healthy",-0.318185291383411,0.0555434890340195,0.150617929722882,0.39862151489228
"EMC7","Cancer_vs_Healthy",NA,NA,NA,NA
"ACSS2","Cancer_vs_Healthy",-0.0621156748631719,0.704433844100032,0.792282436521661,0.978472202266388
"FITM1","Cancer_vs_Healthy",-0.422281993422153,0.211577498033509,0.362876506598781,0.518988705001026
"SRP54","Cancer_vs_Healthy",-0.0916188996793821,0.647546267822575,0.75110376344738,0.960967806994327
"LHPP","Cancer_vs_Healthy",1.07714930944532,0.00733158227225683,0.040772402105299,0.00501763643356563
"ARRB1","Cancer_vs_Healthy",1.6447420272077,0.00124691295191409,0.0134043142330765,1.67262906461202e-05
"AASDHPPT","Cancer_vs_Healthy",0.0358496632918452,0.881974457078869,0.920226595682898,0.99550768328165
"ARL8A","Cancer_vs_Healthy",-0.32191451639595,0.17901785813713,0.325339624448459,0.574773176073276
"COX20","Cancer_vs_Healthy",0.518497330201242,0.242764954000732,0.398213902747795,0.479977166908149
"CHCHD7","Cancer_vs_Healthy",-0.580855306430671,0.0602676612856696,0.159232121376894,0.195616513789974
"LAMTOR5","Cancer_vs_Healthy",0.162640614400726,0.595347722240712,0.711169429391678,0.919112277990438
"TOM1L2","Cancer_vs_Healthy",-0.17557466957091,0.484426658797046,0.624464343888269,0.880509439673544
"LAMB3","Cancer_vs_Healthy",-0.302050845115204,0.196739345119342,0.34706838318489,0.61195466060452
"LAMTOR1","Cancer_vs_Healthy",0.0990313008634907,0.570654895332581,0.694710307361403,0.945961269522245
"UROD","Cancer_vs_Healthy",1.48996644881452,4.75714474916638e-06,0.0004405847906151,1.17334213617944e-08
"MAP2K4","Cancer_vs_Healthy",-0.538530201813451,0.00927793339725334,0.0466277399863915,0.0804287116074923
"HNRNPA0","Cancer_vs_Healthy",-0.134406461062117,0.74542879266357,0.820380499421333,0.961281454998611
"UQCC2","Cancer_vs_Healthy",-0.11485892643471,0.586218398656634,0.705806951982587,0.94050163922871
"TECR","Cancer_vs_Healthy",-0.0697353394497497,0.764173955637738,0.837184206176375,0.981418794602446
"EWSR1","Cancer_vs_Healthy",0.384732685615415,0.10808528085939,0.232591024405194,0.42487229433289
"RCSD1","Cancer_vs_Healthy",-0.295503660152235,0.176097373553001,0.321487851035351,0.598573126623078
"QKI","Cancer_vs_Healthy",-0.430950372535374,0.130720439479267,0.262312348555062,0.416090597284331
"GNA13","Cancer_vs_Healthy",0.569793768317751,0.0713454250420557,0.177662650983733,0.222154526244255
"STIM1","Cancer_vs_Healthy",-0.617098612570047,0.00962634129499066,0.0473065915068112,0.0569635095298894
"CLINT1","Cancer_vs_Healthy",0.330883744487704,0.259437582936091,0.416237963208947,0.639901323402508
"PDP1","Cancer_vs_Healthy",-0.114222383180604,0.685669265993644,0.776676497054119,0.957812782364318
"TARDBP","Cancer_vs_Healthy",-0.028884876029764,0.863326110701876,0.906228977580696,0.995763995632192
"AP2S1","Cancer_vs_Healthy",NA,NA,NA,NA
"RAB18","Cancer_vs_Healthy",-0.32587850031479,0.0910005454320113,0.208893530410184,0.457904401726111
"HARS1","Cancer_vs_Healthy",-0.458494144487112,0.00393204154772634,0.0275242908340844,0.0789126236314882
"PGPEP1","Cancer_vs_Healthy",-0.244756438345302,0.40208931727696,0.557584662117819,0.800120491226268
"MBNL1","Cancer_vs_Healthy",-0.0959350191478414,0.577287745944309,0.699954124991891,0.948656899083822
"PALMD","Cancer_vs_Healthy",-0.00280855023004989,0.988762197209427,0.992409637082969,0.999968259886789
"VPS36","Cancer_vs_Healthy",-0.102601840047335,0.46418040293155,0.60808176728434,0.924275523945873
"PCCB","Cancer_vs_Healthy",-0.351532106239198,0.0751842452678233,0.186067484691591,0.402645178045452
"SSR4","Cancer_vs_Healthy",0.528090112327005,0.0710725605554308,0.177166382833828,0.247511373531605
"COX11","Cancer_vs_Healthy",-0.646280437600392,0.0246919666587232,0.087310213970933,0.0914408348860782
"TIMM9","Cancer_vs_Healthy",0.117199542465737,0.672387358155273,0.770349717300131,0.95454649852838
"SFXN1","Cancer_vs_Healthy",-0.195872014204181,0.28205658225825,0.435658916021723,0.780434126936306
"GBP1","Cancer_vs_Healthy",0.567688003258581,0.187197635024077,0.334897403520043,0.386272368998077
"TKFC","Cancer_vs_Healthy",0.320579686018149,0.0698836086530294,0.175121779382636,0.426118317819547
"UBE2G1","Cancer_vs_Healthy",-0.144980846286373,0.448047471056412,0.598722702721332,0.890120212302254
"OSBP","Cancer_vs_Healthy",-0.136898056635857,0.457269572865352,0.604894857011767,0.898417595159416
"HLA-DRB5","Cancer_vs_Healthy",0.180543075108762,0.65886712246345,0.75911580425454,0.92743867891875
"AGK","Cancer_vs_Healthy",0.176554033381766,0.447775473385618,0.598691471356229,0.867747335606882
"PCYT1A","Cancer_vs_Healthy",-0.121692068058259,0.619942623373968,0.728916912638923,0.943475928496612
"MRPS23","Cancer_vs_Healthy",-0.105152105749376,0.700040253377086,0.788993280416942,0.963195308826644
"PLP2","Cancer_vs_Healthy",0.409597875335301,0.271112594930185,0.428212197201688,0.585894362138687
"CYSTM1","Cancer_vs_Healthy",NA,NA,NA,NA
"SIRT2","Cancer_vs_Healthy",-0.184884078628897,0.48632064996769,0.626570425426537,0.875219517363916
"ESYT2","Cancer_vs_Healthy",0.124591618888591,0.507178736990566,0.644527354152173,0.918894255219037
"COPA","Cancer_vs_Healthy",0.31607094064492,0.0619116715308716,0.161695558618589,0.415063369046511
"MLYCD","Cancer_vs_Healthy",-0.282169412768049,0.260464731500655,0.417298119396924,0.68413564291225
"UAP1","Cancer_vs_Healthy",0.217631219320719,0.357428551630669,0.515073580087763,0.799392427178594
"LRPAP1","Cancer_vs_Healthy",0.142135687564767,0.534405392453092,0.668093210121513,0.91478857836919
"FKBP4","Cancer_vs_Healthy",0.0493107063868017,0.805750017870241,0.870174115862792,0.989406300731376
"SYNPO","Cancer_vs_Healthy",0.304610268267197,0.263986797126245,0.420423417645501,0.666512042865319
"EPM2A","Cancer_vs_Healthy",0.358107432843536,0.119667872727535,0.247347843371592,0.467538000178784
"DCAF6","Cancer_vs_Healthy",-0.090783317317058,0.578163393801217,0.699999450416506,0.951476712394552
"DYNC1LI1","Cancer_vs_Healthy",-0.536056257945706,0.00186809766065399,0.0173450917963986,0.03446011064861
"PIP4K2A","Cancer_vs_Healthy",0.440214895740823,0.235958505092716,0.39097732718111,0.529557233792909
"ISLR","Cancer_vs_Healthy",NA,NA,NA,NA
"UBE3C","Cancer_vs_Healthy",-0.417228441978615,0.0286359127893202,0.0968473005571392,0.227080265681222
"LNPEP","Cancer_vs_Healthy",-0.39292162210231,0.0603315195324978,0.159232121376894,0.331779443250184
"SCAMP3","Cancer_vs_Healthy",0.151664502384573,0.585410289678938,0.705186582064474,0.922002269265044
"TMED5","Cancer_vs_Healthy",NA,NA,NA,NA
"CTNNA1","Cancer_vs_Healthy",0.686887586314258,0.00910413629504704,0.0463888053771113,0.039648469849317
"STEAP4","Cancer_vs_Healthy",0.90771796984469,0.0022822959979128,0.0195991916986898,0.00400079930734592
"NUDT2","Cancer_vs_Healthy",0.0186459164174586,0.940127319929415,0.962102246659597,0.998849464125929
"VPS37C","Cancer_vs_Healthy",-0.573419461736172,0.0801260168587481,0.193330108813492,0.235181102221617
"BCS1L","Cancer_vs_Healthy",0.912294520214312,0.135715219905435,0.267127818467487,0.161696933382636
"LSM2","Cancer_vs_Healthy",0.0846499767457551,0.675031398185598,0.771415586734589,0.96728015635596
"FYCO1","Cancer_vs_Healthy",-0.621332839557798,0.00278153456591379,0.0219375294329411,0.0258255754430894
"TNPO1","Cancer_vs_Healthy",0.44868178642669,0.0534378147885635,0.146263646847411,0.268663629664775
"EIF4B","Cancer_vs_Healthy",0.889588861209615,0.00298518574439606,0.0226761112697341,0.00567234512216512
"MAPKAPK2","Cancer_vs_Healthy",-0.471803644083856,0.022995336861682,0.0833927276550153,0.168661390313207
"RIC8A","Cancer_vs_Healthy",0.089941899103632,0.708703014427682,0.793904255531167,0.969505937964674
"MYPN","Cancer_vs_Healthy",0.0786034671982385,0.801573664062764,0.868672089587369,0.982764864504148
"RPL36AL","Cancer_vs_Healthy",-0.842174322932589,0.133638155307309,0.26573136084228,0.1836035555417
"FAF1","Cancer_vs_Healthy",NA,NA,NA,NA
"PYCARD","Cancer_vs_Healthy",0.0687542454130678,0.860323353353039,0.903470839456658,0.989709446049637
"SDCBP","Cancer_vs_Healthy",0.735971860588512,0.00499639141855592,0.0318288638515414,0.0202430481644153
"MFN2","Cancer_vs_Healthy",-0.833477143053265,0.00022251149261975,0.00433074992980078,0.000902821209043886
"DUSP23","Cancer_vs_Healthy",-0.0421286867670965,0.877784569593384,0.917008782464585,0.994523405302742
"EIF4G2","Cancer_vs_Healthy",-0.0908117585476234,0.705397676940969,0.792996081266972,0.968804232060048
"BASP1","Cancer_vs_Healthy",NA,NA,NA,NA
"NGLY1","Cancer_vs_Healthy",-0.216779619275925,0.428432141876531,0.580892228400162,0.83214599989599
"MRPL24","Cancer_vs_Healthy",0.0674411439986642,0.859961030877579,0.903470839456658,0.989876863145858
"NUDC","Cancer_vs_Healthy",-0.170455380331646,0.361946663324879,0.519408560957275,0.840946937973672
"MRPL45","Cancer_vs_Healthy",0.156781981347649,0.568177840649939,0.693860829535359,0.915182191974921
"CYTH1","Cancer_vs_Healthy",-0.125755671286875,0.515672722388296,0.652174325373433,0.920088111702712
"PRKRA","Cancer_vs_Healthy",-0.270300788191896,0.327621070427137,0.481630975328783,0.739613146900017
"LCMT1","Cancer_vs_Healthy",-0.159411544304845,0.459795401657943,0.605972866532679,0.883504784174696
"LYZ","Cancer_vs_Healthy",1.19074708018536,0.00290233050143723,0.022328472356105,0.000952298804184689
"MRC2","Cancer_vs_Healthy",0.679532510148929,0.119050182042676,0.246706401341449,0.235466175651324
"PPP2R3A","Cancer_vs_Healthy",-0.156705277109683,0.524347725344696,0.659336460903408,0.903780316476785
"JAGN1","Cancer_vs_Healthy",-0.373738127940911,0.0605229851103752,0.15927797611561,0.350555825230262
"HSCB","Cancer_vs_Healthy",0.699750800343825,0.181351341151765,0.328094687823779,0.302795430237185
"HYOU1","Cancer_vs_Healthy",0.305694285494864,0.177878656446454,0.323757977870794,0.58988471535285
"MTX1","Cancer_vs_Healthy",-0.538980225937326,0.0074528917879001,0.0410676508587264,0.0713222685530712
"U2AF2","Cancer_vs_Healthy",0.090137591294333,0.715507657860502,0.798869741828695,0.970275983944502
"ACOT1","Cancer_vs_Healthy",0.0674443169998042,0.840319749362579,0.893767648615323,0.988335091747987
"SEC13","Cancer_vs_Healthy",-0.092981539501988,0.639321431826031,0.744432305530504,0.959258106491108
"CLASP2","Cancer_vs_Healthy",-0.622886928418893,0.00200687229286364,0.0180052287398591,0.020882130454742
"ATP2B4","Cancer_vs_Healthy",0.832535099643071,0.00131271120152813,0.0138192489553805,0.00398817953297083
"HLA-B","Cancer_vs_Healthy",0.752315263454106,0.00040427489935375,0.00632138933534964,0.00279995560894478
"SNX1","Cancer_vs_Healthy",0.842020486961761,0.022340078160937,0.0821296308573073,0.0407282251874185
"PCYT2","Cancer_vs_Healthy",-0.400772465861092,0.0234699077331192,0.0842258387799568,0.222303258492673
"LSS","Cancer_vs_Healthy",-0.555485317918343,0.00720780495316155,0.0403637077377047,0.0645715234304754
"ABLIM2","Cancer_vs_Healthy",0.730770304932921,0.034135505203016,0.108337151436185,0.0847443486411146
"GAA","Cancer_vs_Healthy",-0.461306713869227,0.00713478651755165,0.0400479392407095,0.102270466114945
"PFDN4","Cancer_vs_Healthy",-0.440972767813594,0.0243885297015863,0.0863640875314997,0.194443208370894
"FUBP1","Cancer_vs_Healthy",-0.281356054156735,0.0772898307386979,0.18933256604149,0.486593713089053
"GNAQ","Cancer_vs_Healthy",0.939392868202843,0.0357171675559712,0.111842574089439,0.0437102192446488
"SAE1","Cancer_vs_Healthy",0.356923963418321,0.0844709060309797,0.198832787607624,0.413919667910911
"ACSL4","Cancer_vs_Healthy",0.258037349294861,0.699611527016398,0.788993280416942,0.911942173093384
"TMED7","Cancer_vs_Healthy",0.438926609839818,0.0442950636793463,0.130297361253861,0.254594685756152
"RRAGC","Cancer_vs_Healthy",0.421551501622076,0.129838048348849,0.261194670362597,0.422915178983748
"CBX3","Cancer_vs_Healthy",-0.165363120937009,0.484424452159532,0.624464343888269,0.887049791933811
"TRAPPC3","Cancer_vs_Healthy",0.0809224857468713,0.565666804271674,0.691896840961569,0.954941123639454
"RANGAP1","Cancer_vs_Healthy",0.466342491092183,0.124458521873258,0.253979763280344,0.378417781827992
"HTRA2","Cancer_vs_Healthy",0.16226082961894,0.475089177948886,0.616387252425063,0.88624391374574
"ARPC1A","Cancer_vs_Healthy",-0.406273063952558,0.151616619069785,0.288839255316488,0.464685900728683
"SCO1","Cancer_vs_Healthy",-0.316919240596068,0.27936527436061,0.433169079626754,0.667546286643982
"APIP","Cancer_vs_Healthy",0.1516400472028,0.582461461560945,0.702688977674728,0.92130856042146
"NPTN","Cancer_vs_Healthy",-0.257710761872167,0.548646639891965,0.680649721205488,0.856668758764058
"RUVBL1","Cancer_vs_Healthy",0.536471154489496,0.0331064145406713,0.106210970968809,0.160685083092156
"RPS23","Cancer_vs_Healthy",0.421428514059194,0.358649561721915,0.516215268754556,0.649120564649602
"OSTF1","Cancer_vs_Healthy",0.564939541015486,0.135084559249416,0.267127818467487,0.322734050688891
"NOMO2","Cancer_vs_Healthy",-0.160994789638252,0.426185534938345,0.579477565291663,0.87170055297223
"GRSF1","Cancer_vs_Healthy",-0.314892344591986,0.255377407269185,0.411673983333088,0.65061833684467
"CPTP","Cancer_vs_Healthy",-0.0579079825062827,0.797763589658885,0.865711908020998,0.987001320087929
"KDSR","Cancer_vs_Healthy",1.13258948663776,0.00931392978964049,0.0466277399863915,0.00501027243639447
"SLC37A4","Cancer_vs_Healthy",-0.761773272468506,0.00165175547587385,0.0162343966771602,0.00759810750031036
"HSPA1L","Cancer_vs_Healthy",-0.00578284857202149,0.982174985756487,0.990400906910226,0.999895996289847
"THOP1","Cancer_vs_Healthy",-0.039423076671298,0.811273615609717,0.873679278348926,0.9917885669276
"MXRA7","Cancer_vs_Healthy",0.527581697318672,0.0793626813098161,0.19187282790566,0.262698574937381
"CLPP","Cancer_vs_Healthy",-0.6631143318445,0.00155474225601883,0.0155992473020556,0.0137324630097975
"SNRPD2","Cancer_vs_Healthy",-0.239425854945274,0.263602852439214,0.420089787341911,0.726708908216002
"UFL1","Cancer_vs_Healthy",0.0947047374463139,0.631860278983782,0.738243353611329,0.957453893055954
"TOMM5","Cancer_vs_Healthy",0.0631591984273143,0.848236143380038,0.895943411879976,0.989658084449383
"PEBP4","Cancer_vs_Healthy",0.156884333594423,0.472739396121331,0.614995389443633,0.88910541917044
"MOB2","Cancer_vs_Healthy",-0.251947921594997,0.278131541726789,0.43198462830092,0.724402605737007
"MAVS","Cancer_vs_Healthy",-0.785608756315572,2.27705918478999e-05,0.00119199098195093,0.00022527479989305
"PLTP","Cancer_vs_Healthy",NA,NA,NA,NA
"PXN","Cancer_vs_Healthy",-0.53900709854415,0.120389164152821,0.248199578150679,0.319469999947356
"TIMM10","Cancer_vs_Healthy",0.123918770313331,0.745025459570047,0.820311525672005,0.964183292373997
"PCNA","Cancer_vs_Healthy",0.104713000629197,0.710350310340756,0.795108571263388,0.964822110754812
"FGGY","Cancer_vs_Healthy",0.146108327377,0.606184691088871,0.718259260219654,0.929472992201245
"FKBP5","Cancer_vs_Healthy",0.144943090589422,0.593206640365637,0.709608340785124,0.927102553562161
"TRIM25","Cancer_vs_Healthy",0.300800982551031,0.219105492494455,0.371292066098977,0.633385116742945
"ROMO1","Cancer_vs_Healthy",-0.375214311422365,0.202386802646026,0.353406396498645,0.54912299169303
"CARS1","Cancer_vs_Healthy",0.550602841698607,0.0130419478427019,0.0579428236258786,0.0916858260869888
"RAP1A","Cancer_vs_Healthy",0.297977666744719,0.40671551526928,0.559489048991586,0.764851929015845
"TPPP","Cancer_vs_Healthy",-0.231381555411907,0.353296156738989,0.510646545874842,0.786045487527533
"LSM8","Cancer_vs_Healthy",-0.153989437051834,0.558279255608377,0.687640126601009,0.914150715612028
"DHRS4","Cancer_vs_Healthy",-0.397135288609697,0.065672878491473,0.167877167099222,0.339111305277687
"TSTD1","Cancer_vs_Healthy",-0.0154853795405998,0.952349171544902,0.970896191820543,0.999244234770658
"COPG1","Cancer_vs_Healthy",0.162346740482024,0.471492782120864,0.61436938276355,0.885094696525626
"PAK1","Cancer_vs_Healthy",-0.212533735694116,0.413153441529232,0.566029858128103,0.828725526774962
"TMOD3","Cancer_vs_Healthy",1.76297198931464,0.026074357212555,0.0908640407638675,0.00161372288901614
"RABGGTA","Cancer_vs_Healthy",-0.402224012931104,0.0102698976360822,0.0490672887057261,0.158563835809678
"DUSP28","Cancer_vs_Healthy",-0.329655161702188,0.273957583880503,0.430045542362615,0.652573458789828
"MARCKS","Cancer_vs_Healthy",1.38049439263566,2.8818499621553e-05,0.00130933862431509,5.39637076183097e-07
"NMT1","Cancer_vs_Healthy",0.0485670044326341,0.874253384955088,0.91389497494302,0.99349457409796
"PPID","Cancer_vs_Healthy",-0.498975635519894,0.0186968436389623,0.0733257320563864,0.13729492595649
"CNPY2","Cancer_vs_Healthy",0.429434872615941,0.0660749669548441,0.16854716146956,0.31137426823895
"FCGRT","Cancer_vs_Healthy",0.864892240556188,0.28774230348846,0.442316188225808,0.340483845856602
"HDGFL2","Cancer_vs_Healthy",-0.119334588169037,0.551738972532977,0.683429756100518,0.931493637641734
"PTGFRN","Cancer_vs_Healthy",NA,NA,NA,NA
"NUBPL","Cancer_vs_Healthy",-0.0697395149292639,0.807519892152349,0.87099953891843,0.985201152601069
"LGMN","Cancer_vs_Healthy",0.994385286493843,0.136873854436009,0.26820976358476,0.138410746303482
"RPA2","Cancer_vs_Healthy",0.440646829696913,0.0636112076200852,0.164882441280049,0.297016715920384
"IGFBP5","Cancer_vs_Healthy",0.217912826682403,0.408426493248541,0.561033083709348,0.822728859957404
"CD276","Cancer_vs_Healthy",NA,NA,NA,NA
"SLC25A46","Cancer_vs_Healthy",-1.07912994689199,0.00131420598454408,0.0138192489553805,0.000777433823875219
"SNRNP70","Cancer_vs_Healthy",0.61292658116836,0.293580148849661,0.44842404331312,0.471797393895799
"PDPR","Cancer_vs_Healthy",-0.312419463699712,0.0974786461074465,0.21835216728068,0.483187448885544
"UBE2O","Cancer_vs_Healthy",0.807995757595192,0.00498581172767418,0.0318288638515414,0.0137968630675334
"PELO","Cancer_vs_Healthy",0.171297745327085,0.402251333345067,0.557584662117819,0.855561655515992
"S100A16","Cancer_vs_Healthy",0.507046011985441,0.450695326505548,0.600927102007398,0.667579179151796
"LUC7L2","Cancer_vs_Healthy",0.0702154521336915,0.70751791755079,0.793897085490355,0.97599871662008
"LYRM7","Cancer_vs_Healthy",0.126331677062623,0.634354513584931,0.740080265849086,0.944122340614128
"HDDC2","Cancer_vs_Healthy",-0.46756305160427,0.209675612874475,0.360384636546563,0.48170469099158
"WBP2","Cancer_vs_Healthy",0.662722549505414,0.0117581754067332,0.0541370676470624,0.0526224133676248
"MAGT1","Cancer_vs_Healthy",0.203380785385448,0.501065263437149,0.639350411472438,0.868888934162472
"OSBPL11","Cancer_vs_Healthy",-0.0663488194594208,0.893832635377432,0.929338940409696,0.992580883986254
"MCCC2","Cancer_vs_Healthy",-0.678885538420472,0.0205216024858275,0.077454574899487,0.071480015806032
"CBFB","Cancer_vs_Healthy",0.204189292266676,0.405560064804785,0.559489048991586,0.831704526993678
"TRMT10C","Cancer_vs_Healthy",-0.0782112836926707,0.81063005138517,0.873679278348926,0.983714122506928
"EPS15L1","Cancer_vs_Healthy",0.122500770921292,0.466478340889825,0.609484451905967,0.910817993087792
"SNF8","Cancer_vs_Healthy",-0.0815710957410012,0.605872400538818,0.718259260219654,0.959949957095453
"ABHD5","Cancer_vs_Healthy",0.94170849029741,0.167029531544031,0.310344993794774,0.18539491455436
"MTARC2","Cancer_vs_Healthy",0.379138144183475,0.0696305326306961,0.175121779382636,0.364134000411965
"COL18A1","Cancer_vs_Healthy",0.517651199942426,0.0571598382024307,0.154133135936678,0.22730378103846
"RBM3","Cancer_vs_Healthy",0.799386880779721,0.0963726096883039,0.217697227138307,0.154094044115524
"JPT1","Cancer_vs_Healthy",0.0259172424196876,0.958200487034232,0.975720559378198,0.998893991279964
"CD34","Cancer_vs_Healthy",1.69355730728778,0.00551199729762652,0.0338539645978702,0.000149546876028515
"ISYNA1","Cancer_vs_Healthy",0.176013468836798,0.461668077263846,0.60736852967733,0.872805615443321
"EIF4EBP1","Cancer_vs_Healthy",-0.0521469062536717,0.803421174037906,0.869500308801473,0.988651172574528
"ACACB","Cancer_vs_Healthy",0.471671054147492,0.0908884370421899,0.208893530410184,0.32267006016979
"IRGQ","Cancer_vs_Healthy",-0.00071313174066745,0.99774434028498,0.998573720451468,0.999998389601818
"RPL18A","Cancer_vs_Healthy",-0.143302543034562,0.510161404528894,0.64724376296395,0.908058348771831
"SND1","Cancer_vs_Healthy",0.240450823288366,0.176852255825125,0.322389559062521,0.659306489134542
"DNAJB4","Cancer_vs_Healthy",0.501869625910459,0.0806413512873608,0.193990383516448,0.282640615635458
"HLA-DRB1","Cancer_vs_Healthy",0.260483552793053,0.558104789602896,0.687640126601009,0.859060239208909
"TRIM28","Cancer_vs_Healthy",-0.373736131869016,0.144602800673617,0.280583033055656,0.485431204338858
"HLA-C","Cancer_vs_Healthy",0.296258472092386,0.256840868975083,0.413141491310621,0.66851013732176
"TUBB2B","Cancer_vs_Healthy",2.66155648284639,0.00020333548542326,0.00408026540749357,1.4931410918434e-10
"APPL1","Cancer_vs_Healthy",-0.242771209928723,0.125533289024008,0.255307567542069,0.604233235313459
"SYNE2","Cancer_vs_Healthy",-0.759840154416043,0.00964782413066563,0.0473156018465231,0.0294095586751483
"BTD","Cancer_vs_Healthy",1.07284877702431,0.00118547864293502,0.0130656773479657,0.000725655466825745
"SZRD1","Cancer_vs_Healthy",-0.232877584505321,0.456813764030079,0.604894857011767,0.833222295504825
"RPL10","Cancer_vs_Healthy",0.135459262286831,0.498168193191803,0.637162446013118,0.909927468647717
"SMYD5","Cancer_vs_Healthy",0.262775882171773,0.223810086404914,0.37582614230337,0.674782875773712
"ABHD11","Cancer_vs_Healthy",-0.0315002305863352,0.916817484991598,0.944671161257924,0.997268042445634
"OSTC","Cancer_vs_Healthy",0.0107006604198681,0.962471765515417,0.978553833079218,0.999590777631657
"MAPRE3","Cancer_vs_Healthy",-0.605751722238681,0.00739060591270718,0.0410059424834076,0.0511622065509351
"TBCEL","Cancer_vs_Healthy",0.490337093290332,0.215601878296465,0.367944240211119,0.471264931285262
"SLC27A1","Cancer_vs_Healthy",-0.193461004921499,0.311212851449435,0.465466177820024,0.797859460365149
"SPG7","Cancer_vs_Healthy",0.268478553067474,0.286541071565924,0.441452911280066,0.714934605647311
"LMOD3","Cancer_vs_Healthy",0.56825988092719,0.0954745266590315,0.216192513415561,0.263215221256496
"UGGT1","Cancer_vs_Healthy",0.0200146408062949,0.874150003067493,0.91389497494302,0.997311585243744
"EIF3I","Cancer_vs_Healthy",-0.0244580813775457,0.900086054527972,0.932619285414525,0.997428733792122
"UBE2B","Cancer_vs_Healthy",0.30914519108369,0.274885644121111,0.430940515002367,0.670836302047142
"ABCF3","Cancer_vs_Healthy",0.112827592832964,0.716092190464608,0.798869741828695,0.96302263360465
"HUWE1","Cancer_vs_Healthy",-0.0216987793862913,0.883911057540512,0.920226595682898,0.997325977486213
"MYO18A","Cancer_vs_Healthy",-0.182600398860995,0.432708267946106,0.585042958570591,0.858161639313797
"TSFM","Cancer_vs_Healthy",-0.690548505631305,0.00512767024792788,0.0321547655130478,0.0262173468322332
"RPA1","Cancer_vs_Healthy",-0.319629800493047,0.168413070543638,0.311713046786381,0.56588300280324
"PALLD","Cancer_vs_Healthy",0.280012981843692,0.524730324331434,0.659473184232825,0.834792406361532
"CISD2","Cancer_vs_Healthy",-0.212969439408177,0.549838629801046,0.681777250546302,0.880395971248177
"PGM3","Cancer_vs_Healthy",0.117172419109171,0.538244238956672,0.671495568674486,0.929989840791048
"CD58","Cancer_vs_Healthy",1.3528431612485,0.00935487000476468,0.0466323506880642,0.0017994190130747
"EML2","Cancer_vs_Healthy",-0.136307797448003,0.570599983485922,0.694710307361403,0.926373489599136
"ABCE1","Cancer_vs_Healthy",-0.11806503893299,0.418290035231015,0.571322974949679,0.902214346050566
"MAP2K2","Cancer_vs_Healthy",0.0101431203664823,0.96270516219463,0.978553833079218,0.999614553773074
"AKT2","Cancer_vs_Healthy",-0.0541420958938907,0.761832389967365,0.835759633276271,0.985379725080351
"AHCYL2","Cancer_vs_Healthy",-0.105149381968385,0.621516432951951,0.730054424657706,0.951221527041989
"HSDL1","Cancer_vs_Healthy",-0.208157214791861,0.413296022313906,0.566029858128103,0.831997469691531
"ATXN10","Cancer_vs_Healthy",-0.194294495372112,0.321095657573175,0.475186012326695,0.801939833406892
"CLCC1","Cancer_vs_Healthy",-0.0997414327885657,0.580879492427476,0.701835332546595,0.947260884072608
"STAT1","Cancer_vs_Healthy",0.215085572843977,0.460015946852881,0.605972866532679,0.846188878834259
"SNAP23","Cancer_vs_Healthy",1.41872744578783,0.0267997172564249,0.0925878323579213,0.00588769346242338
"PDLIM2","Cancer_vs_Healthy",0.00919426289719638,0.978328691880343,0.989019480682891,0.999798577852949
"ANP32E","Cancer_vs_Healthy",0.626802091208379,0.186104092152529,0.333933423176818,0.34856316088662
"ATP6V1H","Cancer_vs_Healthy",1.01333294802135,0.00010474983295326,0.00280263997501615,9.27022447175062e-05
"KTN1","Cancer_vs_Healthy",-0.0262929583636282,0.874424427852458,0.91389497494302,0.996477980452786
"BCAP29","Cancer_vs_Healthy",-0.525366842403901,0.0139842023912435,0.060812872323421,0.106115673350902
"ARPC5L","Cancer_vs_Healthy",0.0374526923855711,0.847007483704463,0.895943411879976,0.993800436736617
"ATAD1","Cancer_vs_Healthy",-0.204133958620609,0.371531639602275,0.529662313270408,0.816999030697908
"GAPVD1","Cancer_vs_Healthy",0.767462793001526,0.00656243420936806,0.037667337952796,0.0211192542778853
"PNPT1","Cancer_vs_Healthy",-0.515783465026686,0.043906176801262,0.129530344659042,0.199451433291188
"MTDH","Cancer_vs_Healthy",0.0338671156943846,0.816995939207663,0.87787872450337,0.993178114904554
"ILF2","Cancer_vs_Healthy",-0.128575770836525,0.561705518771739,0.690366666006975,0.928523472345125
"AKT1","Cancer_vs_Healthy",-0.122215265928405,0.681337783803263,0.773794703099506,0.954188878578215
"ATG3","Cancer_vs_Healthy",0.868979068900403,0.00056633073623255,0.00806937522395256,0.00150829366511095
"NTPCR","Cancer_vs_Healthy",-0.19121283999859,0.498246215050956,0.637162446013118,0.87528081529919
"AP1G1","Cancer_vs_Healthy",0.338605201551964,0.262040359589328,0.41898617921056,0.635413507352218
"SEC31A","Cancer_vs_Healthy",0.299828469170809,0.205516580444032,0.356801676791081,0.622260061396999
"MATR3","Cancer_vs_Healthy",0.144353287391628,0.681227912455032,0.773794703099506,0.946096018579287
"CHDH","Cancer_vs_Healthy",-0.245641006013553,0.269510237893603,0.426960955820919,0.724646061007223
"MMAB","Cancer_vs_Healthy",-0.0881016224558753,0.753963473700203,0.82788146131787,0.975426079701608
"NAA10","Cancer_vs_Healthy",0.164220440479838,0.434049284642052,0.585704954162483,0.871919724357538
"USP24","Cancer_vs_Healthy",-0.39465817340348,0.00512735034253774,0.0321547655130478,0.12479309382578
"YAP1","Cancer_vs_Healthy",1.70733189053975,0.00048579935219053,0.0072210175313259,2.20131528017175e-06
"GNAI3","Cancer_vs_Healthy",1.71270874909774,2.94135402782017e-06,0.0004156168837555,3.35917450879897e-10
"PPP2R5D","Cancer_vs_Healthy",-0.549590857707232,0.00552516947133014,0.0338539645978702,0.0574399143731503
"MRPL40","Cancer_vs_Healthy",-0.00016637018832454,0.999620017284093,0.999682454810558,0.999999936770192
"ARMC1","Cancer_vs_Healthy",-0.231346191219419,0.257775467407956,0.414368041066995,0.730790650816631
"IFITM1","Cancer_vs_Healthy",0.947424265448953,0.00199153112720642,0.0179610747352549,0.00276174973429645
"SLC25A24","Cancer_vs_Healthy",-0.0734511508182845,0.672539977839987,0.770349717300131,0.971282796604563
"MRPS22","Cancer_vs_Healthy",0.291661148642566,0.207786795073329,0.358550845969184,0.632376417469359
"ARL1","Cancer_vs_Healthy",0.751513916401025,0.171322538803361,0.315819798240373,0.265583405444715
"SYNC","Cancer_vs_Healthy",-0.00141648248456683,0.9958418157635,0.997084030086698,0.999994097742384
"RPA3","Cancer_vs_Healthy",-0.150460779502609,0.595397661816289,0.711169429391678,0.924947971883613
"NAA15","Cancer_vs_Healthy",NA,NA,NA,NA
"BAX","Cancer_vs_Healthy",-0.127982827625736,0.713975497829279,0.797797215207844,0.957798110654022
"FKBP9","Cancer_vs_Healthy",0.27167593487823,0.561926356052189,0.690366666006975,0.855054737553375
"PHYKPL","Cancer_vs_Healthy",0.18005102639863,0.312900656201765,0.466830718794206,0.811236378690868
"TARS1","Cancer_vs_Healthy",0.318862723827628,0.133804886755124,0.265843372364967,0.526580138677756
"TPRKB","Cancer_vs_Healthy",-0.489123618549561,0.0823686401994672,0.196623026060854,0.294899159933112
"TUBA1C","Cancer_vs_Healthy",2.25704978303759,0.0349121820791785,0.109893509080604,0.000514548765076763
"ZBTB9","Cancer_vs_Healthy",-0.890026567644094,0.0105619916786667,0.0497715772254979,0.0174213287523893
"TACC2","Cancer_vs_Healthy",-0.0365604631547729,0.83199514508587,0.888051555570378,0.993298041485966
"PAM16","Cancer_vs_Healthy",NA,NA,NA,NA
"SPEG","Cancer_vs_Healthy",-0.488565664313558,0.0292179838466942,0.0978538318537408,0.177979258258384
"MYBPH","Cancer_vs_Healthy",0.873012364387906,0.203902257335578,0.354682110140792,0.249526627493565
"UBA2","Cancer_vs_Healthy",-0.11140347341289,0.557486930087342,0.687640126601009,0.936978580702441
"NUDCD3","Cancer_vs_Healthy",0.0589571849530994,0.83515304490308,0.891027262794248,0.989435635040117
"HSPH1","Cancer_vs_Healthy",0.263175664728378,0.371731440791939,0.529662313270408,0.770716770244954
"SORD","Cancer_vs_Healthy",0.774197203652481,0.00137418763687775,0.0142631199551794,0.00608531753511549
"OVCA2","Cancer_vs_Healthy",-0.913218341597913,0.0568566096776565,0.153487349892149,0.0729194077801873
"CSNK2B","Cancer_vs_Healthy",-0.259297596082412,0.154547299409224,0.292340846015248,0.616205507711459
"NDUFAF3","Cancer_vs_Healthy",-0.584476921764162,0.013854500904937,0.0605434490993248,0.0819979058965933
"MIPEP","Cancer_vs_Healthy",NA,NA,NA,NA
"MINDY3","Cancer_vs_Healthy",0.102211257415801,0.865953158206354,0.908194775679835,0.985396973513734
"ELAVL1","Cancer_vs_Healthy",0.734349917118415,0.00620291827742746,0.036342158666777,0.0239327772768032
"LARS1","Cancer_vs_Healthy",-0.521645586917341,0.00188121396959231,0.0173450917963986,0.0378636705409286
"GSK3B","Cancer_vs_Healthy",-0.127230093767706,0.572719059905508,0.69616733783567,0.93154296783063
"GNPDA2","Cancer_vs_Healthy",0.339577388174272,0.20196763288463,0.352930377348468,0.580883980548057
"TBC1D4","Cancer_vs_Healthy",-0.149519819057709,0.325974465940275,0.480677595826198,0.845690198820264
"SLC35A4","Cancer_vs_Healthy",-0.693643796528995,0.0099925109027727,0.0483172013130053,0.0409719577880407
"CHCHD4","Cancer_vs_Healthy",-0.140365206103777,0.604417357375519,0.717541849517145,0.931766973463735
"MOCS2","Cancer_vs_Healthy",-0.0161935098955102,0.954976781706008,0.973162966715221,0.999254271512989
"GPLD1","Cancer_vs_Healthy",NA,NA,NA,NA
"GMFB","Cancer_vs_Healthy",0.49714346146742,0.167729378696428,0.310925591917628,0.411641832625267
"TOMM7","Cancer_vs_Healthy",0.749591020776231,0.0992146177093102,0.219787303996338,0.176946561307447
"SNRPB","Cancer_vs_Healthy",-0.479347156358367,0.0130173779998715,0.0579405660326999,0.124796443571473
"CHP1","Cancer_vs_Healthy",-0.46509673329585,0.0162679958604672,0.06617117235136,0.147264243649688
"MRPL41","Cancer_vs_Healthy",0.221332739989689,0.547800732699358,0.679950600175286,0.875283266595206
"ARHGAP17","Cancer_vs_Healthy",-0.080143490201948,0.800827596640074,0.868254323597163,0.9823568576925
"LIMS3","Cancer_vs_Healthy",-0.325392600951588,0.221617780338907,0.373970297866916,0.61244145416828
"USP7","Cancer_vs_Healthy",-0.151771773770724,0.438976383096731,0.590203869624193,0.882536467459115
"EIF2B3","Cancer_vs_Healthy",-0.22648683642562,0.296103492729245,0.45065851317347,0.75908239168651
"ABHD16A","Cancer_vs_Healthy",-0.583285938456106,0.0878764150750113,0.204056323530017,0.242089292807313
"DCTPP1","Cancer_vs_Healthy",-0.0505767816129143,0.883913394028912,0.920226595682898,0.993778452239111
"HYI","Cancer_vs_Healthy",0.882272497594942,0.216810790310066,0.369222335973577,0.259562788303438
"RBBP7","Cancer_vs_Healthy",-0.0648635948407641,0.743565496091957,0.819288786872345,0.980964526112829
"PCID2","Cancer_vs_Healthy",NA,NA,NA,NA
"CACNG1","Cancer_vs_Healthy",-0.929719010009919,0.0261750741647305,0.0909517728552251,0.0338127368106003
"GUK1","Cancer_vs_Healthy",1.06692203934685,0.00125453448950781,0.0134263068921547,0.000802245231100432
"MRPS27","Cancer_vs_Healthy",-0.515413020682189,0.0914140490078872,0.209244325105506,0.291402010516564
"MEMO1","Cancer_vs_Healthy",-0.0719918355960694,0.80502290355564,0.870174115862792,0.984507348346344
"EML4","Cancer_vs_Healthy",-0.26465612207048,0.611961204280339,0.723063091220342,0.87812263506674
"DNAJA3","Cancer_vs_Healthy",0.361166022967117,0.307612303682901,0.461802012012734,0.653257392884793
"FBL","Cancer_vs_Healthy",-0.259251560984225,0.595863650514243,0.711373163330836,0.874392615082437
"LAMTOR2","Cancer_vs_Healthy",-0.203839090246458,0.356407281084037,0.513909420868479,0.810343580439935
"DYNLT1","Cancer_vs_Healthy",-0.56918996276125,0.0594608727152977,0.157863044650978,0.200587907269192
"DERA","Cancer_vs_Healthy",0.861537908156842,0.0618225990736316,0.16163823948893,0.0908923931727945
"GBP2","Cancer_vs_Healthy",-0.167914645726425,0.647455902016265,0.75110376344738,0.929607088414754
"NDUFAF2","Cancer_vs_Healthy",-0.416778423262972,0.589501531107176,0.706580232407207,0.802311605041956
"SPAG7","Cancer_vs_Healthy",-0.382350144598043,0.0553455530794583,0.150250385361145,0.330687288228627
"BCAM","Cancer_vs_Healthy",0.198873349708494,0.325270459520717,0.48022763122372,0.799831408470082
"UCHL5","Cancer_vs_Healthy",-0.26256973798667,0.171337350134556,0.315819798240373,0.629263776621412
"SNU13","Cancer_vs_Healthy",-0.634267046763146,0.0553092646633811,0.150250385361145,0.159440308885674
"PPIC","Cancer_vs_Healthy",-0.379780975365669,0.316412329223016,0.469754648410422,0.645960181599373
"DRG1","Cancer_vs_Healthy",-0.119642081895426,0.748177555409978,0.822653677364031,0.96588552369758
"CLUH","Cancer_vs_Healthy",-0.420626489209228,0.0242755987116176,0.0860907830597572,0.209295410601652
"CD74","Cancer_vs_Healthy",NA,NA,NA,NA
"STK24","Cancer_vs_Healthy",0.270690805327584,0.311112756365052,0.465466177820024,0.729016765269136
"NUDT16","Cancer_vs_Healthy",0.139641537979839,0.488635152931549,0.627203330628556,0.904834906196876
"PMPCB","Cancer_vs_Healthy",-0.470376429872422,0.00434814359940908,0.0290036836215431,0.077466477749703
"SNX9","Cancer_vs_Healthy",0.622057376143824,0.103064549688869,0.225208199320143,0.243274935948732
"PBDC1","Cancer_vs_Healthy",0.412588699419459,0.177369616371193,0.323075670364472,0.489887160384476
"THTPA","Cancer_vs_Healthy",0.00402416872425704,0.984725820353492,0.990813609021564,0.999938061786368
"HGS","Cancer_vs_Healthy",0.282679675117222,0.0831150208565374,0.196830282768657,0.49501157829889
"BPHL","Cancer_vs_Healthy",0.373404042823266,0.426072598027078,0.579477565291663,0.727189634820378
"NENF","Cancer_vs_Healthy",NA,NA,NA,NA
"CYFIP1","Cancer_vs_Healthy",0.913791169133944,0.00216536809951721,0.0189607504859544,0.00367478917568453
"ERO1A","Cancer_vs_Healthy",0.20458956118342,0.563612048913607,0.691489883669003,0.88930997265256
"UBE2F","Cancer_vs_Healthy",-0.417196955885018,0.217381610278942,0.369671551943286,0.529043484759818
"RABEP1","Cancer_vs_Healthy",NA,NA,NA,NA
"DARS2","Cancer_vs_Healthy",0.25886887094263,0.317415639767789,0.470361144960515,0.742997044631714
"FXR1","Cancer_vs_Healthy",-0.509446182338463,0.0307550646858082,0.100896724473333,0.169697290177488
"GSK3A","Cancer_vs_Healthy",0.258193853304935,0.250057023008664,0.405752905259342,0.699161305227203
"SMDT1","Cancer_vs_Healthy",NA,NA,NA,NA
"DNAJC8","Cancer_vs_Healthy",NA,NA,NA,NA
"PTER","Cancer_vs_Healthy",-0.644476838258816,0.00386519736520167,0.0273746919276636,0.0278604437702377
"TIMM21","Cancer_vs_Healthy",0.106118508274896,0.70588016314851,0.793168190789366,0.963712643928113
"SNX17","Cancer_vs_Healthy",NA,NA,NA,NA
"CHMP5","Cancer_vs_Healthy",-0.0333737159087697,0.857764290907271,0.901569800307599,0.994892693252815
"RWDD1","Cancer_vs_Healthy",-0.655420412746453,0.0142333334973228,0.0614227008271565,0.0616083341836398
"DNAJC19","Cancer_vs_Healthy",-0.268180299891021,0.434170823579747,0.585704954162483,0.799517033169414
"BUB3","Cancer_vs_Healthy",0.249919691297384,0.201234475205515,0.35205592865885,0.669856097728648
"TTLL12","Cancer_vs_Healthy",0.766259031604289,0.00677973152407632,0.038413161199943,0.0217844694620128
"NT5C2","Cancer_vs_Healthy",-0.154143505529099,0.589827055601238,0.70661868153621,0.92184668859275
"PACSIN2","Cancer_vs_Healthy",0.611472607608658,0.00181352238900112,0.0173097116999089,0.0210698702964911
"GPHN","Cancer_vs_Healthy",-0.246197953992429,0.160493666915241,0.300753890997588,0.637360816580021
"ASPSCR1","Cancer_vs_Healthy",0.742311740463524,0.300453451840076,0.454740359541736,0.409588621079953
"SPATA20","Cancer_vs_Healthy",NA,NA,NA,NA
"CCDC124","Cancer_vs_Healthy",0.114955147524558,0.516003219479485,0.652249738848609,0.926761354341797
"GHITM","Cancer_vs_Healthy",-0.0676658956283838,0.843723063251271,0.895263260392637,0.988567324687756
"AKAP1","Cancer_vs_Healthy",-0.642633238641212,0.00603814628046019,0.0359897431766043,0.0374916809805151
"NUBP1","Cancer_vs_Healthy",-0.340500889773645,0.195171869204464,0.345061571985572,0.573305928171162
"PLEKHO2","Cancer_vs_Healthy",NA,NA,NA,NA
"TMEM65","Cancer_vs_Healthy",-0.633638879313171,0.0228857230244449,0.083328862966845,0.0913179966639356
"FAM114A1","Cancer_vs_Healthy",0.696975425966034,0.0968630939176675,0.217987224442751,0.196506660390469
"GPT2","Cancer_vs_Healthy",-0.305447824057749,0.398631381844968,0.555500212663589,0.755084280718686
"NLRX1","Cancer_vs_Healthy",-0.830465176055222,0.00383151778587288,0.02721620893328,0.00984177980384226
"RGN","Cancer_vs_Healthy",0.685558901097263,0.0166772407131395,0.0676074000626934,0.0604173146454938
"FUNDC1","Cancer_vs_Healthy",0.665201441542564,0.452534931620129,0.601999145057856,0.590118576537238
"CLIP2","Cancer_vs_Healthy",-0.784393907258522,0.00054956066128599,0.00788579471853164,0.00277260580544939
"MRPS28","Cancer_vs_Healthy",NA,NA,NA,NA
"PPP1CC","Cancer_vs_Healthy",0.246159863550416,0.185055026306734,0.332298660213733,0.660144312507377
"NSUN2","Cancer_vs_Healthy",-0.0134412275496221,0.948036977940171,0.967319085966073,0.999283009451208
"TMPO","Cancer_vs_Healthy",0.188096625018931,0.438932080279032,0.590203869624193,0.856517308124176
"CHMP7","Cancer_vs_Healthy",NA,NA,NA,NA
"FNTA","Cancer_vs_Healthy",-0.364714241424327,0.0942081826280507,0.214505070795787,0.422508559286311
"TANGO2","Cancer_vs_Healthy",0.931266045385026,0.0467536068949611,0.134507389967821,0.0577090583729178
"SNX6","Cancer_vs_Healthy",0.0066518347851865,0.979799253902482,0.990078306083583,0.999864261420944
"STK38L","Cancer_vs_Healthy",-0.411497729662708,0.113467992097626,0.238213535284292,0.408396994567814
"AP1M1","Cancer_vs_Healthy",0.00724023184552358,0.971073594863458,0.984566406918403,0.999787499906061
"ECHDC2","Cancer_vs_Healthy",-0.169870799563904,0.587007270330589,0.706199789086286,0.913480504336231
"ADH1C","Cancer_vs_Healthy",1.26282349695435,0.00167373361302777,0.0162514134684309,0.000311893175936985
"GPAT3","Cancer_vs_Healthy",0.0222932031612082,0.9235465344914,0.949573038025316,0.998228501302869
"VASP","Cancer_vs_Healthy",0.946369978247313,0.109009535402766,0.233121635213019,0.122768030598429
"YARS1","Cancer_vs_Healthy",-0.085083315747708,0.631315119762428,0.737964470091226,0.961621763078535
"ANP32B","Cancer_vs_Healthy",NA,NA,NA,NA
"MRPS25","Cancer_vs_Healthy",NA,NA,NA,NA
"EPS15","Cancer_vs_Healthy",1.17439417528768,0.0224797865297843,0.0823916681335169,0.0115972318563826
"GCN1","Cancer_vs_Healthy",0.398395689981028,0.220514566784787,0.372630931100188,0.547555623391494
"UBE2R2","Cancer_vs_Healthy",0.111646007721946,0.680934401993299,0.773794703099506,0.958003002825275
"UBA5","Cancer_vs_Healthy",1.13624019125831,0.00667658793412957,0.038140433211122,0.00337420505912577
"TBCE","Cancer_vs_Healthy",0.265445527606571,0.577740510057009,0.699999450416506,0.864476203319705
"SLC16A3","Cancer_vs_Healthy",0.401263686210248,0.397614758750882,0.554404365415242,0.69068312416651
"TIAL1","Cancer_vs_Healthy",-0.126190993704208,0.543412547799753,0.675897425155891,0.925924869253024
"PLEKHF1","Cancer_vs_Healthy",-0.148594608898199,0.464692425048014,0.608140956258487,0.892365150542856
"HCCS","Cancer_vs_Healthy",-0.270895804207974,0.246393264325516,0.402566298635393,0.684218484993052
"DPP9","Cancer_vs_Healthy",0.194997330904751,0.481279149478157,0.621585688154167,0.867098174478575
"DDX6","Cancer_vs_Healthy",-0.198034678590158,0.168617199850828,0.311851165315509,0.702910063117884
"STT3B","Cancer_vs_Healthy",-0.253748287085893,0.557761566801921,0.687640126601009,0.862306704642262
"RNF181","Cancer_vs_Healthy",-0.254643349280004,0.531758085080608,0.666219286615038,0.85144170777695
"PPP1R3A","Cancer_vs_Healthy",-0.0544371768059797,0.847158270840825,0.895943411879976,0.991011270799418
"PMPCA","Cancer_vs_Healthy",-0.154300586996142,0.519269843676123,0.654660619671258,0.903826329257584
"PPCS","Cancer_vs_Healthy",0.670743340138356,0.00033249365543905,0.00548386796094003,0.00464525281219842
"EIF2A","Cancer_vs_Healthy",-0.416534901418602,0.0385327626261386,0.118501778293412,0.257601803788584
"CCDC93","Cancer_vs_Healthy",-0.410749793942461,0.401364478740189,0.557584662117819,0.68731163991833
"ANK3","Cancer_vs_Healthy",-1.04960809042462,9.83479804615469e-06,0.00071764223318607,5.55093448707162e-06
"MRPL49","Cancer_vs_Healthy",-1.06309839468735,0.0018872151373158,0.0173450917963986,0.00127036966743232
"NADK2","Cancer_vs_Healthy",-0.420382344821423,0.067511707834016,0.17118415116759,0.322026519991135
"BABAM2","Cancer_vs_Healthy",-0.0372416167798821,0.89824379650877,0.932195159877096,0.996011437633529
"DDRGK1","Cancer_vs_Healthy",-0.109278907064104,0.583919660038748,0.703743013700353,0.942903660821633
"VPS28","Cancer_vs_Healthy",-0.830290734400927,0.0011420762782906,0.0127320355468693,0.00360604807972674
"GET4","Cancer_vs_Healthy",0.0303951989051292,0.911127717636608,0.940764589484649,0.997175049775623
"FDXR","Cancer_vs_Healthy",-0.527210411264358,0.089936676121948,0.207440149522654,0.280869517021525
"ATP2B2","Cancer_vs_Healthy",-0.104323102592854,0.658830181956348,0.75911580425454,0.957401024440018
"SCFD1","Cancer_vs_Healthy",-0.494624256819485,0.00184258007274356,0.0173450917963986,0.0444031264941776
"GMPR2","Cancer_vs_Healthy",0.976288430855625,0.0213946605549779,0.0796264955431018,0.0234367009961959
"OSBPL1A","Cancer_vs_Healthy",-0.0110836476123168,0.967132244436128,0.981810474115597,0.999629652699402
"PDCL3","Cancer_vs_Healthy",0.00422872399231089,0.98059676555622,0.990400906910226,0.999917146033706
"SEPTIN10","Cancer_vs_Healthy",0.80436670733962,0.0125030531698739,0.0562754243608529,0.0294647722526568
"IFI16","Cancer_vs_Healthy",NA,NA,NA,NA
"API5","Cancer_vs_Healthy",0.175862830995078,0.259630158114551,0.416237963208947,0.788872535801438
"GMPPB","Cancer_vs_Healthy",0.0884184755228361,0.601695549407266,0.715497719986516,0.956076916920411
"UBAP2L","Cancer_vs_Healthy",-0.0951079482536965,0.73437464271437,0.813159302213179,0.971063666873583
"EIF2B1","Cancer_vs_Healthy",-0.0785413618289521,0.729598677675962,0.808501433890343,0.975543037991202
"CSPG4","Cancer_vs_Healthy",0.901070120648882,0.0173589168235751,0.0697834252273269,0.0259230702515676
"MRPL46","Cancer_vs_Healthy",-0.751662017894718,0.023337242251008,0.0840001185955564,0.059336895444056
"SRSF7","Cancer_vs_Healthy",0.303172307719676,0.280808141210924,0.434566840640042,0.680413770146481
"MOB4","Cancer_vs_Healthy",-0.32445027016611,0.11996096277366,0.247740993446805,0.502567338378533
"COMTD1","Cancer_vs_Healthy",-0.243607682799931,0.545237420429553,0.677467341792757,0.862641290026188
"UBE2H","Cancer_vs_Healthy",-0.152566150255174,0.522424512718013,0.65739408998469,0.905690762029117
"GORASP2","Cancer_vs_Healthy",0.116932127957858,0.512134861903519,0.649405343582766,0.92473584542492
"PTGDS","Cancer_vs_Healthy",1.32492204657901,0.0580898594338643,0.155748825634261,0.0230424829062807
"DAZAP1","Cancer_vs_Healthy",0.357064085074454,0.093426372687856,0.213040440750338,0.428935142723003
"C8orf82","Cancer_vs_Healthy",0.14745978482153,0.631215411483962,0.737964470091226,0.934403014784648
"HCLS1","Cancer_vs_Healthy",NA,NA,NA,NA
"NEK9","Cancer_vs_Healthy",-0.659397297801975,0.00085112741843236,0.0106192477905966,0.00945467756550081
"CYGB","Cancer_vs_Healthy",0.547229193560783,0.0419581224969911,0.125326526839305,0.17634564373757
"STAM","Cancer_vs_Healthy",0.777332929702029,0.00072571861897292,0.00954934663653992,0.00362887324517784
"SELENOO","Cancer_vs_Healthy",-0.376516175573698,0.450276121682286,0.600927102007398,0.740507066039569
"HECTD1","Cancer_vs_Healthy",-0.154874451731409,0.626714424139885,0.734711346668844,0.930189171593043
"MTCH1","Cancer_vs_Healthy",0.461179162526076,0.0319834143417375,0.103655533963531,0.204410162076356
"DHODH","Cancer_vs_Healthy",-0.224062988470198,0.644258333687143,0.748732658068842,0.906186155957506
"RAB23","Cancer_vs_Healthy",1.21182223141997,0.069888716771891,0.175121779382636,0.0397765207431476
"UBXN4","Cancer_vs_Healthy",-0.40299439538312,0.0825676521342648,0.196787302023777,0.365999485424007
"ARL2","Cancer_vs_Healthy",-0.203396761698608,0.338004252211415,0.493580496861787,0.802018329074239
"PDXP","Cancer_vs_Healthy",0.227320724211955,0.45794157987228,0.604894857011767,0.837327011269666
"MAN2C1","Cancer_vs_Healthy",-0.232204586430621,0.308998530866567,0.46359405752442,0.761317022099749
"PPP2CB","Cancer_vs_Healthy",0.218423132112655,0.172473728318202,0.317035677702465,0.681212543742472
"NTMT1","Cancer_vs_Healthy",-0.282133204047232,0.277443122132192,0.43198462830092,0.696467549402773
"LEMD2","Cancer_vs_Healthy",1.07896170374242,0.00972915773087018,0.0475603677841481,0.00674854639305216
"PAIP1","Cancer_vs_Healthy",0.394561307451983,0.28170236692712,0.435391078023431,0.606608677738381
"FAM98A","Cancer_vs_Healthy",-0.243496806034917,0.433690388422932,0.585704954162483,0.815932889470191
"TFRC","Cancer_vs_Healthy",0.117796515470262,0.70416332043264,0.792282436521661,0.959525359316835
"C20orf27","Cancer_vs_Healthy",0.881266336962428,0.0213246433340729,0.0795932377001126,0.0336743920793884
"SARS2","Cancer_vs_Healthy",-0.500932877917759,0.0380897218978586,0.117740757804934,0.194571831907101
"TPD52L1","Cancer_vs_Healthy",0.317568254405801,0.273580726734707,0.429734109574152,0.662576799118165
"MRPL37","Cancer_vs_Healthy",-0.608543850277265,0.107732203596475,0.232388310103421,0.257715079642317
"DUT","Cancer_vs_Healthy",1.20956343805001,0.0239621836758173,0.0854828715427675,0.0109631251646158
"CHMP6","Cancer_vs_Healthy",-0.17755893077695,0.19760194283058,0.347571569273949,0.749827631356221
"SEC24C","Cancer_vs_Healthy",-0.355925217411398,0.0160591903851728,0.065589259376436,0.229811521936731
"NUDT9","Cancer_vs_Healthy",-0.397119424848523,0.135053175369339,0.267127818467487,0.451550748153912
"FITM2","Cancer_vs_Healthy",-0.411167304892825,0.0492882129212793,0.139047928707053,0.290067246298298
"GPC1","Cancer_vs_Healthy",-0.272835934532266,0.455645478756774,0.604181890333872,0.806977073282839
"PPT1","Cancer_vs_Healthy",0.150579254437924,0.476591383799745,0.617670641652199,0.894407624444767
"PLCL1","Cancer_vs_Healthy",0.146679955703888,0.642630867976443,0.747562864776461,0.93719899331164
"RPL37A","Cancer_vs_Healthy",0.555631189967848,0.0487855606399644,0.13886008276718,0.186712646282802
"PM20D2","Cancer_vs_Healthy",-0.707504620199849,0.0493135095995944,0.139047928707053,0.118923407354787
"RTRAF","Cancer_vs_Healthy",0.101858306076087,0.46610918521674,0.609332745929375,0.92519380205412
"CRK","Cancer_vs_Healthy",0.61838089188644,0.0271244679850072,0.0934416579512124,0.107453488464739
"CASP3","Cancer_vs_Healthy",0.480819796739098,0.276255582802368,0.431802075044693,0.538730171778678
"WARS2","Cancer_vs_Healthy",0.0944805848098795,0.719032392207145,0.799859988787354,0.969316287572881
"EPN1","Cancer_vs_Healthy",0.195074888339818,0.278001820479155,0.43198462830092,0.779018292068148
"KPNA1","Cancer_vs_Healthy",-0.6720023362703,0.00630746986228208,0.036865018030037,0.0332274905818094
"HGH1","Cancer_vs_Healthy",-0.349592210089812,0.239457281436338,0.394400228248086,0.606712525813243
"DPP7","Cancer_vs_Healthy",0.495413097617735,0.0973452411771911,0.218345012188645,0.315353651669975
"CORO7","Cancer_vs_Healthy",1.91278489708755,0.0118647786179338,0.0545236391450088,0.00020723968438644
"MAPKAPK3","Cancer_vs_Healthy",0.0979160796855023,0.760324666869951,0.834485778406035,0.973526766043504
"CARS2","Cancer_vs_Healthy",-0.0334712472736971,0.910074058355131,0.940136564787282,0.996850996345511
"TMEM230","Cancer_vs_Healthy",-0.660302442043069,0.146070977092,0.281516302812906,0.280775704537712
"SMIM4","Cancer_vs_Healthy",-0.459937116972505,0.0984644207276972,0.219267746689897,0.344327569919243
"SHOC2","Cancer_vs_Healthy",0.132547320609824,0.44879064902375,0.599383185163167,0.89924770460104
"SLK","Cancer_vs_Healthy",-0.533115341598393,0.0648538508475627,0.166857055299928,0.232608045079622
"MRPL1","Cancer_vs_Healthy",0.372497034786717,0.17212403839825,0.316876670078736,0.519222178128194
"KYAT3","Cancer_vs_Healthy",0.0512036092843324,0.84724276432491,0.895943411879976,0.991548000343069
"PHYHD1","Cancer_vs_Healthy",0.0298701043972454,0.9455187787463,0.966022137165665,0.998328030354578
"MRPL13","Cancer_vs_Healthy",-0.955960106046026,0.0154822676921282,0.0644209030375449,0.0186017612384376
"LRRC57","Cancer_vs_Healthy",-0.177353437986811,0.652975762951209,0.754685435644547,0.927195590300475
"CRYL1","Cancer_vs_Healthy",0.403616667296777,0.18886471125596,0.337378504973555,0.510319784735884
"NUDT19","Cancer_vs_Healthy",-0.353464796726637,0.242229313221702,0.397877343954884,0.605823080455952
"MRPL55","Cancer_vs_Healthy",-0.459163133540816,0.184955690325071,0.332298660213733,0.460749112366828
"CCDC43","Cancer_vs_Healthy",0.27978251088892,0.375017771095215,0.532140714671348,0.760023737454031
"DAD1","Cancer_vs_Healthy",-0.0765664049154378,0.686476807334138,0.777167913521676,0.971607883921587
"MANF","Cancer_vs_Healthy",0.650326299064705,0.0496417251798597,0.13921424718292,0.141864887804004
"CHMP2B","Cancer_vs_Healthy",NA,NA,NA,NA
"FDX1","Cancer_vs_Healthy",0.150317508623742,0.650876803603767,0.753649193141756,0.937487753879254
"RAB4A","Cancer_vs_Healthy",0.472792286884884,0.0446835289208247,0.131057171304928,0.230038291183167
"L3HYPDH","Cancer_vs_Healthy",-0.0917378175355861,0.676523308649359,0.771415586734589,0.964784930102568
"AP3B1","Cancer_vs_Healthy",1.25407807426084,0.0213526709112428,0.0795932377001126,0.00803531007552059
"STAMBP","Cancer_vs_Healthy",0.356898330546018,0.200216985436713,0.350634546132076,0.563257319149178
"COMMD6","Cancer_vs_Healthy",0.262906606912194,0.386834048421643,0.5434634705947,0.779035980758949
"MRPS16","Cancer_vs_Healthy",NA,NA,NA,NA
"ABRAXAS2","Cancer_vs_Healthy",-0.258743969258292,0.27262877274397,0.429359113647796,0.714426537849368
"PABPN1","Cancer_vs_Healthy",0.674204421115624,0.0679077756567407,0.171766726661168,0.16310788871541
"LPIN1","Cancer_vs_Healthy",0.178969929437288,0.472261068236693,0.614995389443633,0.874356215235607
"TRA2B","Cancer_vs_Healthy",0.60262633953527,0.230344094476803,0.383323137180471,0.412811355409655
"DCTN4","Cancer_vs_Healthy",-0.239872292436333,0.172973572764872,0.317344753559374,0.656466331535335
"USP47","Cancer_vs_Healthy",-0.48688530143966,0.0182122001459126,0.0716584607048326,0.142231578446608
"NUDT4","Cancer_vs_Healthy",-0.158175651052181,0.528728583748881,0.663113765451722,0.90411186002048
"ESAM","Cancer_vs_Healthy",0.476064753887647,0.127634098829329,0.257986026616798,0.375303197786531
"STRN3","Cancer_vs_Healthy",-0.381477921473666,0.148777726706861,0.284949194458051,0.483438779762369
"STT3A","Cancer_vs_Healthy",0.203456177005448,0.460005027514925,0.605972866532679,0.85386057878933
"LRRC40","Cancer_vs_Healthy",0.313335085840095,0.150537068405088,0.287345994221144,0.552493077843529
"EMD","Cancer_vs_Healthy",0.675752915478947,0.0298483348801618,0.0988649111298893,0.0932014817626739
"WDR44","Cancer_vs_Healthy",NA,NA,NA,NA
"IGBP1","Cancer_vs_Healthy",0.127957493214778,0.536794674504729,0.670088945675162,0.92347880950241
"SPCS1","Cancer_vs_Healthy",0.358396634568322,0.110173133050302,0.23474999442697,0.453610558259508
"UQCC1","Cancer_vs_Healthy",-0.261776998296808,0.463687896907819,0.60808176728434,0.817759468587027
"MOCS2","Cancer_vs_Healthy",NA,NA,NA,NA
"DAP3","Cancer_vs_Healthy",NA,NA,NA,NA
"MRPL11","Cancer_vs_Healthy",NA,NA,NA,NA
"TTC38","Cancer_vs_Healthy",0.643926226357401,0.0664983893163507,0.169268627350711,0.174573054489585
"PRKDC","Cancer_vs_Healthy",-0.501993151632897,0.00928892114805518,0.0466277399863915,0.0954844134889562
"ATP6V1D","Cancer_vs_Healthy",NA,NA,NA,NA
"MOGS","Cancer_vs_Healthy",-0.163625451064831,0.479998887932259,0.620621923532108,0.886834927137871
"UFSP2","Cancer_vs_Healthy",0.232410523025056,0.31623321608889,0.469754648410422,0.765237912013499
"DNAJB2","Cancer_vs_Healthy",0.360129311146641,0.0694505738246013,0.174934081348996,0.382695642817174
"CASTOR2","Cancer_vs_Healthy",NA,NA,NA,NA
"CORO1A","Cancer_vs_Healthy",NA,NA,NA,NA
"POLDIP2","Cancer_vs_Healthy",0.46064671591577,0.102455013440331,0.22436183809765,0.350110692775205
"ARAF","Cancer_vs_Healthy",-0.235488861693538,0.271117868203993,0.428212197201688,0.735385488938555
"MRPS9","Cancer_vs_Healthy",NA,NA,NA,NA
"DCTN3","Cancer_vs_Healthy",0.498097869850612,0.0328558605159754,0.105771272891001,0.182443341763238
"UBR4","Cancer_vs_Healthy",-0.129781872783147,0.578997751653636,0.700264483165221,0.931536251911394
"TMED1","Cancer_vs_Healthy",-0.265013799999677,0.229216488397991,0.38250402221924,0.676793724231226
"MRPL47","Cancer_vs_Healthy",NA,NA,NA,NA
"IARS1","Cancer_vs_Healthy",-0.401926219218637,0.0655227608393775,0.167671421999172,0.334408253159951
"MYCBP","Cancer_vs_Healthy",0.282783789214868,0.183882894947474,0.331181758439429,0.619475608813207
"PPP3CC","Cancer_vs_Healthy",0.177300415223518,0.506388419222791,0.644171196470979,0.886349183252848
"ARIH1","Cancer_vs_Healthy",-0.417943228511561,0.0455565012430271,0.13295952448649,0.275011090198401
"CAPRIN1","Cancer_vs_Healthy",0.27309768241564,0.701582522943452,0.790141731567331,0.907746256498931
"NAA25","Cancer_vs_Healthy",-0.752579533585216,0.027382579010849,0.093927706920405,0.0666922200903732
"ZNF330","Cancer_vs_Healthy",NA,NA,NA,NA
"TAPBP","Cancer_vs_Healthy",NA,NA,NA,NA
"RNF126","Cancer_vs_Healthy",-0.0222391872833647,0.915233816796574,0.943443078273181,0.998032087106424
"UROS","Cancer_vs_Healthy",0.0854351754010256,0.670917952474441,0.769685769203646,0.966476883487212
"CCAR2","Cancer_vs_Healthy",-0.355955978898001,0.223502204556632,0.375571045758807,0.586641753520718
"PLCL2","Cancer_vs_Healthy",-0.0437761298047938,0.843751085117465,0.895263260392637,0.992590123519576
"PPCDC","Cancer_vs_Healthy",0.2305361782297,0.304777434241349,0.458117391793488,0.760395203656155
"G3BP1","Cancer_vs_Healthy",0.257180924667706,0.198367410741008,0.348408989835411,0.659663976605966
"SF3B2","Cancer_vs_Healthy",0.378267386286025,0.120210671288945,0.248043955838714,0.44871692602655
"MRPS18B","Cancer_vs_Healthy",-0.374099059822482,0.192366736216881,0.341886418066927,0.539751300349261
"SUPV3L1","Cancer_vs_Healthy",-0.629370620604719,0.013854487410262,0.0605434490993248,0.0676661763015481
"BAG6","Cancer_vs_Healthy",-0.739369369539807,0.114597617882121,0.239634072206319,0.201550207325588
"XPO7","Cancer_vs_Healthy",-0.0232191227069549,0.880755787991455,0.919713763002352,0.997056096253568
"WDFY1","Cancer_vs_Healthy",0.312118401988315,0.355831763851479,0.513627062277052,0.724327905318331
"DCPS","Cancer_vs_Healthy",-0.426613706838229,0.0424595998836866,0.126381602620417,0.259821874489791
"DCAF8","Cancer_vs_Healthy",NA,NA,NA,NA
"SARNP","Cancer_vs_Healthy",0.0593581122578026,0.836332670115664,0.891890642001116,0.989447071989127
"ACBD3","Cancer_vs_Healthy",-0.286162918275567,0.422472761351128,0.576382101605391,0.781479280152569
"JPT2","Cancer_vs_Healthy",-0.238221234838331,0.164013455915784,0.305921302746095,0.650081220205921
"NDUFAF5","Cancer_vs_Healthy",-0.277807106997706,0.296446463815107,0.45065851317347,0.713350421341447
"FKBP8","Cancer_vs_Healthy",-0.0689842495510415,0.800078258249705,0.867832633272653,0.984731127057928
"NCK1","Cancer_vs_Healthy",-0.384775318841488,0.391302741043499,0.547823837460898,0.696961867404038
"ARF5","Cancer_vs_Healthy",0.335940333534095,0.33489713617428,0.490348127061675,0.692466213886704
"MRI1","Cancer_vs_Healthy",0.474739198692793,0.09987339363168,0.220437210471563,0.334965133112934
"CTSL","Cancer_vs_Healthy",0.323041193746686,0.37346678033549,0.531061479647852,0.727477839310096
"EIPR1","Cancer_vs_Healthy",0.693877642559993,0.00397089080340395,0.027635563741609,0.0215735704548618
"HDGFL3","Cancer_vs_Healthy",0.553070113427362,0.575256283133031,0.698194117834848,0.736523318309665
"MRPL48","Cancer_vs_Healthy",-0.631770631848163,0.124139356931539,0.253758549652925,0.267644687103832
"AAMP","Cancer_vs_Healthy",NA,NA,NA,NA
"POFUT1","Cancer_vs_Healthy",-0.35116621982417,0.29367305494385,0.44842404331312,0.650327093865567
"PIP4K2B","Cancer_vs_Healthy",-0.77731391724104,0.00091196230464235,0.0109253991521333,0.00433458701707507
"MRPL21","Cancer_vs_Healthy",-0.329175485259405,0.317176349682882,0.47029596677117,0.685236436193909
"RWDD4","Cancer_vs_Healthy",NA,NA,NA,NA
"PTCD3","Cancer_vs_Healthy",0.0294964519576393,0.937862359766257,0.960600834673393,0.99810953048449
"SCN1B","Cancer_vs_Healthy",0.279434157851298,0.251837477887816,0.407786332307915,0.680224973672504
"UBFD1","Cancer_vs_Healthy",0.141588879167534,0.636418531982708,0.742128728820514,0.938020145152757
"CUL4B","Cancer_vs_Healthy",-0.567548132554567,0.0894129821400785,0.206429972189174,0.254020845556232
"TOMM22","Cancer_vs_Healthy",-0.188532145978668,0.467701449537063,0.610420103244037,0.86651980591968
"COPE","Cancer_vs_Healthy",0.539019492638067,0.0250496218410075,0.0883155042359387,0.137063753611729
"AGFG1","Cancer_vs_Healthy",0.964243800844795,0.0256956622971219,0.0898591966856915,0.0292898525290744
"MRPL14","Cancer_vs_Healthy",NA,NA,NA,NA
"RHEB","Cancer_vs_Healthy",NA,NA,NA,NA
"MAP1S","Cancer_vs_Healthy",-0.536763421951614,0.0056592537776857,0.0344999572067523,0.0621961241562946
"USP19","Cancer_vs_Healthy",NA,NA,NA,NA
"EEFSEC","Cancer_vs_Healthy",NA,NA,NA,NA
"NUBP2","Cancer_vs_Healthy",0.849163326560332,0.00869184247638911,0.0455990341680718,0.0177815395582407
"LSM6","Cancer_vs_Healthy",0.387110419943438,0.0306487627622625,0.100685157887487,0.259462549079301
"SF1","Cancer_vs_Healthy",-0.0389469021999709,0.849708096274346,0.896624494228144,0.993677088125548
"MRPS18A","Cancer_vs_Healthy",NA,NA,NA,NA
"EIF5B","Cancer_vs_Healthy",-0.146105034355415,0.296406780701477,0.45065851317347,0.837221162976883
"DNAJB6","Cancer_vs_Healthy",0.38774778940366,0.149516946047839,0.285743496891425,0.478616904856971
"TBRG4","Cancer_vs_Healthy",NA,NA,NA,NA
"MRPL38","Cancer_vs_Healthy",-0.946441185274439,0.0240180911232445,0.0855555671964095,0.0293274921520917
"SLC9A3R2","Cancer_vs_Healthy",-0.14817371967793,0.681569171625437,0.773794703099506,0.944779689222143
"RBM8A","Cancer_vs_Healthy",0.161710200676133,0.500612067731428,0.639350411472438,0.894141592445259
"GGPS1","Cancer_vs_Healthy",0.0985123103950674,0.767494444095927,0.839293876160041,0.974268130321728
"ADAM10","Cancer_vs_Healthy",0.678734116225199,0.0886757037689522,0.205121128410794,0.193125274868821
"DNAJC9","Cancer_vs_Healthy",0.315952743817936,0.243590298341494,0.399024107759399,0.640049466770923
"EEF2K","Cancer_vs_Healthy",0.318898479071143,0.199950937087726,0.350423476351706,0.598501922092912
"ACADL","Cancer_vs_Healthy",1.43145698326939,0.00349291606022984,0.0252580837028032,0.000304214226157021
"SEC24B","Cancer_vs_Healthy",-0.294818004325604,0.473449347283912,0.615364745835828,0.80216699277516
"ATP2B1","Cancer_vs_Healthy",-0.0724245023803434,0.690431792957113,0.780911111996585,0.973527900737519
"BCL2","Cancer_vs_Healthy",0.0508597153945658,0.91156665993448,0.940764589484649,0.995301941268614
"SRSF11","Cancer_vs_Healthy",-0.228836675787019,0.42903387858322,0.581380742615865,0.823949503856289
"CA4","Cancer_vs_Healthy",NA,NA,NA,NA
"TSC22D1","Cancer_vs_Healthy",0.233813556240234,0.335179824395148,0.490348127061675,0.774468093369523
"ENPP4","Cancer_vs_Healthy",-0.356799611200236,0.294627128841883,0.449595770754914,0.646601514766411
"ATG7","Cancer_vs_Healthy",-0.155383809447581,0.517538568636827,0.653112115876678,0.902716395095262
"SEPHS1","Cancer_vs_Healthy",-0.0813699200451499,0.734477359764811,0.813159302213179,0.975202204142536
"CCDC25","Cancer_vs_Healthy",NA,NA,NA,NA
"HRAS","Cancer_vs_Healthy",0.25348528804896,0.46269723114816,0.607522672163696,0.822541253108397
"MARS1","Cancer_vs_Healthy",-0.282164622672015,0.542302239301605,0.674865008908664,0.841419018834538
"STARD10","Cancer_vs_Healthy",0.206018900396344,0.583201491337871,0.703229439730392,0.894858176753179
"NEU3","Cancer_vs_Healthy",-0.694731085553368,0.0615544460843243,0.161415563506411,0.144165349035919
"C15orf40","Cancer_vs_Healthy",NA,NA,NA,NA
"NUP93","Cancer_vs_Healthy",-0.550891652460473,0.0870903119721799,0.202901674585827,0.260638301586626
"NRP1","Cancer_vs_Healthy",0.578156109735128,0.06537364436701,0.167646150836805,0.206594060325675
"RPRD1B","Cancer_vs_Healthy",0.468295341358747,0.11220069902737,0.236584311083981,0.359018929570534
"CHORDC1","Cancer_vs_Healthy",0.600596439939267,0.0377224293336397,0.116755282564787,0.139672471925835
"ATG4B","Cancer_vs_Healthy",NA,NA,NA,NA
"FAM185A","Cancer_vs_Healthy",-0.270887142459166,0.38300693966383,0.540293327891331,0.771073963091358
"FAM120A","Cancer_vs_Healthy",-0.0411527978452462,0.891068092433051,0.926864780379605,0.99526491148382
"ABCB7","Cancer_vs_Healthy",NA,NA,NA,NA
"ASMTL","Cancer_vs_Healthy",-0.0553355271952292,0.8563277658191,0.901240061229193,0.991454070908653
"MYLK3","Cancer_vs_Healthy",0.188742347107031,0.552084966132194,0.683465593465586,0.893934280729864
"MRPS2","Cancer_vs_Healthy",NA,NA,NA,NA
"CD99L2","Cancer_vs_Healthy",-0.0956384517909115,0.57848791791065,0.699999450416506,0.948999960143809
"PSPC1","Cancer_vs_Healthy",-0.481361840346137,0.108751786497082,0.232984254346062,0.343698195663713
"CLASP1","Cancer_vs_Healthy",-0.345578474698614,0.171418802450236,0.315819798240373,0.543634599828141
"GFPT1","Cancer_vs_Healthy",-0.100912868156316,0.629721175636118,0.736816613669471,0.954402303011299
"MECP2","Cancer_vs_Healthy",0.0795331183127743,0.774359696411919,0.844500973260825,0.979867311685268
"DNAAF5","Cancer_vs_Healthy",-0.307635779590504,0.162477866463387,0.303762967735897,0.571757750991867
"DYNLT3","Cancer_vs_Healthy",NA,NA,NA,NA
"HARS2","Cancer_vs_Healthy",-0.0840154275363023,0.845225273031547,0.895819743600337,0.985971953127494
"USP13","Cancer_vs_Healthy",-0.781576504343281,0.00762667579965079,0.0417387166489979,0.0221249865341941
"ADI1","Cancer_vs_Healthy",-0.632857983452316,0.0703816527028294,0.17599067467125,0.186468517692513
"TCEA3","Cancer_vs_Healthy",0.0438882956579967,0.870553843401813,0.912225263233928,0.993934426005852
"RDH11","Cancer_vs_Healthy",0.577273671043422,0.0467093196215819,0.134507389967821,0.17056177132035
"SVIL","Cancer_vs_Healthy",0.46661219483552,0.142026622777833,0.276475430597432,0.402240127238607
"ARFIP1","Cancer_vs_Healthy",0.768041538478144,0.0103541335928538,0.0492742167818024,0.0298899316330403
"CTPS1","Cancer_vs_Healthy",-0.386165940804116,0.212482389110665,0.36403632233278,0.549838353741075
"SMAD3","Cancer_vs_Healthy",NA,NA,NA,NA
"CPOX","Cancer_vs_Healthy",NA,NA,NA,NA
"PRNP","Cancer_vs_Healthy",NA,NA,NA,NA
"NRDC","Cancer_vs_Healthy",0.270855554653052,0.391274733858562,0.547823837460898,0.775570770573034
"MRPL15","Cancer_vs_Healthy",-0.886565064484433,0.0257131650337609,0.0898591966856915,0.0389492806690603
"EMC2","Cancer_vs_Healthy",-0.552269708641187,0.0596818349150044,0.158275174532302,0.210831117274328
"VPS13A","Cancer_vs_Healthy",NA,NA,NA,NA
"APOL2","Cancer_vs_Healthy",-0.44685474174821,0.230323857373931,0.383323137180471,0.518869478793155
"PPP6R2","Cancer_vs_Healthy",-0.425538663823639,0.06425692872999,0.165842105446748,0.310973838402832
"BTF3","Cancer_vs_Healthy",0.00012898577888087,0.999682454810558,0.999682454810558,0.999999959034683
"TARS3","Cancer_vs_Healthy",NA,NA,NA,NA
"DIP2C","Cancer_vs_Healthy",-0.342354391184788,0.339191727908892,0.494574224489806,0.690630684838534
"HK2","Cancer_vs_Healthy",-0.343239126472765,0.316421112841239,0.469754648410422,0.673707761690219
"MRPL39","Cancer_vs_Healthy",NA,NA,NA,NA
"MARCHF5","Cancer_vs_Healthy",-1.07294269441843,0.00086939431596765,0.0106811301676026,0.000519942146287754
"TIMM8B","Cancer_vs_Healthy",0.176332233315874,0.633271031221412,0.739532804646538,0.92260085958308
"ISCA1","Cancer_vs_Healthy",0.361852188935991,0.275397311578881,0.4311812264512,0.627116446044815
"PMVK","Cancer_vs_Healthy",0.406196413699774,0.0575478419059135,0.154659825122142,0.313565478524663
"RELA","Cancer_vs_Healthy",-0.318068347261727,0.199861608587604,0.350423476351706,0.599217031980954
"RAB24","Cancer_vs_Healthy",-0.321359773549402,0.230816109543744,0.383843364489872,0.624279887482084
"GLG1","Cancer_vs_Healthy",NA,NA,NA,NA
"SQSTM1","Cancer_vs_Healthy",-0.504637558988213,0.102911776291548,0.225078616993686,0.317433520510557
"DCAF11","Cancer_vs_Healthy",-0.0825756442756447,0.853231268756359,0.898766795785351,0.98697873016873
"BCAR1","Cancer_vs_Healthy",NA,NA,NA,NA
"OSGEP","Cancer_vs_Healthy",NA,NA,NA,NA
"MRPL30","Cancer_vs_Healthy",NA,NA,NA,NA
"C12orf57","Cancer_vs_Healthy",-0.234849365899867,0.302859844622231,0.456645933391586,0.755387755909799
"SETD3","Cancer_vs_Healthy",0.0319441974150756,0.899553378318416,0.932468590181122,0.996624197640226
"THNSL1","Cancer_vs_Healthy",0.0492884666830431,0.883921975006039,0.920226595682898,0.993936924480243
"PTPMT1","Cancer_vs_Healthy",NA,NA,NA,NA
"CD99","Cancer_vs_Healthy",0.323637290939899,0.388348973846036,0.545273661236883,0.736303683816739
"PGGT1B","Cancer_vs_Healthy",1.0270589959013,0.0289817290485824,0.0973333382831052,0.0263336415320185
"CLIC2","Cancer_vs_Healthy",0.962629384721106,0.00815580833386274,0.0434495275839413,0.00976150483853975
"TIGAR","Cancer_vs_Healthy",0.107334337286716,0.680443886215748,0.773794703099506,0.959517442841824
"POLR2H","Cancer_vs_Healthy",NA,NA,NA,NA
"PEX19","Cancer_vs_Healthy",0.189964447001154,0.481419148009768,0.621585688154167,0.870343570980507
"MOCS3","Cancer_vs_Healthy",0.103220381979868,0.768584575502612,0.839723982672546,0.97319764637998
"EIF2B4","Cancer_vs_Healthy",NA,NA,NA,NA
"PPP2R5E","Cancer_vs_Healthy",NA,NA,NA,NA
"CNST","Cancer_vs_Healthy",NA,NA,NA,NA
"PEX11B","Cancer_vs_Healthy",-0.064629732349232,0.831434437591003,0.887846618944184,0.988140058554065
"MB","Training_CR",0.115836663436456,0.591845499940871,0.959555749443435,0.941051465332618
"CKM","Training_CR",0.248089079244446,0.162773233256999,0.854607847832103,0.637385750341077
"ALDOA","Training_CR",0.0558004523636608,0.495997242054636,0.93844710651945,0.961629117578206
"GAPDH","Training_CR",0.0860877959600028,0.371048788115801,0.925238310403541,0.918191494172549
"CKB","Training_CR",-0.134254479548254,0.333173424478999,0.908534984135941,0.862812357570139
"CA3","Training_CR",0.173182302800143,0.403643700018906,0.928070152159885,0.85460584192199
"FHL1","Training_CR",0.247043218291946,0.0701640832011391,0.831204915433407,0.518728966463887
"ACTA1","Training_CR",0.561929651270415,0.128808038662282,0.854607847832103,0.31611897277496
"ENO1","Training_CR",-0.26810897243403,0.227535849521856,0.871879310979257,0.672386973588028
"ENO3","Training_CR",0.135241413119427,0.487304696515708,0.938266701150133,0.907355991996129
"ACTB","Training_CR",0.217123006943215,0.619555068702195,0.959555749443435,0.901271765173222
"PRDX2","Training_CR",-0.216730416101596,0.602280896583989,0.959555749443435,0.895933477506068
"PKM","Training_CR",0.240986642029652,0.0186928346649182,0.660022000448066,0.383262917825975
"TPI1","Training_CR",0.00278972380462505,0.975094208251985,0.998119050779266,0.99992964232443
"ENO2","Training_CR",-0.13359069458215,0.476511662191486,0.936899291561108,0.905719294945216
"PGAM1","Training_CR",-0.291574187951257,0.0675733775843302,0.831204915433407,0.455819372359201
"CASQ1","Training_CR",0.0344813174153256,0.77567328676637,0.970016941419313,0.991279171283344
"PGK1","Training_CR",-0.117020709639997,0.245486678703423,0.880970498265738,0.848439023659784
"HSPB1","Training_CR",0.205826006608627,0.168649486696592,0.855812213520726,0.693255644631652
"MYL1","Training_CR",0.586466467425636,0.0752106474212151,0.849947892761308,0.219268126881721
"PYGM","Training_CR",0.275960676893659,0.215122256654312,0.871879310979257,0.654406186170479
"CRYAB","Training_CR",-0.120345895298673,0.47534512653294,0.936899291561108,0.914385571319379
"LDHA","Training_CR",0.0798536091368458,0.634617064964227,0.9611761343664,0.964339264735779
"MYL2","Training_CR",-0.240450731045188,0.375489890220479,0.92671348387524,0.790154172615072
"AK1","Training_CR",0.104360412642961,0.385582855931482,0.92671348387524,0.905330338050136
"FABP4","Training_CR",-0.198621022665449,0.731270123446934,0.970016941419313,0.939729801246165
"FABP3","Training_CR",0.111223393524563,0.660167715237065,0.962382182664018,0.954863598107943
"ATP2A1","Training_CR",0.0138685164826171,0.953857770336086,0.994771196568363,0.99934505605486
"CA2","Training_CR",-0.398582628823062,0.277437411147023,0.898479592621058,0.599867386826784
"MDH1","Training_CR",-0.206111093481045,0.0484008125859993,0.800280871790097,0.535714673652827
"MYH7","Training_CR",0.171820862987577,0.696326388064726,0.968859838608991,0.939705932976378
"PGAM2","Training_CR",-0.0483655349908361,0.7614316954115,0.970016941419313,0.986904246340191
"PYGB","Training_CR",0.0109609578765806,0.931223997689505,0.991779847987079,0.99921927713832
"PRDX6","Training_CR",-0.232662340525447,0.142769503435037,0.854607847832103,0.635792652879465
"IDH2","Training_CR",0.181771786080564,0.251322327044343,0.881948199563003,0.777998806533372
"MYH2","Training_CR",0.597914645327791,0.195165980763392,0.866553060931186,0.37646294048814
"ATP2A2","Training_CR",-0.059434565626411,0.788598398489207,0.970016941419313,0.985983562195997
"ATP5F1B","Training_CR",0.0738865534348676,0.58114544951865,0.959555749443435,0.960691215037368
"MDH2","Training_CR",0.183111316596451,0.193334300535753,0.866553060931186,0.740142061042914
"ATP5F1A","Training_CR",0.102518787162614,0.485790229262132,0.937597065960812,0.928656512604621
"MYH1","Training_CR",-0.0218449356818304,0.961559309412981,0.995939599366437,0.999144066196431
"PFKM","Training_CR",0.271390143533935,0.26439139998016,0.891578302461187,0.69695320322202
"S100A1","Training_CR",0.074104095372233,0.795532332155722,0.970016941419313,0.983192005862077
"HSPB6","Training_CR",0.0692454628816837,0.624613516828178,0.960113350771099,0.96793683044695
"EEF1A1","Training_CR",-0.00271567323584065,0.987369930830834,0.999020313495505,0.999965483013418
"FBP2","Training_CR",0.00475764013047453,0.984228539697786,0.998119050779266,0.999924369926518
"ARF4","Training_CR",-0.00278755198760372,0.989083817993644,0.999911682948522,0.999969403737986
"SLC25A4","Training_CR",0.429399773600979,0.153659595915623,0.854607847832103,0.447413324401086
"TNNC2","Training_CR",0.590883595698164,0.149087539316668,0.854607847832103,0.324788056856894
"PGM1","Training_CR",-0.0267557165256118,0.83980498715599,0.98072557109024,0.995339730829685
"YWHAE","Training_CR",-0.142331564985051,0.335585474668766,0.909413910473711,0.85606515673001
"GOT1","Training_CR",0.10095367747649,0.59781164420713,0.959555749443435,0.949387154910158
"CKMT2","Training_CR",0.300452518639483,0.261235691388649,0.887384350888374,0.66810688920638
"MYL6","Training_CR",0.158137167022629,0.604399379768848,0.959555749443435,0.923462359995474
"ATP2A3","Training_CR",-0.159756068299748,0.447023391653592,0.931163754555142,0.879302150737107
"RPS27A","Training_CR",-0.125741749453734,0.551378601208018,0.955165960678535,0.927874968937381
"PDLIM3","Training_CR",0.0427838377098855,0.802373738703706,0.971227675365609,0.990624052497497
"PEBP1","Training_CR",-0.2505606426152,0.0418326594586813,0.784271519096599,0.45144623105949
"TPM2","Training_CR",0.815937633775146,0.063581540278765,0.831204915433407,0.105582700090256
"SOD1","Training_CR",-0.403637942958342,0.0256897431970611,0.725988522883662,0.228096542309351
"GPI","Training_CR",0.0127020714132087,0.881099105295974,0.987176365756245,0.998393398130684
"TUBB","Training_CR",-0.0641829586753762,0.784927523457647,0.970016941419313,0.984577370772857
"PARK7","Training_CR",-0.0653830548643555,0.511066130308039,0.946469755507393,0.957060389666013
"GOT2","Training_CR",0.303330029241557,0.249871265855463,0.880970498265738,0.656612691453561
"MYL3","Training_CR",0.372772962029202,0.412733016456893,0.930067385561363,0.719004938878035
"MT-CO2","Training_CR",0.223255521433085,0.154569715898055,0.854607847832103,0.659124639858173
"PRDX1","Training_CR",-0.234949716825103,0.136921990870421,0.854607847832103,0.626779269786868
"ALDOC","Training_CR",0.0031314445554198,0.983582760575286,0.998119050779266,0.999948164989626
"CYCS","Training_CR",-0.00926079926191292,0.95662389081968,0.994771196568363,0.999589414417101
"TPM1","Training_CR",0.719982043017794,0.112878152498137,0.850575710898045,0.207919937021667
"PPIA","Training_CR",-0.0533252703941773,0.838857572257935,0.980461608787748,0.990673746796152
"GPD1","Training_CR",-0.350055218553535,0.0711012402586887,0.831204915433407,0.396363462922583
"CFL1","Training_CR",-0.0953486964143622,0.613378209661104,0.959555749443435,0.95446536641503
"VIM","Training_CR",0.200543258702041,0.714073821928404,0.969263539786777,0.934693380623596
"CS","Training_CR",0.136372132515193,0.341226746892198,0.913691584764319,0.863614821359768
"DECR1","Training_CR",0.118017666748079,0.509814984651231,0.946469755507393,0.923569361702231
"HSPA8","Training_CR",0.0118757928433677,0.919022384523626,0.991779847987079,0.998997653740058
"HADHA","Training_CR",0.112928757276023,0.367373425295792,0.924150665202413,0.893075462671469
"ACO2","Training_CR",0.158809789046527,0.285957360675399,0.898479592621058,0.819700728321991
"LGALS1","Training_CR",-0.382825405424082,0.10110075497135,0.850575710898045,0.41590553409779
"BLVRB","Training_CR",-0.375442323974765,0.224658954899155,0.871879310979257,0.570866507319003
"ACAT1","Training_CR",0.00876236064433655,0.939461335452449,0.991779847987079,0.999452952395579
"ANXA2","Training_CR",0.0431469877717525,0.916433044747413,0.991779847987079,0.996241803091983
"CSRP3","Training_CR",0.408250361399004,0.0546752966891444,0.828325352416867,0.305283111995813
"LDB3","Training_CR",0.251143938618707,0.151659557523797,0.854607847832103,0.622702216308178
"AKR1A1","Training_CR",-0.132487982286515,0.382867373251842,0.92671348387524,0.880559928768194
"GSTM2","Training_CR",-0.248356771386838,0.164643806766913,0.855080176930266,0.638886549124106
"MYBPC1","Training_CR",0.219143891756648,0.442187974095137,0.931163754555142,0.836251525090363
"TNNI2","Training_CR",0.402532683733011,0.364319124539398,0.924150665202413,0.666012162796342
"ANXA6","Training_CR",-0.0859172662410277,0.546952339536955,0.954933393737001,0.949478939568936
"CFL2","Training_CR",-0.00615111749500308,0.966755559708431,0.998119050779266,0.999792054816396
"TTR","Training_CR",0.104009729950064,0.786783327631277,0.970016941419313,0.975366695175578
"VDAC1","Training_CR",0.0115061613621794,0.93971808637703,0.991779847987079,0.999284856149148
"TXN","Training_CR",-0.170202383584931,0.334504342347427,0.908534984135941,0.829950222898051
"FLNC","Training_CR",0.284963278130451,0.209872561762181,0.871879310979257,0.6408881819243
"CALM1","Training_CR",-0.121288104325309,0.610825222678138,0.959555749443435,0.941963932581768
"TNNT3","Training_CR",0.730566602547746,0.0961512018003388,0.850575710898045,0.180709374592329
"LDHB","Training_CR",-0.199845993565784,0.451499882434591,0.931163754555142,0.853070086254565
"S100A6","Training_CR",-0.14861716580147,0.802326725280817,0.971227675365609,0.967798523388279
"BIN1","Training_CR",0.159490726241234,0.429355752447572,0.930067385561363,0.873851753945342
"ACADVL","Training_CR",0.0631705063160037,0.663347074593149,0.962886207591599,0.974404491645424
"AKR1B1","Training_CR",-0.00368009718319762,0.984202941384391,0.998119050779266,0.999941402933434
"PRDX3","Training_CR",0.112500365908316,0.299959424094365,0.898479592621058,0.873311825862342
"HADHB","Training_CR",0.148275894749583,0.305059465585349,0.898479592621058,0.838584153017341
"CAT","Training_CR",-0.292257295000205,0.459013330158607,0.936314734649643,0.796463680526182
"S100A4","Training_CR",-0.102756099934057,0.765807369847442,0.970016941419313,0.972954600745555
"UQCRC2","Training_CR",0.242445823741338,0.15631976645941,0.854607847832103,0.637664200190012
"TUBA1B","Training_CR",0.0401011700067819,0.859609719958569,0.983809448423602,0.993951986367727
"SLC25A6","Training_CR",0.347751934139227,0.234754352242757,0.871879310979257,0.604128995438355
"SLC25A5","Training_CR",0.0983379989119886,0.572073268570216,0.959555749443435,0.946560290132361
"ANXA5","Training_CR",-0.0826497821610062,0.816821528975593,0.972811751523015,0.983416136609071
"H2BC4","Training_CR",-0.0326818964916189,0.937074683377964,0.991779847987079,0.9978781827809
"TUBA4A","Training_CR",0.0403909531407045,0.804377977433289,0.971227675365609,0.991245996393401
"DCN","Training_CR",0.330427531871694,0.4525572209985,0.931163754555142,0.769529093992174
"APOBEC2","Training_CR",-0.298060249493236,0.248760261870566,0.880970498265738,0.66055097160007
"HSP90AA1","Training_CR",-0.0222407637681759,0.854256304517355,0.982783606682401,0.996502675689
"EEF1A2","Training_CR",0.0201402419459988,0.895367492338646,0.990730825226672,0.997776555057903
"ATP5MF","Training_CR",0.0512695185665493,0.726995630586189,0.970016941419313,0.983786371832338
"TTN","Training_CR",0.576552719505482,0.166651109101823,0.855812213520726,0.355902801204872
"SRL","Training_CR",0.080697789595412,0.572699949586197,0.959555749443435,0.956016208967673
"HSPA1A","Training_CR",-0.0380668194118048,0.733359809179007,0.970016941419313,0.988264171090444
"COX5B","Training_CR",0.352590775855379,0.040280887723524,0.767574693842707,0.32223357222575
"TNNC1","Training_CR",0.227008267917665,0.550296542631658,0.954933393737001,0.873199192266837
"SELENBP1","Training_CR",-0.436395316131991,0.0897318037464348,0.850575710898045,0.349197167488907
"ECHS1","Training_CR",-0.0169483640428822,0.895734604188769,0.990730825226672,0.998135537087401
"NDUFA4","Training_CR",0.156561501457798,0.394816974295113,0.928070152159885,0.864591821276306
"ATP5MG","Training_CR",0.128398579497023,0.452402762077881,0.931163754555142,0.90317088936994
"PFN1","Training_CR",-0.0211882757903492,0.891238396838441,0.989761050327982,0.997563285068042
"ATP5F1C","Training_CR",0.174498338533512,0.294302570197788,0.898479592621058,0.807802969215021
"ANKRD2","Training_CR",-0.136881918926171,0.547256074137743,0.954933393737001,0.920795155369929
"UQCRC1","Training_CR",0.165607241543242,0.290577266979316,0.898479592621058,0.814914864955921
"HADH","Training_CR",-0.222738876108956,0.0576573637108347,0.831204915433407,0.529656353951804
"PDLIM5","Training_CR",0.211890887111508,0.454381030992894,0.932875066147547,0.846078113345347
"YWHAG","Training_CR",-0.0346637423861171,0.775126403050853,0.970016941419313,0.991209002723783
"PLIN1","Training_CR",-0.561183551376617,0.413909463869013,0.930067385561363,0.609555967647375
"COX7A1","Training_CR",0.282289297305198,0.153483905487138,0.854607847832103,0.589161353866085
"DBI","Training_CR",-0.205981559741195,0.110627287819022,0.850575710898045,0.63540884802862
"SOD2","Training_CR",0.0206028900015021,0.895362630666461,0.990730825226672,0.997725426092832
"TPM3","Training_CR",0.51233664245933,0.265347550758184,0.892296175588794,0.506756530795982
"TUBB4B","Training_CR",-0.214724338744187,0.109048330142152,0.850575710898045,0.621374433729106
"TRIM72","Training_CR",-0.0348232054329234,0.761022818237876,0.970016941419313,0.990535139817631
"COX4I1","Training_CR",0.248409964003587,0.10977541148784,0.850575710898045,0.577632871670529
"UGP2","Training_CR",0.00774558136572523,0.94513053243678,0.992676469107921,0.999562995074022
"ATP5PO","Training_CR",0.19133216917068,0.206797952511595,0.871879310979257,0.739676764418438
"ANXA1","Training_CR",0.119260879940617,0.79260337287065,0.970016941419313,0.972660590281822
"LUM","Training_CR",0.319677341358521,0.391136489274871,0.928070152159885,0.740758434955468
"CASQ2","Training_CR",-0.0865453236853782,0.678912136570608,0.965493542012452,0.967039583300584
"QDPR","Training_CR",-0.160449684050345,0.105036352091875,0.850575710898045,0.696585215895693
"CMBL","Training_CR",-0.137015736608612,0.552079842759497,0.955425222416284,0.921828644364877
"MYOM2","Training_CR",0.106093705388949,0.732554949627785,0.970016941419313,0.967520992456811
"HBG2","Training_CR",-0.329615705798728,0.627189044743711,0.961013085913306,0.857470823686042
"AHNAK","Training_CR",-0.011132247853352,0.97344193780935,0.998119050779266,0.999700397076019
"GLO1","Training_CR",-0.292465324790095,0.0195056434551909,0.663164674751046,0.316177653022615
"MIF","Training_CR",0.0287334561416479,0.880533849705683,0.987176365756245,0.996351005039635
"VDAC3","Training_CR",0.121224732955033,0.499906701875239,0.942662514048278,0.919386017463744
"GSTP1","Training_CR",-0.214502979485429,0.0926641917085226,0.850575710898045,0.600343113802671
"ECH1","Training_CR",0.200746371110556,0.194002187592202,0.866553060931186,0.719498287944273
"GSN","Training_CR",0.243748890976894,0.39744683838129,0.928070152159885,0.798591552685302
"SLC25A3","Training_CR",0.281276226360918,0.0495719367548676,0.809674966996171,0.429537291178022
"ATP5PD","Training_CR",0.231634637385159,0.208828027926717,0.871879310979257,0.695728064442686
"ADSS1","Training_CR",-0.167770134127494,0.381453608762108,0.92671348387524,0.850703897544575
"CAVIN1","Training_CR",-0.264349856603026,0.42439793406884,0.930067385561363,0.797263560770922
"MT-ATP6","Training_CR",-0.128334588618037,0.580797735952549,0.959555749443435,0.932644717031207
"TNNI1","Training_CR",0.372299075699054,0.382798229948578,0.92671348387524,0.699423285653523
"HSPB7","Training_CR",0.074410807725549,0.644453761537399,0.9611761343664,0.967836072873414
"CSTB","Training_CR",-0.13024975696891,0.432533881645782,0.930067385561363,0.896585499522
"RTN2","Training_CR",-0.174888748711712,0.255137971859567,0.884066162547411,0.78750195269898
"LCP1","Training_CR",0.143636962335014,0.702795491285436,0.969011449775669,0.950602556772278
"ACTN2","Training_CR",0.729183771504303,0.311321287286001,0.898479592621058,0.427027746117996
"NNT","Training_CR",0.225103623187564,0.191456919713959,0.866553060931186,0.689273522655824
"TNNT1","Training_CR",0.331424676950322,0.462050527068122,0.936899291561108,0.774229679972393
"PRDX5","Training_CR",0.0217205070176334,0.838511976509609,0.980461608787748,0.996181753089891
"PADI2","Training_CR",0.240299056817213,0.128200746137349,0.854607847832103,0.610417451357139
"UQCR10","Training_CR",-0.0332780346542911,0.868949375441984,0.986165621059769,0.995336329618226
"ETFA","Training_CR",0.122608827644576,0.376799412929265,0.92671348387524,0.887211925385451
"ACSL1","Training_CR",-0.0460099632566049,0.784012089065896,0.970016941419313,0.988866795019645
"GLRX","Training_CR",0.0434499113260838,0.846108045851522,0.982151748699993,0.992765459125205
"FH","Training_CR",0.207516712477608,0.119118561160757,0.854607847832103,0.64305821534589
"HINT1","Training_CR",-0.108032252834768,0.402770978205544,0.928070152159885,0.906428483614668
"MYH3","Training_CR",-0.0131743616053033,0.981807917378631,0.998119050779266,0.999758153329291
"NIPSNAP2","Training_CR",-0.0749877047531928,0.619741776769013,0.959555749443435,0.96475794281549
"FTH1","Training_CR",0.555851820754022,0.0158216997618679,0.653612906301093,0.0997818561727026
"VDAC2","Training_CR",0.180655847594039,0.139901021901008,0.854607847832103,0.700950820275267
"ACYP2","Training_CR",0.133855633144659,0.590104101367493,0.959555749443435,0.93183175688681
"COX6C","Training_CR",0.251148299268868,0.195086400014791,0.866553060931186,0.663348447169594
"COX5A","Training_CR",0.352691107846795,0.045845581332409,0.790911631197516,0.337172019044783
"UQCRFS1","Training_CR",0.121586265070027,0.516418025165835,0.946469755507393,0.922794316943986
"CYB5R3","Training_CR",-0.186406490678547,0.45655247539873,0.934511929609847,0.864026090238429
"HSP90AB1","Training_CR",0.161136367805787,0.11127787003302,0.850575710898045,0.702007542578266
"PCMT1","Training_CR",-0.141072765854338,0.200874390940897,0.869960260722374,0.797373212342793
"PSAP","Training_CR",-0.257942135678109,0.235718031538924,0.871879310979257,0.688832548267407
"ECI1","Training_CR",0.155462346661652,0.468918676403946,0.936899291561108,0.888930996919277
"CYB5R1","Training_CR",0.123007810478962,0.434475022518129,0.930067385561363,0.902540801849483
"AAMDC","Training_CR",-0.218580245689445,0.402111786261468,0.928070152159885,0.819441636357558
"PITPNA","Training_CR",-0.0775811728303069,0.722230472806296,0.970016941419313,0.975070244227798
"ATP5ME","Training_CR",0.250403788180966,0.228629970322404,0.871879310979257,0.691073938813477
"UQCRB","Training_CR",0.19425991874477,0.298315778111078,0.898479592621058,0.790588778929712
"PHPT1","Training_CR",-0.196710035536629,0.212259888420681,0.871879310979257,0.737204821423632
"VBP1","Training_CR",-0.235147766135375,0.0987099001784313,0.850575710898045,0.580131126796153
"CP","Training_CR",0.311068702648106,0.415841716188189,0.930067385561363,0.761132811592255
"C1QBP","Training_CR",0.113327223450501,0.373732305663685,0.926038458099596,0.89445703493761
"ADH1B","Training_CR",-0.534004758470157,0.217743453661418,0.871879310979257,0.443056932964322
"AGL","Training_CR",0.173387676899393,0.424277359578785,0.930067385561363,0.861864661134085
"ESD","Training_CR",-0.249326081795347,0.0123712930158479,0.606193357776546,0.334494768302507
"LMCD1","Training_CR",0.134540570197775,0.603860031021025,0.959555749443435,0.934387549368874
"EIF5A","Training_CR",-0.0666667189684578,0.612346902394686,0.959555749443435,0.967831657996876
"ATP5F1D","Training_CR",0.436691787061829,0.0387910724345707,0.75110778157584,0.241941718895064
"CD36","Training_CR",-0.257935460211439,0.474752668623774,0.936899291561108,0.825181482651181
"PLIN4","Training_CR",-0.477653521746722,0.163436063675129,0.854607847832103,0.420971651459096
"TPT1","Training_CR",-0.15630912361816,0.105328773126484,0.850575710898045,0.703420761159019
"CYC1","Training_CR",0.318314847049233,0.0977444260999064,0.850575710898045,0.477014180494877
"KLHL41","Training_CR",0.194691085052135,0.587172168022058,0.959555749443435,0.901531066256115
"CISD1","Training_CR",0.274668716541075,0.0831836200060205,0.850575710898045,0.50508930546987
"SDHA","Training_CR",-0.0394569312985293,0.769455905867026,0.970016941419313,0.98971273731572
"UQCRH","Training_CR",0.218436065473767,0.299921388649334,0.898479592621058,0.768704746197704
"NPEPPS","Training_CR",-0.0486894082779479,0.691455015776042,0.967253666442614,0.982196089331246
"MACROD1","Training_CR",0.00143399258397814,0.993196083546253,0.999947790244227,0.999990209938747
"NDRG2","Training_CR",0.162535683205101,0.402196886872932,0.928070152159885,0.862396875978046
"RAB1B","Training_CR",-0.258928739913362,0.136749645422892,0.854607847832103,0.597401710953415
"EHD2","Training_CR",-0.234341518198661,0.527479447455174,0.949383923043383,0.860797952092524
"ADIRF","Training_CR",-0.763281680675291,0.174724764635666,0.860367014579555,0.264060257238928
"NUTF2","Training_CR",-0.194976762186339,0.100749737824474,0.850575710898045,0.639227908287782
"FLNB","Training_CR",0.069918441909957,0.708261501942225,0.969011449775669,0.976170709850988
"VCL","Training_CR",-0.0312311877812697,0.841060098890002,0.981236782038336,0.994608711678411
"CAV1","Training_CR",-0.27426035088892,0.527369684701747,0.949383923043383,0.839048772949798
"NEB","Training_CR",0.575392593687585,0.27664276918028,0.898479592621058,0.477402305392688
"PYGL","Training_CR",-0.379007261504009,0.0160801493508026,0.653612906301093,0.209011852544383
"CRAT","Training_CR",-0.0117392736326476,0.945632872269166,0.992769797253287,0.999343979671699
"ST13","Training_CR",-0.0532290122457386,0.662688804929464,0.962886207591599,0.978337022023354
"AKR1C1","Training_CR",-0.17081354462351,0.673387872596634,0.965188116548965,0.934685242035029
"UBE2N","Training_CR",-0.216882284812888,0.0348991961661186,0.733707469123299,0.483017070673889
"HSP90B1","Training_CR",0.0650998689319877,0.769614865697634,0.970016941419313,0.983097103089432
"NME2","Training_CR",0.0497162564553033,0.787347557684676,0.970016941419313,0.988183928353054
"RTN4","Training_CR",-0.163197178956128,0.21861114743077,0.871879310979257,0.780254680939618
"DLST","Training_CR",0.180423433430381,0.284660235052894,0.898479592621058,0.797164166460717
"SYPL2","Training_CR",0.0490565992534204,0.760747140447612,0.970016941419313,0.986674841057532
"RAN","Training_CR",-0.231101581758956,0.0795311159186499,0.850575710898045,0.557073345648479
"GYG1","Training_CR",-0.0185524164704471,0.925199949429705,0.991779847987079,0.998558674608221
"RNH1","Training_CR",-0.0969820382023912,0.4339034575304,0.930067385561363,0.922218106645898
"ADH5","Training_CR",-0.104325819413065,0.518479748974613,0.946469755507393,0.933768374991081
"ACAA2","Training_CR",-0.0190966946324931,0.862027302034735,0.983809448423602,0.997168761064274
"YWHAZ","Training_CR",0.0574651107522453,0.833824184559282,0.977544856995526,0.989611051587453
"HSPA2","Training_CR",-0.230599171680719,0.312096605418354,0.898479592621058,0.764510531961685
"HSPD1","Training_CR",0.177337769686911,0.148067580769666,0.854607847832103,0.71267450556464
"CLU","Training_CR",0.129069621194018,0.744881387943752,0.970016941419313,0.962698584832359
"ATP5PB","Training_CR",0.182227881034523,0.303977177260161,0.898479592621058,0.804932026236379
"FLNA","Training_CR",0.128585445599883,0.596353670683343,0.959555749443435,0.935692327871082
"KRT1","Training_CR",-0.261376097506981,0.619854630315188,0.959555749443435,0.88248946896035
"ARL6IP5","Training_CR",-0.00079160679870149,0.995208930345597,0.999947790244227,0.999996198249382
"PDHB","Training_CR",0.265329023339913,0.180508080299029,0.866553060931186,0.634931657837859
"ACTN1","Training_CR",0.344816605329919,0.478373057851294,0.936899291561108,0.775493647707731
"COX6B1","Training_CR",0.109642770558757,0.577997944268177,0.959555749443435,0.941666106860253
"S100A9","Training_CR",-0.234905369199407,0.56704816479322,0.959555749443435,0.875233643211568
"TUFM","Training_CR",0.0860488288623955,0.48285520223424,0.936899291561108,0.939275113812408
"S100A8","Training_CR",-0.226558661391371,0.608453348931778,0.959555749443435,0.893541695150212
"HAGH","Training_CR",-0.128751686335919,0.263118437519975,0.889785026035858,0.84206089563706
"TAGLN","Training_CR",0.131254337868315,0.716880323203598,0.970016941419313,0.957253024246089
"NDUFS1","Training_CR",0.238752776566162,0.153231705376477,0.854607847832103,0.638998332261796
"DLD","Training_CR",-0.00688690831180239,0.9562783963576,0.994771196568363,0.999692159900764
"OGDH","Training_CR",0.104158891671355,0.529286416396036,0.949788255431153,0.935879500497593
"COQ9","Training_CR",0.0744269539223765,0.742255739149165,0.970016941419313,0.978060446558619
"DLAT","Training_CR",0.166664280965769,0.314043522748227,0.898479592621058,0.824453514041794
"COQ8A","Training_CR",0.0134563948181299,0.938578007188263,0.991779847987079,0.999147372146217
"SLC25A12","Training_CR",0.155808410079297,0.434729857234118,0.930067385561363,0.878277082595774
"FKBP3","Training_CR",0.0386052221747928,0.776368142929892,0.970016941419313,0.990275511180111
"EEF2","Training_CR",0.0457096940199353,0.617733325646662,0.959555749443435,0.978222345463037
"ACTN4","Training_CR",0.331526245987503,0.345246764502159,0.913691584764319,0.702874594355037
"PDHA1","Training_CR",0.174307128387269,0.34244273797118,0.913691584764319,0.829612646817718
"MSN","Training_CR",0.0296407675301626,0.89953699702524,0.990730825226672,0.996866699961235
"GSTO1","Training_CR",-0.161206450861027,0.381444915120148,0.92671348387524,0.856099238706684
"BPGM","Training_CR",-0.152381513894976,0.635346007846198,0.9611761343664,0.933216507003644
"GPD1L","Training_CR",-0.167546497094808,0.358689444522671,0.922317783740245,0.842160098301642
"SUCLA2","Training_CR",0.179593862480971,0.315351435136356,0.898479592621058,0.8128054825305
"UBA1","Training_CR",-0.0854450978193135,0.459574413653234,0.936314734649643,0.935728725472493
"ACADM","Training_CR",0.0423000007567325,0.814973235726829,0.972540128717752,0.991382762670255
"COMP","Training_CR",0.0372495138448787,0.955918750370441,0.994771196568363,0.998322113284126
"SDHB","Training_CR",0.0799426952539832,0.589276525290666,0.959555749443435,0.958602799692965
"ALDH9A1","Training_CR",-0.296582943178052,0.017062570530794,0.653612906301093,0.298988539967514
"FBP1","Training_CR",0.477564376672616,0.113733717975272,0.85335830268321,0.354100330199385
"PRELP","Training_CR",0.242442496679045,0.64906977202013,0.9611761343664,0.90051604331832
"GAMT","Training_CR",0.0338715800419553,0.864533970025399,0.984232367013269,0.995081629274171
"SAR1A","Training_CR",-0.110798932454344,0.478545112662283,0.936899291561108,0.921585848701524
"AOC3","Training_CR",-0.366946502482508,0.4820131097645,0.936899291561108,0.765067147789791
"GSTM3","Training_CR",-0.254073168195589,0.267858800087473,0.896122461995872,0.71556031131405
"P4HB","Training_CR",-0.0401505273173086,0.76280249200665,0.970016941419313,0.989187874071059
"FTL","Training_CR",1.88281235051923,7.05449262010998e-05,0.0651869730275925,1.52559797480867e-08
"LRRC20","Training_CR",-0.295687967285795,0.12542659138798,0.854607847832103,0.541258412523373
"COX7C","Training_CR",0.0708406751321657,0.805659690281289,0.971227675365609,0.984808341449005
"EHD1","Training_CR",-0.213753876267935,0.442470033376978,0.931163754555142,0.840052257188862
"SERPING1","Training_CR",0.125044501341213,0.758704635781973,0.970016941419313,0.966059232334283
"SNCA","Training_CR",-0.0980706192272223,0.826059984001361,0.977178872740988,0.981434396513353
"RAP1B","Training_CR",-0.0646925736847752,0.81566321085102,0.972811751523015,0.986905139689878
"YWHAB","Training_CR",-0.0144691064157989,0.938338943807153,0.991779847987079,0.99907955137111
"H3-3A","Training_CR",-0.278437224227657,0.571931270575552,0.959555749443435,0.855924569440834
"PPP3CA","Training_CR",0.0561383011773593,0.597315164408816,0.959555749443435,0.97148577755568
"NDUFB10","Training_CR",0.130990544644586,0.483749047605693,0.936899291561108,0.909260276440625
"S100A10","Training_CR",0.269493901276931,0.45053812243954,0.931163754555142,0.806645588716114
"ARHGDIA","Training_CR",-0.0424293259552506,0.826188086211622,0.977178872740988,0.991931574862422
"GPT","Training_CR",-0.0885617982845925,0.692104039545361,0.967253666442614,0.967932986015772
"REEP5","Training_CR",0.16847811880821,0.296389591300417,0.898479592621058,0.814742671974351
"ACADS","Training_CR",-0.0412211781003489,0.847783801034839,0.982151748699993,0.993216276269189
"ACTC1","Training_CR",0.594351445322607,0.425948561632159,0.930067385561363,0.602154435850907
"DDB1","Training_CR",0.0125663455553457,0.873111501504748,0.987158153836999,0.998296300271792
"ALDH2","Training_CR",-0.25602175912247,0.30303499293176,0.898479592621058,0.736632489690997
"CTSD","Training_CR",-0.181583449988597,0.366361069896994,0.924150665202413,0.833322579595825
"ALDH1A1","Training_CR",-0.351919823471011,0.104470966105989,0.850575710898045,0.451611620770177
"ACOT2","Training_CR",-0.15082405760451,0.191562239353434,0.866553060931186,0.779390428114445
"GDI2","Training_CR",-0.14282396251644,0.238504556275943,0.876951668634822,0.814876154144914
"PSMC1","Training_CR",-0.130357887587014,0.383040865812438,0.92671348387524,0.882414656553353
"GSTM1","Training_CR",-0.274142680588133,0.627600382637261,0.961013085913306,0.880108732345002
"S100B","Training_CR",-0.411161482506177,0.600078749417462,0.959555749443435,0.81060219269417
"UQCRQ","Training_CR",0.338683653811175,0.163731615994489,0.854607847832103,0.541800672833379
"FKBP1A","Training_CR",-0.10565183300386,0.346843417401178,0.91412847989048,0.894157979894133
"OLA1","Training_CR",-0.0302698301712976,0.745055367112167,0.970016941419313,0.991131248959404
"PHB2","Training_CR",-0.00914212034507322,0.935198617365903,0.991779847987079,0.999387698863545
"ANXA7","Training_CR",-0.202886184427593,0.019460179720836,0.663164674751046,0.449667532960651
"GRHPR","Training_CR",-0.122298483182446,0.25658535229341,0.886419324973348,0.84673975873461
"NDUFV2","Training_CR",0.268063278109917,0.125421757466287,0.854607847832103,0.573200920450627
"PCBP1","Training_CR",0.0323691664550108,0.778360803364657,0.970016941419313,0.991922218457847
"CES1","Training_CR",-1.16739920791684,0.10861775882228,0.850575710898045,0.0749051022725432
"WDR1","Training_CR",-0.18010123973637,0.0578677810313353,0.831204915433407,0.598567784154352
"ETFB","Training_CR",0.0906692081263021,0.596812953173402,0.959555749443435,0.954279140592664
"DUSP3","Training_CR",-0.0244331354839229,0.852431778979307,0.982151748699993,0.996106553529457
"AMPD1","Training_CR",0.00375106457951624,0.990424791740808,0.999947790244227,0.999963910363622
"PFN2","Training_CR",-0.124829810887784,0.462833016233191,0.936899291561108,0.908311855236929
"EIF4A1","Training_CR",-0.1478952082278,0.218217235639858,0.871879310979257,0.798407960404593
"APOD","Training_CR",0.152603009320103,0.68048401685158,0.965627733132767,0.942947498779809
"HSPB2","Training_CR",0.170348375858408,0.230931046605368,0.871879310979257,0.779058818073271
"MYO6","Training_CR",0.492422507930112,0.0644260303144654,0.831204915433407,0.259152268202305
"SLC25A13","Training_CR",0.184442217534336,0.39237260234316,0.928070152159885,0.841513102901154
"PLN","Training_CR",-0.115069111606628,0.67359932695798,0.965188116548965,0.95555200850218
"PFKL","Training_CR",-0.0218649173097631,0.911733063067164,0.991779847987079,0.997981545981713
"STOM","Training_CR",-0.181206784926628,0.61536985140792,0.959555749443435,0.915777673925994
"PPP3R1","Training_CR",-0.118551299030038,0.31785385312148,0.898479592621058,0.872948094229668
"HSPA9","Training_CR",0.0922788650194573,0.413380197460684,0.930067385561363,0.921716119682404
"UBE2D3","Training_CR",0.134169078280689,0.383602772144537,0.92671348387524,0.879366255621084
"PRKAR1A","Training_CR",0.0638680865410759,0.611025793024625,0.959555749443435,0.969027344582589
"DEFA3","Training_CR",-0.287112353226117,0.437637692985477,0.931163754555142,0.7887867426926
"ARF1","Training_CR",-0.0924212040886125,0.572137134927866,0.959555749443435,0.949703132878093
"SUCLG1","Training_CR",0.155597154560638,0.426008640990368,0.930067385561363,0.875666143890621
"TALDO1","Training_CR",-0.267936126836375,0.172380459039963,0.860367014579555,0.624349201666549
"HSDL2","Training_CR",0.0569670172971186,0.741540360239288,0.970016941419313,0.983109666917538
"FABP5","Training_CR",-0.00501951914347565,0.97927931264931,0.998119050779266,0.999894904958217
"CZIB","Training_CR",-0.0830482910506571,0.515604719235329,0.946469755507393,0.946473391091625
"S100A13","Training_CR",0.725544383664165,0.00154927993122676,0.423674577192902,0.00914775504364794
"SMPX","Training_CR",-0.120531944114331,0.673653787958531,0.965188116548965,0.953500990836409
"PCBD2","Training_CR",-0.227134937494723,0.14119456235015,0.854607847832103,0.641053031264864
"PREP","Training_CR",-0.0239509100283364,0.889367878770985,0.98878602727123,0.99719583095561
"SKP1","Training_CR",-0.0159653141526377,0.920772259658695,0.991779847987079,0.998683050224674
"RPL7","Training_CR",0.201540116635313,0.188977494859052,0.866553060931186,0.714772120547796
"HIBADH","Training_CR",-0.0364178077741517,0.792508965182131,0.970016941419313,0.991566746681886
"EEF1D","Training_CR",-0.0783066482947135,0.392918579388717,0.928070152159885,0.929461047248781
"FMOD","Training_CR",0.559757592472346,0.515762847017839,0.946469755507393,0.690306137647659
"VCP","Training_CR",-0.0811985782349129,0.498127214207734,0.940994052960479,0.944984010570749
"PNP","Training_CR",-0.0193798547213699,0.954336659302342,0.994771196568363,0.999094619388029
"PBXIP1","Training_CR",0.0909228840348959,0.525088852394331,0.948636820616094,0.943110888984474
"MYOZ1","Training_CR",1.31363294044004,0.02881776302654,0.733707469123299,0.0094745585868642
"CDC42","Training_CR",0.00178265899190855,0.991087494557071,0.999947790244227,0.999984040945116
"ALAD","Training_CR",-0.191940158317795,0.563510086712017,0.959555749443435,0.895752505817005
"CRIP1","Training_CR",-0.111904186423086,0.754395797767753,0.970016941419313,0.968953297066114
"IDH3A","Training_CR",0.226140162732939,0.156145994814988,0.854607847832103,0.657090116593613
"NDUFV1","Training_CR",0.242909881213635,0.217405481387202,0.871879310979257,0.69026595425403
"HIBCH","Training_CR",0.284936848653381,0.122944858778578,0.854607847832103,0.55033222279045
"PRKACA","Training_CR",-0.073926214738913,0.449602778654126,0.931163754555142,0.942616334024226
"AIFM1","Training_CR",0.08348456953666,0.536684691524878,0.95326536307951,0.949370481916687
"SLC25A11","Training_CR",0.222592697287054,0.389024473502887,0.928070152159885,0.810460508030212
"KRT10","Training_CR",-0.11870646583527,0.81065822405929,0.971227675365609,0.975390354462724
"MYOM1","Training_CR",0.305968481438267,0.297047824207969,0.898479592621058,0.689765528956608
"FUNDC2","Training_CR",0.0261016243917815,0.889230366832979,0.98878602727123,0.996940386973326
"AKR1C3","Training_CR",0.0972280621347732,0.785619736843776,0.970016941419313,0.97681361288243
"DES","Training_CR",0.771651454523555,0.1319570625771,0.854607847832103,0.209546575034224
"NAPA","Training_CR",-0.142152573714286,0.227736838306106,0.871879310979257,0.810321734923705
"HSPE1","Training_CR",0.00742306356135103,0.956006159163904,0.994771196568363,0.99966608527851
"ADPRHL1","Training_CR",-0.0295734009579807,0.902023753040358,0.990730825226672,0.996955200582119
"NDUFA9","Training_CR",0.366826816250056,0.0713047260791282,0.831204915433407,0.379571016739529
"PACSIN3","Training_CR",0.025659060783612,0.864029215993995,0.984232367013269,0.996256984339806
"COASY","Training_CR",-0.129261729848979,0.423480816228399,0.930067385561363,0.894878108260114
"NDUFA10","Training_CR",0.208105650014566,0.244821208617993,0.880970498265738,0.746132627711004
"CCT3","Training_CR",0.0100872345987231,0.919807975585972,0.991779847987079,0.9991571598894
"MGST3","Training_CR",-0.06140506002777,0.684616846142103,0.966623555591181,0.977002441170798
"MYH9","Training_CR",0.166598546317514,0.45587022390561,0.93391161057796,0.877330937488129
"CACNA2D1","Training_CR",-0.0757332905872321,0.58592095202222,0.959555749443435,0.96032378543829
"LTA4H","Training_CR",-0.136663476106953,0.110393580071965,0.850575710898045,0.7399551127563
"AK3","Training_CR",0.138095899343519,0.518764763951574,0.946469755507393,0.91335285509061
"HNRNPK","Training_CR",-0.171965609014213,0.230440169626139,0.871879310979257,0.77693006954668
"MYOT","Training_CR",0.249699297526462,0.433356742906486,0.930067385561363,0.811559920727271
"CSRP1","Training_CR",-0.0817122345328247,0.750633450626137,0.970016941419313,0.976834380354523
"RNPEP","Training_CR",-0.0686364579685126,0.643926132189807,0.9611761343664,0.970240018581979
"GYS1","Training_CR",0.30099476509178,0.165956281334932,0.855812213520726,0.582401098428633
"NDUFA5","Training_CR",0.0328521632449768,0.860905586262076,0.983809448423602,0.995091801934887
"IMMT","Training_CR",0.170604352901588,0.357585415738804,0.921930061501151,0.839082472736138
"SMTNL1","Training_CR",-0.441098994183502,0.0871154613282916,0.850575710898045,0.340782336935525
"NT5C3A","Training_CR",-0.250555485480064,0.217002003518334,0.871879310979257,0.681941862117235
"ANK1","Training_CR",-0.19690798634214,0.618715666524805,0.959555749443435,0.909793720420047
"KRT19","Training_CR",-1.17260340368376,0.0122738375589295,0.606193357776546,0.00574290826091351
"ATP5PF","Training_CR",0.187090275150204,0.297581686803889,0.898479592621058,0.797107397048491
"EEF1B2","Training_CR",0.216340751214727,0.0360630117855883,0.733707469123299,0.487341850213706
"RAB5C","Training_CR",-0.0739067400900719,0.636515529253661,0.9611761343664,0.967164089715113
"NDUFA13","Training_CR",0.466280664202957,0.0674105713967354,0.831204915433407,0.284353460455465
"PSMA5","Training_CR",-0.0655347206231749,0.586641599980662,0.959555749443435,0.965651411985212
"CAP2","Training_CR",0.120052602913187,0.526674583424597,0.949383923043383,0.925913541202001
"S100A11","Training_CR",0.149676794746439,0.687364709721765,0.966623555591181,0.945432890019893
"NDUFB3","Training_CR",0.296536582007519,0.158201556357971,0.854607847832103,0.578810889825686
"HMGB1","Training_CR",-0.0786015827960149,0.550713074041592,0.954933393737001,0.954193217759323
"PPP2R1A","Training_CR",0.0961389786803242,0.369667028010523,0.924552639847151,0.908761173394152
"EPHX1","Training_CR",-0.242222475938311,0.234980573121292,0.871879310979257,0.704125064060067
"RHCE","Training_CR",-1.0284382063925,0.0547974992217238,0.828325352416867,0.0504537390592249
"SLC2A1","Training_CR",-0.101605354733866,0.790321646053294,0.970016941419313,0.976374271255323
"PRKAR2A","Training_CR",-0.0203809886083821,0.87615962566528,0.987158153836999,0.997309117905089
"SFXN4","Training_CR",NA,NA,NA,NA
"UBE2L3","Training_CR",-0.0345082799933873,0.84914388950882,0.982151748699993,0.994372869353293
"PCYOX1","Training_CR",-0.308830106026825,0.0160596768403868,0.653612906301093,0.279175630934749
"FHL3","Training_CR",-0.193296159677317,0.542793185081953,0.954933393737001,0.888599052796297
"LMNA","Training_CR",-0.0290361703544892,0.93004283233585,0.991779847987079,0.997896377987849
"GARNL3","Training_CR",-0.208762269014697,0.628927862923725,0.961028898064857,0.907727417714386
"NDUFAB1","Training_CR",0.210441286396176,0.211569754633982,0.871879310979257,0.721186492762904
"UBE2D1","Training_CR",-0.431636323424586,0.105359400199016,0.850575710898045,0.378573571198829
"CST3","Training_CR",0.223345231800414,0.432397132230858,0.930067385561363,0.829232205315411
"ADSL","Training_CR",-0.0875960070332962,0.443565365235328,0.931163754555142,0.931268467036389
"CBR1","Training_CR",0.133953191083204,0.36911954351773,0.924552639847151,0.875025367817196
"PGD","Training_CR",-0.154571653190088,0.520905226555227,0.946493380181653,0.904105115085598
"USP14","Training_CR",-0.141491151799372,0.204506152696593,0.871879310979257,0.798860690865146
"DPYSL2","Training_CR",0.125382043131447,0.584824278735697,0.959555749443435,0.934951683361334
"RACK1","Training_CR",0.0125144625931295,0.905948005943325,0.990730825226672,0.998764668092852
"AMPD3","Training_CR",0.159123107643914,0.581434514248,0.959555749443435,0.917332196738494
"ABHD14B","Training_CR",-0.103513569728863,0.512239234171811,0.946469755507393,0.933096362713133
"NAXE","Training_CR",-0.023849249313141,0.838520840922251,0.980461608787748,0.995808577983444
"BCAT2","Training_CR",-0.296074575839931,0.136657733080458,0.854607847832103,0.554732059927529
"TAGLN2","Training_CR",0.213769426471382,0.366678261627526,0.924150665202413,0.806970185262263
"RPLP2","Training_CR",0.157414324445101,0.355554533655157,0.921930061501151,0.849779414128902
"TWF2","Training_CR",0.0898896666574593,0.539072304994254,0.95326536307951,0.945971037869179
"PSMA7","Training_CR",-0.164793565947903,0.162599061103405,0.854607847832103,0.741305679768676
"HK1","Training_CR",0.215925285506987,0.0451879587345266,0.790911631197516,0.512372010716335
"PSMA4","Training_CR",-0.0372188781717497,0.748655291038463,0.970016941419313,0.989283836295385
"MYBPC2","Training_CR",-0.111391010978245,0.797852862813974,0.970101093085855,0.975158212010494
"NDUFA6","Training_CR",0.238783395532781,0.296065751732623,0.898479592621058,0.747784179557725
"ANXA11","Training_CR",-0.0436848587310514,0.67749190780015,0.965188116548965,0.983134802137104
"STAC3","Training_CR",-0.216056796580682,0.297877348893689,0.898479592621058,0.769772200216531
"NIPSNAP3B","Training_CR",-0.15558164453501,0.65564885590109,0.961546227312236,0.936434532389987
"AHCY","Training_CR",-0.117096306584179,0.262846598201278,0.889785026035858,0.855163763134944
"NDUFB4","Training_CR",0.40021253788843,0.170449913593976,0.859302786542281,0.492578440428155
"NDUFS3","Training_CR",0.324064451300996,0.0946747965461668,0.850575710898045,0.465836974272205
"ALDH4A1","Training_CR",0.109486392048838,0.484581694601763,0.936899291561108,0.923744718819416
"PSMA2","Training_CR",-0.205873919374053,0.233646113855282,0.871879310979257,0.741314809567238
"MYL6B","Training_CR",0.312182919876212,0.494676615622071,0.93844710651945,0.802735290370584
"UBE2V2","Training_CR",-0.233549631095819,0.0507788836654449,0.822692247380242,0.498554656511763
"DDAH1","Training_CR",-0.00550918129301969,0.983130003514464,0.998119050779266,0.999906271646216
"SDHC","Training_CR",0.178915881960711,0.578870235026618,0.959555749443435,0.906821919860489
"SRI","Training_CR",-0.22176542260758,0.382826159215791,0.92671348387524,0.808209916834112
"COL1A1","Training_CR",0.887819973616761,0.133971022936502,0.854607847832103,0.167858298550017
"HRC","Training_CR",0.0700434943677362,0.717159662329841,0.970016941419313,0.976982601929346
"CD59","Training_CR",-0.045525495922556,0.702991246503061,0.969011449775669,0.98408433607573
"PDLIM1","Training_CR",0.0847372027902065,0.559191855806348,0.959555749443435,0.951938762626459
"STIP1","Training_CR",-0.0500401852513974,0.616797148339271,0.959555749443435,0.976109826134643
"CAPZA1","Training_CR",0.289983549803216,0.230409216590905,0.871879310979257,0.653334275184308
"OGN","Training_CR",0.52474263576523,0.159147528250069,0.854607847832103,0.381197790361369
"EIF4A2","Training_CR",-0.0385888614602194,0.749615346370257,0.970016941419313,0.988940491204333
"SURF4","Training_CR",-0.0170853951057719,0.96002491455858,0.995734086704743,0.999303226359972
"CAPNS1","Training_CR",-0.0148256124221078,0.910765790917144,0.991779847987079,0.998615217045401
"HNRNPA2B1","Training_CR",-0.053980204534918,0.747627033831621,0.970016941419313,0.984422406835503
"CACYBP","Training_CR",0.0907872990453651,0.585981768243428,0.959555749443435,0.952635638747812
"PSMA6","Training_CR",-0.0656655550380751,0.544881267849459,0.954933393737001,0.960913105180153
"AZGP1","Training_CR",0.0222900992409638,0.940046530736509,0.991779847987079,0.998622843611997
"THBS4","Training_CR",0.825002287207743,0.149471019865387,0.854607847832103,0.208452753032043
"ALDH5A1","Training_CR",0.217560598178038,0.306037130875324,0.898479592621058,0.772902496938987
"PSMF1","Training_CR",-0.198974506516217,0.421158544148848,0.930067385561363,0.841926640325269
"FIS1","Training_CR",0.173457927967169,0.242957566773365,0.880970498265738,0.782375751100834
"PDIA3","Training_CR",0.146116861992839,0.500742882854433,0.942967577830191,0.903875583786436
"GPX3","Training_CR",-0.21949972122901,0.438473935916408,0.931163754555142,0.834462376064793
"COL6A3","Training_CR",0.6350514034222,0.161419918007611,0.854607847832103,0.314059589715123
"MAOB","Training_CR",-0.205591227894212,0.11174161538424,0.850575710898045,0.637266871195206
"TKT","Training_CR",-0.170784269346175,0.676296771455111,0.965188116548965,0.935384405779725
"NDUFA2","Training_CR",0.261313943157839,0.215056002446495,0.871879310979257,0.669246977634856
"APEH","Training_CR",-0.134707106818155,0.311777341389108,0.898479592621058,0.854707005563226
"RHOA","Training_CR",-0.156410401389317,0.281378814884344,0.898479592621058,0.820093644451966
"TCAP","Training_CR",0.507088217958719,0.159931664568324,0.854607847832103,0.394752185062119
"TPSB2","Training_CR",0.287149715401073,0.420276409462094,0.930067385561363,0.779647312548195
"HSPA5","Training_CR",0.128528637597409,0.280593663950014,0.898479592621058,0.849302102664144
"RYR1","Training_CR",-0.0898130522556055,0.662082084577471,0.962886207591599,0.963641611897
"CAVIN2","Training_CR",-0.299067928993278,0.291364286577265,0.898479592621058,0.691560339358335
"TMEM109","Training_CR",-0.0110899173025842,0.932575887518434,0.991779847987079,0.999226170655
"PDHX","Training_CR",0.179412802921091,0.478672417745049,0.936899291561108,0.876182940444122
"IDH1","Training_CR",-0.247609756344607,0.193594400538427,0.866553060931186,0.665928647142487
"ANP32A","Training_CR",-0.0628869645940657,0.697559391634461,0.968859838608991,0.97760473376784
"PRXL2A","Training_CR",-0.393952443470889,0.2015804245191,0.869960260722374,0.532090775695011
"CANX","Training_CR",0.0371667705234149,0.793261118161703,0.970016941419313,0.991429012815376
"KRT8","Training_CR",0.227939000140038,0.7047344989953,0.969011449775669,0.92333456091418
"EEF1G","Training_CR",0.133733030405823,0.216385046838898,0.871879310979257,0.814888004875348
"HEBP2","Training_CR",-0.157449463567721,0.140927252571645,0.854607847832103,0.734530302412352
"CCT2","Training_CR",-0.00787169026510703,0.944753167818248,0.992676469107921,0.99955273942682
"MYLK","Training_CR",-0.327272069064074,0.127569403914852,0.854607847832103,0.509724860132646
"RAB7A","Training_CR",-0.150102725144654,0.174189598085751,0.860367014579555,0.769263924989787
"PLIN3","Training_CR",0.203125898936641,0.117603277113149,0.854607847832103,0.647408071822488
"LAP3","Training_CR",-0.130569044148157,0.40508851289611,0.928070152159885,0.888706116561983
"WARS1","Training_CR",-0.00814205824002379,0.934342333767233,0.991779847987079,0.99944720626486
"MAP4","Training_CR",-0.0275731566994324,0.810199683860504,0.971227675365609,0.994213360042652
"ACP1","Training_CR",-0.18427100005052,0.118941882556711,0.854607847832103,0.675477706882162
"COL6A1","Training_CR",0.0992742870317826,0.83323073361603,0.977344875248974,0.982050971735672
"ACTN3","Training_CR",0.297817628783278,0.604442790694078,0.959555749443435,0.860763265982881
"CAMK2D","Training_CR",0.359183361510784,0.00728608170393391,0.606193357776546,0.170703891974749
"SPTB","Training_CR",-0.229282781426964,0.517339431999902,0.946469755507393,0.859752939418831
"MPI","Training_CR",-0.0695185536088889,0.635795348290934,0.9611761343664,0.969006982207463
"ANK2","Training_CR",0.066796097938683,0.599759994845284,0.959555749443435,0.966428575950996
"RAB10","Training_CR",-0.120876939896153,0.318107608878553,0.898479592621058,0.870708279614817
"HP1BP3","Training_CR",-0.206343299497908,0.375538997570349,0.92671348387524,0.817020433129776
"MYL12B","Training_CR",0.226296061686662,0.222829260504693,0.871879310979257,0.71194866672506
"PTGES3","Training_CR",-0.0340390688507757,0.710613310327335,0.969263539786777,0.988438691188046
"CRKL","Training_CR",-0.063018940319715,0.512812501292229,0.946469755507393,0.958786473851233
"PSMA3","Training_CR",-0.235538457609714,0.0286769148018319,0.733707469123299,0.433201115948445
"DYSF","Training_CR",0.262424916571979,0.117564587505053,0.854607847832103,0.570187109112539
"FASN","Training_CR",-0.825316598475833,0.121811612928487,0.854607847832103,0.175955846932904
"DDT","Training_CR",-0.303350615388021,0.135026478476271,0.854607847832103,0.544768579243492
"GNAI2","Training_CR",0.028885520901424,0.912923873347188,0.991779847987079,0.997371908163679
"MUSTN1","Training_CR",0.434175388834538,0.23165795464219,0.871879310979257,0.529946823951741
"NDUFA8","Training_CR",0.379137845512009,0.119660175325434,0.854607847832103,0.447111469883869
"C1QA","Training_CR",-0.291450481400231,0.495887766775271,0.93844710651945,0.815115860544333
"TCP1","Training_CR",0.00376173714308692,0.972271547272651,0.998119050779266,0.999894225004731
"PSMB1","Training_CR",0.0220306155980854,0.823945474418604,0.976934856335342,0.995742838465991
"NEDD8","Training_CR",0.132201194799205,0.544121191963392,0.954933393737001,0.922696021293855
"RPS16","Training_CR",0.0577877008865624,0.647857974340295,0.9611761343664,0.975227303113245
"SPTAN1","Training_CR",0.0749996638377421,0.794258951050818,0.970016941419313,0.982872519126326
"TUBA8","Training_CR",0.0678104700781006,0.784529148073524,0.970016941419313,0.983678982895404
"TLN1","Training_CR",-0.00604567175746951,0.97721794196865,0.998119050779266,0.999860683698252
"DCXR","Training_CR",0.0157760938923754,0.940024161018297,0.991779847987079,0.999024729198378
"CAV2","Training_CR",-0.00343913491824743,0.993818088596315,0.999947790244227,0.999978673812906
"TMEM43","Training_CR",-0.0855447304048376,0.677426539320748,0.965188116548965,0.967233106333672
"ACOT13","Training_CR",0.101444650316251,0.555397534079515,0.956969598809944,0.942087923637972
"MTPN","Training_CR",-0.0294436698679323,0.814281374914478,0.972540128717752,0.993969078000939
"AK2","Training_CR",0.0372609564326929,0.733058775076888,0.970016941419313,0.988496059920892
"CPT1B","Training_CR",0.0589358194239047,0.770534258652287,0.970016941419313,0.98475453830887
"SERPINF1","Training_CR",0.274919221639456,0.385583827734846,0.92671348387524,0.769513255796581
"IDH3B","Training_CR",0.217246663360768,0.129379647696302,0.854607847832103,0.641292032339565
"RPS25","Training_CR",-0.12023844836065,0.40181831692526,0.928070152159885,0.896167415863901
"GPX1","Training_CR",-0.0662670640664285,0.653941643106677,0.961377312816596,0.972246326073886
"JCHAIN","Training_CR",-0.108265470447385,0.849735339289023,0.982151748699993,0.982525576275689
"ACACA","Training_CR",0.340794028371196,0.326656344443337,0.903037390320678,0.682975536148816
"PSMC6","Training_CR",-0.0938871849416714,0.400539447665855,0.928070152159885,0.917684687851007
"ASPN","Training_CR",0.830262764399293,0.0451697647177027,0.790911631197516,0.0764135258911516
"CAPN1","Training_CR",-0.0638966789332329,0.448486430956741,0.931163754555142,0.95005322677756
"SDHD","Training_CR",-0.00032444055084646,0.999093771950424,0.999947790244227,0.999999705849612
"PRKCSH","Training_CR",0.029535426664383,0.852329532398015,0.982151748699993,0.995291887000804
"NDUFB1","Training_CR",0.514145884169189,0.0276848244815305,0.733707469123299,0.158155762317661
"COL1A2","Training_CR",0.437465676112115,0.521537168671523,0.946493380181653,0.752180390855283
"RPLP1","Training_CR",0.0549913258341448,0.729298299292604,0.970016941419313,0.982790557575234
"GLUD1","Training_CR",0.182996045441035,0.304690427112029,0.898479592621058,0.804541041315408
"VAT1","Training_CR",0.196197905073294,0.51823248486863,0.946469755507393,0.879002946771903
"RPL14","Training_CR",0.0486456382172289,0.856857204952763,0.983809448423602,0.99251319421239
"MYOC","Training_CR",0.191465194638276,0.732896136393479,0.970016941419313,0.942237366218363
"EIF4H","Training_CR",0.110219158299905,0.3192016212019,0.898479592621058,0.881735794351002
"GNG2","Training_CR",-0.677450494128557,0.141331933731122,0.854607847832103,0.265662265629922
"SMYD1","Training_CR",0.00553586562717534,0.979946833979408,0.998119050779266,0.999887866479796
"ECI2","Training_CR",0.0500792269040051,0.819793010297297,0.973453520140361,0.990098434005544
"UBE2V1","Training_CR",-0.0392773208436967,0.802675965612491,0.971227675365609,0.991403840932306
"CAP1","Training_CR",0.0887563911482072,0.712123549942949,0.969263539786777,0.97031633978107
"RBP4","Training_CR",-0.24398688027005,0.452989361069972,0.931187890350173,0.824308891788159
"DGLUCY","Training_CR",-0.214981022207454,0.432845754587344,0.930067385561363,0.83525393719252
"DSTN","Training_CR",-0.02087399260183,0.903558445569604,0.990730825226672,0.997885313936177
"ETFDH","Training_CR",0.105795123936964,0.57162120370418,0.959555749443435,0.942547499644014
"UCHL1","Training_CR",0.0139605294162148,0.960393965155104,0.995734086704743,0.999435990409897
"CRYZ","Training_CR",0.0125357931797367,0.925607352235864,0.991779847987079,0.999031387911303
"DHRS7","Training_CR",0.335828987089492,0.00858246471446018,0.606193357776546,0.202323821762064
"CD81","Training_CR",-0.349345884612625,0.336339894775038,0.910430763646974,0.683411017507552
"IPO5","Training_CR",-0.0431926499260147,0.688396524772738,0.966623555591181,0.984001640346673
"MFAP4","Training_CR",-0.129520885812971,0.787930338020611,0.970016941419313,0.969600902573054
"BANF1","Training_CR",0.148451308952231,0.47516748186667,0.936899291561108,0.895421403860576
"PPBP","Training_CR",0.212358976273878,0.628330653919746,0.961028898064857,0.906031846011447
"PPP2CA","Training_CR",0.0305419564619545,0.77585461543531,0.970016941419313,0.992278716419766
"GPD2","Training_CR",-0.0596983977053327,0.708029738662706,0.969011449775669,0.979598958624271
"DPYSL3","Training_CR",0.293640138539097,0.135432237434499,0.854607847832103,0.555953851765985
"AKR7A2","Training_CR",0.0979924399399259,0.352588648868592,0.919110135870046,0.902891820541724
"IARS2","Training_CR",0.136517156943494,0.305130141749578,0.898479592621058,0.850400237807923
"NSFL1C","Training_CR",-0.112130710316707,0.286451294069908,0.898479592621058,0.869198001810192
"RPL22","Training_CR",0.0882981168673105,0.452589796570533,0.931163754555142,0.932393803343089
"METTL7A","Training_CR",-0.0912058919446785,0.565496643619009,0.959555749443435,0.949336459137634
"GNB1","Training_CR",-0.26418787671202,0.26606493132644,0.893457202957737,0.704837017010669
"SERPINH1","Training_CR",-0.0886055775576562,0.811624684326987,0.971227675365609,0.981676442597274
"PGP","Training_CR",0.0151649621363426,0.924501945582465,0.991779847987079,0.998810256902761
"CLTC","Training_CR",0.156625401940895,0.394541760478259,0.928070152159885,0.864446062286231
"ATP1A2","Training_CR",0.0377246556226467,0.850746725444243,0.982151748699993,0.993920710052086
"MGST1","Training_CR",-0.513527977967163,0.381770119041622,0.92671348387524,0.609878877725246
"RAD23A","Training_CR",-0.11762307424579,0.357806898729753,0.921930061501151,0.886132752837064
"CUTA","Training_CR",0.00867810495324051,0.952167628174103,0.994412559915625,0.999574740253142
"SERPINB6","Training_CR",-0.0730331871601955,0.503871295369142,0.946469755507393,0.951172866517354
"ATIC","Training_CR",-0.0894470332782262,0.411105373218686,0.930067385561363,0.923568803579078
"LRPPRC","Training_CR",0.171954426724133,0.249459646505996,0.880970498265738,0.787610564258645
"NQO2","Training_CR",0.00091316752131831,0.997178213132444,0.999947790244227,0.999997419596816
"PPP1R1A","Training_CR",-0.160301634039262,0.359631824388664,0.922655481323549,0.848796011757672
"ADSS2","Training_CR",0.0313298290945614,0.903759856711366,0.990730825226672,0.996834704637712
"SOD3","Training_CR",-0.384177455760469,0.216936235770835,0.871879310979257,0.555947465596603
"FAM162A","Training_CR",0.447844334708348,0.0671367956420389,0.831204915433407,0.298305289574336
"CAV3","Training_CR",NA,NA,NA,NA
"PSMA1","Training_CR",-0.0588993877669584,0.570288151474574,0.959555749443435,0.967462424738278
"NDUFS6","Training_CR",0.183509953831152,0.455668509129006,0.93391161057796,0.865682616483215
"ANXA4","Training_CR",0.21334889521537,0.320947889472406,0.900228834840243,0.784690420924154
"PPIB","Training_CR",0.250307359168742,0.32277385507876,0.901565719171659,0.753483320052618
"RPL5","Training_CR",0.202720385519379,0.108861383442364,0.850575710898045,0.637903074608421
"ATP5IF1","Training_CR",-0.729480641438334,0.350564307321269,0.917889751230498,0.465496957888001
"SH3BGR","Training_CR",-0.176985201295201,0.479014629109057,0.936899291561108,0.877862432196389
"IMPA2","Training_CR",-0.10678245523696,0.698544507175361,0.969011449775669,0.962415616795046
"DYNLL2","Training_CR",0.166102063635501,0.355933505142333,0.921930061501151,0.84232840018342
"LAMA4","Training_CR",-0.382992625469946,0.482923167188358,0.936899291561108,0.756706772071875
"RAB6A","Training_CR",0.104021299798154,0.482563387566235,0.936899291561108,0.9270067876387
"RPS3","Training_CR",0.199513485188493,0.0941036861887933,0.850575710898045,0.624051861111679
"GFM1","Training_CR",-0.0399504617303439,0.810018612017248,0.971227675365609,0.991617843295412
"ATP1A1","Training_CR",0.139205044708108,0.402034526234848,0.928070152159885,0.880869275432773
"RAD23B","Training_CR",-0.173611958686555,0.0928715919720039,0.850575710898045,0.66193009499716
"KRT2","Training_CR",0.117129987051038,0.788523494229786,0.970016941419313,0.972554392927599
"APOE","Training_CR",0.393832130060904,0.316232681659382,0.898479592621058,0.635457622694041
"TACO1","Training_CR",-0.100291370238734,0.716578821035585,0.970016941419313,0.967128596826332
"PSMB2","Training_CR",0.00347201483695869,0.975571021256452,0.998119050779266,0.999914132716651
"CNN1","Training_CR",0.479687832163192,0.150792581050166,0.854607847832103,0.403532828275464
"ME1","Training_CR",-0.26502966323658,0.0660757869106808,0.831204915433407,0.486716668585515
"NONO","Training_CR",-0.122867182496927,0.523628621939827,0.947981625261886,0.923585687186941
"HINT2","Training_CR",-0.299666261964182,0.155759261069845,0.854607847832103,0.572803512319122
"CAVIN3","Training_CR",-0.583189565523284,0.180528741092011,0.866553060931186,0.368489901933234
"NDUFS7","Training_CR",0.191916079080606,0.472549280917518,0.936899291561108,0.866006526820775
"CLEC3B","Training_CR",0.415520853098261,0.155590124732275,0.854607847832103,0.461584995882859
"PHKA1","Training_CR",0.139143802321295,0.472920478356515,0.936899291561108,0.901049774851957
"CHCHD3","Training_CR",0.248417285229596,0.208971730970623,0.871879310979257,0.67779442526083
"CAVIN4","Training_CR",0.169779833906837,0.412820657164835,0.930067385561363,0.860526081602138
"CAB39","Training_CR",0.0147809603381557,0.928107133806935,0.991779847987079,0.998897828368138
"GLRX5","Training_CR",0.277767869377277,0.284918371119337,0.898479592621058,0.705567977549269
"ACO1","Training_CR",-0.277726413058337,0.042463680750753,0.784271519096599,0.415876384115463
"BSG","Training_CR",0.0729771575551261,0.553577699917453,0.956215868706334,0.957762664278672
"PLS3","Training_CR",0.297430099879698,0.233414353930541,0.871879310979257,0.648727214105917
"TUBB2A","Training_CR",-0.0525442112454826,0.84360794456865,0.981812917314767,0.991103749830768
"GPX4","Training_CR",-0.238420576026769,0.107183727207851,0.850575710898045,0.587168519142183
"FHOD1","Training_CR",0.13380320470263,0.471461551608716,0.936899291561108,0.9042865386437
"PRPS1","Training_CR",-0.340537645081726,0.0669356575983256,0.831204915433407,0.398191680740256
"F13A1","Training_CR",0.319662753756594,0.33351631845763,0.908534984135941,0.703976716117215
"MICOS13","Training_CR",0.0221238791908434,0.931212512584265,0.991779847987079,0.998424522945046
"PCBD1","Training_CR",-0.0584196346363726,0.666851353780917,0.963363477995176,0.976607017550909
"FKBP2","Training_CR",0.0518585523239494,0.72502956234239,0.970016941419313,0.983463507395641
"PTGR2","Training_CR",-0.0198801333310197,0.921391689648981,0.991779847987079,0.998373736376068
"ISOC2","Training_CR",0.154776948341176,0.393346981125434,0.928070152159885,0.865527035987308
"KPNB1","Training_CR",0.109190464402356,0.303249855852334,0.898479592621058,0.877844448911167
"NDUFS2","Training_CR",0.246818836480815,0.228658139635084,0.871879310979257,0.694760627009611
"CFD","Training_CR",0.215545925757809,0.695686630580447,0.968859838608991,0.924768239680306
"TBCA","Training_CR",0.00473765118735159,0.974171671048641,0.998119050779266,0.999876034073066
"NAP1L4","Training_CR",0.233986861885215,0.0337188207105797,0.733707469123299,0.452419668537269
"CPT2","Training_CR",0.144002830036019,0.459431917492424,0.936314734649643,0.894043997142651
"MYH4","Training_CR",0.226547050315778,0.653326405973501,0.9611761343664,0.908067839457124
"CCT6A","Training_CR",0.082240420335534,0.415438312941461,0.930067385561363,0.930305991517473
"MAP2K3","Training_CR",0.0330771809574752,0.878288866132091,0.987158153836999,0.995716452900647
"TOLLIP","Training_CR",0.0246534189299332,0.877249933019347,0.987158153836999,0.996776512520799
"APOOL","Training_CR",0.0750012551008457,0.727306747943209,0.970016941419313,0.976401971642793
"CACNB3","Training_CR",-0.228790931609508,0.23633636513299,0.871879310979257,0.718901634974688
"GSR","Training_CR",0.0188181306826412,0.871955114973111,0.987158153836999,0.997424911221282
"PSMB4","Training_CR",-0.0108361696471846,0.922412649854736,0.991779847987079,0.999125225646366
"FAH","Training_CR",-0.335754659603587,0.160400246457981,0.854607847832103,0.540933509578183
"B2M","Training_CR",-0.0893104363119068,0.769294914623734,0.970016941419313,0.976847802295783
"CILP","Training_CR",0.842890636570397,0.13007327525659,0.854607847832103,0.179208012552868
"ITGB1","Training_CR",-0.145020979237273,0.473033536917354,0.936899291561108,0.897124071290852
"KLHL40","Training_CR",0.21091037158077,0.492959747085043,0.93844710651945,0.861411668831097
"APOM","Training_CR",0.223700682473295,0.681479070299858,0.965640709691675,0.917789776282784
"CAND2","Training_CR",-0.167058344267529,0.404189837589815,0.928070152159885,0.859561206202143
"RAB11B","Training_CR",0.0561191102017595,0.767737265612073,0.970016941419313,0.985276749509053
"PPP1CB","Training_CR",0.162196981738658,0.17652666088653,0.863218966982807,0.754805237485382
"RIDA","Training_CR",-0.0348789280241899,0.836381869955632,0.980064846151035,0.993787559852671
"APRT","Training_CR",0.0637482934165821,0.731130427656849,0.970016941419313,0.980234320794775
"FBN1","Training_CR",-0.245124024971771,0.550289531725198,0.954933393737001,0.863798973040281
"MTHFD1","Training_CR",-0.272159456727275,0.0102679298541617,0.606193357776546,0.287611511518077
"NDUFB9","Training_CR",0.299949149174829,0.226722589339198,0.871879310979257,0.640739077304372
"HSPA4","Training_CR",-0.0589251639258599,0.472258082943842,0.936899291561108,0.956755500524251
"MCAM","Training_CR",-0.47831818743494,0.350192325249459,0.917889751230498,0.605387668534562
"HPR","Training_CR",0.178323805857065,0.650208561695988,0.9611761343664,0.926110574500293
"ADPRH","Training_CR",-0.140796515226535,0.649530434278809,0.9611761343664,0.941054256418298
"RDX","Training_CR",0.0657959330743445,0.641166884607538,0.9611761343664,0.971179445760335
"IMPA1","Training_CR",-0.116959216773367,0.493739035180926,0.93844710651945,0.920771150262869
"EIF3K","Training_CR",-0.031899655758636,0.907201079173242,0.990730825226672,0.996898076571994
"PSMB5","Training_CR",-0.0745568106040722,0.540098464430945,0.954213696172701,0.955111415625753
"STBD1","Training_CR",0.34762634804397,0.157747435181742,0.854607847832103,0.526248130133052
"COL6A2","Training_CR",-0.313397766708954,0.47714884958263,0.936899291561108,0.79303224084995
"NOL3","Training_CR",0.0259985447463098,0.896970017904381,0.990730825226672,0.997177096240191
"GSTK1","Training_CR",0.0995397114528629,0.482113992893037,0.936899291561108,0.92995260691855
"RPS20","Training_CR",0.0273978655163489,0.874647772806555,0.987158153836999,0.996337218168933
"LANCL1","Training_CR",0.00034688829355289,0.997950195396856,0.999947790244227,0.999999288217275
"MT-CO1","Training_CR",-0.266074746040443,0.428362328718524,0.930067385561363,0.798057672787923
"MYH13","Training_CR",0.212383949235768,0.647030573694856,0.9611761343664,0.911682173344593
"RPS10","Training_CR",-0.101700689110466,0.547611813566122,0.954933393737001,0.940594650456584
"AKR1C2","Training_CR",-0.393042360824198,0.294086245485165,0.898479592621058,0.618141705855017
"FARSB","Training_CR",0.0883811762758846,0.419872906900399,0.930067385561363,0.926170006349966
"LIPE","Training_CR",-1.0117854426558,0.0347730345730894,0.733707469123299,0.0334233895410462
"LGALS3","Training_CR",0.0387669915296645,0.900910673322587,0.990730825226672,0.995962867905588
"SAA4","Training_CR",-0.0356780243750006,0.929214240285404,0.991779847987079,0.997384091311175
"PLEC","Training_CR",0.372589772038825,0.109091988552395,0.850575710898045,0.438017498276798
"MTCH2","Training_CR",0.0309420383733237,0.81971005703971,0.973453520140361,0.993867461984532
"GLOD4","Training_CR",-0.158629070382448,0.20895046049616,0.871879310979257,0.78007993267867
"SAR1B","Training_CR",-0.279219598453354,0.191728219960537,0.866553060931186,0.63053889913906
"CALR","Training_CR",0.0562612291742877,0.689704258081166,0.966623555591181,0.979316285953767
"SAMM50","Training_CR",0.235001460333438,0.319034412140194,0.898479592621058,0.764541554080697
"GNPDA1","Training_CR",-0.168742630195108,0.122226355405799,0.854607847832103,0.70140005867721
"RPS9","Training_CR",0.0925924517993746,0.463662621463334,0.936899291561108,0.931306926023709
"TMEM11","Training_CR",0.21882268318906,0.215521576824025,0.871879310979257,0.714747522770081
"PPA1","Training_CR",-0.0362933192667132,0.751797492779818,0.970016941419313,0.989699360008992
"LYPLA1","Training_CR",0.134832005161849,0.472759464480861,0.936899291561108,0.90392227794108
"CYB5A","Training_CR",-0.141611849537879,0.675207904206985,0.965188116548965,0.945902408765882
"USP5","Training_CR",-0.180842130401887,0.10661259458632,0.850575710898045,0.66709367091653
"PDLIM7","Training_CR",0.150173977071747,0.598745354558178,0.959555749443435,0.925864790612546
"C11orf54","Training_CR",-0.0773128828588554,0.725584782724985,0.970016941419313,0.975504777083856
"RPS15A","Training_CR",0.14095805015655,0.360070048313272,0.922655481323549,0.865902863964689
"RAC1","Training_CR",-0.0397116838512588,0.709101673159455,0.969011449775669,0.986441610461778
"CUTC","Training_CR",-0.300920762417821,0.0851189159290641,0.850575710898045,0.47645581678713
"TXNDC17","Training_CR",0.203122360940375,0.0696226308426738,0.831204915433407,0.582018427397237
"MYOZ2","Training_CR",-0.0173136498594406,0.982930299742336,0.998119050779266,0.999701954154799
"ATL3","Training_CR",-1.04223157549915,0.00964945928428153,0.606193357776546,0.00793204854202021
"RPSA","Training_CR",-0.141886643148961,0.198191214105403,0.866770683182283,0.794814286571683
"PPP1CA","Training_CR",0.125512777802909,0.345901749646566,0.913691584764319,0.875251129836405
"XIRP1","Training_CR",-0.129209207903809,0.638121347175499,0.9611761343664,0.943608200478577
"TMA7","Training_CR",0.228152674880738,0.76793866745202,0.970016941419313,0.94153602672172
"BGN","Training_CR",0.713342917452515,0.0486634765853204,0.800280871790097,0.115751240058229
"TUBB6","Training_CR",0.00083449039583527,0.997894140252441,0.999947790244227,0.999998240828877
"MPC2","Training_CR",-0.23442333125889,0.296167253166703,0.898479592621058,0.751823595896077
"CCT4","Training_CR",-0.0300171505695719,0.741653739107467,0.970016941419313,0.991068812181382
"PSMB6","Training_CR",-0.116829251592375,0.352497518547171,0.919110135870046,0.885308393795247
"CUL5","Training_CR",0.0683409489337858,0.679585208663492,0.965493542012452,0.973947147913394
"SBDS","Training_CR",0.0454727496228742,0.797979866240968,0.970101093085855,0.989790551520574
"RPL23A","Training_CR",0.00331065255993934,0.978317804039117,0.998119050779266,0.999927430782807
"BAG3","Training_CR",0.0849968135379555,0.649968141220287,0.9611761343664,0.96404303689276
"HDGF","Training_CR",0.0666039143730224,0.54947026020163,0.954933393737001,0.960902371440793
"ATP1B1","Training_CR",0.115770981370499,0.586866636688355,0.959555749443435,0.940163922194218
"NCL","Training_CR",-0.00823709340105516,0.941798439571237,0.991779847987079,0.999506192910384
"CLIC5","Training_CR",0.0592556334556598,0.76523627242949,0.970016941419313,0.984269962161953
"PSME1","Training_CR",-3.34584371337598e-05,0.999813041805682,0.999947790244227,0.999999993744086
"RPS3A","Training_CR",-0.0430008301377214,0.681699709674048,0.965640709691675,0.983658537174592
"CCT8","Training_CR",0.0174454672783124,0.831834180485817,0.977178872740988,0.99679305614173
"EIF4G1","Training_CR",0.0116150227636531,0.929537717784298,0.991779847987079,0.999151674778554
"VAPA","Training_CR",-0.0485753722018334,0.759493161921386,0.970016941419313,0.986725614915746
"GCSH","Training_CR",0.11007702617092,0.626333487890594,0.961013085913306,0.949801756269048
"EPB41","Training_CR",-0.273924902273574,0.416959530993169,0.930067385561363,0.78692666241987
"NME1","Training_CR",-0.220296103628048,0.126891408585485,0.854607847832103,0.634584720651682
"CD9","Training_CR",-0.134518946803368,0.708882378673226,0.969011449775669,0.954771388704546
"MAP2K6","Training_CR",0.170704165955311,0.34553778932882,0.913691584764319,0.834102202247918
"CCT5","Training_CR",0.0655836418990461,0.491285388326765,0.93844710651945,0.95445740036664
"GDI1","Training_CR",0.0128941331386301,0.910032935192088,0.991779847987079,0.998785150732779
"NAXD","Training_CR",-0.0308927344607373,0.864311216936619,0.984232367013269,0.995505279862646
"SNTB2","Training_CR",0.207977051035742,0.178688906405122,0.866553060931186,0.698961834400397
"COQ6","Training_CR",-0.2505278303836,0.333854308407084,0.908534984135941,0.75969237109807
"RPS12","Training_CR",0.0751311053100476,0.492589273088139,0.93844710651945,0.948191492597538
"DHRS7C","Training_CR",0.300262204106568,0.201164509605124,0.869960260722374,0.617849638861869
"CMPK1","Training_CR",-0.0820700111206829,0.589856759581805,0.959555749443435,0.957602271737568
"RSU1","Training_CR",-0.124084385404348,0.528667109486288,0.949788255431153,0.92395590383734
"RPL10A","Training_CR",0.121587184310551,0.449378783681747,0.931163754555142,0.907323459132904
"CAPN2","Training_CR",0.141227184925352,0.196196530718151,0.866553060931186,0.7945272315418
"PAFAH1B2","Training_CR",-0.461111572997538,0.017544052390102,0.653612906301093,0.155005812313647
"YBX1","Training_CR",0.290849553435953,0.0457438970236796,0.790911631197516,0.407716697651487
"BCAP31","Training_CR",-0.048581932144403,0.828368132387615,0.977178872740988,0.990893852242225
"CCT7","Training_CR",0.0281945298447894,0.769940030928501,0.970016941419313,0.99265584847965
"TSN","Training_CR",-0.0658656466762544,0.61972366377975,0.959555749443435,0.96897593695624
"PSMB3","Training_CR",-0.289213403752109,0.0481574260178279,0.800280871790097,0.415918807562791
"CAPZB","Training_CR",0.341044044930097,0.115304647702471,0.854464380042076,0.478683483026653
"HPRT1","Training_CR",-0.258833760294259,0.311311179833549,0.898479592621058,0.739301662751268
"MYLK2","Training_CR",-0.378511251598885,0.203766140912725,0.871879310979257,0.547644457115571
"MFGE8","Training_CR",0.175897268974767,0.76206883723939,0.970016941419313,0.953329654562336
"NDUFB6","Training_CR",0.2475696775657,0.261299765130396,0.887384350888374,0.717300766565247
"SEPTIN7","Training_CR",0.116106703566043,0.565202881070869,0.959555749443435,0.935899609113743
"NPM1","Training_CR",0.0596744840655479,0.676069653463476,0.965188116548965,0.976910611425013
"PHGDH","Training_CR",0.0253873762842307,0.958419809280794,0.995555930415753,0.998922394834266
"BLMH","Training_CR",0.0332747634603123,0.77493808347164,0.970016941419313,0.991551750912888
"VAMP5","Training_CR",0.275964556288512,0.341631360225611,0.913691584764319,0.743495708275671
"SYNPO2","Training_CR",0.464064091115546,0.132235263786097,0.854607847832103,0.391064890268214
"SUMO2","Training_CR",-0.0135972507465318,0.937576128764078,0.991779847987079,0.99912394161522
"EHD4","Training_CR",0.226746891173056,0.30791097890291,0.898479592621058,0.765600130327347
"GANAB","Training_CR",0.0699446632771554,0.68881378517908,0.966623555591181,0.974262725282143
"GNB2","Training_CR",-0.096511961496768,0.57876738664472,0.959555749443435,0.948590563678084
"ACOT9","Training_CR",0.213552652363317,0.121056792395305,0.854607847832103,0.637044694866888
"UQCR11","Training_CR",0.445101972496561,0.0761094531210668,0.849947892761308,0.317779673950615
"TPD52L2","Training_CR",-0.0556223061480683,0.775387791213199,0.970016941419313,0.985949769241933
"RPLP0","Training_CR",0.210461241389975,0.0561210083670522,0.831204915433407,0.545430466135413
"COL14A1","Training_CR",0.840006959068791,0.069585118890279,0.831204915433407,0.106587358344273
"UCHL3","Training_CR",0.0996142350391356,0.510522912302282,0.946469755507393,0.93522080861847
"ACADSB","Training_CR",-0.214074497994293,0.310364003217642,0.898479592621058,0.778435463886223
"RPS5","Training_CR",0.192740550095154,0.307768070675267,0.898479592621058,0.796819452475502
"FN1","Training_CR",0.0506890418504433,0.891181408268405,0.989761050327982,0.994177271968708
"DYNC1H1","Training_CR",0.137768003554651,0.15411079514939,0.854607847832103,0.772875218511535
"HNRNPD","Training_CR",0.0905276703799522,0.407001967938491,0.930067385561363,0.921844526672132
"CHCHD2","Training_CR",0.0769871049586879,0.610857231044199,0.959555749443435,0.962764612020294
"VCAN","Training_CR",0.00917737046055045,0.978593525589874,0.998119050779266,0.999801431367567
"HSPB3","Training_CR",-0.265192050480172,0.187903097516118,0.866553060931186,0.641878830398457
"ALDH3A2","Training_CR",0.0644154856280341,0.660961357439803,0.962382182664018,0.973680683304939
"CAND1","Training_CR",-0.0859956382611884,0.635122379900547,0.9611761343664,0.961715460242247
"LAMB2","Training_CR",0.191970378768417,0.646858468952576,0.9611761343664,0.919773692396739
"NDUFS5","Training_CR",0.464523311293211,0.0881616461487267,0.850575710898045,0.323636748623733
"MAPRE2","Training_CR",-0.0533869214835114,0.776223339816944,0.970016941419313,0.986567326952217
"NIPSNAP3A","Training_CR",0.0540139320799984,0.83139447050466,0.977178872740988,0.990075851280226
"CACNA1S","Training_CR",-0.376430257943703,0.0132048479627567,0.620054803241233,0.196149493479618
"HSD17B10","Training_CR",0.111135491257679,0.362115423951387,0.923952319773943,0.893248400582156
"COL12A1","Training_CR",1.06187659332068,0.0338871310895954,0.733707469123299,0.0274839002713418
"NACA","Training_CR",-0.0161225702564725,0.898340447203038,0.990730825226672,0.998273053957155
"NDUFC2","Training_CR",-0.216344300963588,0.248947990405725,0.880970498265738,0.740204195883231
"PPIF","Training_CR",0.221025588614646,0.443700338862,0.931163754555142,0.835598797966344
"PPP1R7","Training_CR",0.0692715908982198,0.469154603627564,0.936899291561108,0.948924227940842
"PIN1","Training_CR",-0.176011285885849,0.189138986857994,0.866553060931186,0.745942418180278
"CDH13","Training_CR",0.156970892580604,0.250311693821212,0.881229291590515,0.80459818301493
"ILK","Training_CR",-0.0702449137892138,0.67853716935115,0.965493542012452,0.973125616508103
"GOSR2","Training_CR",0.194558213506449,0.487050789760382,0.938266701150133,0.869390728882525
"CAST","Training_CR",0.00376131803170132,0.980151115434518,0.998119050779266,0.999924593984211
"NARS1","Training_CR",0.172575171155971,0.081518915958138,0.850575710898045,0.64879908886422
"YWHAQ","Training_CR",0.0991797204330034,0.495517685859177,0.93844710651945,0.932730230313046
"MAPT","Training_CR",0.226151636774771,0.229946454768478,0.871879310979257,0.717184405123416
"ALPK3","Training_CR",NA,NA,NA,NA
"ERP44","Training_CR",0.0625797972854549,0.631829825275673,0.961028898064857,0.971676268790322
"NDUFB11","Training_CR",0.310202744807555,0.197504461066646,0.866553060931186,0.604624893415897
"PA2G4","Training_CR",-0.245696707845207,0.043077029336514,0.789526316312748,0.461783781767951
"IQGAP1","Training_CR",0.440605634754728,0.0666000743742332,0.831204915433407,0.303121212609823
"KPNA4","Training_CR",-0.113375054182418,0.40397290431734,0.928070152159885,0.902339903977347
"CTSB","Training_CR",0.0790032502895404,0.658024030450503,0.961919690601341,0.96747668487033
"RPS6KA3","Training_CR",-0.0929236388029278,0.521993457319219,0.946605959987497,0.941378791924917
"TXN2","Training_CR",-0.011774301577022,0.94165604993364,0.991779847987079,0.999292435964602
"MPST","Training_CR",-0.222566264061896,0.0963834582497704,0.850575710898045,0.59411871518366
"ASAH1","Training_CR",-0.505698586724918,0.0333619221598056,0.733707469123299,0.179147251885082
"EIF3J","Training_CR",0.0198653214241258,0.870427097881477,0.987158153836999,0.997247060410462
"MT-ND1","Training_CR",-0.351736762494264,0.320750977599993,0.900228834840243,0.670349248941992
"ALDH1L1","Training_CR",-0.0763127910890766,0.701963091045162,0.969011449775669,0.973356231434139
"IDH3G","Training_CR",0.198557337509737,0.378421801301892,0.92671348387524,0.824525454714853
"CALU","Training_CR",0.242946299754777,0.0201577040243828,0.663164674751046,0.38732027409894
"MYO1C","Training_CR",-0.171389771436111,0.573711468169853,0.959555749443435,0.909164646375494
"TMOD4","Training_CR",0.976508714791546,0.0445208892174684,0.790911631197516,0.0478972746098486
"BZW2","Training_CR",0.441232379804035,0.160515941393262,0.854607847832103,0.446117121696996
"OXSR1","Training_CR",-0.221108495767394,0.036980589576019,0.733707469123299,0.482355070110259
"TPP1","Training_CR",-0.165833318361246,0.473886799468792,0.936899291561108,0.883519307476708
"JSRP1","Training_CR",-0.0949700574347574,0.683111502882848,0.966623555591181,0.964454308607876
"PHKG1","Training_CR",0.0902802860554495,0.702526663732733,0.969011449775669,0.968627232384043
"COX7A2","Training_CR",0.166574241958442,0.391010300606086,0.928070152159885,0.855202690065019
"MT-ND5","Training_CR",0.121787425999054,0.602946727864234,0.959555749443435,0.940244362104677
"MAPK1","Training_CR",0.165238640373126,0.11290513436686,0.850575710898045,0.697383549136093
"SPR","Training_CR",0.313873445430509,0.162719906738814,0.854607847832103,0.565577561883546
"TOMM70","Training_CR",0.238307845847855,0.269480546640474,0.896387529065422,0.731627828470838
"PUDP","Training_CR",-0.0378593019463196,0.878011875189379,0.987158153836999,0.995086797509318
"FBLN1","Training_CR",0.214595244932083,0.435400142178664,0.930067385561363,0.83657947168122
"PGRMC2","Training_CR",-0.0742369537971328,0.529246979714175,0.949788255431153,0.953861325394317
"BLVRA","Training_CR",-0.0417084939541326,0.791993066609279,0.970016941419313,0.990320618748192
"CLIC1","Training_CR",0.0883729435888778,0.712792675467251,0.969263539786777,0.970523213793459
"NDUFA12","Training_CR",0.321852014570977,0.278953566193897,0.898479592621058,0.663045498244068
"SETD7","Training_CR",0.078409305886197,0.604146144468596,0.959555749443435,0.961256958762703
"PGM5","Training_CR",-0.0271633082966982,0.897716739993174,0.990730825226672,0.997073351174099
"CAPZA2","Training_CR",0.281122239836018,0.13953295778529,0.854607847832103,0.574843501815358
"COQ7","Training_CR",0.0856183270592314,0.649408285574693,0.9611761343664,0.963713826403318
"EIF5","Training_CR",0.211646070455776,0.188461008601544,0.866553060931186,0.702430694407226
"SNCG","Training_CR",-0.0932917951360501,0.830103090475331,0.977178872740988,0.982778579245647
"HNRNPL","Training_CR",0.0940591127780355,0.594800441714682,0.959555749443435,0.952308285726325
"TPPP3","Training_CR",0.29216927786409,0.230215464979196,0.871879310979257,0.651081410821375
"PSMD8","Training_CR",-0.00844978178424682,0.94933360796881,0.993222083297331,0.999560750045425
"GSTZ1","Training_CR",0.0612397023909601,0.791901435273625,0.970016941419313,0.985813247940592
"MYH14","Training_CR",0.0719219701852101,0.720667322115483,0.970016941419313,0.976715340011052
"SPTBN1","Training_CR",0.0744036451134189,0.794394151201538,0.970016941419313,0.983019916248968
"MAOA","Training_CR",-0.409846328941303,0.0738636727295085,0.84854869963421,0.343740383949637
"RRAS","Training_CR",-0.37904120512191,0.0897345894418982,0.850575710898045,0.400985484062834
"SERPINB1","Training_CR",0.268777025408964,0.0359607752815954,0.733707469123299,0.409109935588831
"UGDH","Training_CR",0.210556705879457,0.565321080801749,0.959555749443435,0.886837582055768
"DARS1","Training_CR",0.0262620562258782,0.811850872327687,0.971227675365609,0.994540928674866
"RAB2A","Training_CR",-0.196031470330411,0.029902178581744,0.733707469123299,0.502562158918885
"PPP2R2A","Training_CR",0.0757047531439508,0.562035026456398,0.959555749443435,0.957317280912416
"DIABLO","Training_CR",-0.14107298308455,0.382905731374827,0.92671348387524,0.873344372171556
"COQ3","Training_CR",-0.0828302375042629,0.780229053901738,0.970016941419313,0.979654036974956
"SCRN2","Training_CR",-0.282340069968793,0.11263168248451,0.850575710898045,0.539816033132632
"UNC45B","Training_CR",0.272207820055735,0.176400380653064,0.863218966982807,0.623578705876775
"ACTR1A","Training_CR",0.106005970946221,0.273781190659965,0.898479592621058,0.871688714229194
"PKIA","Training_CR",-0.23039474850497,0.101044195015367,0.850575710898045,0.589718357253958
"PTGR1","Training_CR",0.0566261520233038,0.746963519448604,0.970016941419313,0.983615654684447
"STRAP","Training_CR",0.0351848671875672,0.762734619318445,0.970016941419313,0.990515613627298
"ALDH1B1","Training_CR",0.699876000976174,0.00638159953282782,0.606193357776546,0.0290886033489146
"PABPC1","Training_CR",0.138285504608996,0.133984059997499,0.854607847832103,0.757328153801249
"GCLC","Training_CR",-0.218806818855068,0.378172383662881,0.92671348387524,0.808342942590367
"EPDR1","Training_CR",-0.0483259785167753,0.811678052063236,0.971227675365609,0.989967377763458
"RPS2","Training_CR",0.325157154955717,0.00355452179751962,0.531758809950097,0.159815529197963
"CNDP2","Training_CR",0.0945633914316879,0.555394330833204,0.956969598809944,0.945907450493009
"OBSCN","Training_CR",0.411770796376345,0.153673433559012,0.854607847832103,0.462450377192208
"SERPINF2","Training_CR",0.0972946001497288,0.758884668348426,0.970016941419313,0.973512988767013
"COPS8","Training_CR",-0.0525588673573747,0.664891232002478,0.963363477995176,0.978777489435435
"RPS6","Training_CR",0.183170282008971,0.183616091311197,0.866553060931186,0.733111989847856
"RPS18","Training_CR",0.0849739049646043,0.296525526308381,0.898479592621058,0.90185985180168
"SNX3","Training_CR",0.106984132829975,0.367231028126798,0.924150665202413,0.898370361727366
"LRRC47","Training_CR",0.0261405905823064,0.877855383061374,0.987158153836999,0.996600367986903
"SGCD","Training_CR",-0.0114240705552184,0.949786715223104,0.993222083297331,0.999411629834189
"PSMD10","Training_CR",-0.0940420854353086,0.56444446767844,0.959555749443435,0.94763685256557
"PSMC3","Training_CR",-0.093131944463348,0.316122969570779,0.898479592621058,0.898298390810903
"NDUFB8","Training_CR",0.0398080437562687,0.877369356823823,0.987158153836999,0.994805562459925
"AGMAT","Training_CR",-0.491192437866056,0.212562576951077,0.871879310979257,0.467376212657199
"ADIPOQ","Training_CR",0.048646054775352,0.736030715607554,0.970016941419313,0.985201382346316
"PSMC2","Training_CR",-0.0445951672519556,0.645220085079098,0.9611761343664,0.980649680098958
"CDC37","Training_CR",0.0757246320322924,0.607339528677025,0.959555749443435,0.962942674527121
"PDCD5","Training_CR",0.0699628493379851,0.596042642810473,0.959555749443435,0.964445657124984
"PSMB7","Training_CR",-0.116446773022728,0.518030752211242,0.946469755507393,0.926270055984889
"LRG1","Training_CR",0.168100660820109,0.615580926530949,0.959555749443435,0.92167688388712
"TYMP","Training_CR",-0.0762692057438841,0.808050919083735,0.971227675365609,0.983876132595534
"OTUB1","Training_CR",0.0803218166117858,0.544491188650788,0.954933393737001,0.952344999900168
"GRB2","Training_CR",-0.116422645862505,0.398746034780038,0.928070152159885,0.898487450937551
"TST","Training_CR",-0.215110349744098,0.299603745389085,0.898479592621058,0.77161363498117
"RPN1","Training_CR",0.0175386616163937,0.873725805769888,0.987158153836999,0.997635279657676
"AFG3L2","Training_CR",-0.105077205981917,0.657786057839431,0.961919690601341,0.956940300441189
"ECPAS","Training_CR",0.132914720368426,0.404534141572655,0.928070152159885,0.886662942437108
"LASP1","Training_CR",0.0719892091421528,0.818972670036604,0.973453520140361,0.985726275732043
"DMD","Training_CR",0.0216635911097125,0.918427886940739,0.991779847987079,0.998158302116786
"MT-ND2","Training_CR",-0.204708415874119,0.345293726556717,0.913691584764319,0.804383841496067
"MCTS1","Training_CR",0.123677004443726,0.443475313859697,0.931163754555142,0.904327778440869
"HNRNPH1","Training_CR",-0.00495358198146256,0.958652774311213,0.995555930415753,0.999790850236682
"DNPH1","Training_CR",0.0351390430124159,0.843161974694879,0.981780747450244,0.994023344527064
"RPS28","Training_CR",0.0744294644136314,0.631449912936001,0.961028898064857,0.966360860448176
"DCD","Training_CR",0.330377758743905,0.611625903236147,0.959555749443435,0.850079768532211
"ASS1","Training_CR",-0.259129313603729,0.312991566142418,0.898479592621058,0.740078381248919
"AOX1","Training_CR",-0.618611683319683,0.270947603140567,0.896387529065422,0.445837124652711
"GBE1","Training_CR",0.086020042902188,0.518549739592583,0.946469755507393,0.945074966874974
"AQP1","Training_CR",0.0696182938329226,0.803391659138291,0.971227675365609,0.98487520101365
"KLKB1","Training_CR",-0.0399777008888496,0.914189085307423,0.991779847987079,0.99641971111295
"L2HGDH","Training_CR",0.167540612795591,0.49300794280308,0.93844710651945,0.888260923334361
"EIF1","Training_CR",0.0948564231049076,0.609938226078559,0.959555749443435,0.954185876402102
"ELOB","Training_CR",0.175388390448568,0.239095483583019,0.877780208077721,0.778052017624838
"PPP3CB","Training_CR",-0.27578553251478,0.205849326200923,0.871879310979257,0.646676187808237
"KPNA3","Training_CR",0.319982161598778,0.181612460402523,0.866553060931186,0.579348412303308
"YBX3","Training_CR",0.188948546349456,0.420633517983804,0.930067385561363,0.849057659411485
"PDIA6","Training_CR",0.108152241288085,0.447588522999887,0.931163754555142,0.916730699132631
"APMAP","Training_CR",-0.0393145120246672,0.885977511118905,0.987968995516696,0.995251748031401
"RPL18","Training_CR",0.158590127695568,0.203779720829811,0.871879310979257,0.777033510896008
"THY1","Training_CR",1.07534433897036,0.00504765591543834,0.555990471977001,0.0033886799854414
"RETSAT","Training_CR",-1.37401300456026,0.0247845156547315,0.716959302253136,0.00621703105021069
"PEA15","Training_CR",0.175486468722688,0.53267124931298,0.95326536307951,0.895359200924642
"TIMM13","Training_CR",-0.0522125545348491,0.823720031743212,0.976934856335342,0.989925790849139
"NIT2","Training_CR",-0.050561522002786,0.706522606183635,0.969011449775669,0.982588289896854
"DHRS7B","Training_CR",0.0277790804989557,0.884084888748838,0.987968995516696,0.996583406248843
"MYH10","Training_CR",0.0303038351991454,0.903783308294412,0.990730825226672,0.996938987280093
"PGLS","Training_CR",0.00355351774900647,0.981309674062545,0.998119050779266,0.999932957326614
"PSMD14","Training_CR",-0.0459748074058837,0.690042804782709,0.966623555591181,0.983087913177215
"COQ10A","Training_CR",0.130964753031412,0.651298201745262,0.9611761343664,0.945391575327406
"TRIP10","Training_CR",0.110700663911715,0.435203669931107,0.930067385561363,0.912017192444169
"SCRN1","Training_CR",NA,NA,NA,NA
"NT5C1A","Training_CR",-0.249692747838468,0.267173833060018,0.895927895498747,0.719241269810504
"PCBP2","Training_CR",0.162277227034574,0.324926426854723,0.902757306134151,0.833247135315194
"CIRBP","Training_CR",0.103369936597836,0.418921098001716,0.930067385561363,0.913986609113354
"NCLN","Training_CR",0.13139929090768,0.647310268963072,0.9611761343664,0.944452925096087
"COX6A2","Training_CR",0.126472361766053,0.784969761951144,0.970016941419313,0.9698438170045
"TPM4","Training_CR",0.341405141266668,0.236477000527617,0.871879310979257,0.611235139701516
"NDUFS8","Training_CR",0.0380388156383535,0.88633286811452,0.987968995516696,0.995420651090175
"PNPO","Training_CR",-0.493629701476165,0.00922639380991535,0.606193357776546,0.0989644801155319
"BCL2L13","Training_CR",0.0469947323991295,0.795674463387181,0.970016941419313,0.989316124683629
"PABPC4","Training_CR",-0.0001766309626312,0.999128455758035,0.999947790244227,0.999999845991191
"PHKA2","Training_CR",0.457811477249846,0.147153746917604,0.854607847832103,0.415906933842065
"ANXA3","Training_CR",-0.285630844110431,0.108432917738454,0.850575710898045,0.53016647673531
"DNAJA4","Training_CR",0.198692775989747,0.302602454343144,0.898479592621058,0.788593340512631
"PCCA","Training_CR",0.0305696264353355,0.877204855157598,0.987158153836999,0.996002938320586
"SET","Training_CR",0.308574694639601,0.0538470065863144,0.828325352416867,0.405946281415042
"PHKB","Training_CR",0.272116161729132,0.249705278325107,0.880970498265738,0.685536124088977
"COPS4","Training_CR",-0.0384843229566769,0.749782732112431,0.970016941419313,0.988978783621814
"GSS","Training_CR",-0.154671364583317,0.233174545083482,0.871879310979257,0.798359281762625
"GALM","Training_CR",0.192583845205981,0.301857142273734,0.898479592621058,0.793995725076356
"RPS7","Training_CR",-0.129269857959924,0.49022905556592,0.93844710651945,0.911964491641273
"TMED9","Training_CR",0.141606969894228,0.41034629667239,0.930067385561363,0.881494114737416
"ARPC3","Training_CR",0.316902794272613,0.192150133379363,0.866553060931186,0.59290311635086
"RPS4X","Training_CR",0.147915648756548,0.190796033560862,0.866553060931186,0.782681281616495
"PDXK","Training_CR",-0.12275251606569,0.514784441156067,0.946469755507393,0.92172484453468
"SNTA1","Training_CR",-0.0605499183856342,0.746736026826386,0.970016941419313,0.982472218326044
"AKAP12","Training_CR",0.313069345472506,0.24650633667908,0.880970498265738,0.645059859253937
"LAMB1","Training_CR",-0.12726900845521,0.758877543243723,0.970016941419313,0.965493982251407
"COPS6","Training_CR",-0.147119120839257,0.248729226321949,0.880970498265738,0.814891637141452
"COL4A2","Training_CR",0.00466965830487887,0.992786950601002,0.999947790244227,0.999966196031332
"VAPB","Training_CR",0.299228321496146,0.0987628852909849,0.850575710898045,0.500211855942307
"FXN","Training_CR",-0.175294337945427,0.342183517082959,0.913691584764319,0.828625425040285
"RPS24","Training_CR",0.290733470696276,0.0298718904562295,0.733707469123299,0.360336150968365
"RAB21","Training_CR",-0.0836750044911554,0.639623739651451,0.9611761343664,0.963298175831297
"KARS1","Training_CR",0.058358234209857,0.607842988671015,0.959555749443435,0.971364994494198
"ADHFE1","Training_CR",0.310986382320838,0.288315817122902,0.898479592621058,0.679244998226852
"NDUFB7","Training_CR",0.086323126060531,0.710969564305312,0.969263539786777,0.970982306211687
"AHNAK2","Training_CR",0.625764365738908,0.164879971576559,0.855080176930266,0.323691704771876
"DMTN","Training_CR",-0.367548528846031,0.365530127454702,0.924150665202413,0.690801158195303
"MAP1LC3B2","Training_CR",0.0243846679807707,0.905804008334235,0.990730825226672,0.997590475733924
"LAMP2","Training_CR",-0.130763511892676,0.352103093159523,0.919110135870046,0.87241064529168
"CAMK2B","Training_CR",0.16923407460737,0.373627474906795,0.926038458099596,0.846529460472804
"RRBP1","Training_CR",-0.264549550205157,0.594871851517334,0.959555749443435,0.871613236714665
"PRMT1","Training_CR",-0.069079106742663,0.711331879021071,0.969263539786777,0.976745197890004
"TXNRD1","Training_CR",-0.06907265259375,0.563515977762648,0.959555749443435,0.961157220555598
"CPA3","Training_CR",-0.543122478119008,0.0377242468478246,0.736389566517291,0.168628369599681
"HSPG2","Training_CR",-0.0370913897897989,0.904223628831497,0.990730825226672,0.996272655694294
"HDHD5","Training_CR",0.0454323855848617,0.853616786926702,0.982518650724358,0.992835075323948
"PPA2","Training_CR",0.0398714102836504,0.790263224076837,0.970016941419313,0.990658605330672
"GPNMB","Training_CR",0.820745628131236,0.10229413174871,0.850575710898045,0.153935684661043
"ARL8B","Training_CR",-0.0894450320389311,0.417290330408517,0.930067385561363,0.924804838938436
"PTGES2","Training_CR",0.0954105991567147,0.68629891014741,0.966623555591181,0.964720787973357
"ACSL3","Training_CR",0.17059535252757,0.334238338727963,0.908534984135941,0.829480556912173
"GNG12","Training_CR",0.0384574258439709,0.850894620002928,0.982151748699993,0.993809635000884
"DNAJA2","Training_CR",0.197333952959493,0.252058334526984,0.882107931965132,0.761896254872082
"RPL27A","Training_CR",0.128818679363096,0.516152753646525,0.946469755507393,0.918333597301469
"TXNL1","Training_CR",-0.116610468006241,0.268733015727292,0.896387529065422,0.857931981952573
"MAP3K20","Training_CR",-0.347693753473171,0.13971189524769,0.854607847832103,0.504432415294786
"COLEC12","Training_CR",NA,NA,NA,NA
"YWHAH","Training_CR",0.129701813827852,0.249440351845879,0.880970498265738,0.835190390011431
"CSE1L","Training_CR",0.0691777823067703,0.603335648079631,0.959555749443435,0.96564958309479
"TFG","Training_CR",0.101318745534067,0.602769425214844,0.959555749443435,0.950003481603265
"SNX2","Training_CR",0.216406800433713,0.313706142904624,0.898479592621058,0.778115664483862
"PDCD6IP","Training_CR",0.020036561744778,0.82169763877904,0.975232837720452,0.996072895472814
"RPS19","Training_CR",0.0904947855007929,0.429735318187288,0.930067385561363,0.926417195490111
"PTPA","Training_CR",-0.428280302960932,0.0146700715845953,0.640415306811153,0.16395287674238
"ARPC4","Training_CR",0.270798895050646,0.164890513085678,0.855080176930266,0.61378666983734
"CTBP1","Training_CR",0.589974431684912,0.00746626387725156,0.606193357776546,0.0556141557482008
"TFAM","Training_CR",-0.0978233895437643,0.655250924300222,0.961546227312236,0.959489824315167
"PGRMC1","Training_CR",0.119874374970601,0.526787281965554,0.949383923043383,0.926043106845177
"RPL12","Training_CR",0.173701313630907,0.282433056602102,0.898479592621058,0.802829469173273
"GGCT","Training_CR",-0.152133960326649,0.311511119202634,0.898479592621058,0.837413823416715
"MRPS21","Training_CR",-0.100623728439043,0.801688456960477,0.971227675365609,0.978004129692345
"NAGK","Training_CR",0.109309648607006,0.448050992897418,0.931163754555142,0.915981548688793
"LPP","Training_CR",0.114986621649756,0.563920391011554,0.959555749443435,0.936253329496814
"PAFAH1B3","Training_CR",-0.193308572725652,0.421240417141186,0.930067385561363,0.846093652249849
"UBA6","Training_CR",NA,NA,NA,NA
"ARPC5","Training_CR",0.143014736317955,0.642093268513273,0.9611761343664,0.93860679821026
"PFDN2","Training_CR",0.0184668010925204,0.918478705403212,0.991779847987079,0.998430879144401
"THBS1","Training_CR",0.243942131158812,0.570061561850135,0.959555749443435,0.871884653656292
"RPL32","Training_CR",0.476767424883182,0.13206123123305,0.854607847832103,0.380902939228528
"RPL23","Training_CR",-0.268152054382574,0.110976264920949,0.850575710898045,0.554595690922297
"RPL35","Training_CR",0.0687310564348564,0.647428736139362,0.9611761343664,0.970561421596926
"ACSF2","Training_CR",-0.0373134853901949,0.800714988658516,0.971227675365609,0.991741361350596
"NDUFA7","Training_CR",0.0424830079771681,0.892935437001575,0.990729197893153,0.995200735157707
"ENOPH1","Training_CR",-0.175313718643086,0.190689700273965,0.866553060931186,0.747879263295965
"PSMD2","Training_CR",0.0499012170411959,0.570198560514159,0.959555749443435,0.972356241577678
"PPME1","Training_CR",-0.118119762820491,0.443191644025284,0.931163754555142,0.908354724379605
"FDPS","Training_CR",-0.111802645849908,0.254899804656694,0.884066162547411,0.858283057694426
"COPS2","Training_CR",-0.0434186349170371,0.733240994673273,0.970016941419313,0.98661836979707
"DDX17","Training_CR",0.134360233114728,0.214740178594611,0.871879310979257,0.813271805766954
"SGCG","Training_CR",0.041303773908032,0.868283218513845,0.986165621059769,0.994183347905847
"CBR4","Training_CR",-0.284823098164344,0.232613195729428,0.871879310979257,0.660089512413881
"UBL5","Training_CR",0.18325167567999,0.326019963319169,0.90285343936485,0.814331403305967
"CAB39L","Training_CR",-0.156359609533659,0.59705063996185,0.959555749443435,0.922522981059404
"MYH11","Training_CR",0.45423461891099,0.138614039266332,0.854607847832103,0.407548340686863
"NID2","Training_CR",0.037426420072828,0.915543423334283,0.991779847987079,0.996703033799552
"COL4A1","Training_CR",-0.535110347150395,0.331666462540524,0.908017305085288,0.554016175224468
"HHATL","Training_CR",-0.572509909810149,0.0321982001743162,0.733707469123299,0.13986814066298
"FN3K","Training_CR",-0.0447815083113632,0.805182133278518,0.971227675365609,0.990343367033838
"SH3BGRL","Training_CR",0.270668846175285,0.376083189190023,0.92671348387524,0.767436744111528
"UTRN","Training_CR",-0.241767670794365,0.257812286468635,0.886815177101672,0.720563476554198
"MAT2A","Training_CR",0.0300501703194413,0.816776114995406,0.972811751523015,0.993936595458037
"PSMD13","Training_CR",-0.123243770607603,0.309777018411144,0.898479592621058,0.865515767020485
"DDI2","Training_CR",-0.111307088576535,0.761769219688521,0.970016941419313,0.970166130730455
"CAPN3","Training_CR",0.144100569303452,0.349388778383066,0.916811428303543,0.859390522741993
"RPL13A","Training_CR",0.091283048821106,0.537404047363857,0.95326536307951,0.944889552075482
"COTL1","Training_CR",-0.776150789964229,0.107587800078519,0.850575710898045,0.177215664998432
"ATE1","Training_CR",0.563801671130269,0.149988965358263,0.854607847832103,0.343131715610908
"PSMD12","Training_CR",-0.0296647610437919,0.780513436370165,0.970016941419313,0.992675926315609
"COMT","Training_CR",-0.042091557010675,0.848388766087655,0.982151748699993,0.993103353809531
"ALDH6A1","Training_CR",-0.337018571680609,0.143382165831851,0.854607847832103,0.519664674543418
"IMPDH2","Training_CR",-0.237632864323368,0.0173828560345591,0.653612906301093,0.381763975072163
"MYOF","Training_CR",0.258271647738212,0.0687697218027334,0.831204915433407,0.500878830338427
"PSMD5","Training_CR",-0.11162127270118,0.579322370796601,0.959555749443435,0.94088568720653
"TXLNB","Training_CR",-0.134983639097994,0.669942427718044,0.965188116548965,0.947366244453653
"ATP5F1E","Training_CR",0.0935636211431756,0.752303159474773,0.970016941419313,0.973721749665739
"CARM1","Training_CR",0.0577215517034642,0.705856523353674,0.969011449775669,0.980093880925824
"SH3BGRL3","Training_CR",0.288052847115631,0.316516338295514,0.898479592621058,0.71793922786935
"SGCB","Training_CR",-0.162311084738052,0.380935840414899,0.92671348387524,0.855002937293461
"MYOM3","Training_CR",0.308470693387763,0.553075218006024,0.956035708014733,0.833021985341586
"FBXO7","Training_CR",0.301640648574839,0.290860649773304,0.898479592621058,0.68901009738871
"MAP2K1","Training_CR",0.0524049411705647,0.752287799326165,0.970016941419313,0.985194348240025
"DYNLL1","Training_CR",-0.0767497307811773,0.65873429847435,0.961919690601341,0.968469755316379
"PRKAR2B","Training_CR",-1.34246276662905,0.00176457549851271,0.423674577192902,0.000201241268103398
"SQOR","Training_CR",-0.140689311403912,0.449802972522545,0.931163754555142,0.893683931355224
"PSME2","Training_CR",-0.10489899100155,0.550074544205573,0.954933393737001,0.939226812907135
"CPNE3","Training_CR",-0.193916030688333,0.10657179099491,0.850575710898045,0.647804928054545
"ECHDC1","Training_CR",0.0823167724018923,0.734820142771236,0.970016941419313,0.974954742483717
"ASPH","Training_CR",-0.0458454735559695,0.786616675911952,0.970016941419313,0.989056752247394
"GNAS","Training_CR",-0.232025389408163,0.115291614152087,0.854464380042076,0.605777656182465
"CAMK2G","Training_CR",0.0922309439962685,0.636893107647435,0.9611761343664,0.959243517299891
"APOO","Training_CR",0.157619209771905,0.520557816270225,0.946493380181653,0.902215041773068
"JPH2","Training_CR",0.0579740688108874,0.760676791009945,0.970016941419313,0.984266468959097
"PTMS","Training_CR",0.0880554370144839,0.631959225781027,0.961028898064857,0.960394331190505
"ART3","Training_CR",-0.536410159665827,0.0120842650380103,0.606193357776546,0.0936016390581648
"LAMC1","Training_CR",-6.80640329591142e-05,0.999861676836515,0.999947790244227,0.999999990584516
"SRSF2","Training_CR",-0.0377137496833235,0.80517298559673,0.971227675365609,0.991860804837382
"ENDOG","Training_CR",-0.233886650612243,0.346297102097264,0.913691584764319,0.780338861726363
"SYNGR2","Training_CR",-0.0387246231414711,0.819098952262196,0.973453520140361,0.992302267147078
"XRCC5","Training_CR",0.274818506396038,0.0359907789347786,0.733707469123299,0.401064880809981
"TMEM38A","Training_CR",-0.162166139232246,0.586672681677705,0.959555749443435,0.917152705946702
"SDR39U1","Training_CR",0.19022036424934,0.555608338501067,0.956969598809944,0.894231202338193
"TMLHE","Training_CR",-0.441567486149685,0.026391250709015,0.731878239761333,0.200894500567095
"SYNJ2BP","Training_CR",0.294326607347797,0.0659285694467844,0.831204915433407,0.449181596660507
"PLCD4","Training_CR",-0.0458448624335084,0.790182106818389,0.970016941419313,0.989261977389786
"SNRPD1","Training_CR",0.00702767042908903,0.978917249272124,0.998119050779266,0.999850264444845
"PRKG1","Training_CR",-0.228825416458108,0.341517115328346,0.913691584764319,0.782047109046898
"KRT14","Training_CR",NA,NA,NA,NA
"PC","Training_CR",-0.876325479313305,0.0751573260027001,0.849947892761308,0.103510648223263
"OPA1","Training_CR",0.0212383978343507,0.908853227868709,0.991638965961242,0.997972269621063
"SEC22B","Training_CR",0.0115913085404138,0.92950334505952,0.991779847987079,0.99915297778663
"OXCT1","Training_CR",-0.091890273281523,0.74593176113667,0.970016941419313,0.973424528486261
"PFDN6","Training_CR",-0.0142181065706541,0.922436876432531,0.991779847987079,0.998852740832505
"TSPO","Training_CR",0.313224446691022,0.129033284926909,0.854607847832103,0.526562647876056
"MTR","Training_CR",NA,NA,NA,NA
"ALDH7A1","Training_CR",0.0846272340756293,0.616673721280773,0.959555749443435,0.959915430039664
"PSMD11","Training_CR",-0.0212588293202458,0.831248023132275,0.977178872740988,0.996078502200706
"DNM1L","Training_CR",0.0834512085269115,0.623633223730407,0.960113350771099,0.961361216180096
"NID1","Training_CR",0.012925481852113,0.970561322790717,0.998119050779266,0.999613852237656
"HSD17B8","Training_CR",-0.0229985640066914,0.922959772310615,0.991779847987079,0.998157912384571
"SORBS1","Training_CR",-0.286985719286079,0.434982090243794,0.930067385561363,0.787492538912326
"PDAP1","Training_CR",0.151228175004293,0.361504552450011,0.923952319773943,0.857381980974632
"HNRNPA3","Training_CR",-0.41683226179101,0.17486843111821,0.860367014579555,0.483434550533081
"H1-0","Training_CR",0.0896381921976701,0.743693870201349,0.970016941419313,0.973805019398332
"PARVA","Training_CR",0.0585323692356603,0.790887244908931,0.970016941419313,0.986362163391303
"LACTB","Training_CR",0.00271631105775683,0.989041299255866,0.999911682948522,0.999970068901303
"FSCN1","Training_CR",0.596403204831669,0.0224350323924748,0.69059631761964,0.103869346544278
"JPH1","Training_CR",-0.0960645700232909,0.731040240117715,0.970016941419313,0.970352608993227
"RPS13","Training_CR",0.433944689837949,0.0232526760012401,0.698182819327646,0.195496779160352
"PROCR","Training_CR",NA,NA,NA,NA
"RPL31","Training_CR",0.431778735095328,0.0434357706697286,0.790070343772867,0.25813775584657
"TGFBI","Training_CR",0.133133449813425,0.707182360794122,0.969011449775669,0.954921340000006
"NSF","Training_CR",-0.0254334237969847,0.860174563969645,0.983809448423602,0.99617654759333
"PRMT5","Training_CR",-0.101118674864722,0.443584468323499,0.931163754555142,0.921091372441064
"TOM1","Training_CR",0.0585957297417945,0.748569090101729,0.970016941419313,0.98317431853025
"SELENOW","Training_CR",-0.148711032855758,0.440795557428552,0.931163754555142,0.885307509076948
"COPS5","Training_CR",0.0731749069339891,0.484393071634304,0.936899291561108,0.948340694952299
"DAG1","Training_CR",-0.431351480635552,0.0178150011787569,0.653612906301093,0.175984285308272
"SRP9","Training_CR",-0.107444743056751,0.489963228324263,0.93844710651945,0.926210490304057
"PREB","Training_CR",0.271085112677449,0.155592142258702,0.854607847832103,0.60389284473679
"DCTN2","Training_CR",-0.0316813883618412,0.746123522275968,0.970016941419313,0.99076456929348
"PSMD4","Training_CR",-0.0269346258076322,0.782256773354992,0.970016941419313,0.993407430638715
"LONP1","Training_CR",0.252519899217834,0.0949226060959329,0.850575710898045,0.551779406734549
"BCHE","Training_CR",-0.277042373670255,0.422550732588045,0.930067385561363,0.787685028728195
"FUS","Training_CR",-0.0060470863444646,0.96192583545638,0.995939599366437,0.999765292201528
"CNN3","Training_CR",0.344869379677492,0.286890306630404,0.898479592621058,0.650103957918593
"COBL","Training_CR",-0.31293295005608,0.0925455962485733,0.850575710898045,0.474830555297132
"RTCB","Training_CR",0.184402419631869,0.0691795780088208,0.831204915433407,0.611067406275387
"SEPTIN9","Training_CR",0.339708367941503,0.185485488482869,0.866553060931186,0.564207380882669
"RPL38","Training_CR",-0.0167642455097177,0.928970789602192,0.991779847987079,0.998765606686877
"EIF2S1","Training_CR",0.108491041673082,0.314595029651152,0.898479592621058,0.882085282072054
"SLC25A20","Training_CR",0.299449432985346,0.152859582136689,0.854607847832103,0.56981896816704
"ARHGAP1","Training_CR",0.221844975631186,0.294230153169062,0.898479592621058,0.762308776614221
"COPS7A","Training_CR",0.00373472596712965,0.97396752750254,0.998119050779266,0.999901492808075
"ELOC","Training_CR",0.0567010321380934,0.72005974370651,0.970016941419313,0.981550499782381
"DBT","Training_CR",-0.0501385121461482,0.798941051560456,0.970287033281059,0.988808597686086
"BDH1","Training_CR",-0.302980596671496,0.321786967133815,0.900478447655349,0.709255635639011
"PAFAH1B1","Training_CR",-0.0591645697560192,0.622794935196868,0.960113350771099,0.972372156892632
"SLC25A42","Training_CR",0.716107170671949,0.0645550167985472,0.831204915433407,0.14053430113609
"SAMHD1","Training_CR",-0.223485102811672,0.422587187541509,0.930067385561363,0.82489348116446
"NEK7","Training_CR",-0.299724519086807,0.103218387606885,0.850575710898045,0.506289373731867
"MRPS36","Training_CR",-0.545245209305202,0.0150818545479867,0.646634513744929,0.101580694524445
"ERI3","Training_CR",-0.232003436638937,0.173884970560194,0.860367014579555,0.666404903119411
"UBE2M","Training_CR",0.153580427722035,0.332424360120758,0.908021488794016,0.844386695966487
"RPL8","Training_CR",-0.356187628622529,0.173093687060557,0.860367014579555,0.535408420608077
"NDUFS4","Training_CR",0.345927848980212,0.194991184739499,0.866553060931186,0.568062876399669
"RPS17","Training_CR",0.0854818681560854,0.570920394119292,0.959555749443435,0.953216659248122
"RAP2B","Training_CR",-0.0857084810966828,0.706930460767666,0.969011449775669,0.970711791914724
"TMED10","Training_CR",0.080413403864851,0.629231130920405,0.961028898064857,0.963433278473528
"SMYD2","Training_CR",-0.213531685380593,0.447622940755552,0.931163754555142,0.842284333301513
"VPS4A","Training_CR",-0.0873924634122876,0.633429945189375,0.9611761343664,0.96088176420353
"SGCA","Training_CR",-0.307708090321775,0.127573469246991,0.854607847832103,0.530683066391733
"ACLY","Training_CR",0.0728665742089145,0.828584419774528,0.977178872740988,0.986391859983497
"PRKAA2","Training_CR",-0.18695175041641,0.209721315513535,0.871879310979257,0.74675801336333
"PROS1","Training_CR",-0.414621804210746,0.257612217067378,0.886815177101672,0.569867446758479
"DNPEP","Training_CR",0.0617210231474754,0.642901459406087,0.9611761343664,0.973102250130896
"PLPBP","Training_CR",-0.024758176588108,0.898455859843866,0.990730825226672,0.997352462309499
"LYVE1","Training_CR",0.220800625703587,0.572580045397907,0.959555749443435,0.884158412258538
"RAB14","Training_CR",-0.0373916269183567,0.793900332303235,0.970016941419313,0.991407242131953
"RPL13","Training_CR",0.253630309902423,0.213299675413293,0.871879310979257,0.675789710704259
"MRPS5","Training_CR",NA,NA,NA,NA
"RALA","Training_CR",-0.00432554118285822,0.971806167554923,0.998119050779266,0.999876301886075
"KIF5B","Training_CR",0.069421888937411,0.465833133922935,0.936899291561108,0.948348422240977
"PSMD1","Training_CR",0.0164524152741183,0.888001211863515,0.988550738767106,0.998047654701219
"DIAPH2","Training_CR",0.733478438622287,0.0309659087552424,0.733707469123299,0.0781800291000895
"PFDN1","Training_CR",-0.580058126646369,0.0104208048185963,0.606193357776546,0.0708382002897571
"SCCPDH","Training_CR",0.275301781411246,0.100033294232669,0.850575710898045,0.530564293777576
"SLMAP","Training_CR",-0.34996758204915,0.05514384355955,0.828325352416867,0.362714368332992
"DBN1","Training_CR",0.0372991302086678,0.894849124215141,0.990730825226672,0.995864635261082
"GCDH","Training_CR",-0.0309104629739796,0.903397562434374,0.990730825226672,0.996864652621544
"MGLL","Training_CR",-0.145130357295789,0.670725420956243,0.965188116548965,0.943683539984868
"SCRN3","Training_CR",0.0370673276548406,0.876612743777673,0.987158153836999,0.995130499994463
"MAP1B","Training_CR",-0.777007545829782,0.00776346821581676,0.606193357776546,0.0229380988119566
"MECR","Training_CR",0.125579182791883,0.56276858874653,0.959555749443435,0.930350566634646
"TRAP1","Training_CR",0.11347642844777,0.503003279910072,0.945740700911577,0.92498634627076
"DENR","Training_CR",-0.411873035075756,0.0360015716902505,0.733707469123299,0.254324230059428
"ENDOD1","Training_CR",0.177992468283628,0.340402481401902,0.913691584764319,0.825464172846704
"COQ10B","Training_CR",0.171412323343374,0.606284252099022,0.959555749443435,0.917799966649935
"SEPTIN2","Training_CR",0.122688942950671,0.429328749945681,0.930067385561363,0.901461928409254
"UBE2K","Training_CR",0.0870331517331042,0.417105837440213,0.930067385561363,0.92672064008455
"EPRS1","Training_CR",0.197385016309815,0.127923198184096,0.854607847832103,0.666384941627733
"GPS1","Training_CR",0.0602946672032232,0.728263394010725,0.970016941419313,0.981062622351717
"PANK4","Training_CR",0.0435427813855469,0.814631582481149,0.972540128717752,0.991112617180758
"TRDN","Training_CR",NA,NA,NA,NA
"CYBRD1","Training_CR",0.0233784521215892,0.94939562073329,0.993222083297331,0.998786700976005
"HNRNPR","Training_CR",0.192459752424186,0.114536360352997,0.854042860893001,0.658998575131387
"AP2A1","Training_CR",0.0616106814613513,0.635142573664729,0.9611761343664,0.972421968830776
"NAPRT","Training_CR",-0.306096696156992,0.10874534794742,0.850575710898045,0.50704732385983
"PEPD","Training_CR",0.0446145227634727,0.730657046804704,0.970016941419313,0.986097019837407
"SULT1A1","Training_CR",0.0664528663719501,0.831587673957265,0.977178872740988,0.987819647473814
"RPS21","Training_CR",0.130017351951757,0.193378488395171,0.866553060931186,0.807645316075214
"ERAP1","Training_CR",-0.317280690071964,0.0919950807743943,0.850575710898045,0.469053648908782
"ERGIC1","Training_CR",0.103373853708481,0.451019183975684,0.931163754555142,0.920985528286813
"RPS15","Training_CR",0.0199990536259715,0.976755705149944,0.998119050779266,0.999529758773331
"PLIN2","Training_CR",-0.256914463707091,0.343145670961598,0.913691584764319,0.759727267801862
"EFEMP1","Training_CR",0.217020967147356,0.473174403358839,0.936899291561108,0.850105441109195
"IVD","Training_CR",0.063745213999951,0.733830200181738,0.970016941419313,0.980465601465575
"RPL17","Training_CR",0.0610617916376288,0.772459990021158,0.970016941419313,0.98435897940701
"SLC1A4","Training_CR",-0.67868952052322,0.155732402649074,0.854607847832103,0.283058421114426
"PALM","Training_CR",-0.727631742366054,0.0219212143389803,0.686244714038363,0.0620526630284073
"SYNCRIP","Training_CR",0.387376745682106,0.00198432866044112,0.431593584668012,0.0897756075310978
"PTBP1","Training_CR",0.243499885862237,0.438020058312499,0.931163754555142,0.817906820160809
"RPS8","Training_CR",-0.00825420307874403,0.943676535069346,0.99201723323183,0.999521603251145
"SPRYD4","Training_CR",0.177110472902356,0.420785114306838,0.930067385561363,0.857861453416168
"DPP3","Training_CR",-0.197642741097638,0.118701117536474,0.854607847832103,0.656255129769201
"CCS","Training_CR",-0.290630767735875,0.264136069918568,0.891578302461187,0.679149435366217
"MT-ATP8","Training_CR",0.141952844940105,0.659606289630324,0.962159599879957,0.942642380800652
"OCIAD1","Training_CR",-0.0459186617675122,0.77886414595119,0.970016941419313,0.988589667638816
"TNS1","Training_CR",-0.31595828837424,0.126880256057902,0.854607847832103,0.520846700810627
"EIF3A","Training_CR",-0.0131659536715425,0.905287280412139,0.990730825226672,0.998690806529259
"PURA","Training_CR",0.0850239936280346,0.607232820988592,0.959555749443435,0.958473250869896
"ESYT1","Training_CR",-0.255960944911578,0.299040663708887,0.898479592621058,0.73418823162148
"SUCLG2","Training_CR",0.0748027129906461,0.700166018181146,0.969011449775669,0.973689792078227
"DDOST","Training_CR",-0.026922352483421,0.871558369148164,0.987158153836999,0.996305759053372
"VARS1","Training_CR",0.183426086770856,0.145911711699337,0.854607847832103,0.702542056604126
"RPL27","Training_CR",0.495656937221909,0.00942018635761351,0.606193357776546,0.0990440826780508
"MRC1","Training_CR",0.0771245554198057,0.769695404648298,0.970016941419313,0.980014260317723
"ITGA7","Training_CR",-0.171543246516322,0.189726179215368,0.866553060931186,0.751913022917047
"NPLOC4","Training_CR",0.0663332825189027,0.654400534489612,0.961377312816596,0.972264221778701
"FECH","Training_CR",0.0170474511463929,0.931590945528592,0.991779847987079,0.99879272206465
"GLIPR2","Training_CR",0.167965499937463,0.647411094098547,0.9611761343664,0.92957573217756
"NIBAN1","Training_CR",-0.153435870916258,0.364988706224322,0.924150665202413,0.856718139791008
"ISOC1","Training_CR",-0.193788171437877,0.229864883888501,0.871879310979257,0.752074646979833
"ABHD10","Training_CR",-0.15092027490183,0.3991457985774,0.928070152159885,0.870567932316827
"NDUFA11","Training_CR",-0.0819499771308276,0.744043659335023,0.970016941419313,0.976062198424282
"TRIM54","Training_CR",0.221872307864585,0.255171137578123,0.884066162547411,0.738571163123988
"SNRPD3","Training_CR",-0.0150212759565278,0.903494547876606,0.990730825226672,0.99847672411823
"CLTA","Training_CR",-0.925086259007298,0.120820652200587,0.854607847832103,0.141547242744404
"ME2","Training_CR",0.374179688757701,0.0446357005413965,0.790911631197516,0.312419810019194
"PSMC4","Training_CR",0.0727151538749222,0.572448657546316,0.959555749443435,0.960248804881818
"RTCA","Training_CR",-0.00689222244383636,0.97006863974264,0.998119050779266,0.999790577992874
"NDUFB5","Training_CR",0.540319246711036,0.0758523632700154,0.849947892761308,0.248213704677862
"ERLIN2","Training_CR",8.06598454161644e-06,0.999947790244227,0.999947790244227,0.999999999578866
"PDCD6","Training_CR",-0.181802099412488,0.191150714953169,0.866553060931186,0.740206057423397
"LXN","Training_CR",-0.229219861995389,0.451010005202088,0.931163754555142,0.833168041616426
"VAMP3","Training_CR",0.00588209078141233,0.967769099396051,0.998119050779266,0.999807310956668
"LYPLA2","Training_CR",-0.0757185098885245,0.645520249904631,0.9611761343664,0.967401282170995
"VAMP2","Training_CR",-0.208509490274659,0.217523857697615,0.871879310979257,0.727551768503794
"RPL7A","Training_CR",0.153391187537517,0.306012576071563,0.898479592621058,0.83390568902819
"UBE2I","Training_CR",-0.0458151118146599,0.807675195817483,0.971227675365609,0.990261834091966
"NRAP","Training_CR",-0.119503520212257,0.66656726687208,0.963363477995176,0.952683702548901
"PSMC5","Training_CR",0.0501814921073027,0.58784390080169,0.959555749443435,0.973691152321222
"PRKAG1","Training_CR",0.284325518870471,0.235139722074287,0.871879310979257,0.662600774073229
"XRCC6","Training_CR",0.0524036968770965,0.660566247378795,0.962382182664018,0.978504782214273
"PAICS","Training_CR",0.0592034462576887,0.582230101179678,0.959555749443435,0.968484766520833
"MTAP","Training_CR",0.0332419501322754,0.813558316618316,0.972540128717752,0.993164403208471
"SLC16A1","Training_CR",0.414831115170905,0.129073646133574,0.854607847832103,0.427708381667335
"HLA-DRA","Training_CR",-0.284789172703421,0.11692953510242,0.854607847832103,0.542693863169306
"FAM114A2","Training_CR",-0.0328203711508515,0.857286390332478,0.983809448423602,0.994958961858715
"CPPED1","Training_CR",-0.181601190790438,0.343812587706141,0.913691584764319,0.823750102891333
"RPN2","Training_CR",0.0496633450856425,0.69665314075869,0.968859838608991,0.982208479694103
"CYB5B","Training_CR",0.0648832417991105,0.754914445184777,0.970016941419313,0.981923398934591
"NAMPT","Training_CR",0.321752071457768,0.10933435665223,0.850575710898045,0.490589176187709
"CAMK2A","Training_CR",0.0641198041998319,0.754273982050725,0.970016941419313,0.982080734653063
"SGTA","Training_CR",0.0444603843467775,0.777578395834705,0.970016941419313,0.988877383949268
"CNN2","Training_CR",0.198326197100739,0.550846626541336,0.954933393737001,0.88846352381784
"IAH1","Training_CR",0.062177475179702,0.770242325369253,0.970016941419313,0.983899583478749
"UBAC1","Training_CR",0.0854683173005402,0.573617872708292,0.959555749443435,0.953608000810519
"CLTB","Training_CR",0.185236673318844,0.280273872986722,0.898479592621058,0.790081770196996
"TMCO1","Training_CR",0.0608258183843393,0.871351230186105,0.987158153836999,0.991658652114986
"HNRNPA1","Training_CR",-0.106687844933932,0.538230096661884,0.95326536307951,0.936046779595016
"APOL1","Training_CR",0.159263714789084,0.717847316556115,0.970016941419313,0.948573820445585
"SUOX","Training_CR",-0.344770588252404,0.0372812624877311,0.733707469123299,0.321730310106145
"HSPB8","Training_CR",0.0165134612261486,0.953507312289612,0.994771196568363,0.999214133036986
"PSMD9","Training_CR",0.0269834370242812,0.861796445796657,0.983809448423602,0.995994629688066
"MCEE","Training_CR",0.018967005601672,0.947624022975775,0.993193934495696,0.998980143764931
"SIRT3","Training_CR",-0.0428329535514838,0.874323431285596,0.987158153836999,0.994263838852961
"XPNPEP1","Training_CR",-0.0599142386713023,0.652143744388575,0.9611761343664,0.974712469712056
"MAPRE1","Training_CR",-0.00812301841181728,0.941015712347142,0.991779847987079,0.999506279425117
"SRSF1","Training_CR",0.0732399870701297,0.606041156215795,0.959555749443435,0.963985403498784
"SHMT1","Training_CR",-0.200966676080972,0.153770696377517,0.854607847832103,0.686418036094656
"SRSF6","Training_CR",0.0469896908086671,0.782107210134827,0.970016941419313,0.98851807767694
"HNRNPH2","Training_CR",0.0783197991892948,0.655981974317969,0.961546227312236,0.967517904879812
"TMEM205","Training_CR",-0.0396806187219898,0.799750157696535,0.970778629236289,0.991172326261003
"CKAP4","Training_CR",0.619901831681236,0.110914074724145,0.850575710898045,0.255850035516355
"G6PD","Training_CR",-0.341922738746103,0.228470827419703,0.871879310979257,0.603628387436042
"ERP29","Training_CR",0.470079445732299,0.00073463164041674,0.352770113728121,0.0336359538868822
"DNM2","Training_CR",0.053355245051435,0.550198721272725,0.954933393737001,0.968624296389725
"CRABP2","Training_CR",0.908875171260807,0.28576842210823,0.898479592621058,0.320320583074849
"CACNB1","Training_CR",-0.0635873259872195,0.751026618465942,0.970016941419313,0.981958773840782
"VTA1","Training_CR",0.0529522068338402,0.731057905242763,0.970016941419313,0.98354887595923
"ACY1","Training_CR",0.253869613224586,0.223583532632879,0.871879310979257,0.683663725260883
"CALD1","Training_CR",0.460562928802082,0.0823609316132712,0.850575710898045,0.316680559424088
"GGT5","Training_CR",-0.468388293979126,0.0353111587367973,0.733707469123299,0.208861775013428
"RPL35A","Training_CR",0.163014484344467,0.475419142497949,0.936899291561108,0.885847204437046
"RANBP1","Training_CR",-0.0773783054496153,0.723172041022582,0.970016941419313,0.975232926112338
"STUB1","Training_CR",-0.0118334964723719,0.947740975787431,0.993193934495696,0.99936505002792
"METAP2","Training_CR",0.00887688535504516,0.956484203155182,0.994771196568363,0.999605136424024
"CARNS1","Training_CR",0.299337296507764,0.328091500956239,0.903037390320678,0.716340071488653
"BZW1","Training_CR",0.193120420512221,0.416346853341203,0.930067385561363,0.844323826250854
"CTSG","Training_CR",0.642454051410192,0.09134383615253,0.850575710898045,0.214923632090742
"MAPK12","Training_CR",-0.544520100007217,0.0179668687279767,0.653612906301093,0.112079228756012
"MTX2","Training_CR",-0.0631945514842407,0.851098515214221,0.982151748699993,0.989863036107284
"GCLM","Training_CR",-0.0221717180332579,0.927566641758526,0.991779847987079,0.998334283265624
"SYPL1","Training_CR",-0.105984817454653,0.482670582389309,0.936899291561108,0.925703255409808
"FERMT2","Training_CR",-0.0665709631583606,0.641251009500671,0.9611761343664,0.97085343650306
"MRRF","Training_CR",0.38897021249163,0.209452480155531,0.871879310979257,0.544405476647263
"HNRNPU","Training_CR",0.168245205450692,0.194050291650241,0.866553060931186,0.758918247331863
"NIT1","Training_CR",0.115622621530967,0.545811698150205,0.954933393737001,0.932386987335854
"KLC1","Training_CR",-0.00657609624352773,0.960176179186015,0.995734086704743,0.999732793075673
"COQ5","Training_CR",-0.0869960146048285,0.733013081303111,0.970016941419313,0.973341538199522
"RNF123","Training_CR",0.0210406982689495,0.88953678421735,0.98878602727123,0.99754012375681
"COPB2","Training_CR",0.0110269663970914,0.972766710854245,0.998119050779266,0.999695580904905
"SYNM","Training_CR",0.73404671781563,0.021205438085949,0.680227737652203,0.0590927356920891
"SEC23A","Training_CR",0.153657581217628,0.274454415998774,0.898479592621058,0.819816571373808
"USO1","Training_CR",-0.00128179110815907,0.993744439930915,0.999947790244227,0.999991956526446
"SARS1","Training_CR",0.0338961634513115,0.782743101838453,0.970016941419313,0.991731483757906
"GARS1","Training_CR",0.185251719276801,0.217135793915991,0.871879310979257,0.753578250280988
"GMFG","Training_CR",-0.354496127093789,0.387063223983844,0.927483833118972,0.714282949778712
"ASPA","Training_CR",0.0189394982912283,0.932725247831994,0.991779847987079,0.998681835684377
"PGM2","Training_CR",0.0861831796674011,0.702201913804916,0.969011449775669,0.969990783363176
"KRAS","Training_CR",0.0759250339372137,0.713385805801107,0.969263539786777,0.974683591581915
"THAP4","Training_CR",-0.135171608558029,0.687720908678095,0.966623555591181,0.95065458988779
"NIF3L1","Training_CR",-0.0102097914875934,0.922813979833644,0.991779847987079,0.99918020813137
"GRPEL1","Training_CR",0.372061545960898,0.293341223377448,0.898479592621058,0.633621655329367
"RNF7","Training_CR",0.0203934722397197,0.941027300876902,0.991779847987079,0.998761188943605
"RPS11","Training_CR",-0.368402302144473,0.101529281212652,0.850575710898045,0.430552338311848
"RPL30","Training_CR",0.424002858900145,0.0123198135780214,0.606193357776546,0.155028196576722
"LIMS1","Training_CR",-0.0230787445185712,0.860458123807658,0.983809448423602,0.996537496222076
"DDAH2","Training_CR",0.0182271303392465,0.948518822073566,0.993193934495696,0.999037093601967
"TLN2","Training_CR",-0.123340965287856,0.520481747064343,0.946493380181653,0.922616423196747
"ANG","Training_CR",0.594534367740396,0.057972907965783,0.831204915433407,0.183947888978666
"PTRHD1","Training_CR",0.187421224193391,0.511342841369539,0.946469755507393,0.881873881448596
"FAHD1","Training_CR",0.327540341582676,0.142802019522193,0.854607847832103,0.528617333976488
"MCM3AP","Training_CR",-0.062804605639629,0.85876197983932,0.983809448423602,0.990482730486832
"HSD17B12","Training_CR",-0.074264428362385,0.642149954750749,0.9611761343664,0.967640932667301
"EPB41L2","Training_CR",-0.0383066304375426,0.867845847264571,0.986165621059769,0.994585086957313
"HNRNPDL","Training_CR",-0.152000887369777,0.282930679515019,0.898479592621058,0.825381784104849
"SEPTIN11","Training_CR",0.211014150844898,0.281539130240991,0.898479592621058,0.765323219584707
"DHCR24","Training_CR",-0.221182315382848,0.352944417022983,0.919110135870046,0.79425624062475
"UFM1","Training_CR",-0.0651193506318357,0.62670296890646,0.961013085913306,0.970029167394844
"PPP5C","Training_CR",0.0765180309459943,0.591125158886923,0.959555749443435,0.96057075587241
"CNBP","Training_CR",-0.00190486848153171,0.993831281160656,0.999947790244227,0.999988213078568
"SELENOP","Training_CR",-0.372299690927292,0.29998325922804,0.898479592621058,0.638738923320468
"ATP6V1E1","Training_CR",0.206042302089521,0.311891088430692,0.898479592621058,0.786580555386696
"RTN3","Training_CR",-0.0534667413226355,0.852131729283638,0.982151748699993,0.99148105830216
"MAPK3","Training_CR",0.159024776369847,0.408556792456915,0.930067385561363,0.867320288208796
"PUF60","Training_CR",0.34008799439159,0.231754773750163,0.871879310979257,0.608210453492411
"PICALM","Training_CR",0.291529405226495,0.27309078613641,0.898479592621058,0.68496271019444
"COX19","Training_CR",-0.0986400657827176,0.561295518675154,0.959555749443435,0.944626751420511
"ACAT2","Training_CR",-0.593353767492378,0.0236892279923747,0.698182819327646,0.108525965254574
"VKORC1L1","Training_CR",-0.418263349568047,0.0716615649707269,0.831204915433407,0.332053611891634
"PDIA4","Training_CR",0.255430330507103,0.211207780504777,0.871879310979257,0.672218452626231
"FAM136A","Training_CR",0.030301575003115,0.879536498742973,0.987176365756245,0.996118037652821
"CD14","Training_CR",0.129680627557986,0.736940465468053,0.970016941419313,0.961188466557156
"VPS35","Training_CR",0.16717921646539,0.34291362431829,0.913691584764319,0.836166086099128
"FOLR2","Training_CR",NA,NA,NA,NA
"PRKAA1","Training_CR",0.129154589609701,0.63708092757376,0.9611761343664,0.943432502958501
"COA6","Training_CR",0.0938067363641899,0.707084479675428,0.969011449775669,0.96800899824528
"RPL6","Training_CR",0.275893097248073,0.0536174766724631,0.828325352416867,0.446091963329639
"MCU","Training_CR",0.159184078532208,0.430313853370448,0.930067385561363,0.874388535733784
"SMAP1","Training_CR",0.148841256209883,0.559799144448369,0.959555749443435,0.917269178042065
"CNRIP1","Training_CR",-1.06321573874678,0.0166026300579349,0.653612906301093,0.0128133903953114
"VPS26A","Training_CR",0.111157128670881,0.320361563972926,0.900228834840243,0.881147081092777
"ARPP19","Training_CR",-0.216577456952859,0.211610055282552,0.871879310979257,0.714375196481928
"ARPC2","Training_CR",0.352033470243795,0.0631217986797046,0.831204915433407,0.378114192122762
"GSTM4","Training_CR",-0.423276127260118,0.401187733480516,0.928070152159885,0.679370254194439
"OPTN","Training_CR",0.182346625516576,0.365696381981454,0.924150665202413,0.832408540200343
"ARF6","Training_CR",0.16006342810347,0.389821854553233,0.928070152159885,0.86002809487455
"PRDX4","Training_CR",0.0998232246435169,0.451042511349241,0.931163754555142,0.923597765400241
"DYNC1LI2","Training_CR",-0.251277786738752,0.35569319523539,0.921930061501151,0.771250146426459
"CD44","Training_CR",0.734647235857048,0.142243514463333,0.854607847832103,0.238658907472171
"TPP2","Training_CR",-0.00776065464292053,0.948510814392185,0.993193934495696,0.999589839729293
"SPARC","Training_CR",0.150297922678604,0.571524579542124,0.959555749443435,0.919354173878117
"HMBS","Training_CR",-0.0783093247627402,0.7758298714666,0.970016941419313,0.980319606851456
"AIMP1","Training_CR",0.154066217991344,0.329897743287519,0.905239407580953,0.842943618400145
"AHSA1","Training_CR",0.271328957628077,0.0883689005544076,0.850575710898045,0.517726659183458
"CRIP2","Training_CR",0.16921351588533,0.471436007221831,0.936899291561108,0.880518966771193
"ACTR3","Training_CR",0.195573023338415,0.168952515288973,0.855812213520726,0.70627136752772
"TIPRL","Training_CR",0.207406929542703,0.206815404110159,0.871879310979257,0.721185767213102
"PVALB","Training_CR",-0.371431319158967,0.515291283171359,0.946469755507393,0.781713100296943
"PPM1B","Training_CR",-0.231012855663032,0.285508174622894,0.898479592621058,0.748584595812642
"HIKESHI","Training_CR",-0.0480156992526268,0.788222495251366,0.970016941419313,0.988638504842349
"QARS1","Training_CR",0.102508306230479,0.539164665998324,0.95326536307951,0.938640345418498
"LGALS3BP","Training_CR",0.0937682463805238,0.748343251557837,0.970016941419313,0.973183321096574
"USP9X","Training_CR",0.389991499867648,0.00943128663290318,0.606193357776546,0.162218314480113
"KCTD12","Training_CR",0.117619035423706,0.574459847239065,0.959555749443435,0.936880836185925
"CORO1C","Training_CR",0.34237103947118,0.306708369850189,0.898479592621058,0.667221019781556
"PITHD1","Training_CR",-0.162290991665389,0.375835773341179,0.92671348387524,0.853151232834577
"TMX4","Training_CR",-0.450729093948118,0.00553060359101454,0.577346922696779,0.0960731229723799
"TGM2","Training_CR",0.224710789057784,0.330323886924558,0.905374032540941,0.779651687769541
"MMUT","Training_CR",0.0112803966219612,0.955986147887775,0.994771196568363,0.999492377299116
"TBCB","Training_CR",0.0559719028623888,0.752163072796264,0.970016941419313,0.984185467011848
"STMN1","Training_CR",-0.281441487920739,0.35878584340416,0.922317783740245,0.749397403660722
"NUDT3","Training_CR",-0.171884911077647,0.22673230378402,0.871879310979257,0.774858636866241
"KRT5","Training_CR",NA,NA,NA,NA
"NDUFA3","Training_CR",0.345909665554442,0.414808822088004,0.930067385561363,0.737581345189645
"ACAD8","Training_CR",-0.29300011449336,0.251585430855326,0.881948199563003,0.66742240149409
"SUB1","Training_CR",0.104360002078415,0.394489585440764,0.928070152159885,0.907490878217806
"ADK","Training_CR",-0.0553361744011323,0.692982363129613,0.967917774214195,0.979909966589371
"SSB","Training_CR",0.127379093336847,0.371506393505297,0.925238310403541,0.881500770413324
"LAMP1","Training_CR",0.170824999980692,0.577944956497555,0.959555749443435,0.910592895590483
"EIF1AX","Training_CR",-0.164726006976252,0.260708761727107,0.887384350888374,0.8013562855421
"CSDE1","Training_CR",0.211809983346617,0.302732940442865,0.898479592621058,0.776395946482294
"FBLN2","Training_CR",-0.00024029786378498,0.999075717690056,0.999947790244227,0.999999777794254
"RAB1A","Training_CR",0.0674174202297007,0.690016722825519,0.966623555591181,0.975295748453461
"MPP1","Training_CR",-0.0322150085688051,0.901005856410061,0.990730825226672,0.996647426528608
"NRBP1","Training_CR",0.396968094454207,0.166869692503948,0.855812213520726,0.491256901111569
"HMGCL","Training_CR",-0.17453633535602,0.36121614420072,0.923952319773943,0.837171238359249
"EYA3","Training_CR",-0.151543867626847,0.511222435419325,0.946469755507393,0.903319983671877
"LAMTOR3","Training_CR",0.0427700004976721,0.832272585102912,0.977178872740988,0.992178379719992
"REXO2","Training_CR",-0.106500370646694,0.596988403704711,0.959555749443435,0.946542862078302
"DDX1","Training_CR",0.187258602876527,0.18186928152322,0.866553060931186,0.726747539858382
"CTSH","Training_CR",0.448904370744785,0.299554356879389,0.898479592621058,0.582086633774888
"AP2B1","Training_CR",0.0659489863362204,0.579718629753407,0.959555749443435,0.96468253980852
"ITGA6","Training_CR",-0.374860535563487,0.241494094710104,0.878526244543879,0.587051234760588
"HINT3","Training_CR",0.240853709657648,0.255535992006624,0.884066162547411,0.719917341438711
"DRG2","Training_CR",0.20503753499437,0.465292612034292,0.936899291561108,0.854813535284267
"MPC1","Training_CR",-0.014232460422857,0.983943927134102,0.998119050779266,0.999769654689138
"FCN3","Training_CR",-0.435120370772111,0.244183907947066,0.880970498265738,0.541480986429257
"PSMD6","Training_CR",0.0972410604773266,0.40033460481157,0.928070152159885,0.91482748436579
"LDHD","Training_CR",-0.0889421561818011,0.797195694803738,0.970101093085855,0.98004264544118
"NAP1L1","Training_CR",0.147421014093657,0.133092510195582,0.854607847832103,0.74281700602723
"HLA-A","Training_CR",0.153550044132913,0.409380574649105,0.930067385561363,0.87185069732663
"HNRNPC","Training_CR",0.255394104066758,0.357713043926272,0.921930061501151,0.769086900614851
"APEX1","Training_CR",0.278025269100631,0.0339262464675298,0.733707469123299,0.390347879007788
"FXYD1","Training_CR",-0.478323704772729,0.0622692821784497,0.831204915433407,0.265016311674986
"COA3","Training_CR",0.105716133849695,0.695074296930676,0.968859838608991,0.962277103479998
"CNIH4","Training_CR",0.361071832336403,0.0281437922511439,0.733707469123299,0.275496280648959
"DTD1","Training_CR",-0.282401696441394,0.192795538312776,0.866553060931186,0.628217708215634
"ACTR2","Training_CR",0.191578024889557,0.140377068183214,0.854607847832103,0.686500225156719
"CARHSP1","Training_CR",-0.463963749512462,0.260450146350218,0.887384350888374,0.535694758891586
"RAB12","Training_CR",-0.391099129594902,0.00952328501422304,0.606193357776546,0.161996365058914
"ADD3","Training_CR",0.145908608464643,0.574621890074653,0.959555749443435,0.922341578393878
"ECM1","Training_CR",-0.350490573471522,0.148511577975133,0.854607847832103,0.512518795711003
"SLIRP","Training_CR",0.088290260918571,0.619166917920121,0.959555749443435,0.958558563457229
"UBXN1","Training_CR",-0.0922314491862721,0.517949453329165,0.946469755507393,0.941127168687722
"NPEPL1","Training_CR",-0.186149931832249,0.393659686744388,0.928070152159885,0.840682081880586
"MYL4","Training_CR",0.57672326589587,0.200261893603818,0.869960260722374,0.395562853624807
"MSI2","Training_CR",-0.163701226758702,0.258495524331352,0.886815177101672,0.801341878753905
"VPS29","Training_CR",-0.149054150567324,0.460270811507172,0.936534083414169,0.890780607430754
"RPS14","Training_CR",0.0502743904543372,0.783025814909735,0.970016941419313,0.987778700402105
"DDX19A","Training_CR",0.101179908827316,0.623722239171755,0.960113350771099,0.953360669400896
"EIF4E","Training_CR",-0.182596119430132,0.100569859799284,0.850575710898045,0.657437540843055
"DYNC1I2","Training_CR",0.19061052546119,0.0634195717879948,0.831204915433407,0.591141099248472
"FLOT1","Training_CR",-0.0824044850444601,0.627557716550184,0.961013085913306,0.96233383423288
"TNXB","Training_CR",0.408593957908792,0.191628273003796,0.866553060931186,0.509116675599744
"DHX15","Training_CR",0.464464069726931,0.248865521293823,0.880970498265738,0.524140020329191
"SSBP1","Training_CR",0.0797233657527521,0.667378999161618,0.963545987364428,0.96827426107839
"PPP1R2","Training_CR",-0.217108904505274,0.275324482725271,0.898479592621058,0.755762475900265
"TIMM44","Training_CR",0.232525750104523,0.329868002482043,0.905239407580953,0.772683594598282
"METTL26","Training_CR",-0.146141384144071,0.433073836379199,0.930067385561363,0.884884646739094
"IBA57","Training_CR",-0.0570977745074135,0.837568202570643,0.980461608787748,0.989930314230151
"XPO1","Training_CR",0.0341974073604128,0.781439868587602,0.970016941419313,0.991601798984652
"RPL24","Training_CR",-0.394376594042864,0.089614001118065,0.850575710898045,0.38622605050776
"FBLN5","Training_CR",0.399246109270749,0.19402265412586,0.866553060931186,0.51961042755957
"ATP6V1A","Training_CR",-0.051941907313859,0.663713733262847,0.962886207591599,0.978933844204044
"ARMT1","Training_CR",-0.188139835072484,0.30859012898847,0.898479592621058,0.801553323783364
"MLEC","Training_CR",0.00358155513858271,0.978775680861069,0.998119050779266,0.999923168588552
"NXN","Training_CR",-0.177342253196477,0.399992613025479,0.928070152159885,0.850015802868483
"EIF3B","Training_CR",0.0494901495546021,0.632013590189259,0.961028898064857,0.977547615238249
"DDX39B","Training_CR",0.0223479664258157,0.877533385689515,0.987158153836999,0.997084713179117
"SNX12","Training_CR",-0.314705449389656,0.242480226537743,0.880779158724843,0.640256929639885
"DTNA","Training_CR",-0.239132262097993,0.341494783589345,0.913691584764319,0.773422991389629
"NT5DC1","Training_CR",-0.0376897602810367,0.85948105384602,0.983809448423602,0.994309026893206
"GLUL","Training_CR",-0.0573126980621108,0.803850984902561,0.971227675365609,0.987564238216515
"GLRX3","Training_CR",-0.0142676053185653,0.920882601103572,0.991779847987079,0.998824716352128
"RCN3","Training_CR",0.816919180208203,0.178025996297766,0.866553060931186,0.244177438723543
"GNA11","Training_CR",0.0361852291168336,0.810918953301988,0.971227675365609,0.992444726104261
"FLOT2","Training_CR",-0.21968769915099,0.240194228403171,0.87822113712564,0.730999728580447
"SPPL2A","Training_CR",-0.145881851775979,0.493759480103128,0.93844710651945,0.902172252948266
"RPL9","Training_CR",0.0667547790069474,0.662773505576016,0.962886207591599,0.97291582915876
"PPM1A","Training_CR",-0.0102092339883537,0.941500608055441,0.991779847987079,0.999384773794357
"ATP6V0D1","Training_CR",-0.127257599441391,0.67535417927121,0.965188116548965,0.951276130618023
"VPS25","Training_CR",0.279701168575645,0.0987194422380146,0.850575710898045,0.523278942073126
"MT-ND3","Training_CR",0.283473069019712,0.465492667483138,0.936899291561108,0.805123002692097
"CTSC","Training_CR",-0.343383680429488,0.536782203425204,0.95326536307951,0.807638623851584
"GMPR","Training_CR",-0.0282585996119487,0.885235767834385,0.987968995516696,0.99656116733226
"CHMP2A","Training_CR",-0.0234060478419913,0.912266894503076,0.991779847987079,0.997853101749559
"TRMT112","Training_CR",-0.0606536784565161,0.685413378213005,0.966623555591181,0.977349556778262
"RPL15","Training_CR",0.260640093572606,0.0810681175549859,0.850575710898045,0.519520375266256
"EPHX2","Training_CR",-0.178128263065748,0.461000027853245,0.936899291561108,0.871155403269835
"FERMT3","Training_CR",0.0564656670084478,0.873028610427916,0.987158153836999,0.992362018003624
"PFDN5","Training_CR",-0.0501583950887117,0.704571945397129,0.969011449775669,0.982589636913576
"CD248","Training_CR",-0.694696944382981,0.0835881318009128,0.850575710898045,0.17832702329523
"ALYREF","Training_CR",-0.248855955481639,0.555557640985059,0.956969598809944,0.863921580189819
"RPIA","Training_CR",-0.166408904327044,0.33991133418186,0.913691584764319,0.835632015371651
"RRAD","Training_CR",0.105159148273023,0.637489727867131,0.9611761343664,0.953758820328467
"SESN3","Training_CR",NA,NA,NA,NA
"NT5E","Training_CR",0.038072460421315,0.907379044012267,0.990730825226672,0.996306385198436
"RRAS2","Training_CR",-0.0849529927526547,0.78572660821373,0.970016941419313,0.979722308502338
"VPS13C","Training_CR",-0.116704940426985,0.492583028451827,0.93844710651945,0.92068450032848
"IDI1","Training_CR",-0.296680745503918,0.248768559720625,0.880970498265738,0.661826505227313
"HSPA12A","Training_CR",-0.0714547391069651,0.869107227889409,0.986165621059769,0.990025778412315
"RPL26","Training_CR",NA,NA,NA,NA
"RBM38","Training_CR",-0.164395776626474,0.563373725897623,0.959555749443435,0.90998034449228
"RPL4","Training_CR",0.415311554388108,0.00054733442582079,0.328537489098933,0.044193529302817
"RARS1","Training_CR",0.16621723842653,0.23333598115607,0.871879310979257,0.785141016303151
"TXNDC5","Training_CR",0.103692932016029,0.687787661852532,0.966623555591181,0.961933762589786
"ABCF1","Training_CR",0.036277070280331,0.842625570037025,0.981780747450244,0.99380743698602
"PPIL3","Training_CR",-0.203355552326366,0.222189863283074,0.871879310979257,0.736466077219693
"NT5C","Training_CR",-0.111681125002834,0.582786179976109,0.959555749443435,0.941481539064517
"HDHD2","Training_CR",-0.234678414019836,0.160324493793954,0.854607847832103,0.65077465719483
"PAK2","Training_CR",0.172251319431389,0.113008601322981,0.850575710898045,0.686905836473773
"DEPTOR","Training_CR",-0.120707124811238,0.482424568017959,0.936899291561108,0.91577266289381
"PRPSAP2","Training_CR",-0.412552479261048,0.0690722272720684,0.831204915433407,0.332010458849398
"NLN","Training_CR",0.280395468770669,0.168832559980834,0.855812213520726,0.607270550578191
"BTF3L4","Training_CR",0.0203443007794455,0.837330466669769,0.980461608787748,0.996394659687627
"CDV3","Training_CR",0.0801109794059052,0.618859325873759,0.959555749443435,0.962286130209161
"EIF3E","Training_CR",-0.129943556804058,0.261994624398411,0.888487419746589,0.840254492047756
"RAB5B","Training_CR",-0.467406262687335,0.00812504232245835,0.606193357776546,0.105448258147238
"ARL3","Training_CR",NA,NA,NA,NA
"CAPG","Training_CR",0.635049807707341,0.140803973699865,0.854607847832103,0.287957280385305
"SH3GLB1","Training_CR",0.0910372371962875,0.534756310182081,0.95326536307951,0.944608971106231
"SNTB1","Training_CR",0.100973612306021,0.669008578690881,0.964738496959043,0.960225437635184
"GSPT1","Training_CR",0.137241116476563,0.195362942469224,0.866553060931186,0.7992348084076
"COL3A1","Training_CR",0.314649651967814,0.536540745238509,0.95326536307951,0.82209041795548
"ISCA2","Training_CR",NA,NA,NA,NA
"PTGIS","Training_CR",0.146445457460343,0.717166795095564,0.970016941419313,0.952480800611993
"STK38","Training_CR",0.0323315930417589,0.912217938479091,0.991779847987079,0.997033898843059
"EIF2S3","Training_CR",0.123731364837207,0.208486131102365,0.871879310979257,0.823660973648612
"TIMM50","Training_CR",0.111937827323747,0.652793769546345,0.9611761343664,0.953380858106616
"IPO7","Training_CR",-0.0889946243520736,0.543107276879316,0.954933393737001,0.947122699748076
"UQCC3","Training_CR",NA,NA,NA,NA
"DCTN1","Training_CR",0.216333659439638,0.0139454224802276,0.620054803241233,0.396805893752397
"LMAN2","Training_CR",0.262409131012046,0.189136982458118,0.866553060931186,0.645980693332335
"NDUFV3","Training_CR",0.0648982926110442,0.809917890386394,0.971227675365609,0.986411159123378
"DDX3X","Training_CR",0.152614719641374,0.19778054035414,0.866553060931186,0.780885306809006
"CUL4A","Training_CR",0.368889715148136,0.121779078915817,0.854607847832103,0.459914570065728
"ECHDC3","Training_CR",-0.116451601175482,0.641228757308996,0.9611761343664,0.949568619043326
"HMGCS2","Training_CR",-0.827229511102022,0.0911696206150717,0.850575710898045,0.137897802710622
"LRP1","Training_CR",0.120311465614177,0.631884436141503,0.961028898064857,0.946268589866078
"LNPK","Training_CR",0.119133361636997,0.418947525706852,0.930067385561363,0.901543333957766
"NSUN4","Training_CR",NA,NA,NA,NA
"DCUN1D1","Training_CR",-0.437685435920628,0.0201336921173578,0.663164674751046,0.180988918159896
"PCTP","Training_CR",0.128893363367,0.673482650581387,0.965188116548965,0.950325568038168
"MSRB2","Training_CR",0.420276946684396,0.163262239380109,0.854607847832103,0.46686791225436
"PRG4","Training_CR",0.57533683620872,0.406382456490459,0.930067385561363,0.595670197506394
"PIN4","Training_CR",-0.226391625493916,0.213372333673573,0.871879310979257,0.704891844057824
"SMS","Training_CR",0.485758237107392,0.0337965102113021,0.733707469123299,0.192924501661334
"AGO2","Training_CR",-0.0267977438492952,0.884562175375524,0.987968995516696,0.996718318980685
"PPTC7","Training_CR",-0.0235514784899049,0.915702876851622,0.991779847987079,0.997928127505775
"RCN1","Training_CR",0.0601590450891987,0.709848255156727,0.969263539786777,0.979594323324165
"UBXN6","Training_CR",0.0642079860020726,0.735609937276749,0.970016941419313,0.980477676623442
"CUL3","Training_CR",-0.084132190231637,0.511616263264998,0.946469755507393,0.945176358027594
"ADD1","Training_CR",0.0848933721589074,0.757789161656328,0.970016941419313,0.976729841301849
"ATP6V1G1","Training_CR",0.0176370849979222,0.899485029461497,0.990730825226672,0.998133397260806
"CLIP1","Training_CR",-0.172561894949364,0.30409204385911,0.898479592621058,0.814303634245991
"GNAI1","Training_CR",-0.0296071737545667,0.943514845853948,0.99201723323183,0.998280025638348
"EIF3C","Training_CR",-0.0468254540390713,0.694332079622338,0.96867595768346,0.983062916232266
"PSMD3","Training_CR",0.209086502441627,0.0639069325477064,0.831204915433407,0.562673164929239
"MT-CYB","Training_CR",NA,NA,NA,NA
"CD163","Training_CR",-0.297791695860486,0.385197818308333,0.92671348387524,0.752696820899643
"NUCB1","Training_CR",-0.269504043499465,0.219980065788943,0.871879310979257,0.664920385065354
"DHX9","Training_CR",0.194313210073602,0.323104123314769,0.901565719171659,0.802895023704617
"ATPAF2","Training_CR",-0.0103463372851973,0.963601510978385,0.99681483320082,0.999616457869249
"EIF3G","Training_CR",0.0849267453651876,0.535980490813364,0.95326536307951,0.948413013757286
"COX17","Training_CR",-0.00812752071425038,0.975432076891993,0.998119050779266,0.999797850386157
"TMEM70","Training_CR",1.12013075345101,0.028810027486102,0.733707469123299,0.0188142752479608
"SURF1","Training_CR",0.021898652787181,0.926693230026086,0.991779847987079,0.998334185538839
"AHCYL1","Training_CR",0.149524339750872,0.282285948928884,0.898479592621058,0.827684218322106
"STXBP3","Training_CR",0.0931553284305693,0.601052789496247,0.959555749443435,0.953684078424147
"TMEM256","Training_CR",-0.185668665874228,0.366022425634007,0.924150665202413,0.829768714134273
"GYPC","Training_CR",0.292708149471709,0.293968308370333,0.898479592621058,0.698823059386143
"TBC1D17","Training_CR",-0.257132606000232,0.219047255643421,0.871879310979257,0.676753904643701
"EML1","Training_CR",0.0491576320088356,0.788781324123911,0.970016941419313,0.988404312067868
"SCARB2","Training_CR",-0.0485999327293971,0.740096192756707,0.970016941419313,0.985479090119903
"CNP","Training_CR",-0.157164687214916,0.479811439299134,0.936899291561108,0.89099560185405
"RCN2","Training_CR",0.489138271505707,0.00292420751765971,0.50150158927864,0.0576139465918969
"PITRM1","Training_CR",-0.12055095751291,0.459773041296097,0.936314734649643,0.910582492825807
"SLC41A3","Training_CR",1.50356359051791,0.0314369106212818,0.733707469123299,0.00550560793780371
"CD151","Training_CR",-0.359352720022448,0.592363565463129,0.959555749443435,0.828474223896649
"MAT2B","Training_CR",-0.0701109160399795,0.612147721525445,0.959555749443435,0.966176111740267
"CHCHD10","Training_CR",0.070803089221199,0.775201597341965,0.970016941419313,0.982132802125386
"CPNE1","Training_CR",0.155157993642529,0.301103162613033,0.898479592621058,0.830077256135512
"RBMX","Training_CR",0.369664659027336,0.140764635625873,0.854607847832103,0.484426800796704
"CD63","Training_CR",-0.0267237339905133,0.919457245521808,0.991779847987079,0.997758477701486
"MTRES1","Training_CR",NA,NA,NA,NA
"AP1B1","Training_CR",0.673456759987257,0.0184101065316515,0.659741280335751,0.0678563410812125
"PLIN5","Training_CR",0.168400832496161,0.573890961058125,0.959555749443435,0.910723761027457
"IST1","Training_CR",0.0204948622351022,0.868802441717496,0.986165621059769,0.997121762516661
"TMED2","Training_CR",-0.145967294444386,0.347520566819189,0.91490886067201,0.857034228441634
"NDUFAF4","Training_CR",0.339158899093613,0.25962390051149,0.887384350888374,0.632950552280717
"CHMP3","Training_CR",-0.278088637102565,0.296985475666878,0.898479592621058,0.713466610242433
"MSRA","Training_CR",0.0914925666391664,0.772516175182802,0.970016941419313,0.976662194381593
"SESN1","Training_CR",-0.489274753286276,0.00801801764587306,0.606193357776546,0.0943002626347518
"GART","Training_CR",-0.153673852368909,0.26476317395482,0.891579776529484,0.81528283873933
"OXSM","Training_CR",0.106639662303884,0.653327551556003,0.9611761343664,0.955620877900711
"TMEM143","Training_CR",0.0184937568177297,0.939784488975754,0.991779847987079,0.998852110165646
"SMIM20","Training_CR",-0.0123628167202536,0.951343693339529,0.99398442459017,0.999383534282516
"MT-ND4","Training_CR",0.257340284083261,0.511440494215195,0.946469755507393,0.841513817030201
"TMX3","Training_CR",-0.163653300313628,0.361794964476798,0.923952319773943,0.846722175190798
"ATP6V1B2","Training_CR",-0.0480642829879248,0.624597258899076,0.960113350771099,0.977632575348396
"STX7","Training_CR",0.0807621767868891,0.692052538185084,0.967253666442614,0.970709506786212
"DYNLRB1","Training_CR",0.0992272190288652,0.342641447811135,0.913691584764319,0.899173411850737
"CCDC22","Training_CR",0.541998367676587,0.170818870180658,0.859302786542281,0.383738771411249
"HNRNPF","Training_CR",-0.246152667116993,0.252398229596021,0.882107931965132,0.712560836427804
"RHOG","Training_CR",-0.0233579344548787,0.940523920509057,0.991779847987079,0.99856875878362
"RUVBL2","Training_CR",0.160885847022328,0.367109677968405,0.924150665202413,0.851102388083765
"CUL2","Training_CR",-0.278745520362845,0.152673985032665,0.854607847832103,0.592213307031137
"HMGB2","Training_CR",-0.322822160736122,0.102298135973285,0.850575710898045,0.479030711894853
"CPT1A","Training_CR",-0.362509491913869,0.207834229562348,0.871879310979257,0.565803935407315
"SLC44A2","Training_CR",0.124429086855629,0.537879872109097,0.95326536307951,0.925740825992693
"SHMT2","Training_CR",-0.153695920570058,0.438592939238908,0.931163754555142,0.881021148580541
"CD38","Training_CR",-0.176817129777568,0.464156685515579,0.936899291561108,0.873093174576165
"COPS3","Training_CR",-0.156006446318536,0.311725158988861,0.898479592621058,0.833729457000976
"KYAT1","Training_CR",-0.736528477712564,0.00414686670741163,0.550107154978594,0.0175947456945876
"TMOD1","Training_CR",0.249732152710557,0.397948577316215,0.928070152159885,0.794445161535516
"SRM","Training_CR",0.309888534186348,0.138904116216049,0.854607847832103,0.542421935179832
"STX4","Training_CR",-0.491748095647718,0.0955913457221828,0.850575710898045,0.315226540794401
"EEA1","Training_CR",0.190578182871695,0.246071003554273,0.880970498265738,0.76550742110437
"NNMT","Training_CR",0.606093985118656,0.0822012565489015,0.850575710898045,0.219945134525163
"UBE4A","Training_CR",-0.16645144129032,0.517736806837836,0.946469755507393,0.896216711456548
"RAB2B","Training_CR",-0.293915658039358,0.197584457912055,0.866553060931186,0.620884352405803
"RDH14","Training_CR",-0.0549657912585477,0.776968245825106,0.970016941419313,0.986224822103531
"GABARAPL2","Training_CR",0.141377624271152,0.484003988259517,0.936899291561108,0.902494765980989
"CELF1","Training_CR",NA,NA,NA,NA
"CUL1","Training_CR",0.0882765396203169,0.585322715657984,0.959555749443435,0.953820097359958
"INPP1","Training_CR",0.296061940743343,0.0840647582432303,0.850575710898045,0.480417837955961
"HNRNPH3","Training_CR",-0.0134047856767623,0.94161633751641,0.991779847987079,0.999193928366752
"ALDH16A1","Training_CR",-0.0353011934327814,0.861264833137203,0.983809448423602,0.99474152702595
"HEBP1","Training_CR",-0.1876265989538,0.529051493693425,0.949788255431153,0.887402933008118
"PARVB","Training_CR",-0.150541948289163,0.459577672382329,0.936314734649643,0.889551003990812
"RMDN1","Training_CR",-0.0310580224334398,0.861269318973018,0.983809448423602,0.995372286686544
"IGF2","Training_CR",0.269514695329823,0.401391686259572,0.928070152159885,0.781908349725283
"H6PD","Training_CR",-0.0945020963754928,0.430817748505484,0.930067385561363,0.92350654415946
"NAE1","Training_CR",-0.115367858690886,0.430485603089696,0.930067385561363,0.907341115690421
"MIEN1","Training_CR",-0.104196863575991,0.507790477492859,0.946469755507393,0.931822630112152
"RBBP4","Training_CR",0.0794190652709137,0.697277487061739,0.968859838608991,0.971769854471178
"EIF3F","Training_CR",-0.0679253675590594,0.687168566472276,0.966623555591181,0.974838030858339
"ITGA1","Training_CR",-0.298968560354758,0.277961263064922,0.898479592621058,0.681975510537356
"FN3KRP","Training_CR",0.168033868531479,0.365152886732495,0.924150665202413,0.844269183954463
"MPV17","Training_CR",-0.354571390954748,0.474445041057183,0.936899291561108,0.767688064083907
"VPS4B","Training_CR",-0.108301356239243,0.372253314389763,0.925238310403541,0.898506525225819
"RPS27","Training_CR",-0.115390001313838,0.607540139203266,0.959555749443435,0.944118953308751
"IDE","Training_CR",-0.017066418396805,0.907039037266729,0.990730825226672,0.998336218765377
"CLIC4","Training_CR",0.25390273688217,0.13855118645267,0.854607847832103,0.605414046401086
"HEXB","Training_CR",0.544723477350905,0.454587183420504,0.932875066147547,0.650872681365217
"NFU1","Training_CR",-0.0199073129854579,0.921768574122259,0.991779847987079,0.998379642761206
"HBS1L","Training_CR",-0.0739679983578885,0.537684177302985,0.95326536307951,0.955141335904379
"SEC23IP","Training_CR",-0.476720274930308,0.196406273064609,0.866553060931186,0.460291363614378
"NANS","Training_CR",0.250467440466094,0.258080281508518,0.886815177101672,0.712301298980583
"RPL11","Training_CR",0.401106126530257,0.0370212863179281,0.733707469123299,0.266561318557163
"MESD","Training_CR",-0.265839060226279,0.32599894482363,0.90285343936485,0.742324595966264
"RASA4","Training_CR",-0.266819020246373,0.229994445515761,0.871879310979257,0.675606855955259
"YKT6","Training_CR",-0.168687358510878,0.507551882186951,0.946469755507393,0.891904333089317
"PYURF","Training_CR",-0.0342571162652412,0.936051324419236,0.991779847987079,0.997738680136344
"LACTB2","Training_CR",-0.30802552569182,0.0669787241581275,0.831204915433407,0.434869137841711
"SNRPE","Training_CR",-0.0581595015610485,0.807400344394894,0.971227675365609,0.987634696072986
"TMX1","Training_CR",0.0474438464921416,0.66468792646733,0.963363477995176,0.980808691384783
"C11orf68","Training_CR",0.41320122945962,0.0135023901973846,0.620054803241233,0.168843125831549
"ARIH2","Training_CR",-0.481011385319903,0.0220078479720758,0.686244714038363,0.159500094393225
"MRPS17","Training_CR",-0.289570365735463,0.390704905333229,0.928070152159885,0.76174835710342
"PRKCQ","Training_CR",-0.114430955668977,0.52375134681924,0.947981625261886,0.928665309763069
"SRPRB","Training_CR",0.113670700963898,0.481745036171239,0.936899291561108,0.920334313179213
"ARHGDIB","Training_CR",-0.0443802984299371,0.883332880553256,0.987968995516696,0.994509611263004
"CSRP2","Training_CR",-0.248084303909808,0.615291433798484,0.959555749443435,0.886490884307483
"USP15","Training_CR",-0.0761944195545876,0.689987335470442,0.966623555591181,0.972121599153683
"HPCAL1","Training_CR",0.161252720330914,0.267978312250328,0.896122461995872,0.808685232377108
"LARS2","Training_CR",0.175430903556181,0.701783750308606,0.969011449775669,0.939765088609127
"MDP1","Training_CR",0.0463238231196996,0.77227317044746,0.970016941419313,0.988100504904126
"COL15A1","Training_CR",0.484350499085139,0.190898717054615,0.866553060931186,0.448390681855123
"DPP4","Training_CR",0.246787742281407,0.518381816117409,0.946469755507393,0.850313468726565
"MRPL12","Training_CR",0.618367075844587,0.0612447406290898,0.831204915433407,0.177812906327555
"CES2","Training_CR",0.367317771722954,0.157253513472005,0.854607847832103,0.506870520574681
"PDZK1IP1","Training_CR",0.315508693757543,0.419190959043167,0.930067385561363,0.760094647195206
"ACAA1","Training_CR",-0.346938191208256,0.0973086785871435,0.850575710898045,0.445606110581005
"PTPN11","Training_CR",-0.0785268172916851,0.514209196890232,0.946469755507393,0.949110397220303
"IL18","Training_CR",0.894026216462475,0.0115954036503699,0.606193357776546,0.0185960549834682
"SFXN3","Training_CR",0.138226108992448,0.494849995618292,0.93844710651945,0.907336267309712
"DEK","Training_CR",-0.222239120117793,0.16648672497933,0.855812213520726,0.671367153511504
"LRRC59","Training_CR",0.376431437194526,0.0908528484771315,0.850575710898045,0.405401995991544
"BDH2","Training_CR",0.423280957569512,0.0654822445895605,0.831204915433407,0.315418851347626
"MOB1A","Training_CR",-0.00015215430238235,0.999558016628694,0.999947790244227,0.999999932735465
"AIMP2","Training_CR",0.107790503522747,0.485132207917385,0.937089646990862,0.924993546808271
"RPL19","Training_CR",0.108013229342063,0.463693805497877,0.936899291561108,0.92034056454707
"TIMM8A","Training_CR",0.270338276783924,0.382013495849172,0.92671348387524,0.770938753940973
"FARSA","Training_CR",0.210143216951685,0.161313231558992,0.854607847832103,0.681549216871524
"MPO","Training_CR",-0.401023498404978,0.428589529859188,0.930067385561363,0.711934465419049
"CTSZ","Training_CR",0.0898845048173182,0.687364555783339,0.966623555591181,0.966864570011423
"VWF","Training_CR",-0.265959585430068,0.281250949349398,0.898479592621058,0.713643423323337
"STOML2","Training_CR",0.293605648557968,0.0744094547563876,0.849947892761308,0.466341046554044
"SRSF3","Training_CR",0.0897641346189229,0.571847848090072,0.959555749443435,0.951070023161658
"NHLRC2","Training_CR",-0.116601177149922,0.340500960819389,0.913691584764319,0.881950981497772
"MAPK9","Training_CR",0.354624414774293,0.159614777784945,0.854607847832103,0.521663275097926
"SSPN","Training_CR",-0.279519342027745,0.273072363853581,0.898479592621058,0.695710771611713
"PECAM1","Training_CR",0.133614702127426,0.425581267848881,0.930067385561363,0.892126844726058
"PSMD7","Training_CR",0.312929724324158,0.0277210445790528,0.733707469123299,0.325618322553563
"SIAE","Training_CR",0.0444217530152073,0.9033417136471,0.990730825226672,0.995494514673073
"MAPK14","Training_CR",0.293718702932392,0.182563407663627,0.866553060931186,0.606824909521843
"EHBP1L1","Training_CR",0.0516244660618952,0.751728471670921,0.970016941419313,0.985375398649013
"RAB8A","Training_CR",0.0111694132788482,0.972775287103517,0.998119050779266,0.999691747453399
"SNX5","Training_CR",0.173667266355256,0.279555674241819,0.898479592621058,0.801437509675242
"OPLAH","Training_CR",0.0268512944801351,0.868163561931681,0.986165621059769,0.996211090405262
"TMEM126A","Training_CR",-0.0991723781950284,0.688586179430269,0.966623555591181,0.963673550832814
"EIF2S2","Training_CR",0.123102091583492,0.392827920943093,0.928070152159885,0.891344235860803
"EIF6","Training_CR",-0.0698163489977315,0.602479979422581,0.959555749443435,0.96524241405426
"BOLA2","Training_CR",0.106088364677399,0.578634397693495,0.959555749443435,0.943612868946767
"PFKFB1","Training_CR",-0.42336492985276,0.0630130062766539,0.831204915433407,0.310256472737685
"WDR77","Training_CR",-0.103711423709228,0.437030312944662,0.931163754555142,0.917734254761899
"SFPQ","Training_CR",0.00756896770987758,0.963111513022425,0.996737389123639,0.99971555266453
"LAMA2","Training_CR",0.691648359592433,0.104913863170525,0.850575710898045,0.210261939939481
"LZIC","Training_CR",0.183285230967686,0.151049530634049,0.854607847832103,0.707203996042887
"PDK2","Training_CR",-0.162282008677805,0.657746227522745,0.961919690601341,0.934273748649626
"RALB","Training_CR",NA,NA,NA,NA
"RPS26","Training_CR",-0.119960993604776,0.369623001531601,0.924552639847151,0.887458266014899
"MYH8","Training_CR",0.575801559682667,0.247914449293973,0.880970498265738,0.447958781432755
"ABCF2","Training_CR",0.048853823808809,0.832052648807824,0.977178872740988,0.991057977262554
"AP2M1","Training_CR",0.176721994989697,0.160865319455007,0.854607847832103,0.724043162740188
"PITPNB","Training_CR",-0.528787535616551,0.06397731929721,0.831204915433407,0.233690711845093
"HSD17B4","Training_CR",-0.145985234336436,0.299296156593469,0.898479592621058,0.838529801534661
"ACAD9","Training_CR",0.127036873000494,0.543511190745182,0.954933393737001,0.925468656197308
"TATDN3","Training_CR",NA,NA,NA,NA
"CDIPT","Training_CR",NA,NA,NA,NA
"HNMT","Training_CR",-0.270712883304073,0.31321669282454,0.898479592621058,0.730329291167129
"KHSRP","Training_CR",-0.00354620405482642,0.983826307258615,0.998119050779266,0.999942177571577
"BCKDK","Training_CR",-0.0918164465260034,0.787029645762749,0.970016941419313,0.978250934911157
"LTF","Training_CR",-0.317901353522354,0.327137022790954,0.903037390320678,0.701022429842675
"NPC2","Training_CR",-0.0479402369660473,0.813960108268339,0.972540128717752,0.990180324617902
"UFD1","Training_CR",0.30938621225274,0.0992385319862985,0.850575710898045,0.489312970492424
"MVP","Training_CR",0.393780517100991,0.130919017394053,0.854607847832103,0.44904811866502
"RPL29","Training_CR",-0.195886912451705,0.765304894463138,0.970016941419313,0.948952986828962
"PRKAB2","Training_CR",-0.0963584683153673,0.64317317461779,0.9611761343664,0.958364619420323
"SIRT5","Training_CR",0.062347786976904,0.796294623714063,0.970016941419313,0.985898417083388
"RNF114","Training_CR",-0.215589529245838,0.286459723199918,0.898479592621058,0.763745369535284
"THEM6","Training_CR",0.191434253116885,0.732111326657952,0.970016941419313,0.942053187247164
"SCP2","Training_CR",-0.227473090604608,0.106359905922383,0.850575710898045,0.600645421831851
"DMAC2L","Training_CR",-0.0592120921492914,0.770631887362925,0.970016941419313,0.984691009430818
"HDLBP","Training_CR",-0.0197315478457725,0.939081585664891,0.991779847987079,0.99876058335612
"PMM2","Training_CR",0.256088524153943,0.103131082754046,0.850575710898045,0.558908086172655
"ACSS1","Training_CR",-0.0907030673617086,0.637202776191971,0.9611761343664,0.959947282136622
"CBR3","Training_CR",0.172391957064189,0.422471621391194,0.930067385561363,0.861966734944744
"RAB9A","Training_CR",0.280656569981767,0.409455584770067,0.930067385561363,0.778329139963106
"TOMM40","Training_CR",-0.138167022541353,0.568706945480728,0.959555749443435,0.924982845092656
"ARPC1B","Training_CR",0.134124820972875,0.610419936282321,0.959555749443435,0.935938880533982
"LGALSL","Training_CR",-0.0895465235167503,0.723349354174127,0.970016941419313,0.971415684124131
"COPB1","Training_CR",0.1456084688968,0.567853953794785,0.959555749443435,0.920904882365149
"RTN4IP1","Training_CR",0.0667430624691505,0.786683363185763,0.970016941419313,0.984113910460256
"AARS1","Training_CR",-0.0218883640879355,0.831720868446158,0.977178872740988,0.995975007377302
"SERBP1","Training_CR",0.205363375302108,0.372650957775789,0.925268820702864,0.816509385908087
"TXNDC12","Training_CR",-0.015469030352488,0.94078785842849,0.991779847987079,0.99905625300647
"DDX19B","Training_CR",-1.26908683510437,0.0238446443918646,0.698182819327646,0.00872505330949946
"ZYX","Training_CR",0.0476809548449122,0.703579014214615,0.969011449775669,0.983376288423942
"MCCC1","Training_CR",-0.0626864481355138,0.757724646038842,0.970016941419313,0.982758929261881
"AARSD1","Training_CR",-0.12654503783695,0.499496753796936,0.942662514048278,0.915905791824835
"MRPL53","Training_CR",NA,NA,NA,NA
"PIGS","Training_CR",NA,NA,NA,NA
"SRP14","Training_CR",0.205454647124315,0.344519173066082,0.913691584764319,0.803375053070271
"LMAN1","Training_CR",0.135125220794709,0.394301507924001,0.928070152159885,0.881832759291893
"CORO1B","Training_CR",0.156884789514057,0.630258375456494,0.961028898064857,0.930138287676264
"PFAS","Training_CR",-0.273438322269993,0.383920252414427,0.92671348387524,0.769689501238728
"AEBP1","Training_CR",0.785342452810745,0.163723007922981,0.854607847832103,0.241438762177838
"RPL21","Training_CR",-0.0999165443881669,0.624332837324829,0.960113350771099,0.95402266267338
"JUP","Training_CR",0.297942183341718,0.173682028017456,0.860367014579555,0.593595923171549
"KHDRBS1","Training_CR",-0.0417103999507997,0.832291043213378,0.977178872740988,0.992372332524902
"SUGT1","Training_CR",0.0472795108028485,0.719935551806923,0.970016941419313,0.984584313311571
"UBA3","Training_CR",-0.00549164760272447,0.972977125253572,0.998119050779266,0.999849569241149
"NDRG1","Training_CR",-0.120947582968984,0.665289688635248,0.963363477995176,0.951904945445162
"GNS","Training_CR",-0.317833813237311,0.378100102102679,0.92671348387524,0.734089744487358
"D2HGDH","Training_CR",-0.0293984124006883,0.928209841422048,0.991779847987079,0.997812289789652
"PLGRKT","Training_CR",0.0260769413019606,0.904473089345478,0.990730825226672,0.997385228478877
"EZR","Training_CR",0.0447422901785419,0.795779016469858,0.970016941419313,0.989831404250922
"RDH13","Training_CR",-0.00826966849539623,0.974871500839598,0.998119050779266,0.999789562301454
"DBNL","Training_CR",0.139861356426142,0.446686908478834,0.931163754555142,0.893406229163987
"LYPLAL1","Training_CR",-0.102074785147035,0.544122754563413,0.954933393737001,0.939769436458224
"FAM98B","Training_CR",-0.0262097292316561,0.904821050270477,0.990730825226672,0.997381985951912
"ATL2","Training_CR",-0.283072276504688,0.243480374880368,0.880970498265738,0.670386032113236
"PPP2R5A","Training_CR",0.0605435085975046,0.746007436274869,0.970016941419313,0.982415993817751
"DNAJB1","Training_CR",0.23850443131078,0.300848436596632,0.898479592621058,0.750902636021159
"CRADD","Training_CR",0.537422692499034,0.168391560727032,0.855812213520726,0.383890163659441
"LETM1","Training_CR",-0.0620375491415306,0.642626583578168,0.9611761343664,0.972940378425149
"TUBB4A","Training_CR",-0.946334816942112,0.0605952491433994,0.831204915433407,0.0704334938674692
"CLYBL","Training_CR",-0.11132091319279,0.824388508520747,0.97697769445129,0.978731868883558
"NFIC","Training_CR",-0.213158334875477,0.133872461466665,0.854607847832103,0.651398809840048
"AUH","Training_CR",0.363467400702799,0.141708293152909,0.854607847832103,0.491541107319056
"ENSA","Training_CR",-0.248056080918477,0.311690539327006,0.898479592621058,0.748884885452629
"DCLK1","Training_CR",-0.10856209013266,0.809203467520212,0.971227675365609,0.97727897502612
"PPIL1","Training_CR",0.082422321348611,0.589224575555045,0.959555749443435,0.957339579867073
"STX12","Training_CR",0.225527930410625,0.573142339755503,0.959555749443435,0.882026107453468
"ABCA8","Training_CR",-0.0773627755418698,0.763941650518023,0.970016941419313,0.979384466502369
"MTM1","Training_CR",0.333262367007874,0.245349350002888,0.880970498265738,0.62609217409191
"TXNRD2","Training_CR",-0.38960740308092,0.240312905910681,0.87822113712564,0.57378101190726
"BCKDHB","Training_CR",-0.212572890627449,0.467764445700771,0.936899291561108,0.85085730116822
"C6orf136","Training_CR",0.979159960357773,0.0564687088993571,0.831204915433407,0.0599542855246282
"PRPSAP1","Training_CR",-0.0845937267347399,0.745989257956752,0.970016941419313,0.975515050353727
"ETF1","Training_CR",0.192950438035599,0.168656314605548,0.855812213520726,0.709332427414874
"EIF3L","Training_CR",-0.0190941981941553,0.914053193904376,0.991779847987079,0.998285542407584
"RBKS","Training_CR",NA,NA,NA,NA
"SENP8","Training_CR",-0.147690007344425,0.357867062606861,0.921930061501151,0.859189891450768
"ARCN1","Training_CR",0.470785831642898,7.46293187974113e-05,0.0651869730275925,0.0114031347423999
"TATDN1","Training_CR",-0.240053262460135,0.173387273120995,0.860367014579555,0.656634353386461
"C19orf12","Training_CR",0.63099182142828,0.0265195363845214,0.731878239761333,0.101223883034359
"MICU1","Training_CR",0.159425328836511,0.633801523607689,0.9611761343664,0.929878778310436
"DHTKD1","Training_CR",-0.206029753221399,0.476778781541638,0.936899291561108,0.858467215501514
"CHMP1B","Training_CR",NA,NA,NA,NA
"MGST2","Training_CR",-0.116250694851004,0.645668680099676,0.9611761343664,0.950415472676706
"TNKS1BP1","Training_CR",-0.318167462240121,0.376877189786545,0.92671348387524,0.733095549014825
"HNRNPM","Training_CR",0.375276498503084,0.0518904096255578,0.822692247380242,0.329459766012652
"RPL36","Training_CR",0.0543853161498244,0.819417177403629,0.973453520140361,0.989226963665738
"NUDCD2","Training_CR",0.0639322189541414,0.735282985539172,0.970016941419313,0.980532833843931
"PRKCD","Training_CR",-0.411519857858313,0.14781361508858,0.854607847832103,0.455324483720494
"EPB41L3","Training_CR",-0.35379773128731,0.19942454668982,0.869960260722374,0.565279533997513
"SYNPO2L","Training_CR",0.939112562857256,0.0801649635094972,0.850575710898045,0.0934798846972463
"CLIC6","Training_CR",-0.297528310049634,0.318768212449236,0.898479592621058,0.711655414497889
"MTIF2","Training_CR",0.113023556476277,0.718377584643457,0.970016941419313,0.963306475052875
"OPA3","Training_CR",0.282259674760818,0.431028822977925,0.930067385561363,0.788562046487035
"LIMCH1","Training_CR",0.179368166413383,0.480094343215292,0.936899291561108,0.876678053234509
"PLAA","Training_CR",0.035650319811662,0.844526072656083,0.981812917314767,0.99399392971827
"PFKFB2","Training_CR",-0.101786962887674,0.598532889677855,0.959555749443435,0.949096707020018
"F10","Training_CR",-0.177232541600507,0.592802837321165,0.959555749443435,0.911490844283447
"FAHD2A","Training_CR",0.259776444900028,0.236761895359632,0.871879310979257,0.687798058962236
"BROX","Training_CR",-0.0282662290942017,0.89485048207381,0.990730825226672,0.996864586273398
"HSPBP1","Training_CR",-0.0209026993168404,0.909036803032359,0.991638965961242,0.998008501543548
"EIF3M","Training_CR",-0.0159199571670428,0.905807391315793,0.990730825226672,0.998426300683337
"NUDCD1","Training_CR",NA,NA,NA,NA
"UBQLN1","Training_CR",-0.00084178562359937,0.995475722737159,0.999947790244227,0.999996182894364
"BCKDHA","Training_CR",-0.0568406625445395,0.751646589432438,0.970016941419313,0.983903569303397
"PRUNE1","Training_CR",-0.178059495051269,0.280975785152421,0.898479592621058,0.797682862207931
"CSTA","Training_CR",-0.431553509851685,0.19214252048023,0.866553060931186,0.4907329279049
"CHMP4B","Training_CR",0.172544650963092,0.235225279207061,0.871879310979257,0.779027744266227
"ATAD3A","Training_CR",-0.16580837123623,0.447286410501252,0.931163754555142,0.87511309912974
"ILVBL","Training_CR",-0.261143005323222,0.44728495625486,0.931163754555142,0.81049909041794
"NAA50","Training_CR",-0.37896883900909,0.0201628576663167,0.663164674751046,0.227760323929193
"ATRN","Training_CR",-0.11311587089541,0.747124961136964,0.970016941419313,0.967561918084152
"DHRS11","Training_CR",0.0111839305782482,0.965383802129837,0.998119050779266,0.999606072943737
"PPP1R14B","Training_CR",0.309483258989321,0.289559369544281,0.898479592621058,0.681423026679947
"LPCAT3","Training_CR",0.89825754416188,0.0362034150712197,0.733707469123299,0.0507441404961985
"PPP1R12B","Training_CR",-0.0242291534892018,0.946112975524035,0.99283970901801,0.998658767668059
"BPNT1","Training_CR",-0.0292870931847666,0.809552131823592,0.971227675365609,0.993831499316214
"EIF4E3","Training_CR",-0.140550818020063,0.683867605101162,0.966623555591181,0.947993116867736
"KPNA6","Training_CR",-0.128997725536857,0.30112151722696,0.898479592621058,0.856562143546473
"LMNB2","Training_CR",0.284239185025269,0.408928228039213,0.930067385561363,0.775559077767217
"PGM2L1","Training_CR",-0.0340117337187262,0.84041157415501,0.980956825253369,0.994104049384436
"PARP1","Training_CR",-0.0209157047877273,0.886113748915935,0.987968995516696,0.997474278157846
"TSG101","Training_CR",-0.100411368298861,0.506961896919546,0.946469755507393,0.934062997671122
"GLS","Training_CR",-0.115789649334966,0.658452344553584,0.961919690601341,0.95276763930249
"SMTN","Training_CR",0.0369327732658302,0.830614339926071,0.977178872740988,0.993169095722792
"AP2A2","Training_CR",0.0924962024277214,0.686181547271744,0.966623555591181,0.965764487751013
"RO60","Training_CR",0.25325853115997,0.287441887582286,0.898479592621058,0.72924453389857
"LSM3","Training_CR",-0.162216845642904,0.548641345904307,0.954933393737001,0.907210792765426
"SERPINA5","Training_CR",-0.263022672190962,0.386891884397671,0.927483833118972,0.778980739534092
"CSNK2A1","Training_CR",0.0308810994662903,0.848655678637931,0.982151748699993,0.994945176802395
"CDNF","Training_CR",0.253451501465003,0.458681410923996,0.936314734649643,0.820747351834358
"HNRNPUL1","Training_CR",0.322943096576541,0.152740208888461,0.854607847832103,0.545083928966981
"STAT5B","Training_CR",-0.189791646418254,0.0688243534321867,0.831204915433407,0.601745937857234
"CA14","Training_CR",-0.0057196539119797,0.980408402316378,0.998119050779266,0.999886837004687
"UBE3A","Training_CR",-0.402385356390468,0.0106786011893952,0.606193357776546,0.1609544732407
"MME","Training_CR",-0.151827086259766,0.391091072931099,0.928070152159885,0.867155018791418
"LANCL2","Training_CR",-0.168203390645184,0.438895480565946,0.931163754555142,0.870650644563984
"ATPAF1","Training_CR",0.166475514321425,0.524307225327797,0.947981625261886,0.898085963974115
"MICU2","Training_CR",-0.258882904196145,0.451269974760802,0.931163754555142,0.813840881084318
"ETFRF1","Training_CR",-0.418438089386649,0.148457576753825,0.854607847832103,0.450159974295603
"ETHE1","Training_CR",0.320093245379924,0.0735378431068896,0.84854869963421,0.433688385367242
"MLIP","Training_CR",0.299740497867598,0.411349222181538,0.930067385561363,0.766237349242371
"CTTN","Training_CR",-0.103196731085067,0.602634507335098,0.959555749443435,0.949078841320634
"EDF1","Training_CR",-0.21140387819192,0.504734088361563,0.946469755507393,0.865418729135347
"MYL9","Training_CR",0.473193024375677,0.0681750709466673,0.831204915433407,0.280594897582885
"IPO9","Training_CR",-0.134951776869979,0.663329097430295,0.962886207591599,0.946110839787574
"COPZ1","Training_CR",-0.0694921013244105,0.738827885365919,0.970016941419313,0.979185099738181
"C9orf64","Training_CR",-0.217852507072246,0.111820086035249,0.850575710898045,0.620465527942955
"RHOC","Training_CR",0.490442863701547,0.0485977787991638,0.800280871790097,0.226913532012327
"FHIT","Training_CR",NA,NA,NA,NA
"EIF3D","Training_CR",-0.0377152041255435,0.795320868612376,0.970016941419313,0.991400047758676
"GALK1","Training_CR",-0.053232456708308,0.777867166264036,0.970016941419313,0.986717040699363
"TSNAX","Training_CR",-0.463452381027084,0.0016177934873959,0.423674577192902,0.0508708222130009
"PCOLCE","Training_CR",0.475921630853657,0.259448201676299,0.887384350888374,0.526179636744969
"BCO2","Training_CR",0.753058485953201,0.139726909463411,0.854607847832103,0.227167339096753
"ILF3","Training_CR",0.251501385563003,0.146542455410804,0.854607847832103,0.616933929269219
"G3BP2","Training_CR",0.954960466854772,0.0167414923741425,0.653612906301093,0.0201276768281082
"STAT3","Training_CR",-0.0746788874684334,0.587225772145162,0.959555749443435,0.96102486091026
"EMC7","Training_CR",NA,NA,NA,NA
"ACSS2","Training_CR",-0.206671895903732,0.129514203453483,0.854607847832103,0.655452091890681
"FITM1","Training_CR",-0.27578025887423,0.431396996220361,0.930067385561363,0.793060495005412
"SRP54","Training_CR",0.1905018109449,0.312372849624187,0.898479592621058,0.801187831579971
"LHPP","Training_CR",-0.0839735880491261,0.783690448931842,0.970016941419313,0.979740223243063
"ARRB1","Training_CR",-0.248891607121585,0.4772761424157,0.936899291561108,0.831856627065259
"AASDHPPT","Training_CR",NA,NA,NA,NA
"ARL8A","Training_CR",0.101126245326711,0.636047616012811,0.9611761343664,0.955273310328916
"COX20","Training_CR",-0.19205550267243,0.686692305691894,0.966623555591181,0.930356248182924
"CHCHD7","Training_CR",-0.0735162205291271,0.777970260163598,0.970016941419313,0.981711800792906
"LAMTOR5","Training_CR",0.209098306596019,0.479153582227958,0.936899291561108,0.857408548306729
"TOM1L2","Training_CR",0.0233390513933536,0.922031151754244,0.991779847987079,0.998107216467868
"LAMB3","Training_CR",-0.155065369217249,0.480501699494431,0.936899291561108,0.892569220531479
"LAMTOR1","Training_CR",0.155365145572397,0.327407965344979,0.903037390320678,0.8407401140871
"UROD","Training_CR",-0.220840979756213,0.323301992589254,0.901565719171659,0.779294182955274
"MAP2K4","Training_CR",0.207685620296147,0.212463149844522,0.871879310979257,0.724913988737211
"HNRNPA0","Training_CR",0.13030569946943,0.614677822019812,0.959555749443435,0.938554660023494
"UQCC2","Training_CR",-0.0901203715989389,0.656676765581674,0.961919690601341,0.962807939435828
"TECR","Training_CR",-0.0814335155720176,0.693720390909161,0.968385266612149,0.970659908683327
"EWSR1","Training_CR",NA,NA,NA,NA
"RCSD1","Training_CR",-0.155242413124231,0.386541351900707,0.927483833118972,0.862810268055967
"QKI","Training_CR",0.0438876332554745,0.861787516084035,0.983809448423602,0.993493128386564
"GNA13","Training_CR",-0.227610238892618,0.370955718011171,0.925238310403541,0.797945616756194
"STIM1","Training_CR",-0.0293383682298085,0.898531537844322,0.990730825226672,0.996865907649282
"CLINT1","Training_CR",-0.131005902868655,0.586701262740181,0.959555749443435,0.932526673527184
"PDP1","Training_CR",0.300116840326368,0.173825776628342,0.860367014579555,0.591487359956767
"TARDBP","Training_CR",0.014593247915947,0.918057238780205,0.991779847987079,0.998753120409286
"AP2S1","Training_CR",NA,NA,NA,NA
"RAB18","Training_CR",-0.160573419822654,0.318078623822655,0.898479592621058,0.831994127321774
"HARS1","Training_CR",-0.0295258325777219,0.810580190131464,0.971227675365609,0.993818611302192
"PGPEP1","Training_CR",-0.0558434591394334,0.847340846858586,0.982151748699993,0.9907920605398
"MBNL1","Training_CR",0.0144480280406754,0.922217940146349,0.991779847987079,0.998830773706975
"PALMD","Training_CR",-0.117217819022548,0.521341846164128,0.946493380181653,0.92649211256478
"VPS36","Training_CR",0.0827255702595764,0.501832515806419,0.94427889533794,0.944557837128048
"PCCB","Training_CR",0.0214146244071891,0.892606655251511,0.990729197893153,0.997570057239223
"SSR4","Training_CR",0.259178116022724,0.222297725571372,0.871879310979257,0.677235707929177
"COX11","Training_CR",NA,NA,NA,NA
"TIMM9","Training_CR",-0.371134334806161,0.148121507917104,0.854607847832103,0.49225247610862
"SFXN1","Training_CR",0.227015265771593,0.145200819642881,0.854607847832103,0.645288886056555
"GBP1","Training_CR",NA,NA,NA,NA
"TKFC","Training_CR",-0.192542134398266,0.209310915611134,0.871879310979257,0.739986536925261
"UBE2G1","Training_CR",NA,NA,NA,NA
"OSBP","Training_CR",-0.00266154353453452,0.98593469680217,0.999020313495505,0.999962299528661
"HLA-DRB5","Training_CR",0.217718932912494,0.580903235337877,0.959555749443435,0.88846623985119
"AGK","Training_CR",0.302504645388355,0.207454646583944,0.871879310979257,0.621392611013646
"PCYT1A","Training_CR",0.343768756075567,0.0985412229815199,0.850575710898045,0.450855418830427
"MRPS23","Training_CR",-0.156865590336173,0.527238928557785,0.949383923043383,0.904466607393292
"PLP2","Training_CR",0.350057179817657,0.299630280426742,0.898479592621058,0.655805517982457
"CYSTM1","Training_CR",NA,NA,NA,NA
"SIRT2","Training_CR",-0.257860471213577,0.272373336101776,0.898479592621058,0.715074473599514
"ESYT2","Training_CR",0.147807874214729,0.364917505122082,0.924150665202413,0.861566747487402
"COPA","Training_CR",0.233266573933587,0.134635175670341,0.854607847832103,0.626414491999146
"MLYCD","Training_CR",0.0823836631346762,0.713246904648172,0.969263539786777,0.972544237662308
"UAP1","Training_CR",-0.0976186019488683,0.579929049564133,0.959555749443435,0.948202257621554
"LRPAP1","Training_CR",-0.0799621323511275,0.712043803409479,0.969263539786777,0.973209012555794
"FKBP4","Training_CR",-0.0818701881664907,0.619150872062577,0.959555749443435,0.961511182209503
"SYNPO","Training_CR",0.220076823648942,0.385383718279637,0.92671348387524,0.810708500223551
"EPM2A","Training_CR",-0.244886948909738,0.227677318302695,0.871879310979257,0.696010832231055
"DCAF6","Training_CR",-0.0127667894089285,0.926024879988398,0.991779847987079,0.99901930011472
"DYNC1LI1","Training_CR",0.132218414470689,0.325185420956312,0.902757306134151,0.861975145018063
"PIP4K2A","Training_CR",-0.0700726893756727,0.805042200464431,0.971227675365609,0.984918872584729
"ISLR","Training_CR",NA,NA,NA,NA
"UBE3C","Training_CR",-0.0598258699563576,0.73347348920062,0.970016941419313,0.981627023922183
"LNPEP","Training_CR",0.375623580975713,0.0446554677802765,0.790911631197516,0.311072112615333
"SCAMP3","Training_CR",-0.253366303985253,0.315608009315306,0.898479592621058,0.746622345957269
"TMED5","Training_CR",NA,NA,NA,NA
"CTNNA1","Training_CR",-0.422515317799245,0.0551986907066634,0.828325352416867,0.294066557301482
"STEAP4","Training_CR",0.44758094157614,0.199714027942227,0.869960260722374,0.486268580747028
"NUDT2","Training_CR",0.282755561502515,0.32523326522534,0.902757306134151,0.727897808464756
"VPS37C","Training_CR",-0.118207806585202,0.764172954372955,0.970016941419313,0.968706787396118
"BCS1L","Training_CR",0.87970831377713,0.114361712180319,0.854042860893001,0.148443661310416
"LSM2","Training_CR",0.170641967745921,0.313059842135754,0.898479592621058,0.82022473247887
"FYCO1","Training_CR",-0.0979487364908778,0.552324118581342,0.955425222416284,0.94351373965763
"TNPO1","Training_CR",-0.111493796707739,0.62381799399569,0.960113350771099,0.948746587733418
"EIF4B","Training_CR",-0.327513823151934,0.159411181016744,0.854607847832103,0.548042042866538
"MAPKAPK2","Training_CR",-0.100652636827805,0.596659328942814,0.959555749443435,0.949349824282522
"RIC8A","Training_CR",0.100989962806787,0.596653032129684,0.959555749443435,0.949183452054558
"MYPN","Training_CR",-0.0332073828944282,0.898138041945598,0.990730825226672,0.99643883704819
"RPL36AL","Training_CR",-0.570033757579397,0.192012202663247,0.866553060931186,0.39036712827908
"FAF1","Training_CR",NA,NA,NA,NA
"PYCARD","Training_CR",-0.0621810334570814,0.790682662740728,0.970016941419313,0.985502368533034
"SDCBP","Training_CR",-0.217379037747927,0.292543496053181,0.898479592621058,0.765527846561088
"MFN2","Training_CR",0.0926340915973789,0.583054168799521,0.959555749443435,0.951254353200694
"DUSP23","Training_CR",0.0154770658776773,0.956665815467741,0.994771196568363,0.999314583209336
"EIF4G2","Training_CR",-0.575257969904836,0.0108924375504663,0.606193357776546,0.0742746403546656
"BASP1","Training_CR",0.651193900803976,0.178074614686409,0.866553060931186,0.325084753693242
"NGLY1","Training_CR",-0.469333269484892,0.0971646746396011,0.850575710898045,0.334814306830308
"MRPL24","Training_CR",0.65968844564595,0.129451124445933,0.854607847832103,0.259577158010963
"NUDC","Training_CR",-0.215571795343992,0.175599514675342,0.862197208048048,0.687290805284112
"MRPL45","Training_CR",-0.447920123126328,0.0892597553155205,0.850575710898045,0.338826655028785
"CYTH1","Training_CR",-0.229262558981757,0.196179275901508,0.866553060931186,0.688385709211993
"PRKRA","Training_CR",-0.394994215282297,0.0982921915770918,0.850575710898045,0.399991571661377
"LCMT1","Training_CR",-0.112992858460292,0.536069525368613,0.95326536307951,0.931974265142947
"LYZ","Training_CR",-0.13777290026963,0.596395921794119,0.959555749443435,0.931268170906269
"MRC2","Training_CR",0.495831710116574,0.0898063673504462,0.850575710898045,0.30270283200251
"PPP2R3A","Training_CR",-0.258252427734302,0.398630420555009,0.928070152159885,0.788581066898911
"JAGN1","Training_CR",-0.129310665887227,0.482754575258807,0.936899291561108,0.910127946311262
"HSCB","Training_CR",0.0299227477384019,0.950976199645919,0.99398442459017,0.998497026476362
"HYOU1","Training_CR",0.151182488002638,0.413012728124868,0.930067385561363,0.874863699327048
"MTX1","Training_CR",-0.0917574747845133,0.602563128464571,0.959555749443435,0.954582766998558
"U2AF2","Training_CR",0.0402361490597034,0.868585674431174,0.986165621059769,0.994347204627945
"ACOT1","Training_CR",-0.359569934901661,0.295236959905672,0.898479592621058,0.644895463578266
"SEC13","Training_CR",0.154749592987738,0.408939228541826,0.930067385561363,0.870771794576365
"CLASP2","Training_CR",-0.147796990485292,0.400464728800217,0.928070152159885,0.87349454147134
"ATP2B4","Training_CR",0.00396838668601518,0.984400629839776,0.998119050779266,0.999937609698437
"HLA-B","Training_CR",-0.0120250222099898,0.939600695088181,0.991779847987079,0.999251118224055
"SNX1","Training_CR",-0.00460811849571563,0.986970178551658,0.999020313495505,0.999939564259057
"PCYT2","Training_CR",0.026880656748018,0.852388056147274,0.982151748699993,0.995716001774042
"LSS","Training_CR",-0.32421477396549,0.0513937457399715,0.822692247380242,0.381995340128036
"ABLIM2","Training_CR",1.93239135628469,8.14497788766253e-05,0.0651869730275925,1.25383100921959e-08
"GAA","Training_CR",0.440889052137977,0.00262125835234686,0.484126254152679,0.0727527216356319
"PFDN4","Training_CR",0.117901942515427,0.44925066109934,0.931163754555142,0.909971405793319
"FUBP1","Training_CR",-0.120800318588744,0.349229188810802,0.916811428303543,0.880658653874106
"GNAQ","Training_CR",-0.550635712986116,0.144492164961383,0.854607847832103,0.344651573940784
"SAE1","Training_CR",0.0355230428400404,0.84920526755565,0.982151748699993,0.9942104287939
"ACSL4","Training_CR",-0.284962882068259,0.354507943453957,0.921930061501151,0.74414937039489
"TMED7","Training_CR",0.0600914801925274,0.721989378784102,0.970016941419313,0.980615846135641
"RRAGC","Training_CR",-0.165775704452486,0.623013512840666,0.960113350771099,0.924554832065039
"CBX3","Training_CR",-0.0679564948478504,0.755590036415783,0.970016941419313,0.981134976821963
"TRAPPC3","Training_CR",0.214071110966289,0.0805527052608066,0.850575710898045,0.583207846241175
"RANGAP1","Training_CR",0.202416591331371,0.477105803825412,0.936899291561108,0.860887264197594
"HTRA2","Training_CR",-0.0467582320158169,0.816330802481584,0.972811751523015,0.990555967269249
"ARPC1A","Training_CR",-0.0101392571109251,0.969116628477642,0.998119050779266,0.999681978892962
"SCO1","Training_CR",0.384616157287278,0.134952610734781,0.854607847832103,0.462864283855582
"APIP","Training_CR",-0.255296746081008,0.317882398366641,0.898479592621058,0.74632888816928
"NPTN","Training_CR",0.56997872630826,0.155746749734809,0.854607847832103,0.346494229086185
"RUVBL1","Training_CR",-0.0716230159561224,0.706275785048265,0.969011449775669,0.975400749714644
"RPS23","Training_CR",-0.364744490210217,0.376092502994471,0.92671348387524,0.699988770945306
"OSTF1","Training_CR",0.289510310987079,0.2275061455609,0.871879310979257,0.651392691956654
"NOMO2","Training_CR",0.0624317312659795,0.707045127027037,0.969011449775669,0.978589888257464
"GRSF1","Training_CR",0.17077588127742,0.537031098920439,0.95326536307951,0.899270642547647
"CPTP","Training_CR",NA,NA,NA,NA
"KDSR","Training_CR",-0.318884839478718,0.446820260003109,0.931163754555142,0.773450763047486
"SLC37A4","Training_CR",-0.00323862064902158,0.986795337165551,0.999020313495505,0.999956951174488
"HSPA1L","Training_CR",-0.0333553484912734,0.875196815199103,0.987158153836999,0.995563386670133
"THOP1","Training_CR",-0.214241112896486,0.129876117154872,0.854607847832103,0.645775448747162
"MXRA7","Training_CR",0.216840119314593,0.403825967162097,0.928070152159885,0.821499138675077
"CLPP","Training_CR",0.630836319214056,0.00123894935023748,0.423674577192902,0.0146619793243754
"SNRPD2","Training_CR",0.00038507411197752,0.998437447548343,0.999947790244227,0.999999397831101
"UFL1","Training_CR",-0.00465893211331547,0.978875781465331,0.998119050779266,0.999900534288457
"TOMM5","Training_CR",-0.16495794610651,0.491679558415229,0.93844710651945,0.889488876096554
"PEBP4","Training_CR",-0.749866844468048,0.0101743057173035,0.606193357776546,0.0320548610845982
"MOB2","Training_CR",-0.040676219641842,0.841626797411936,0.981421049337571,0.993011199351936
"MAVS","Training_CR",0.0116017859096367,0.932424572917086,0.991779847987079,0.999188587013751
"PLTP","Training_CR",0.78215191656539,0.131564172374149,0.854607847832103,0.204659455991727
"PXN","Training_CR",0.723611735894266,0.0781117772594567,0.850575710898045,0.158036236370538
"TIMM10","Training_CR",-0.563085841973673,0.123503598610296,0.854607847832103,0.307990733149585
"PCNA","Training_CR",-0.157933780534979,0.621223756332155,0.960113350771099,0.927570405269274
"FGGY","Training_CR",0.0249067867378212,0.927486811401627,0.991779847987079,0.998126855712879
"FKBP5","Training_CR",0.197869107160034,0.54475834965147,0.954933393737001,0.88675347760725
"TRIM25","Training_CR",0.0448659872314749,0.793613530718258,0.970016941419313,0.989682432973039
"ROMO1","Training_CR",-0.212013272363889,0.484643448612618,0.936899291561108,0.857640659750276
"CARS1","Training_CR",-0.226701910713659,0.210480711456297,0.871879310979257,0.702378058042572
"RAP1A","Training_CR",0.0102067772153536,0.975331272959767,0.998119050779266,0.999745086608739
"TPPP","Training_CR",0.185231725162591,0.402666568079156,0.928070152159885,0.844935168483665
"LSM8","Training_CR",0.407948925090706,0.0359588425778167,0.733707469123299,0.257538694293803
"DHRS4","Training_CR",-0.0297821906028446,0.863750182488395,0.984232367013269,0.995647252915584
"TSTD1","Training_CR",0.527851514162974,0.0371783894774235,0.733707469123299,0.175924252343521
"COPG1","Training_CR",0.166853831678814,0.36796669551583,0.924150665202413,0.846356797643371
"PAK1","Training_CR",-0.164389811769462,0.494561297949943,0.93844710651945,0.890702977933516
"TMOD3","Training_CR",0.577463715243732,0.0681525184828728,0.831204915433407,0.212020634276306
"RABGGTA","Training_CR",0.131177937671071,0.324891687624468,0.902757306134151,0.862880940903249
"DUSP28","Training_CR",0.22850045733551,0.425069683871367,0.930067385561363,0.822437624952485
"MARCKS","Training_CR",0.176678109050976,0.438715599685067,0.931163754555142,0.864533014631328
"NMT1","Training_CR",-0.148374578773691,0.546549170340158,0.954933393737001,0.914262378088467
"PPID","Training_CR",-0.160424995165744,0.385389994945213,0.92671348387524,0.858159628123588
"CNPY2","Training_CR",0.32345964111185,0.11251134206923,0.850575710898045,0.49328771225381
"FCGRT","Training_CR",-0.193105318485316,0.680253924038404,0.965627733132767,0.928299017743784
"HDGFL2","Training_CR",0.200091476237839,0.227735510924345,0.871879310979257,0.743750672314469
"PTGFRN","Training_CR",NA,NA,NA,NA
"NUBPL","Training_CR",-0.220455783853905,0.41119251030641,0.930067385561363,0.822079902461559
"LGMN","Training_CR",0.383469510691999,0.275910627741698,0.898479592621058,0.610311766788189
"RPA2","Training_CR",-0.101728725565296,0.609670285752353,0.959555749443435,0.950906883383484
"IGFBP5","Training_CR",0.323382460515811,0.132376872147818,0.854607847832103,0.52000730071611
"CD276","Training_CR",0.331818572599638,0.389506406856165,0.928070152159885,0.731349789855372
"SLC25A46","Training_CR",0.319745907096808,0.368390033705027,0.924247096056186,0.726655754705822
"SNRNP70","Training_CR",0.186848395928725,0.665981796328745,0.963363477995176,0.926860181227384
"PDPR","Training_CR",0.106128488547409,0.504679855752423,0.946469755507393,0.929996970446512
"UBE2O","Training_CR",0.19395743781357,0.391035884679407,0.928070152159885,0.83350340667289
"PELO","Training_CR",-0.436166106300594,0.0279473790279412,0.733707469123299,0.210061586169086
"S100A16","Training_CR",-0.3334222247674,0.218239632974028,0.871879310979257,0.601985149557302
"LUC7L2","Training_CR",-0.0523267829735428,0.763711778457459,0.970016941419313,0.985993556356448
"LYRM7","Training_CR",-0.171649169038517,0.450952308991372,0.931163754555142,0.872231581573214
"HDDC2","Training_CR",0.0453451897340038,0.89818807359778,0.990730825226672,0.99514285838178
"WBP2","Training_CR",-0.365868622349456,0.083554038842624,0.850575710898045,0.403256814616072
"MAGT1","Training_CR",-0.0786012473452189,0.798539715990322,0.970287033281059,0.982472458436552
"OSBPL11","Training_CR",NA,NA,NA,NA
"MCCC2","Training_CR",-0.139454613799185,0.549962176931408,0.954933393737001,0.920000819140431
"CBFB","Training_CR",-0.352689119773186,0.111591425328477,0.850575710898045,0.461434172386882
"TRMT10C","Training_CR",-0.554129438641923,0.131502928792084,0.854607847832103,0.324919803466745
"EPS15L1","Training_CR",0.0299046322846817,0.839170598108631,0.980461608787748,0.994770207383963
"SNF8","Training_CR",-0.0658854527485921,0.676302031819801,0.965188116548965,0.974560360036435
"ABHD5","Training_CR",-0.542760857713208,0.219512599259978,0.871879310979257,0.43910660268891
"MTARC2","Training_CR",-0.186241637263825,0.314144323600443,0.898479592621058,0.806017594298059
"COL18A1","Training_CR",-0.311200466613128,0.167771568023218,0.855812213520726,0.573762279082843
"RBM3","Training_CR",-1.84518774260414,0.00331389488245778,0.530444107518742,2.65802716914457e-05
"JPT1","Training_CR",-0.417966105453589,0.356529178283759,0.921930061501151,0.649816783647925
"CD34","Training_CR",0.0450303290551517,0.86147613298374,0.983809448423602,0.99330811204038
"ISYNA1","Training_CR",0.0440559153201807,0.833246547119805,0.977344875248974,0.991995278345078
"EIF4EBP1","Training_CR",-0.286832800229886,0.13816290241393,0.854607847832103,0.566808131309694
"ACACB","Training_CR",0.252856870691492,0.328343041128676,0.903037390320678,0.754571095566849
"IRGQ","Training_CR",0.498309814804196,0.0847236223750455,0.850575710898045,0.292290115456218
"RPL18A","Training_CR",0.057431981026669,0.748949441652843,0.970016941419313,0.983534409235508
"SND1","Training_CR",-0.0293332741418428,0.849266568304835,0.982151748699993,0.995218932094679
"DNAJB4","Training_CR",0.332450553462595,0.190920433571191,0.866553060931186,0.57665888291465
"HLA-DRB1","Training_CR",-0.191921967134084,0.629185193278707,0.961028898064857,0.914915894900647
"TRIM28","Training_CR",-0.138284804840409,0.63037971243035,0.961028898064857,0.938184023886376
"HLA-C","Training_CR",0.0830335283508274,0.699538251397109,0.969011449775669,0.970765086464992
"TUBB2B","Training_CR",-1.36141054620826,0.0045756912001816,0.550107154978594,0.000653011889044018
"APPL1","Training_CR",0.156023933999421,0.239860928999451,0.87822113712564,0.800311106082892
"SYNE2","Training_CR",0.30054069944397,0.303193704844551,0.898479592621058,0.69861164473247
"BTD","Training_CR",-0.0222722884291962,0.929659955795368,0.991779847987079,0.9983768582146
"SZRD1","Training_CR",-0.0981375531099058,0.796121512552079,0.970016941419313,0.977872778477823
"RPL10","Training_CR",0.0585057363863379,0.721594467833525,0.970016941419313,0.981091106794295
"SMYD5","Training_CR",-0.578932936450799,0.0117354686124105,0.606193357776546,0.0762728928961481
"ABHD11","Training_CR",0.176330534790011,0.486175904673557,0.937597065960812,0.88058669272507
"OSTC","Training_CR",0.0741579938659882,0.71486329951242,0.969710046400745,0.975415090531623
"MAPRE3","Training_CR",-0.0940657082935665,0.614520313713894,0.959555749443435,0.95523122842443
"TBCEL","Training_CR",0.753407010791626,0.059830717044157,0.831204915433407,0.11981911937018
"SLC27A1","Training_CR",-0.172994725754368,0.315811196442454,0.898479592621058,0.819225763156714
"SPG7","Training_CR",-0.146057267191837,0.509096677375634,0.946469755507393,0.9060998272734
"LMOD3","Training_CR",-0.59520088828455,0.0550330703966423,0.828325352416867,0.177999234048648
"UGGT1","Training_CR",0.0154039048002277,0.885074285498824,0.987968995516696,0.998121201477421
"EIF3I","Training_CR",-0.197224977908567,0.221804909703437,0.871879310979257,0.743034836134583
"UBE2B","Training_CR",-0.375929087703388,0.174731085384141,0.860367014579555,0.519020977096271
"ABCF3","Training_CR",0.623602856865784,0.106197007090599,0.850575710898045,0.24699083246794
"HUWE1","Training_CR",-0.109075454543978,0.387593025503176,0.927827372116775,0.90178274274945
"MYO18A","Training_CR",0.334662036696698,0.109436125948534,0.850575710898045,0.476917837947212
"TSFM","Training_CR",0.303117489318912,0.171073191156689,0.859302786542281,0.585550073657812
"RPA1","Training_CR",-0.0986994121952147,0.671955937523981,0.965188116548965,0.961520699325771
"PALLD","Training_CR",-0.194097079871197,0.59116892926097,0.959555749443435,0.903004445271991
"CISD2","Training_CR",0.00097008651288454,0.997736181499163,0.999947790244227,0.999997801413078
"PGM3","Training_CR",-0.0981489221816219,0.563519220886152,0.959555749443435,0.945261480479855
"CD58","Training_CR",0.0215328407786801,0.939642977588127,0.991779847987079,0.998660364931911
"EML2","Training_CR",0.00981759305642171,0.966429691310019,0.998119050779266,0.999664817500118
"ABCE1","Training_CR",0.250674961495007,0.04089086183734,0.773062671428768,0.448713842285371
"MAP2K2","Training_CR",0.0764777692096947,0.676922068631942,0.965188116548965,0.970599304415146
"AKT2","Training_CR",0.148294505227991,0.337407585887988,0.912292357789482,0.851192828299977
"AHCYL2","Training_CR",-0.199093557783717,0.29843349149128,0.898479592621058,0.786041602419108
"HSDL1","Training_CR",-0.52532658692059,0.0472087401444021,0.800280871790097,0.201107709017553
"ATXN10","Training_CR",-0.163098160140951,0.349051009312124,0.916811428303543,0.842259698086347
"CLCC1","Training_CR",-0.0101029754639015,0.9481109484763,0.993193934495696,0.999461820458611
"STAT1","Training_CR",0.119847257725052,0.67301331678256,0.965188116548965,0.95365020610041
"SNAP23","Training_CR",NA,NA,NA,NA
"PDLIM2","Training_CR",-0.100391940351786,0.805401752030314,0.971227675365609,0.978508087554896
"ANP32E","Training_CR",0.503257776474809,0.184365598290773,0.866553060931186,0.427019485305857
"ATP6V1H","Training_CR",-0.219330481785958,0.270795718440684,0.896387529065422,0.750863599800755
"KTN1","Training_CR",0.117833934693792,0.426686061572234,0.930067385561363,0.904511773052774
"BCAP29","Training_CR",0.157111124106049,0.379891486221404,0.92671348387524,0.858934092747476
"ARPC5L","Training_CR",-0.138146778705192,0.404548321354416,0.928070152159885,0.882478690830564
"ATAD1","Training_CR",0.0250221210600561,0.894357503689629,0.990730825226672,0.997210186685723
"GAPVD1","Training_CR",-0.0664533983147555,0.779167420987392,0.970016941419313,0.983554653274676
"PNPT1","Training_CR",-0.205493453259736,0.418881863315225,0.930067385561363,0.836261857933778
"MTDH","Training_CR",0.101509453115254,0.493748537581433,0.93844710651945,0.930867662652816
"ILF2","Training_CR",0.198337701733009,0.311464424652101,0.898479592621058,0.79345773103228
"AKT1","Training_CR",0.493159854081877,0.103974358436272,0.850575710898045,0.32748204410346
"ATG3","Training_CR",0.0367409868368469,0.850750804385102,0.982151748699993,0.99407893213984
"NTPCR","Training_CR",0.125397780460964,0.597020237302097,0.959555749443435,0.937366707100406
"AP1G1","Training_CR",-0.277431480431084,0.367855389708022,0.924150665202413,0.757713737925249
"SEC31A","Training_CR",0.167912072302687,0.392821129756031,0.928070152159885,0.854791932573128
"MATR3","Training_CR",NA,NA,NA,NA
"CHDH","Training_CR",-0.427836331707309,0.0294051011127095,0.733707469123299,0.221174765991328
"MMAB","Training_CR",0.188635989580205,0.470826764556482,0.936899291561108,0.867540658843334
"NAA10","Training_CR",0.257167055564965,0.253240789159436,0.882483504748629,0.702438823992564
"USP24","Training_CR",-0.0793436272106858,0.506072445591615,0.946469755507393,0.947395160822289
"YAP1","Training_CR",0.0509590335085806,0.887322589591762,0.988550738767106,0.993926535403077
"GNAI3","Training_CR",-0.146664036697573,0.505854504586499,0.946469755507393,0.904880444926047
"PPP2R5D","Training_CR",0.0533797423801134,0.736489578566457,0.970016941419313,0.98380582048068
"MRPL40","Training_CR",0.43375782624036,0.16934725305677,0.856005799135378,0.46288860475545
"ARMC1","Training_CR",-0.0848221647023681,0.647527533377251,0.9611761343664,0.963807974520368
"IFITM1","Training_CR",-0.116397656129584,0.624405414141571,0.960113350771099,0.946657322669809
"SLC25A24","Training_CR",-0.00389268085667993,0.98081465326819,0.998119050779266,0.999924594710116
"MRPS22","Training_CR",-0.082278026902669,0.70615945492478,0.969011449775669,0.97178013881426
"ARL1","Training_CR",-0.554021493840173,0.218682924440928,0.871879310979257,0.430767817404106
"SYNC","Training_CR",-0.251213434176422,0.332218862057829,0.908021488794016,0.758185285258244
"RPA3","Training_CR",-0.0843544184996672,0.746878340198933,0.970016941419313,0.975681490325221
"NAA15","Training_CR",NA,NA,NA,NA
"BAX","Training_CR",0.485625245382617,0.128111677579293,0.854607847832103,0.368657057423136
"FKBP9","Training_CR",0.403754938201738,0.318637630907686,0.898479592621058,0.630164214395391
"PHYKPL","Training_CR",-0.0883496901968357,0.569547905368218,0.959555749443435,0.951483308692356
"TARS1","Training_CR",0.111691797895752,0.538502837629753,0.95326536307951,0.933202522386892
"TPRKB","Training_CR",NA,NA,NA,NA
"TUBA1C","Training_CR",-0.317658587468647,0.421977868544856,0.930067385561363,0.760273839861329
"ZBTB9","Training_CR",0.369631124488175,0.183819311844343,0.866553060931186,0.534682621126525
"TACC2","Training_CR",-0.464420938739244,0.00509445663619076,0.555990471977001,0.0861248027577642
"PAM16","Training_CR",NA,NA,NA,NA
"SPEG","Training_CR",-0.102730107454367,0.58167225041226,0.959555749443435,0.94585677977528
"MYBPH","Training_CR",0.902184984092626,0.0919395262827655,0.850575710898045,0.116114726745187
"UBA2","Training_CR",-0.0282512754999393,0.859697809453697,0.983809448423602,0.995738239375762
"NUDCD3","Training_CR",0.143618809904158,0.654665517057532,0.961377312816596,0.940972507270401
"HSPH1","Training_CR",0.576011380652731,0.124329433020415,0.854607847832103,0.300929173724154
"SORD","Training_CR",-0.519863113776763,0.00915559658643103,0.606193357776546,0.0871677978243057
"OVCA2","Training_CR",0.370419801843239,0.420011104816462,0.930067385561363,0.725184194799359
"CSNK2B","Training_CR",-0.18789256420048,0.220632938411361,0.871879310979257,0.752801609440807
"NDUFAF3","Training_CR",0.205971682991105,0.301098642248599,0.898479592621058,0.780959969981385
"MIPEP","Training_CR",NA,NA,NA,NA
"MINDY3","Training_CR",-0.237324425090645,0.416167742047541,0.930067385561363,0.812162803619628
"ELAVL1","Training_CR",-0.128088552747921,0.541719412707906,0.954933393737001,0.924484316777019
"LARS1","Training_CR",0.177889404591173,0.201792556527625,0.869960260722374,0.752228856745312
"GSK3B","Training_CR",-0.0984677455741956,0.605333773449153,0.959555749443435,0.951773327129749
"GNPDA2","Training_CR",0.0555572974326219,0.783697948748024,0.970016941419313,0.986550198733398
"TBC1D4","Training_CR",-0.099419125478267,0.500188272760311,0.942662514048278,0.93344367268643
"SLC35A4","Training_CR",0.0206980411068542,0.928259331566146,0.991779847987079,0.998460338768964
"CHCHD4","Training_CR",-0.115526675875213,0.626127819386567,0.961013085913306,0.947347148727852
"MOCS2","Training_CR",-0.0848099512975251,0.750246894354959,0.970016941419313,0.9759241718631
"GPLD1","Training_CR",0.0940275302642561,0.829094567214141,0.977178872740988,0.982531633251559
"GMFB","Training_CR",0.474919067921227,0.128721528967908,0.854607847832103,0.377708164763426
"TOMM7","Training_CR",-0.104850963182432,0.777343158075059,0.970016941419313,0.973936505760963
"SNRPB","Training_CR",0.31596409833039,0.0712306250416666,0.831204915433407,0.433994160327999
"CHP1","Training_CR",0.0793972872074633,0.613339522030361,0.959555749443435,0.961931244717693
"MRPL41","Training_CR",NA,NA,NA,NA
"ARHGAP17","Training_CR",NA,NA,NA,NA
"LIMS3","Training_CR",0.190061073242917,0.508509840036635,0.946469755507393,0.879384773145328
"USP7","Training_CR",0.0155549880794377,0.922842229039606,0.991779847987079,0.99875176094784
"EIF2B3","Training_CR",0.0766174234557013,0.697098760455362,0.968859838608991,0.972732919924979
"ABHD16A","Training_CR",-0.249008508919596,0.518465314891394,0.946469755507393,0.849107701037298
"DCTPP1","Training_CR",-0.218116119835715,0.442851602616228,0.931163754555142,0.837226980865558
"HYI","Training_CR",0.115496160808324,0.769091703856266,0.970016941419313,0.97013218154085
"RBBP7","Training_CR",-0.305443667148302,0.0974355775250769,0.850575710898045,0.491032439367637
"PCID2","Training_CR",NA,NA,NA,NA
"CACNG1","Training_CR",NA,NA,NA,NA
"GUK1","Training_CR",-0.141026640918761,0.558949685517155,0.959555749443435,0.921240076573258
"MRPS27","Training_CR",0.475202958388997,0.12087392734797,0.854607847832103,0.366371558927831
"MEMO1","Training_CR",-0.0946357323843099,0.697692070368574,0.968859838608991,0.966507009347866
"EML4","Training_CR",0.463472929224698,0.381941256442595,0.92671348387524,0.640127856734923
"DNAJA3","Training_CR",0.0166509269608728,0.957068498156151,0.994771196568363,0.999269618951922
"FBL","Training_CR",NA,NA,NA,NA
"LAMTOR2","Training_CR",0.365087856020149,0.184409354885671,0.866553060931186,0.539443880564112
"DYNLT1","Training_CR",0.535965892108656,0.0518605159791787,0.822692247380242,0.204737019615315
"DERA","Training_CR",-0.570036393442663,0.0423124188266082,0.784271519096599,0.164830163178517
"GBP2","Training_CR",0.0453161485923026,0.873477500829024,0.987158153836999,0.993888703241217
"NDUFAF2","Training_CR",NA,NA,NA,NA
"SPAG7","Training_CR",-0.109541991412525,0.548128067223164,0.954933393737001,0.936260322143582
"BCAM","Training_CR",-0.218852936938326,0.232546179765545,0.871879310979257,0.726705889591781
"UCHL5","Training_CR",0.157102989255918,0.424117142455809,0.930067385561363,0.873930527006639
"SNU13","Training_CR",0.228048263080397,0.434171232681191,0.930067385561363,0.826740533115054
"PPIC","Training_CR",-0.0365688227223693,0.91676970660775,0.991779847987079,0.996827250589102
"DRG1","Training_CR",0.592138077002605,0.0834711667981101,0.850575710898045,0.229826809267405
"CLUH","Training_CR",0.0443187778420286,0.782983225595943,0.970016941419313,0.989216242759517
"CD74","Training_CR",-0.723084691942624,0.218752670298266,0.871879310979257,0.333219478919527
"STK24","Training_CR",-0.176918700120715,0.513660288578755,0.946469755507393,0.888818678037198
"NUDT16","Training_CR",-0.117299985413609,0.491421747036637,0.93844710651945,0.920041891749057
"PMPCB","Training_CR",0.238892060747493,0.0788912608185146,0.850575710898045,0.545141142761341
"SNX9","Training_CR",-0.254710515374432,0.445282191297075,0.931163754555142,0.813773836577269
"PBDC1","Training_CR",0.97091497908321,0.00162249662344328,0.423674577192902,0.00195580550477324
"THTPA","Training_CR",0.127984798621664,0.496865921154259,0.939350454087698,0.91437266942934
"HGS","Training_CR",-0.150159311410908,0.287911583816489,0.898479592621058,0.829473898888413
"BPHL","Training_CR",0.315683428861698,0.423998426375132,0.930067385561363,0.762719881429729
"NENF","Training_CR",NA,NA,NA,NA
"CYFIP1","Training_CR",-0.22814036385541,0.311152647352367,0.898479592621058,0.766172905713363
"ERO1A","Training_CR",-0.284355841556206,0.293067132045598,0.898479592621058,0.705389491042654
"UBE2F","Training_CR",0.446700203294616,0.138263317673776,0.854607847832103,0.41319364224363
"RABEP1","Training_CR",NA,NA,NA,NA
"DARS2","Training_CR",0.608100815409487,0.0138034541583869,0.620054803241233,0.0739477647101366
"FXR1","Training_CR",0.105199354199091,0.650146903987059,0.9611761343664,0.955716162122799
"GSK3A","Training_CR",-0.193544785380533,0.35241875686455,0.919110135870046,0.817213691710419
"SMDT1","Training_CR",NA,NA,NA,NA
"DNAJC8","Training_CR",NA,NA,NA,NA
"PTER","Training_CR",-0.112345785166635,0.599685171237446,0.959555749443435,0.944170919219356
"TIMM21","Training_CR",-0.284035963603324,0.268810933438359,0.896387529065422,0.688560980960325
"SNX17","Training_CR",-0.302999061319909,0.617769895866806,0.959555749443435,0.864212808933134
"CHMP5","Training_CR",0.101266224709226,0.559606708984108,0.959555749443435,0.942907422235396
"RWDD1","Training_CR",-0.192116923957372,0.381944977353364,0.92671348387524,0.831180374195572
"DNAJC19","Training_CR",0.211379558527825,0.519988176268112,0.946493380181653,0.870897060631889
"BUB3","Training_CR",0.0233444442914443,0.885477147655923,0.987968995516696,0.997164674387091
"TTLL12","Training_CR",0.0423849502580493,0.863052244442041,0.984232367013269,0.993776985999683
"NT5C2","Training_CR",0.476367954845614,0.0791116350021555,0.850575710898045,0.298646214117696
"PACSIN2","Training_CR",-0.226624493069926,0.147960894958946,0.854607847832103,0.648537320827002
"GPHN","Training_CR",-0.090828577791422,0.588710010290264,0.959555749443435,0.953016617260699
"ASPSCR1","Training_CR",NA,NA,NA,NA
"SPATA20","Training_CR",NA,NA,NA,NA
"CCDC124","Training_CR",0.0505902515674039,0.727513790322205,0.970016941419313,0.984034926235604
"GHITM","Training_CR",-0.0333803975731222,0.906651472771391,0.990730825226672,0.9967341601165
"AKAP1","Training_CR",-0.14211264434487,0.478607897647875,0.936899291561108,0.900577498767539
"NUBP1","Training_CR",0.0346701627837049,0.882220623314323,0.987511289779808,0.995664798158005
"PLEKHO2","Training_CR",-0.348994885851635,0.321339050612389,0.900274282987568,0.672872509135502
"TMEM65","Training_CR",0.283297580563246,0.357410313335398,0.921930061501151,0.747159486433424
"FAM114A1","Training_CR",-0.0716506245626931,0.790842930987974,0.970016941419313,0.983327311855436
"GPT2","Training_CR",-0.351059795941225,0.302430712713771,0.898479592621058,0.65715623375969
"NLRX1","Training_CR",0.121621677942279,0.609493941584536,0.959555749443435,0.941559168660139
"RGN","Training_CR",0.099738411711904,0.710339578022043,0.969263539786777,0.966463498175326
"FUNDC1","Training_CR",1.19566509260459,0.234757952872324,0.871879310979257,0.17679609942908
"CLIP2","Training_CR",0.056414765159114,0.764764140034338,0.970016941419313,0.984984127537349
"MRPS28","Training_CR",NA,NA,NA,NA
"PPP1CC","Training_CR",0.302778868033184,0.0818404391072754,0.850575710898045,0.468672710657933
"NSUN2","Training_CR",-0.0311451920332431,0.879955520552181,0.987176365756245,0.996024952329128
"TMPO","Training_CR",-0.147610843467372,0.472219786745064,0.936899291561108,0.895158928302053
"CHMP7","Training_CR",NA,NA,NA,NA
"FNTA","Training_CR",0.297971818114764,0.106959495030992,0.850575710898045,0.513729757737844
"TANGO2","Training_CR",NA,NA,NA,NA
"SNX6","Training_CR",0.18582880739987,0.404923901379472,0.928070152159885,0.845354111986393
"STK38L","Training_CR",-0.0373947393114502,0.880787309959155,0.987176365756245,0.995264393915536
"AP1M1","Training_CR",0.270994933669687,0.159187640516321,0.854607847832103,0.607745114098553
"ECHDC2","Training_CR",0.306394311987383,0.335328283394771,0.909413910473711,0.715495264999001
"ADH1C","Training_CR",-0.43508801212371,0.22159594557222,0.871879310979257,0.519112861290507
"GPAT3","Training_CR",NA,NA,NA,NA
"VASP","Training_CR",0.164147769852172,0.611581164184994,0.959555749443435,0.922458669802878
"YARS1","Training_CR",0.0610920421540788,0.676527875756702,0.965188116548965,0.976409073602388
"ANP32B","Training_CR",-0.0192491812862183,0.972912961332767,0.998119050779266,0.999471544560834
"MRPS25","Training_CR",NA,NA,NA,NA
"EPS15","Training_CR",-0.238376374366331,0.306093221973838,0.898479592621058,0.75411863398227
"GCN1","Training_CR",0.346706216545667,0.284011379051699,0.898479592621058,0.646350520543586
"UBE2R2","Training_CR",-0.0970007857682846,0.721107662566326,0.970016941419313,0.968781638914556
"UBA5","Training_CR",-0.285148382162307,0.300297540262642,0.898479592621058,0.709618180843223
"TBCE","Training_CR",0.111288533629152,0.810757072409636,0.971227675365609,0.976923562920216
"SLC16A3","Training_CR",-0.267871867970078,0.537792226879298,0.95326536307951,0.84691379795407
"TIAL1","Training_CR",-0.00501384230762447,0.978735155725889,0.998119050779266,0.999892237285734
"PLEKHF1","Training_CR",-0.206056114561235,0.240867224953493,0.878526244543879,0.745781346895783
"HCCS","Training_CR",-0.240023115301596,0.241236440715409,0.878526244543879,0.710840271191893
"DPP9","Training_CR",-0.0213657457204652,0.942875953423538,0.99201723323183,0.99874404446682
"DDX6","Training_CR",0.124661431204276,0.49013597012255,0.93844710651945,0.914943805392149
"STT3B","Training_CR",0.335593818947305,0.39619025583167,0.928070152159885,0.732924091410818
"RNF181","Training_CR",-0.583226600908936,0.12911103946836,0.854607847832103,0.303033186528404
"PPP1R3A","Training_CR",-0.277600777212299,0.270163414467778,0.896387529065422,0.695375018954558
"PMPCA","Training_CR",0.367549267817985,0.07144771639201,0.831204915433407,0.37912660164946
"PPCS","Training_CR",0.101182250715079,0.524331361244392,0.947981625261886,0.936761616259218
"EIF2A","Training_CR",0.00520871891959374,0.978653949569459,0.998119050779266,0.999887616889816
"CCDC93","Training_CR",0.43506199072418,0.190982806067134,0.866553060931186,0.486617738185981
"ANK3","Training_CR",0.122243442830828,0.541527249866082,0.954933393737001,0.927762533800921
"MRPL49","Training_CR",0.393566711432417,0.148070962586024,0.854607847832103,0.471546544169969
"NADK2","Training_CR",0.489491022409402,0.0908369126979473,0.850575710898045,0.309085605646651
"BABAM2","Training_CR",0.40631205524135,0.155041395538608,0.854607847832103,0.468888011105713
"DDRGK1","Training_CR",-0.0671217587132924,0.691802928174738,0.967253666442614,0.975572022242614
"VPS28","Training_CR",0.0432502878112748,0.842846188871686,0.981780747450244,0.992632736249716
"GET4","Training_CR",0.464763220094262,0.0672181547725451,0.831204915433407,0.285140489133995
"FDXR","Training_CR",0.128492354730819,0.616435380313808,0.959555749443435,0.939727978858052
"ATP2B2","Training_CR",-0.370362688143761,0.0830713602566738,0.850575710898045,0.397928538560872
"SCFD1","Training_CR",0.155055868440733,0.22007898903492,0.871879310979257,0.790793245493974
"GMPR2","Training_CR",-0.478627792415815,0.191339449171993,0.866553060931186,0.453160119436408
"OSBPL1A","Training_CR",0.268605346426409,0.244716790066628,0.880970498265738,0.68515971407861
"PDCL3","Training_CR",0.482261401718442,0.0257013846085428,0.725988522883662,0.171073760826531
"SEPTIN10","Training_CR",-0.418312009957492,0.18667251780316,0.866553060931186,0.495546223563525
"IFI16","Training_CR",NA,NA,NA,NA
"API5","Training_CR",0.141567373422574,0.328249691410488,0.903037390320678,0.854103137500831
"GMPPB","Training_CR",-0.0628516127106584,0.65091987393596,0.9611761343664,0.973374365571072
"UBAP2L","Training_CR",0.0775730673523238,0.750777151065286,0.970016941419313,0.978009357422272
"EIF2B1","Training_CR",-0.0916335874199081,0.701511505504577,0.969011449775669,0.968036240227239
"CSPG4","Training_CR",-0.139793217487564,0.58906935324518,0.959555749443435,0.928690120708498
"MRPL46","Training_CR",0.012956656750478,0.961098369690126,0.995939599366437,0.999486031248071
"SRSF7","Training_CR",0.136475961924166,0.53293178373758,0.95326536307951,0.917692635933152
"MOB4","Training_CR",-0.0761825297044894,0.6763068583847,0.965188116548965,0.970643888355968
"COMTD1","Training_CR",0.267115846655406,0.465905603045879,0.936899291561108,0.815449595501406
"UBE2H","Training_CR",0.247321399026131,0.254678208677271,0.884066162547411,0.712999224698316
"GORASP2","Training_CR",-0.0620045235778832,0.681070587169651,0.965640709691675,0.976466070141171
"PTGDS","Training_CR",-0.0714964355520449,0.844825275790216,0.981812917314767,0.988016265394889
"DAZAP1","Training_CR",-0.211209946308387,0.253209548976768,0.882483504748629,0.748185107955863
"C8orf82","Training_CR",-0.155141320098993,0.651932407020513,0.9611761343664,0.93578297881182
"HCLS1","Training_CR",NA,NA,NA,NA
"NEK9","Training_CR",-0.278801079545651,0.110433853623318,0.850575710898045,0.541023174028839
"CYGB","Training_CR",0.0754262285105529,0.740226691082897,0.970016941419313,0.977567320854887
"STAM","Training_CR",-0.0601087608573074,0.727390595472604,0.970016941419313,0.981049739150614
"SELENOO","Training_CR",1.54716460947327,0.0113876235381744,0.606193357776546,0.000983970500372078
"HECTD1","Training_CR",0.258218443424217,0.444081758152825,0.931163754555142,0.810902104449243
"MTCH1","Training_CR",0.0294373285023504,0.87930379936225,0.987176365756245,0.996220788134138
"DHODH","Training_CR",0.122636412358328,0.789419691156097,0.970016941419313,0.971418155507847
"RAB23","Training_CR",0.457874045687825,0.408869772832122,0.930067385561363,0.663979781070967
"UBXN4","Training_CR",0.102467833034626,0.620930490385471,0.960113350771099,0.952343371262591
"ARL2","Training_CR",0.115092358786883,0.570104358623126,0.959555749443435,0.937372507469104
"PDXP","Training_CR",-0.350559939849763,0.197386599509258,0.866553060931186,0.566195747392955
"MAN2C1","Training_CR",-0.354554568127649,0.090870200018694,0.850575710898045,0.427271159353647
"PPP2CB","Training_CR",0.0666925001419019,0.643237375370695,0.9611761343664,0.971001276802929
"NTMT1","Training_CR",-0.0726033534872936,0.75234314127803,0.970016941419313,0.97955174968786
"LEMD2","Training_CR",NA,NA,NA,NA
"PAIP1","Training_CR",-0.584280011695854,0.0871466664007571,0.850575710898045,0.240330955241844
"FAM98A","Training_CR",-0.105612007287285,0.714130446431824,0.969263539786777,0.965066306879802
"TFRC","Training_CR",-0.0843280873325583,0.775313585393232,0.970016941419313,0.97876817580274
"C20orf27","Training_CR",-0.0473370147599699,0.853207989931913,0.982518650724358,0.992513323481928
"SARS2","Training_CR",-0.215399171856424,0.364483176659834,0.924150665202413,0.804610496443008
"TPD52L1","Training_CR",-0.0211583120884731,0.930915749614743,0.991779847987079,0.998486496987855
"MRPL37","Training_CR",0.160160040488315,0.668083247638884,0.963983099507788,0.93744297496778
"DUT","Training_CR",NA,NA,NA,NA
"CHMP6","Training_CR",-0.097341713676669,0.401406702272732,0.928070152159885,0.914981361760493
"SEC24C","Training_CR",0.143826689331864,0.235340222105279,0.871879310979257,0.812144184196923
"NUDT9","Training_CR",0.309024713760763,0.226657049450223,0.871879310979257,0.632110728008387
"FITM2","Training_CR",0.365172259202465,0.0837557499422764,0.850575710898045,0.404310313558717
"GPC1","Training_CR",NA,NA,NA,NA
"PPT1","Training_CR",0.243684534330852,0.215637918696096,0.871879310979257,0.688080291933062
"PLCL1","Training_CR",-0.210043740344134,0.493685831811066,0.93844710651945,0.86220637732591
"RPL37A","Training_CR",0.0461644687027185,0.85983470184626,0.983809448423602,0.993052712192535
"PM20D2","Training_CR",0.0635940495754141,0.829793784276929,0.977178872740988,0.988204860041362
"RTRAF","Training_CR",-0.0885585421342334,0.470833432858653,0.936899291561108,0.935469439866378
"CRK","Training_CR",0.170822158248061,0.447443481377151,0.931163754555142,0.871642390394951
"CASP3","Training_CR",0.193705879482744,0.648286820154113,0.9611761343664,0.919471343517046
"WARS2","Training_CR",NA,NA,NA,NA
"EPN1","Training_CR",0.195660512735994,0.316370320480451,0.898479592621058,0.798377044162726
"KPNA1","Training_CR",-0.123198703426381,0.533258454308175,0.95326536307951,0.925463052073265
"HGH1","Training_CR",-0.324689617513033,0.271044292420448,0.896387529065422,0.654506646213486
"DPP7","Training_CR",0.0799200971372409,0.749943049360198,0.970016941419313,0.977264782226037
"CORO7","Training_CR",NA,NA,NA,NA
"MAPKAPK3","Training_CR",-0.213622241714292,0.521434660249554,0.946493380181653,0.870136943174573
"CARS2","Training_CR",0.0952429585255938,0.724444730948142,0.970016941419313,0.969764957021845
"TMEM230","Training_CR",1.02179575330238,0.0693942039648738,0.831204915433407,0.0654740136368668
"SMIM4","Training_CR",-0.100872044818333,0.70830024003302,0.969011449775669,0.965808718998754
"SHOC2","Training_CR",-0.0650854873803333,0.721015261934764,0.970016941419313,0.97893587822348
"SLK","Training_CR",0.607307279158293,0.0323235368389169,0.733707469123299,0.124399880579341
"MRPL1","Training_CR",-0.651827191549507,0.0137739667705286,0.620054803241233,0.0612333577114283
"KYAT3","Training_CR",NA,NA,NA,NA
"PHYHD1","Training_CR",-0.213261663779422,0.617796336433905,0.959555749443435,0.902392187613005
"MRPL13","Training_CR",1.29630387634089,0.00376505613042551,0.531758809950097,0.000720216621801331
"LRRC57","Training_CR",-0.144209400220151,0.721279560756785,0.970016941419313,0.953975472876052
"CRYL1","Training_CR",-0.536003090249221,0.0545777675944557,0.828325352416867,0.21039554930085
"NUDT19","Training_CR",0.463938148115741,0.151854513543967,0.854607847832103,0.417093176804144
"MRPL55","Training_CR",0.195230074673186,0.507657018037624,0.946469755507393,0.876029005760002
"CCDC43","Training_CR",0.00053915582926666,0.998652381871312,0.999947790244227,0.999999272934081
"DAD1","Training_CR",0.220032571670617,0.192626935431798,0.866553060931186,0.696008342868787
"MANF","Training_CR",0.61003845915315,0.0354158100564419,0.733707469123299,0.130303020491429
"CHMP2B","Training_CR",NA,NA,NA,NA
"FDX1","Training_CR",-0.120669338158458,0.72748797367845,0.970016941419313,0.962335734831478
"RAB4A","Training_CR",NA,NA,NA,NA
"L3HYPDH","Training_CR",-0.431297176179221,0.0520821414418146,0.822692247380242,0.279583487132124
"AP3B1","Training_CR",-0.10063422223781,0.797619550001815,0.970101093085855,0.977501192139214
"STAMBP","Training_CR",-0.286238049290364,0.270189021024289,0.896387529065422,0.687577521968724
"COMMD6","Training_CR",-0.361797989161373,0.19383903808581,0.866553060931186,0.552328782788555
"MRPS16","Training_CR",NA,NA,NA,NA
"ABRAXAS2","Training_CR",-0.179755489758042,0.372170634599777,0.925238310403541,0.837217960458009
"PABPN1","Training_CR",NA,NA,NA,NA
"LPIN1","Training_CR",0.265475238374891,0.260406770569406,0.887384350888374,0.699632777075387
"TRA2B","Training_CR",0.546303699817757,0.251617874510894,0.881948199563003,0.470568507059688
"DCTN4","Training_CR",0.027868368481025,0.852479901828732,0.982151748699993,0.995561928529469
"USP47","Training_CR",0.00603081419570373,0.973725901322306,0.998119050779266,0.999839439867387
"NUDT4","Training_CR",0.405775859999499,0.0576004957039747,0.831204915433407,0.314058739851678
"ESAM","Training_CR",-0.0517622834570011,0.844804387480846,0.981812917314767,0.991308275315491
"STRN3","Training_CR",0.00448635152293342,0.986625413685081,0.999020313495505,0.999939593856498
"STT3A","Training_CR",0.31902301783178,0.184848766420603,0.866553060931186,0.583576245074699
"LRRC40","Training_CR",-0.252259149481955,0.232536304833175,0.871879310979257,0.692136097112627
"EMD","Training_CR",-0.440455904170876,0.0970159355040868,0.850575710898045,0.357889577419222
"WDR44","Training_CR",NA,NA,NA,NA
"IGBP1","Training_CR",0.0797339908325503,0.724087794075688,0.970016941419313,0.974586957170747
"SPCS1","Training_CR",-0.0768422328290184,0.703298947324965,0.969011449775669,0.973316069776389
"UQCC1","Training_CR",-0.209706078093614,0.603480409204743,0.959555749443435,0.899505317153297
"MOCS2","Training_CR",NA,NA,NA,NA
"DAP3","Training_CR",NA,NA,NA,NA
"MRPL11","Training_CR",NA,NA,NA,NA
"TTC38","Training_CR",0.100275007383918,0.753859863252195,0.970016941419313,0.972065022091878
"PRKDC","Training_CR",-0.0530838630033603,0.741419013745091,0.970016941419313,0.98424332982893
"ATP6V1D","Training_CR",NA,NA,NA,NA
"MOGS","Training_CR",0.411594194338199,0.040165427487267,0.767574693842707,0.266289321297757
"UFSP2","Training_CR",-0.243976772044894,0.292421742383285,0.898479592621058,0.740830340875807
"DNAJB2","Training_CR",-0.111996103941825,0.534553460605403,0.95326536307951,0.932257890918379
"CASTOR2","Training_CR",NA,NA,NA,NA
"CORO1A","Training_CR",0.14823737745331,0.642666710648273,0.9611761343664,0.936561539509694
"POLDIP2","Training_CR",-0.0684436246204116,0.788345065851557,0.970016941419313,0.983854537446184
"ARAF","Training_CR",0.093803218446455,0.666150808520739,0.963363477995176,0.962610375128747
"MRPS9","Training_CR",NA,NA,NA,NA
"DCTN3","Training_CR",-0.25615372921983,0.201819185848547,0.869960260722374,0.663687349382799
"UBR4","Training_CR",-0.0422453547943658,0.87861598281952,0.987158153836999,0.99454805640077
"TMED1","Training_CR",-0.182562306326444,0.543140282280826,0.954933393737001,0.894550629852192
"MRPL47","Training_CR",NA,NA,NA,NA
"IARS1","Training_CR",0.128454096971075,0.598989607858966,0.959555749443435,0.936286142365762
"MYCBP","Training_CR",-0.328942903943667,0.122850435327707,0.854607847832103,0.501714817128007
"PPP3CC","Training_CR",-0.0389102675688093,0.881702831104904,0.987392023079699,0.99511316890341
"ARIH1","Training_CR",-0.15202459905865,0.440532255751056,0.931163754555142,0.882827503287181
"CAPRIN1","Training_CR",-0.834382256114947,0.0665428196249272,0.831204915433407,0.104235708688523
"NAA25","Training_CR",NA,NA,NA,NA
"ZNF330","Training_CR",NA,NA,NA,NA
"TAPBP","Training_CR",NA,NA,NA,NA
"RNF126","Training_CR",-0.414426427457358,0.0325726046502868,0.733707469123299,0.241928353374236
"UROS","Training_CR",0.0498852165136174,0.770729683345115,0.970016941419313,0.987093031678438
"CCAR2","Training_CR",0.0447346775711948,0.862113735728138,0.983809448423602,0.99338477963954
"PLCL2","Training_CR",NA,NA,NA,NA
"PPCDC","Training_CR",-0.122101353796069,0.517882092616212,0.946469755507393,0.922799191417334
"G3BP1","Training_CR",0.0367280419052403,0.826247602129222,0.977178872740988,0.99301456925018
"SF3B2","Training_CR",-0.348485234162033,0.194218303448784,0.866553060931186,0.564910475741262
"MRPS18B","Training_CR",-0.235277551719546,0.417806764710855,0.930067385561363,0.814374255302368
"SUPV3L1","Training_CR",-0.0608550754090862,0.775992552294007,0.970016941419313,0.98468488856976
"BAG6","Training_CR",0.0571369389007907,0.888089938992356,0.988550738767106,0.993241799102974
"XPO7","Training_CR",0.148795037632267,0.258546698863461,0.886815177101672,0.817690059139582
"WDFY1","Training_CR",0.212076435953977,0.467060528757984,0.936899291561108,0.850906496759309
"DCPS","Training_CR",0.197741585888836,0.304219563707473,0.898479592621058,0.790322971461874
"DCAF8","Training_CR",NA,NA,NA,NA
"SARNP","Training_CR",0.161946632141556,0.342935195594493,0.913691584764319,0.84087058094404
"ACBD3","Training_CR",NA,NA,NA,NA
"JPT2","Training_CR",0.41457342001118,0.0115057972271428,0.606193357776546,0.157075196340051
"NDUFAF5","Training_CR",0.714072101720835,0.0237005236292732,0.698182819327646,0.0690971265447203
"FKBP8","Training_CR",NA,NA,NA,NA
"NCK1","Training_CR",-0.00255571973512225,0.995347288093229,0.999947790244227,0.999988081294518
"ARF5","Training_CR",0.0785935234660844,0.763222374338987,0.970016941419313,0.978987475933976
"MRI1","Training_CR",0.152658035791687,0.564201538812708,0.959555749443435,0.916335355092492
"CTSL","Training_CR",NA,NA,NA,NA
"EIPR1","Training_CR",-0.383469225997747,0.0633951382340422,0.831204915433407,0.347236462828173
"HDGFL3","Training_CR",-0.695729779266552,0.226003121952743,0.871879310979257,0.355335158582776
"MRPL48","Training_CR",0.603518304205292,0.159878992640921,0.854607847832103,0.330729959638885
"AAMP","Training_CR",NA,NA,NA,NA
"POFUT1","Training_CR",0.284789077338051,0.432990959188133,0.930067385561363,0.787903701849124
"PIP4K2B","Training_CR",0.215856963701374,0.287474376891524,0.898479592621058,0.764073002073865
"MRPL21","Training_CR",0.00208570146945597,0.994964411596523,0.999947790244227,0.999989470788467
"RWDD4","Training_CR",NA,NA,NA,NA
"PTCD3","Training_CR",-0.234462998056613,0.559770542353752,0.959555749443435,0.872805910466304
"SCN1B","Training_CR",-0.756312446250415,0.0045823169927413,0.550107154978594,0.0170235281232711
"UBFD1","Training_CR",0.131894086882515,0.599385986611144,0.959555749443435,0.934718445478322
"CUL4B","Training_CR",NA,NA,NA,NA
"TOMM22","Training_CR",0.172612748054742,0.492851271572495,0.93844710651945,0.885031735353612
"COPE","Training_CR",0.343640633977971,0.0643357756027622,0.831204915433407,0.389525483909982
"AGFG1","Training_CR",0.136928061875038,0.67256831087994,0.965188116548965,0.947135858440568
"MRPL14","Training_CR",NA,NA,NA,NA
"RHEB","Training_CR",NA,NA,NA,NA
"MAP1S","Training_CR",0.197440298522267,0.244197758239243,0.880970498265738,0.757034258112748
"USP19","Training_CR",NA,NA,NA,NA
"EEFSEC","Training_CR",NA,NA,NA,NA
"NUBP2","Training_CR",0.634703895711558,0.0480063009407063,0.800280871790097,0.145550887444555
"LSM6","Training_CR",0.0704388792876935,0.607997487208784,0.959555749443435,0.965557816330769
"SF1","Training_CR",-0.0573398818305879,0.774122620527289,0.970016941419313,0.985426789448634
"MRPS18A","Training_CR",NA,NA,NA,NA
"EIF5B","Training_CR",-0.216643422330415,0.0872087974470578,0.850575710898045,0.58949395666478
"DNAJB6","Training_CR",-0.250789308161455,0.346097191387635,0.913691584764319,0.766365250204829
"TBRG4","Training_CR",NA,NA,NA,NA
"MRPL38","Training_CR",0.751835276753234,0.0759655004893132,0.849947892761308,0.144015064719663
"SLC9A3R2","Training_CR",-0.293843591345945,0.461504963139783,0.936899291561108,0.796746896052859
"RBM8A","Training_CR",0.138289060042244,0.534713347430615,0.95326536307951,0.917069209089486
"GGPS1","Training_CR",-0.152388378038488,0.677762250937757,0.965188116548965,0.942449645433239
"ADAM10","Training_CR",NA,NA,NA,NA
"DNAJC9","Training_CR",NA,NA,NA,NA
"EEF2K","Training_CR",0.0209624018552601,0.940905618766995,0.991779847987079,0.998723943738767
"ACADL","Training_CR",-0.72706047240786,0.0657197654887776,0.831204915433407,0.138163554885305
"SEC24B","Training_CR",-0.0964130384019839,0.819535537221046,0.973453520140361,0.9809950321169
"ATP2B1","Training_CR",-0.216881277190091,0.18185194203567,0.866553060931186,0.690950096896957
"BCL2","Training_CR",NA,NA,NA,NA
"SRSF11","Training_CR",-0.390746359046776,0.155201493779665,0.854607847832103,0.482887004334668
"CA4","Training_CR",NA,NA,NA,NA
"TSC22D1","Training_CR",-0.0497686338189087,0.807590821591091,0.971227675365609,0.98942081244854
"ENPP4","Training_CR",0.901435426537259,0.00215706914452984,0.431593584668012,0.00395048682403439
"ATG7","Training_CR",0.433228324518146,0.111391181261366,0.850575710898045,0.386428165469075
"SEPHS1","Training_CR",0.150098994236595,0.488355958566433,0.93844710651945,0.898006872500422
"CCDC25","Training_CR",NA,NA,NA,NA
"HRAS","Training_CR",NA,NA,NA,NA
"MARS1","Training_CR",-0.470091729292182,0.359700429002202,0.922655481323549,0.618374419955907
"STARD10","Training_CR",-0.625475134633757,0.14295536158266,0.854607847832103,0.296209434272439
"NEU3","Training_CR",NA,NA,NA,NA
"C15orf40","Training_CR",NA,NA,NA,NA
"NUP93","Training_CR",-0.233118823245747,0.479927028760679,0.936899291561108,0.842705716556346
"NRP1","Training_CR",-0.370181981153725,0.167000092434178,0.855812213520726,0.51554162053873
"RPRD1B","Training_CR",-0.0890964442906839,0.71724379337413,0.970016941419313,0.97082382312724
"CHORDC1","Training_CR",0.00676925327516198,0.978725834897325,0.998119050779266,0.999854446455115
"ATG4B","Training_CR",NA,NA,NA,NA
"FAM185A","Training_CR",-0.00420709364891714,0.990067399612804,0.999947790244227,0.999958004588634
"FAM120A","Training_CR",0.146471423366548,0.579017621652503,0.959555749443435,0.923083796134524
"ABCB7","Training_CR",NA,NA,NA,NA
"ASMTL","Training_CR",NA,NA,NA,NA
"MYLK3","Training_CR",-0.235220671875724,0.464475748404068,0.936899291561108,0.834954526081037
"MRPS2","Training_CR",NA,NA,NA,NA
"CD99L2","Training_CR",-0.370801461770736,0.0342180473272941,0.733707469123299,0.286088034470624
"PSPC1","Training_CR",-0.0789602940086906,0.772637733973324,0.970016941419313,0.97983860248292
"CLASP1","Training_CR",NA,NA,NA,NA
"GFPT1","Training_CR",-0.0176268949669538,0.929880052244015,0.991779847987079,0.99871935115677
"MECP2","Training_CR",-0.0907118300885159,0.745274103414406,0.970016941419313,0.973682923681896
"DNAAF5","Training_CR",0.00165524027651909,0.99396515330744,0.999947790244227,0.99998998066566
"DYNLT3","Training_CR",NA,NA,NA,NA
"HARS2","Training_CR",-0.174734806021305,0.67277564539392,0.965188116548965,0.933088729052573
"USP13","Training_CR",NA,NA,NA,NA
"ADI1","Training_CR",0.310601620770857,0.31459627818203,0.898479592621058,0.698234732169214
"TCEA3","Training_CR",-0.390362236658324,0.150423717797782,0.854607847832103,0.477370258705634
"RDH11","Training_CR",-0.218094236677312,0.434746379579216,0.930067385561363,0.833875762725566
"SVIL","Training_CR",0.322600714189844,0.345729503675465,0.913691584764319,0.70989815422919
"ARFIP1","Training_CR",-0.0633968094921062,0.826189437961861,0.977178872740988,0.987968535748009
"CTPS1","Training_CR",0.574208838200188,0.0461172962797385,0.790911631197516,0.170914459810517
"SMAD3","Training_CR",NA,NA,NA,NA
"CPOX","Training_CR",NA,NA,NA,NA
"PRNP","Training_CR",NA,NA,NA,NA
"NRDC","Training_CR",0.156167128220057,0.659041187438237,0.961919690601341,0.936957936163472
"MRPL15","Training_CR",NA,NA,NA,NA
"EMC2","Training_CR",0.418691163771689,0.203683663524155,0.871879310979257,0.513648549709731
"VPS13A","Training_CR",NA,NA,NA,NA
"APOL2","Training_CR",NA,NA,NA,NA
"PPP6R2","Training_CR",0.0184154747509861,0.931254168791252,0.991779847987079,0.998689253817974
"BTF3","Training_CR",0.101112007773478,0.732271167413053,0.970016941419313,0.968984226705806
"TARS3","Training_CR",NA,NA,NA,NA
"DIP2C","Training_CR",NA,NA,NA,NA
"HK2","Training_CR",0.367285133429237,0.315206709175148,0.898479592621058,0.654397398259265
"MRPL39","Training_CR",NA,NA,NA,NA
"MARCHF5","Training_CR",0.752233734743869,0.0212482633585653,0.680227737652203,0.0551767688538235
"TIMM8B","Training_CR",0.0277884567789046,0.943584591035625,0.99201723323183,0.998387646076526
"ISCA1","Training_CR",-0.389494645873695,0.203133335270984,0.871879310979257,0.537507444168847
"PMVK","Training_CR",0.24206309631125,0.219364290620481,0.871879310979257,0.692660760773204
"RELA","Training_CR",-0.116712045174901,0.610349807650113,0.959555749443435,0.944005369616722
"RAB24","Training_CR",0.226068968804393,0.421136361374759,0.930067385561363,0.822419949020949
"GLG1","Training_CR",NA,NA,NA,NA
"SQSTM1","Training_CR",0.123111848883998,0.679512428919067,0.965493542012452,0.953545700462318
"DCAF11","Training_CR",NA,NA,NA,NA
"BCAR1","Training_CR",NA,NA,NA,NA
"OSGEP","Training_CR",NA,NA,NA,NA
"MRPL30","Training_CR",NA,NA,NA,NA
"C12orf57","Training_CR",-0.101018332023541,0.644842358509242,0.9611761343664,0.956646123989557
"SETD3","Training_CR",-0.038145115532922,0.911119871443005,0.991779847987079,0.996455717669799
"THNSL1","Training_CR",0.316780749091877,0.371243731829784,0.925238310403541,0.730594328843016
"PTPMT1","Training_CR",NA,NA,NA,NA
"CD99","Training_CR",0.108487211970438,0.700599015737432,0.969011449775669,0.962133683868663
"PGGT1B","Training_CR",NA,NA,NA,NA
"CLIC2","Training_CR",-0.0146057850674248,0.960483192339935,0.995734086704743,0.999411285694796
"TIGAR","Training_CR",0.116717910261825,0.653036198150038,0.9611761343664,0.951480436532659
"POLR2H","Training_CR",NA,NA,NA,NA
"PEX19","Training_CR",0.158135118066893,0.587000592435349,0.959555749443435,0.919207645928881
"MOCS3","Training_CR",NA,NA,NA,NA
"EIF2B4","Training_CR",NA,NA,NA,NA
"PPP2R5E","Training_CR",NA,NA,NA,NA
"CNST","Training_CR",NA,NA,NA,NA
"PEX11B","Training_CR",-0.0758096297648772,0.827005300956534,0.977178872740988,0.985703580852536
