"contrast","database","pathway","NES","padj","size"
"Cancer_vs_Healthy","GO_BP","proton motive force-driven mitochondrial ATP synthesis",-2.52590994979277,1.92458288581701e-06,59
"Cancer_vs_Healthy","GO_BP","proton transmembrane transport",-2.46084768751582,1.92458288581701e-06,82
"Cancer_vs_Healthy","GO_BP","tRNA aminoacylation for protein translation",-2.45219721699695,7.80009952817096e-05,31
"Cancer_vs_Healthy","GO_BP","tRNA aminoacylation",-2.45219721699695,7.80009952817096e-05,31
"Cancer_vs_Healthy","GO_BP","mitochondrial gene expression",-2.2367524095446,0.000151498462937619,48
"Cancer_vs_Healthy","GO_BP","wound healing",2.1777078808348,1.92458288581701e-06,85
"Cancer_vs_Healthy","GO_BP","hemostasis",2.15131268749671,6.21475034542199e-05,45
"Cancer_vs_Healthy","GO_BP","receptor-mediated endocytosis",2.15061177310706,5.59864674918576e-05,54
"Cancer_vs_Healthy","GO_BP","blood coagulation",2.14419846972067,7.80009952817096e-05,44
"Cancer_vs_Healthy","GO_BP","coagulation",2.14419846972067,7.80009952817096e-05,44
"Cancer_vs_Healthy","GO_BP","actin filament organization",2.10201460135028,1.92458288581701e-06,117
"Cancer_vs_Healthy","GO_BP","receptor internalization",2.08615464495775,0.000663155739165584,30
"Cancer_vs_Healthy","GO_BP","positive regulation of MAPK cascade",2.06427297703326,0.000245378505371279,38
"Cancer_vs_Healthy","GO_BP","branched-chain amino acid catabolic process",-2.06165115791428,0.0153048151134413,19
"Cancer_vs_Healthy","GO_BP","lamellipodium organization",2.06082391632907,0.00113881032903234,23
"Cancer_vs_Healthy","GO_BP","branched-chain amino acid metabolic process",-2.05930702897645,0.0153048151134413,21
"Cancer_vs_Healthy","GO_BP","leukocyte cell-cell adhesion",2.03694014509753,0.000510844268183846,58
"Cancer_vs_Healthy","GO_BP","cellular respiration",-2.00552612426268,1.0514451770652e-05,166
"Cancer_vs_Healthy","GO_BP","oxidative phosphorylation",-1.99953846362624,0.000245378505371279,93
"Cancer_vs_Healthy","GO_BP","negative regulation of protein polymerization",1.99755735683124,0.00331127431166397,25
"Cancer_vs_Healthy","GO_BP","cell-substrate adhesion",1.9868949454642,0.000167129143778214,75
"Cancer_vs_Healthy","GO_BP","positive regulation of cell adhesion",1.98467998501117,0.000510340506595908,70
"Cancer_vs_Healthy","GO_BP","regulation of actin cytoskeleton organization",1.97663984336796,0.000510340506595908,74
"Cancer_vs_Healthy","GO_BP","endothelial cell migration",1.97451524252667,0.00280335942427324,39
"Cancer_vs_Healthy","GO_BP","regulation of T cell activation",1.9420798724885,0.00253602740901682,48
"Cancer_vs_Healthy","GO_BP","regulation of anatomical structure size",1.94203967190294,0.000245378505371279,86
"Cancer_vs_Healthy","GO_BP","positive regulation of T cell activation",1.94105939855615,0.00446822732400554,29
"Cancer_vs_Healthy","GO_BP","regulation of coagulation",1.9331699548987,0.0101062042068982,16
"Cancer_vs_Healthy","GO_BP","ATP metabolic process",-1.92375570592753,0.000431293939973291,118
"Cancer_vs_Healthy","GO_BP","integrin-mediated signaling pathway",1.91201052824006,0.0112790608132366,25
"Cancer_vs_Healthy","GO_BP","regulation of nitric oxide biosynthetic process",1.90658822167759,0.0101709209749282,15
"Cancer_vs_Healthy","GO_BP","regulation of nitric oxide metabolic process",1.90658822167759,0.0101709209749282,15
"Cancer_vs_Healthy","GO_BP","regulation of wound healing",1.90422811151532,0.0134043914756779,27
"Cancer_vs_Healthy","GO_BP","chemotaxis",1.90030069306351,0.0033622643293037,57
"Cancer_vs_Healthy","GO_BP","mitochondrion localization",-1.89372828395682,0.0311884683171313,11
"Cancer_vs_Healthy","GO_BP","regulation of cellular component size",1.89213495695765,0.00331127431166397,68
"Cancer_vs_Healthy","GO_BP","cellular oxidant detoxification",1.88376644521539,0.00738055298262302,42
"Cancer_vs_Healthy","GO_BP","substrate adhesion-dependent cell spreading",1.87161040623515,0.0186254692075773,30
"Cancer_vs_Healthy","GO_BP","regulation of blood coagulation",1.87125173009197,0.0161121317315763,15
"Cancer_vs_Healthy","GO_BP","tissue homeostasis",1.87072910856348,0.0222107826739931,23
"Cancer_vs_Healthy","GO_BP","anatomical structure homeostasis",1.87072910856348,0.0222107826739931,23
"Cancer_vs_Healthy","GO_BP","positive regulation of inflammatory response",1.86924669376364,0.0149831029940824,19
"Cancer_vs_Healthy","GO_BP","membrane raft organization",1.86329925833092,0.0254641534514065,12
"Cancer_vs_Healthy","GO_BP","leukocyte migration",1.86000018772975,0.00559870024421384,53
"Cancer_vs_Healthy","GO_BP","regulation of leukocyte cell-cell adhesion",1.8597589937008,0.00410474611373137,50
"Cancer_vs_Healthy","GO_BP","lamellipodium assembly",1.85278317397493,0.0290128063812357,16
"Cancer_vs_Healthy","GO_BP","plasma membrane organization",1.85253411262784,0.0164963944521308,43
"Cancer_vs_Healthy","GO_BP","glycerophospholipid biosynthetic process",-1.85070558664818,0.0485698133632899,22
"Cancer_vs_Healthy","GO_BP","humoral immune response",1.84907070975101,0.0311884683171313,24
"Cancer_vs_Healthy","GO_BP","phospholipid transport",1.84209448425929,0.0207331121014806,15
"Cancer_vs_Healthy","GO_BP","isoprenoid metabolic process",1.82342886838776,0.0186405721913022,29
"Cancer_vs_Healthy","GO_BP","cellular response to fibroblast growth factor stimulus",1.8191629710113,0.0402602264434766,12
"Cancer_vs_Healthy","GO_BP","response to fibroblast growth factor",1.8191629710113,0.0402602264434766,12
"Cancer_vs_Healthy","GO_BP","regulation of protein maturation",1.81851196104111,0.0294452474138163,13
"Cancer_vs_Healthy","GO_BP","fatty acid beta-oxidation",-1.81412023419256,0.0445601388104776,37
"Cancer_vs_Healthy","GO_BP","methylation",-1.81124142843867,0.0477599347341784,38
"Cancer_vs_Healthy","GO_BP","regulation of lamellipodium organization",1.80976586024957,0.0311223276362782,14
"Cancer_vs_Healthy","GO_BP","modulation of process of another organism",1.80599792697368,0.0317468964243366,21
"Cancer_vs_Healthy","GO_BP","extracellular matrix organization",1.80347828151769,0.0161121317315763,33
"Cancer_vs_Healthy","GO_BP","negative regulation of immune effector process",1.80207736877919,0.0317468964243366,14
"Cancer_vs_Healthy","GO_BP","leukocyte proliferation",1.80180162845761,0.0358351251579387,27
"Cancer_vs_Healthy","GO_BP","negative regulation of neuron apoptotic process",1.79817814969653,0.0347437297180756,21
"Cancer_vs_Healthy","GO_BP","cell junction assembly",1.79623150312472,0.00640613420495907,75
"Cancer_vs_Healthy","GO_BP","negative regulation of cell activation",1.79623115090627,0.0299216730856383,31
"Cancer_vs_Healthy","GO_BP","cell-cell junction organization",1.79570357851629,0.0287449087108791,32
"Cancer_vs_Healthy","GO_BP","organic hydroxy compound transport",1.7948647525982,0.017697209533438,33
"Cancer_vs_Healthy","GO_BP","detoxification",1.79105552031461,0.0161121317315763,61
"Cancer_vs_Healthy","GO_BP","negative regulation of cytoskeleton organization",1.78676263706114,0.0294452474138163,37
"Cancer_vs_Healthy","GO_BP","modification of postsynaptic structure",1.7831653561807,0.0332469877747197,10
"Cancer_vs_Healthy","GO_BP","mitochondrial respiratory chain complex assembly",-1.77618650481377,0.0358351251579387,46
"Cancer_vs_Healthy","GO_BP","regulation of endocytosis",1.77567195698044,0.0190069188114077,61
"Cancer_vs_Healthy","GO_BP","cell chemotaxis",1.77417340703032,0.0311884683171313,41
"Cancer_vs_Healthy","GO_BP","regulation of cell shape",1.77099310633003,0.0477599347341784,26
"Cancer_vs_Healthy","GO_BP","eye morphogenesis",1.76969246169622,0.0429752326325693,8
"Cancer_vs_Healthy","GO_BP","vascular process in circulatory system",1.76931756547016,0.0403212651537284,34
"Cancer_vs_Healthy","GO_BP","regulation of cell projection assembly",1.76884197287017,0.0317468964243366,37
"Cancer_vs_Healthy","GO_BP","regulation of leukocyte differentiation",1.76795527191717,0.0357551290372662,35
"Cancer_vs_Healthy","GO_BP","glial cell development",1.7670879191836,0.035808543949641,19
"Cancer_vs_Healthy","GO_BP","positive regulation of mononuclear cell proliferation",1.76699647130784,0.0429752326325693,13
"Cancer_vs_Healthy","GO_BP","response to lipoprotein particle",1.76578335295458,0.0450708280417887,8
"Cancer_vs_Healthy","GO_BP","cellular response to lipoprotein particle stimulus",1.76578335295458,0.0450708280417887,8
"Cancer_vs_Healthy","GO_BP","nucleobase metabolic process",1.76475360832664,0.0413348319184079,15
"Cancer_vs_Healthy","GO_BP","zymogen activation",1.7613018387728,0.0450708280417887,13
"Cancer_vs_Healthy","GO_BP","mitochondrial calcium ion transmembrane transport",-1.76097864235742,0.0767659541387059,11
"Cancer_vs_Healthy","GO_BP","receptor clustering",1.76020903415168,0.0631168088858631,12
"Cancer_vs_Healthy","GO_BP","establishment or maintenance of cell polarity",1.75978538098891,0.0294452474138163,39
"Cancer_vs_Healthy","GO_BP","vesicle-mediated transport in synapse",1.75256190746683,0.0307574598280521,45
"Cancer_vs_Healthy","GO_BP","host-mediated perturbation of symbiont process",1.75254909069384,0.0643181098246751,20
"Cancer_vs_Healthy","GO_BP","pigment metabolic process",1.75223821747352,0.0453458108738438,15
"Cancer_vs_Healthy","GO_BP","ubiquinone biosynthetic process",-1.75164189350136,0.135488035620498,10
"Cancer_vs_Healthy","GO_BP","epithelial cell proliferation",1.74888786970915,0.0347437297180756,36
"Cancer_vs_Healthy","GO_BP","T cell differentiation",1.74609352359146,0.060315199615017,26
"Cancer_vs_Healthy","GO_BP","skeletal system development",1.74216304006238,0.0413348319184079,35
"Cancer_vs_Healthy","GO_BP","muscle cell apoptotic process",-1.74075268956488,0.110393060472698,15
"Cancer_vs_Healthy","GO_BP","response to cadmium ion",1.73592120474016,0.0477599347341784,9
"Cancer_vs_Healthy","GO_BP","epithelial cell development",1.73568267818603,0.0807631185565616,18
"Cancer_vs_Healthy","GO_BP","microtubule anchoring",-1.72939975801352,0.0586076191067611,6
"Cancer_vs_Healthy","GO_BP","plasma lipoprotein particle clearance",1.7271362114465,0.0657269611804075,10
"Cancer_vs_Healthy","GO_BP","negative regulation of locomotion",1.72437372187657,0.0236047072910384,51
"Cancer_vs_Healthy","GO_BP","negative regulation of cell motility",1.72437372187657,0.0236047072910384,51
"Cancer_vs_Healthy","GO_BP","blood vessel diameter maintenance",1.72405751708002,0.0885426794323284,18
"Cancer_vs_Healthy","GO_BP","regulation of actin filament-based process",1.719197644384,0.0207539072990196,88
"Cancer_vs_Healthy","GO_BP","positive regulation of cytokine production",1.71342373860994,0.0317468964243366,68
"Cancer_vs_Healthy","GO_BP","quinone metabolic process",-1.71270218361492,0.0959344114549358,11
"Cancer_vs_Healthy","GO_BP","regulation of muscle cell apoptotic process",-1.70759980233494,0.133894521517775,13
"Cancer_vs_Healthy","GO_BP","mitochondrion organization",-1.70378774823832,0.00502733896958476,142
"Cancer_vs_Healthy","GO_BP","regulation of substrate adhesion-dependent cell spreading",1.70317543918623,0.103513178792001,18
"Cancer_vs_Healthy","GO_BP","lymphocyte proliferation",1.70294125270886,0.0815626222885931,23
"Cancer_vs_Healthy","GO_BP","sex differentiation",1.70072420794083,0.0787740374071088,10
"Cancer_vs_Healthy","GO_BP","heme metabolic process",1.69835772410014,0.0787740374071088,13
"Cancer_vs_Healthy","GO_BP","lymphocyte activation involved in immune response",1.69826679907668,0.0807631185565616,28
"Cancer_vs_Healthy","GO_BP","response to fatty acid",1.69802370869741,0.0777517011528585,14
"Cancer_vs_Healthy","GO_BP","negative regulation of supramolecular fiber organization",1.69417072039018,0.0520092126487175,47
"Cancer_vs_Healthy","GO_BP","regulation of epithelial cell proliferation",1.69404944913563,0.0517695625338903,33
"Cancer_vs_Healthy","GO_BP","regulation of cell cycle G2/M phase transition",-1.69312586080178,0.0745177258041418,6
"Cancer_vs_Healthy","GO_BP","regulation of endothelial cell migration",1.69250168652184,0.0787740374071088,30
"Cancer_vs_Healthy","GO_BP","cell killing",1.68966551512101,0.0789951062466709,30
"Cancer_vs_Healthy","GO_BP","homotypic cell-cell adhesion",1.68927382866624,0.0815626222885931,25
"Cancer_vs_Healthy","GO_BP","regulation of T cell mediated immunity",1.68844021196743,0.0757649018384379,17
"Cancer_vs_Healthy","GO_BP","membrane depolarization during cardiac muscle cell action potential",-1.68597273847458,0.101371041544498,7
"Cancer_vs_Healthy","GO_BP","cortical cytoskeleton organization",1.68296497594573,0.110393060472698,18
"Cancer_vs_Healthy","GO_BP","negative regulation of protein depolymerization",1.68046553344963,0.106079676739611,24
"Cancer_vs_Healthy","GO_BP","macromolecule methylation",-1.68031819248024,0.12058423845432,26
"Cancer_vs_Healthy","GO_BP","negative regulation of secretion by cell",1.67875616311747,0.0777517011528585,17
"Cancer_vs_Healthy","GO_BP","skin epidermis development",1.67864611997677,0.0477599347341784,5
"Cancer_vs_Healthy","GO_BP","amyloid-beta clearance",1.67715203509162,0.0757649018384379,9
"Cancer_vs_Healthy","GO_BP","antigen processing and presentation of peptide antigen",1.6698547721513,0.107415308628947,20
"Cancer_vs_Healthy","GO_BP","response to prostaglandin",1.66882183445151,0.110393060472698,8
"Cancer_vs_Healthy","GO_BP","mitochondrion transport along microtubule",-1.66866510007064,0.0745177258041418,4
"Cancer_vs_Healthy","GO_BP","ERK1 and ERK2 cascade",1.66774633489649,0.060315199615017,42
"Cancer_vs_Healthy","GO_BP","tissue regeneration",1.66749785718037,0.0978858437539466,13
"Cancer_vs_Healthy","GO_BP","intracellular sodium ion homeostasis",-1.66670787115878,0.089900551413177,5
"Cancer_vs_Healthy","GO_BP","sodium ion homeostasis",-1.66670787115878,0.089900551413177,5
"Cancer_vs_Healthy","GO_BP","potassium ion import across plasma membrane",-1.66670787115878,0.089900551413177,5
"Cancer_vs_Healthy","GO_BP","lymphocyte mediated immunity",1.66391723530278,0.079969525150529,31
"Cancer_vs_Healthy","GO_BP","transforming growth factor beta production",1.6586626765068,0.0643181098246751,5
"Cancer_vs_Healthy","GO_BP","regulation of DNA-templated DNA replication",-1.65658571959775,0.144913699685296,9
"Cancer_vs_Healthy","GO_BP","cilium assembly",1.65443938345337,0.0737861354281538,36
"Cancer_vs_Healthy","GO_BP","antimicrobial humoral response",1.65365967944987,0.0953983588031957,15
"Cancer_vs_Healthy","GO_BP","negative regulation of cytoplasmic pattern recognition receptor signaling pathway",-1.65117599029484,0.184433635639087,17
"Cancer_vs_Healthy","GO_BP","collagen metabolic process",1.64517246068879,0.0985684600860235,15
"Cancer_vs_Healthy","GO_BP","tissue remodeling",1.64331746998087,0.128128592935645,12
"Cancer_vs_Healthy","GO_BP","negative regulation of innate immune response",1.64296244182689,0.108080369369607,13
"Cancer_vs_Healthy","GO_BP","positive regulation of release of sequestered calcium ion into cytosol",1.63874599027928,0.076050273916277,6
"Cancer_vs_Healthy","GO_BP","positive regulation of calcium ion transmembrane transport",1.63622529597829,0.109307789066394,13
"Cancer_vs_Healthy","GO_BP","establishment or maintenance of transmembrane electrochemical gradient",-1.6314076958365,0.11131771456233,5
"Cancer_vs_Healthy","GO_BP","exocytosis",1.62926467022368,0.0745177258041418,55
"Cancer_vs_Healthy","GO_BP","response to activity",1.62792610399862,0.109307789066394,19
"Cancer_vs_Healthy","GO_BP","regulation of G2/M transition of mitotic cell cycle",-1.62723554954204,0.11555047572829,5
"Cancer_vs_Healthy","GO_BP","cell-substrate junction organization",1.62700686053684,0.0787740374071088,33
"Cancer_vs_Healthy","GO_BP","embryonic organ development",1.62484056915589,0.108080369369607,15
"Cancer_vs_Healthy","GO_BP","adenylate cyclase-modulating G protein-coupled receptor signaling pathway",1.62479207303248,0.110393060472698,22
"Cancer_vs_Healthy","GO_BP","adaptive immune response based on somatic recombination of immune receptors built from immunoglobulin superfamily domains",1.62455875873167,0.0816197562992451,39
"Cancer_vs_Healthy","GO_BP","muscle cell proliferation",1.62207949502339,0.114177257446182,26
"Cancer_vs_Healthy","GO_BP","protein autoubiquitination",-1.62133879864395,0.139904468441318,7
"Cancer_vs_Healthy","GO_BP","transition metal ion transport",1.62023139655659,0.108080369369607,15
"Cancer_vs_Healthy","GO_BP","ameboidal-type cell migration",1.61894706645723,0.0807631185565616,33
"Cancer_vs_Healthy","GO_BP","regeneration",1.61727940621246,0.109904536412796,31
"Cancer_vs_Healthy","GO_BP","response to superoxide",1.61585323380661,0.108080369369607,11
"Cancer_vs_Healthy","GO_BP","removal of superoxide radicals",1.61585323380661,0.108080369369607,11
"Cancer_vs_Healthy","GO_BP","keratinocyte differentiation",1.61218669716315,0.119073412447921,13
"Cancer_vs_Healthy","GO_BP","regulation of endocytic recycling",1.61163821379678,0.108351170318293,7
"Cancer_vs_Healthy","GO_BP","cellular response to prostaglandin stimulus",1.60567383765546,0.09801541366139,5
"Cancer_vs_Healthy","GO_BP","protein quality control for misfolded or incompletely synthesized proteins",-1.60555988651065,0.264479205320698,10
"Cancer_vs_Healthy","GO_BP","chondrocyte differentiation",1.60531800243282,0.09801541366139,5
"Cancer_vs_Healthy","GO_BP","T cell mediated immunity",1.60327349963147,0.130976628392412,19
"Cancer_vs_Healthy","GO_BP","fatty acid derivative metabolic process",-1.60310053933977,0.127545950800571,27
"Cancer_vs_Healthy","GO_BP","cholesterol homeostasis",1.60116650706511,0.131741357440846,19
"Cancer_vs_Healthy","GO_BP","regulation of cell killing",1.60088172632845,0.131741357440846,13
"Cancer_vs_Healthy","GO_BP","regulation of gluconeogenesis",-1.59980948913779,0.146044191111044,11
"Cancer_vs_Healthy","GO_BP","endocytic recycling",1.59894304142214,0.135488035620498,26
"Cancer_vs_Healthy","GO_BP","plasma membrane invagination",1.59816987032077,0.119073412447921,9
"Cancer_vs_Healthy","GO_BP","peroxisome organization",-1.59809840490791,0.159835138168255,7
"Cancer_vs_Healthy","GO_BP","regulation of establishment of cell polarity",1.59787981540118,0.104463109541076,5
"Cancer_vs_Healthy","GO_BP","symbiont entry into host cell",1.59772659472618,0.135488035620498,26
"Cancer_vs_Healthy","GO_BP","cilium organization",1.59725255438858,0.0920764260290982,40
"Cancer_vs_Healthy","GO_BP","regulation of T cell receptor signaling pathway",1.59647780595847,0.119073412447921,9
"Cancer_vs_Healthy","GO_BP","negative regulation of humoral immune response",1.59596933936391,0.0211970223994937,3
"Cancer_vs_Healthy","GO_BP","glycosyl compound biosynthetic process",1.5944624164963,0.119073412447921,7
"Cancer_vs_Healthy","GO_BP","regulation of amyloid-beta clearance",1.5921007982712,0.0246848717581179,3
"Cancer_vs_Healthy","GO_BP","reactive oxygen species metabolic process",1.5899665016966,0.107727261833814,58
"Cancer_vs_Healthy","GO_BP","protein activation cascade",1.58666686857507,0.130976628392412,7
"Cancer_vs_Healthy","GO_BP","response to lipopolysaccharide",1.5850923528604,0.109079335860204,41
"Cancer_vs_Healthy","GO_BP","regulation of neuron projection development",1.58373104312143,0.0787740374071088,50
"Cancer_vs_Healthy","GO_BP","positive regulation of fibroblast proliferation",1.58221418066508,0.110393060472698,6
"Cancer_vs_Healthy","GO_BP","regulation of neural precursor cell proliferation",1.57937775802455,0.110393060472698,5
"Cancer_vs_Healthy","GO_BP","cellular pigmentation",1.57852413751941,0.134818531125402,9
"Cancer_vs_Healthy","GO_BP","regulation of polysaccharide biosynthetic process",1.57826408135479,0.134818531125402,9
"Cancer_vs_Healthy","GO_BP","negative regulation of alpha-beta T cell activation",1.57787126267159,0.110569356152791,5
"Cancer_vs_Healthy","GO_BP","response to interleukin-1",1.57577301927544,0.130290896532513,15
"Cancer_vs_Healthy","GO_BP","positive regulation of calcium ion transport",1.57331752405479,0.166020846987312,20
"Cancer_vs_Healthy","GO_BP","protein heterotetramerization",-1.57285200287225,0.140385479515447,6
"Cancer_vs_Healthy","GO_BP","regulation of tissue remodeling",1.57132989246798,0.119073412447921,6
"Cancer_vs_Healthy","GO_BP","positive regulation of phospholipid metabolic process",-1.57006761457707,0.154205516367041,5
"Cancer_vs_Healthy","GO_BP","regulation of collagen metabolic process",1.56708635464133,0.141696623684653,9
"Cancer_vs_Healthy","GO_BP","negative regulation of lipid metabolic process",1.56604602478271,0.141696623684653,14
"Cancer_vs_Healthy","GO_BP","fibroblast proliferation",1.5642667557934,0.146044191111044,9
"Cancer_vs_Healthy","GO_BP","RNA catabolic process",-1.56360012270564,0.0722717429597981,68
"Cancer_vs_Healthy","GO_BP","regulation of translational fidelity",-1.56324907035513,0.223479355292258,9
"Cancer_vs_Healthy","GO_BP","metabolic compound salvage",1.56263631976989,0.206387470689538,18
"Cancer_vs_Healthy","GO_BP","relaxation of cardiac muscle",-1.5588095917438,0.225996266249224,9
"Cancer_vs_Healthy","GO_BP","acyl-CoA metabolic process",-1.55834652449258,0.0787740374071088,50
"Cancer_vs_Healthy","GO_BP","response to fungus",1.5577939026068,0.149427540129317,9
"Cancer_vs_Healthy","GO_BP","negative regulation of protein catabolic process",1.55481295030297,0.119073412447921,33
"Cancer_vs_Healthy","GO_BP","sensory perception of sound",-1.55463424879669,0.219974190813529,12
"Cancer_vs_Healthy","GO_BP","receptor metabolic process",1.55374045196721,0.170566557071519,13
"Cancer_vs_Healthy","GO_BP","regulation of type 2 immune response",1.55229552238551,0.0745177258041418,3
"Cancer_vs_Healthy","GO_BP","type 2 immune response",1.55229552238551,0.0745177258041418,3
"Cancer_vs_Healthy","GO_BP","renal filtration",1.55206675429027,0.100246551700865,4
"Cancer_vs_Healthy","GO_BP","inositol phosphate metabolic process",1.55204341856966,0.100246551700865,4
"Cancer_vs_Healthy","GO_BP","porphyrin-containing compound catabolic process",1.55119606025607,0.0757649018384379,3
"Cancer_vs_Healthy","GO_BP","cell cycle G2/M phase transition",-1.55065291142992,0.247492784728989,13
"Cancer_vs_Healthy","GO_BP","response to amine",1.54986875034918,0.076050273916277,3
"Cancer_vs_Healthy","GO_BP","endothelium development",1.54905483923622,0.174981732366591,17
"Cancer_vs_Healthy","GO_BP","regulation of dopamine metabolic process",1.54903770144087,0.132735097097455,5
"Cancer_vs_Healthy","GO_BP","acute inflammatory response",1.54832375002199,0.154019680338597,11
"Cancer_vs_Healthy","GO_BP","negative regulation of DNA repair",-1.54831369032824,0.179861955012041,4
"Cancer_vs_Healthy","GO_BP","protein depolymerization",1.54815590543478,0.127545950800571,36
"Cancer_vs_Healthy","GO_BP","regulation of angiogenesis",1.54673031396329,0.0915431249258052,51
"Cancer_vs_Healthy","GO_BP","cellular response to ketone",1.54622540057127,0.18034579673334,17
"Cancer_vs_Healthy","GO_BP","stem cell proliferation",1.5452613685517,0.222088004359125,8
"Cancer_vs_Healthy","GO_BP","proteinogenic amino acid catabolic process",-1.54525661461326,0.156696333514348,37
"Cancer_vs_Healthy","GO_BP","negative regulation of catalytic activity",1.54320244680003,0.161069642056317,34
"Cancer_vs_Healthy","GO_BP","response to ketone",1.54273029451673,0.131741357440846,33
"Cancer_vs_Healthy","GO_BP","G2/M transition of mitotic cell cycle",-1.54210809718953,0.234802555572525,12
"Cancer_vs_Healthy","GO_BP","amine metabolic process",1.54181763319171,0.182217915902433,16
"Cancer_vs_Healthy","GO_BP","hydrogen peroxide-mediated programmed cell death",-1.54040009467099,0.212549154398528,7
"Cancer_vs_Healthy","GO_BP","regulation of stem cell differentiation",-1.54039885716393,0.318873641062199,10
"Cancer_vs_Healthy","GO_BP","biological process involved in symbiotic interaction",1.5401701529017,0.141125598581535,49
"Cancer_vs_Healthy","GO_BP","regulation of receptor internalization",1.54008584721475,0.253314601235012,11
"Cancer_vs_Healthy","GO_BP","positive regulation of osteoblast differentiation",1.53986248088628,0.142874964788227,6
"Cancer_vs_Healthy","GO_BP","cell-cell recognition",1.53979341269552,0.175537696876993,7
"Cancer_vs_Healthy","GO_BP","response to prostaglandin E",1.53916200714829,0.140572532938521,5
"Cancer_vs_Healthy","GO_BP","alpha-beta T cell activation",1.53915695414987,0.143003489022599,32
"Cancer_vs_Healthy","GO_BP","positive regulation of vesicle fusion",1.53829206500876,0.0814897469557293,3
"Cancer_vs_Healthy","GO_BP","morphogenesis of an epithelium",1.53708167156427,0.141696623684653,35
"Cancer_vs_Healthy","GO_BP","heterotypic cell-cell adhesion",1.53532734071915,0.238042145213336,8
"Cancer_vs_Healthy","GO_BP","pentose-phosphate shunt",1.5311948305706,0.184433635639087,9
"Cancer_vs_Healthy","GO_BP","developmental growth",1.53082170991426,0.127545950800571,60
"Cancer_vs_Healthy","GO_BP","stress granule assembly",-1.53020003820504,0.182670206950574,14
"Cancer_vs_Healthy","GO_BP","lamellipodium morphogenesis",1.52977210166493,0.143003489022599,5
"Cancer_vs_Healthy","GO_BP","integrin activation",1.5295123430501,0.143003489022599,5
"Cancer_vs_Healthy","GO_BP","chromosome separation",-1.52657853317699,0.206367430911959,11
"Cancer_vs_Healthy","GO_BP","regulation of chromosome separation",-1.52657853317699,0.206367430911959,11
"Cancer_vs_Healthy","GO_BP","positive regulation of release of cytochrome c from mitochondria",-1.52439341360118,0.135488035620498,3
"Cancer_vs_Healthy","GO_BP","phenol-containing compound metabolic process",1.52284173539672,0.257200357781753,14
"Cancer_vs_Healthy","GO_BP","regulation of adenylate cyclase activity",1.52255587676511,0.171160400092999,6
"Cancer_vs_Healthy","GO_BP","smooth muscle contraction",1.52244012791148,0.257200357781753,14
"Cancer_vs_Healthy","GO_BP","positive regulation of amyloid-beta formation",1.52229182386296,0.171160400092999,6
"Cancer_vs_Healthy","GO_BP","mRNA transcription by RNA polymerase II",1.52131312389387,0.100751420064738,3
"Cancer_vs_Healthy","GO_BP","cardiac myofibril assembly",-1.52007753789521,0.277070273991431,9
"Cancer_vs_Healthy","GO_BP","positive regulation of JNK cascade",1.51899462759664,0.198226978745975,7
"Cancer_vs_Healthy","GO_BP","lung development",1.51872253932885,0.264479205320698,13
"Cancer_vs_Healthy","GO_BP","negative regulation of cell development",1.51753823634952,0.194671393782871,34
"Cancer_vs_Healthy","GO_BP","regulation of postsynaptic membrane neurotransmitter receptor levels",1.51751659054245,0.234237536656892,22
"Cancer_vs_Healthy","GO_BP","progesterone metabolic process",1.5163312383938,0.134818531125402,4
"Cancer_vs_Healthy","GO_BP","copper ion homeostasis",1.51500139816046,0.258978675645342,6
"Cancer_vs_Healthy","GO_BP","DNA-templated DNA replication",-1.51188405034574,0.284085813319271,15
"Cancer_vs_Healthy","GO_BP","respiratory burst",1.51109369349299,0.135488035620498,4
"Cancer_vs_Healthy","GO_BP","regulation of respiratory burst",1.51109369349299,0.135488035620498,4
"Cancer_vs_Healthy","GO_BP","synaptic vesicle exocytosis",1.50994473591652,0.280292428198433,8
"Cancer_vs_Healthy","GO_BP","positive regulation of cholesterol transport",1.50829752244925,0.218715582048171,7
"Cancer_vs_Healthy","GO_BP","phagocytosis, engulfment",1.50427564362813,0.264479205320698,6
"Cancer_vs_Healthy","GO_BP","sarcoplasmic reticulum calcium ion transport",-1.50228940907692,0.231423312269145,24
"Cancer_vs_Healthy","GO_BP","positive regulation of intrinsic apoptotic signaling pathway",1.50047538943753,0.259594577788832,16
"Cancer_vs_Healthy","GO_BP","regulation of fibroblast migration",1.49858251891519,0.286256206554121,9
"Cancer_vs_Healthy","GO_BP","mast cell mediated immunity",1.49847241672038,0.283884128926969,5
"Cancer_vs_Healthy","GO_BP","mast cell degranulation",1.49847241672038,0.283884128926969,5
"Cancer_vs_Healthy","GO_BP","mast cell activation",1.49847241672038,0.283884128926969,5
"Cancer_vs_Healthy","GO_BP","response to ischemia",-1.49617882633477,0.308692849035187,17
"Cancer_vs_Healthy","GO_BP","hair cycle process",1.49537928072992,0.131741357440846,3
"Cancer_vs_Healthy","GO_BP","glutathione metabolic process",1.49506970767259,0.24606702033025,23
"Cancer_vs_Healthy","GO_BP","regulation of gene silencing by regulatory ncRNA",-1.49477872449019,0.235200472094041,11
"Cancer_vs_Healthy","GO_BP","leukocyte mediated cytotoxicity",1.49248293174183,0.284085813319271,18
"Cancer_vs_Healthy","GO_BP","regulation of GTPase activity",1.49216320615849,0.253266607432185,15
"Cancer_vs_Healthy","GO_BP","neuronal action potential",-1.49134886476193,0.0101709209749282,2
"Cancer_vs_Healthy","GO_BP","regulation of biological process involved in symbiotic interaction",1.48847527356187,0.292115194138602,8
"Cancer_vs_Healthy","GO_BP","lipid localization",1.48837262151701,0.111752684294212,78
"Cancer_vs_Healthy","GO_BP","amyloid fibril formation",1.48223594041361,0.293270266473095,20
"Cancer_vs_Healthy","GO_BP","positive regulation of cell-substrate junction organization",1.48017612222746,0.2888711607499,10
"Cancer_vs_Healthy","GO_BP","L-amino acid catabolic process",-1.48005263958834,0.144433048241233,39
"Cancer_vs_Healthy","GO_BP","regulation of stem cell proliferation",1.47909680474978,0.293490791044407,6
"Cancer_vs_Healthy","GO_BP","negative regulation of cAMP/PKA signal transduction",-1.4784017677822,0.191793864338643,3
"Cancer_vs_Healthy","GO_BP","positive regulation of T cell cytokine production",1.47786640892812,0.186155176024185,4
"Cancer_vs_Healthy","GO_BP","positive regulation of microtubule polymerization or depolymerization",-1.47780804663995,0.305702667236655,13
"Cancer_vs_Healthy","GO_BP","positive regulation of microtubule polymerization",-1.47780804663995,0.305702667236655,13
"Cancer_vs_Healthy","GO_BP","positive regulation of myeloid leukocyte mediated immunity",-1.4771570958622,0.197201810517908,3
"Cancer_vs_Healthy","GO_BP","regulation of cellular response to growth factor stimulus",1.47670486165831,0.172432268921731,38
"Cancer_vs_Healthy","GO_BP","RNA export from nucleus",1.47621588096468,0.293270266473095,20
"Cancer_vs_Healthy","GO_BP","regulation of organic acid transport",-1.47516271039517,0.305702667236655,13
"Cancer_vs_Healthy","GO_BP","secondary metabolic process",1.47489535451793,0.327338428310351,11
"Cancer_vs_Healthy","GO_BP","nucleic acid catabolic process",-1.47302617343742,0.119073412447921,72
"Cancer_vs_Healthy","GO_BP","positive regulation of focal adhesion assembly",1.47264410364953,0.286256206554121,7
"Cancer_vs_Healthy","GO_BP","response to ATP",1.47210874484419,0.29524444768684,5
"Cancer_vs_Healthy","GO_BP","epidermis development",1.47158792012427,0.277070273991431,27
"Cancer_vs_Healthy","GO_BP","anoikis",1.46759844093533,0.269507786429366,4
"Cancer_vs_Healthy","GO_BP","response to muramyl dipeptide",1.46596748942872,0.180072822258464,3
"Cancer_vs_Healthy","GO_BP","modified amino acid biosynthetic process",1.46399116966018,0.299375927064867,20
"Cancer_vs_Healthy","GO_BP","positive regulation of leukocyte mediated cytotoxicity",1.46130168586815,0.328285546530972,9
"Cancer_vs_Healthy","GO_BP","nitric oxide biosynthetic process",1.46107670100703,0.29524444768684,19
"Cancer_vs_Healthy","GO_BP","negative regulation of cell projection organization",1.46007479981638,0.307541914214692,20
"Cancer_vs_Healthy","GO_BP","GTP metabolic process",1.45865307371289,0.311860558659218,8
"Cancer_vs_Healthy","GO_BP","phosphate ion transmembrane transport",-1.45775151862212,0.0716774128622959,2
"Cancer_vs_Healthy","GO_BP","negative regulation of ion transmembrane transporter activity",-1.45457137829186,0.324357081811825,4
"Cancer_vs_Healthy","GO_BP","glycoside metabolic process",1.45407514435927,0.297491686460808,7
"Cancer_vs_Healthy","GO_BP","deoxyribose phosphate catabolic process",1.45070853856444,0.317257640682493,12
"Cancer_vs_Healthy","GO_BP","cell adhesion mediated by integrin",1.45005009272676,0.288841534289035,4
"Cancer_vs_Healthy","GO_BP","pigmentation",1.44895214493565,0.349753694581281,11
"Cancer_vs_Healthy","GO_BP","positive regulation of cellular component biogenesis",1.44778395523144,0.149427540129317,100
"Cancer_vs_Healthy","GO_BP","C4-dicarboxylate transport",-1.4455885226659,0.364675052410901,5
"Cancer_vs_Healthy","GO_BP","regulation of mitochondrial gene expression",-1.44485411375877,0.349753694581281,9
"Cancer_vs_Healthy","GO_BP","regulation of mitotic sister chromatid separation",-1.44467381779776,0.349753694581281,10
"Cancer_vs_Healthy","GO_BP","regulation of smooth muscle cell proliferation",1.4439681497772,0.318873641062199,22
"Cancer_vs_Healthy","GO_BP","response to salt",1.44327709645071,0.214510235875435,3
"Cancer_vs_Healthy","GO_BP","digestion",1.44282929530955,0.325492412640015,12
"Cancer_vs_Healthy","GO_BP","response to acetylcholine",1.44277062151769,0.344036381964809,6
"Cancer_vs_Healthy","GO_BP","response to xenobiotic stimulus",1.44100583798767,0.220943847029165,59
"Cancer_vs_Healthy","GO_BP","negative regulation of neuron differentiation",1.44090883460142,0.333221589004358,5
"Cancer_vs_Healthy","GO_BP","regulation of telomere maintenance via telomere lengthening",1.4397019273529,0.308692849035187,16
"Cancer_vs_Healthy","GO_BP","vesicle organization",1.43861009121302,0.208663926022398,94
"Cancer_vs_Healthy","GO_BP","complement activation, lectin pathway",1.43846814124852,0.09801541366139,2
"Cancer_vs_Healthy","GO_BP","regulation of polysaccharide metabolic process",1.43805645034996,0.339083820662768,10
"Cancer_vs_Healthy","GO_BP","neuroinflammatory response",1.43798291345845,0.308913716080759,7
"Cancer_vs_Healthy","GO_BP","response to exogenous dsRNA",-1.43749696811886,0.0978858437539466,2
"Cancer_vs_Healthy","GO_BP","cellular response to exogenous dsRNA",-1.43749696811886,0.0978858437539466,2
"Cancer_vs_Healthy","GO_BP","response to arsenic-containing substance",1.4364033113579,0.352824598334673,9
"Cancer_vs_Healthy","GO_BP","aldehyde biosynthetic process",1.43553533781538,0.311860558659218,4
"Cancer_vs_Healthy","GO_BP","long-term memory",1.43402794598595,0.108080369369607,2
"Cancer_vs_Healthy","GO_BP","positive regulation of dendritic spine morphogenesis",-1.43230765632096,0.373684210526316,5
"Cancer_vs_Healthy","GO_BP","fatty acid derivative catabolic process",-1.42995529158952,0.351769464105157,7
"Cancer_vs_Healthy","GO_BP","sodium ion transport",-1.42992793803883,0.284480970235768,23
"Cancer_vs_Healthy","GO_BP","postsynaptic actin cytoskeleton organization",1.42859388820691,0.344595020485345,5
"Cancer_vs_Healthy","GO_BP","negative regulation of T-helper cell differentiation",1.42744994555398,0.114177257446182,2
"Cancer_vs_Healthy","GO_BP","intracellular iron ion homeostasis",1.42669562873641,0.330278277723937,21
"Cancer_vs_Healthy","GO_BP","lipoprotein transport",1.4243313436166,0.352824598334673,6
"Cancer_vs_Healthy","GO_BP","lipoprotein localization",1.4243313436166,0.352824598334673,6
"Cancer_vs_Healthy","GO_BP","positive regulation of hydrolase activity",1.42381893014827,0.33384583233819,15
"Cancer_vs_Healthy","GO_BP","alcohol metabolic process",1.42265859075606,0.156696333514348,83
"Cancer_vs_Healthy","GO_BP","glycerolipid catabolic process",1.42229608031581,0.338462653046439,14
"Cancer_vs_Healthy","GO_BP","fibroblast activation",1.42212388347582,0.330635325424105,4
"Cancer_vs_Healthy","GO_BP","ubiquitin-dependent protein catabolic process via the C-end degron rule pathway",-1.42205655824209,0.349781755914345,4
"Cancer_vs_Healthy","GO_BP","ovulation cycle",1.42160017019293,0.29524444768684,3
"Cancer_vs_Healthy","GO_BP","negative regulation of anoikis",1.41889893415972,0.29524444768684,3
"Cancer_vs_Healthy","GO_BP","Fc-epsilon receptor signaling pathway",-1.41760027740357,0.296643040445842,3
"Cancer_vs_Healthy","GO_BP","regulation of developmental growth",1.41756197708392,0.247492784728989,34
"Cancer_vs_Healthy","GO_BP","meiotic sister chromatid cohesion",-1.41736677649032,0.12058423845432,2
"Cancer_vs_Healthy","GO_BP","reactive nitrogen species metabolic process",1.4161107952077,0.345266970475158,22
"Cancer_vs_Healthy","GO_BP","regulation of Rho protein signal transduction",1.41555374522355,0.369092439889457,12
"Cancer_vs_Healthy","GO_BP","non-proteinogenic amino acid catabolic process",-1.41514183270259,0.369860465116279,7
"Cancer_vs_Healthy","GO_BP","postsynaptic neurotransmitter receptor internalization",1.41267187009959,0.374008026999909,8
"Cancer_vs_Healthy","GO_BP","regulation of transmembrane transporter activity",-1.41251424795849,0.303650139687032,16
"Cancer_vs_Healthy","GO_BP","positive regulation of cellular response to insulin stimulus",1.4121126814989,0.364675052410901,6
"Cancer_vs_Healthy","GO_BP","response to dopamine",1.41151794288277,0.369092439889457,12
"Cancer_vs_Healthy","GO_BP","cellular response to dopamine",1.41151794288277,0.369092439889457,12
"Cancer_vs_Healthy","GO_BP","signal release",1.40996590447819,0.272780864615802,49
"Cancer_vs_Healthy","GO_BP","multicellular organismal-level iron ion homeostasis",1.40956211448996,0.305702667236655,3
"Cancer_vs_Healthy","GO_BP","receptor catabolic process",1.40764164681072,0.348825144949649,4
"Cancer_vs_Healthy","GO_BP","cellular response to fatty acid",1.40742087693584,0.383320808448365,8
"Cancer_vs_Healthy","GO_BP","neuron apoptotic process",1.40737674309347,0.29524444768684,34
"Cancer_vs_Healthy","GO_BP","retinol metabolic process",1.40506934077751,0.352824598334673,14
"Cancer_vs_Healthy","GO_BP","negative regulation of establishment of protein localization",1.40262137616103,0.35401809517462,22
"Cancer_vs_Healthy","GO_BP","cGAS/STING signaling pathway",-1.40252711463192,0.392332509610104,8
"Cancer_vs_Healthy","GO_BP","aggrephagy",-1.40088411370939,0.37765621806095,6
"Cancer_vs_Healthy","GO_BP","phenol-containing compound biosynthetic process",1.3987640170888,0.375264270613108,6
"Cancer_vs_Healthy","GO_BP","collagen biosynthetic process",1.39853819560935,0.364675052410901,7
"Cancer_vs_Healthy","GO_BP","regulation of membrane potential",-1.39841805098555,0.188110402866575,56
"Cancer_vs_Healthy","GO_BP","CD4-positive, alpha-beta T cell cytokine production",1.39733206209634,0.175965516927718,2
"Cancer_vs_Healthy","GO_BP","pallium development",1.39575694904327,0.363788257116359,20
"Cancer_vs_Healthy","GO_BP","regulation of ventricular cardiac muscle cell membrane repolarization",-1.39553462271709,0.383320808448365,6
"Cancer_vs_Healthy","GO_BP","positive regulation of lipid localization",1.39509935329649,0.345266970475158,18
"Cancer_vs_Healthy","GO_BP","positive regulation of glial cell differentiation",-1.3944625577141,0.375264270613108,4
"Cancer_vs_Healthy","GO_BP","vascular endothelial growth factor signaling pathway",1.39427913728506,0.378676547333264,6
"Cancer_vs_Healthy","GO_BP","ribose phosphate biosynthetic process",-1.39410539778976,0.119898659322956,96
"Cancer_vs_Healthy","GO_BP","response to electrical stimulus",1.39310451199178,0.383152804642166,6
"Cancer_vs_Healthy","GO_BP","regulation of cardiac muscle cell proliferation",1.39303875444291,0.18656499855804,2
"Cancer_vs_Healthy","GO_BP","regulation of fatty acid biosynthetic process",1.39022199661917,0.359633027522936,10
"Cancer_vs_Healthy","GO_BP","T-helper 1 cell differentiation",1.38940981645716,0.369092439889457,14
"Cancer_vs_Healthy","GO_BP","neural crest cell migration",1.38932246125316,0.366931514554915,4
"Cancer_vs_Healthy","GO_BP","synaptic transmission, cholinergic",1.38852429127762,0.202027289858017,2
"Cancer_vs_Healthy","GO_BP","photoreceptor cell development",1.3884983631604,0.327338428310351,3
"Cancer_vs_Healthy","GO_BP","protein-lipid complex remodeling",1.38812286999847,0.202394803564776,2
"Cancer_vs_Healthy","GO_BP","cellular response to corticosteroid stimulus",1.38607252299371,0.364675052410901,15
"Cancer_vs_Healthy","GO_BP","sensory perception of smell",1.38382147110959,0.222088004359125,2
"Cancer_vs_Healthy","GO_BP","aldehyde metabolic process",1.38367052632653,0.320236544051318,33
"Cancer_vs_Healthy","GO_BP","negative regulation of alcohol biosynthetic process",1.38234416237661,0.222088004359125,2
"Cancer_vs_Healthy","GO_BP","negative regulation of protein transport",1.38229485022865,0.365727093950223,20
"Cancer_vs_Healthy","GO_BP","negative regulation of response to biotic stimulus",1.38159966164318,0.369092439889457,21
"Cancer_vs_Healthy","GO_BP","ruffle organization",1.38152577342883,0.392237877486595,12
"Cancer_vs_Healthy","GO_BP","amyloid-beta metabolic process",1.3810570945394,0.357370313302517,16
"Cancer_vs_Healthy","GO_BP","protein localization to mitochondrion",-1.37968997954777,0.135488035620498,61
"Cancer_vs_Healthy","GO_BP","alkaloid metabolic process",-1.37942798533267,0.425721977484092,5
"Cancer_vs_Healthy","GO_BP","response to steroid hormone",1.37899522844207,0.312429638516595,56
"Cancer_vs_Healthy","GO_BP","regulation of sodium ion transport",-1.37827014894911,0.40323413752272,17
"Cancer_vs_Healthy","GO_BP","vasculogenesis",1.37404288170805,0.399748391354562,6
"Cancer_vs_Healthy","GO_BP","leukocyte activation involved in inflammatory response",1.374030048944,0.344421344421344,3
"Cancer_vs_Healthy","GO_BP","liver regeneration",-1.37368711831632,0.410772432610059,7
"Cancer_vs_Healthy","GO_BP","protein secretion",1.37223256706661,0.292115194138602,53
"Cancer_vs_Healthy","GO_BP","establishment of protein localization to extracellular region",1.37223256706661,0.292115194138602,53
"Cancer_vs_Healthy","GO_BP","protein localization to extracellular region",1.37223256706661,0.292115194138602,53
"Cancer_vs_Healthy","GO_BP","negative regulation of extrinsic apoptotic signaling pathway via death domain receptors",1.3714851819669,0.393394796951445,5
"Cancer_vs_Healthy","GO_BP","ossification",1.37119072715621,0.317958212369565,51
"Cancer_vs_Healthy","GO_BP","digestive system process",1.36820178881094,0.411087465341973,11
"Cancer_vs_Healthy","GO_BP","protein autophosphorylation",-1.36777698227346,0.394916267942584,12
"Cancer_vs_Healthy","GO_BP","positive regulation of epidermis development",1.36693513612649,0.352824598334673,3
"Cancer_vs_Healthy","GO_BP","glial cell apoptotic process",1.36690554280343,0.352824598334673,3
"Cancer_vs_Healthy","GO_BP","cytokinetic process",1.3651261302731,0.373684210526316,18
"Cancer_vs_Healthy","GO_BP","cell-cell adhesion mediated by cadherin",1.36394227134737,0.360185651579478,3
"Cancer_vs_Healthy","GO_BP","membrane assembly",1.36388404144981,0.390776065715843,25
"Cancer_vs_Healthy","GO_BP","endoderm development",1.36279165403616,0.412168312971804,7
"Cancer_vs_Healthy","GO_BP","cell communication by electrical coupling",-1.36190419055648,0.399085250605176,12
"Cancer_vs_Healthy","GO_BP","membrane biogenesis",1.36179087228524,0.374008026999909,26
"Cancer_vs_Healthy","GO_BP","negative regulation of myoblast differentiation",-1.36112310358958,0.33455497382199,2
"Cancer_vs_Healthy","GO_BP","glycosaminoglycan metabolic process",1.36075380296435,0.399831440228322,5
"Cancer_vs_Healthy","GO_BP","natural killer cell mediated immunity",1.35863836977459,0.410772432610059,12
"Cancer_vs_Healthy","GO_BP","regulation of hormone levels",1.35697266454106,0.306760066620946,73
"Cancer_vs_Healthy","GO_BP","peripheral nervous system development",1.35632575052136,0.384550905925592,14
"Cancer_vs_Healthy","GO_BP","response to L-glutamate",-1.35618657773435,0.33455497382199,2
"Cancer_vs_Healthy","GO_BP","negative regulation of reproductive process",1.35491950096798,0.384550905925592,3
"Cancer_vs_Healthy","GO_BP","vitamin transport",1.35468929494907,0.324357081811825,2
"Cancer_vs_Healthy","GO_BP","retinoic acid metabolic process",1.3546587277832,0.411087465341973,5
"Cancer_vs_Healthy","GO_BP","positive regulation of transmembrane transport",1.3539495365721,0.351893121619426,37
"Cancer_vs_Healthy","GO_BP","negative regulation of protein phosphorylation",1.35304008302195,0.399085250605176,22
"Cancer_vs_Healthy","GO_BP","calcium ion homeostasis",-1.35303704237251,0.349781755914345,41
"Cancer_vs_Healthy","GO_BP","protein K48-linked deubiquitination",1.35272898826451,0.425496194981489,7
"Cancer_vs_Healthy","GO_BP","stem cell development",1.35171809027835,0.428012762593178,6
"Cancer_vs_Healthy","GO_BP","aromatic amino acid family catabolic process",1.35163610414533,0.392332509610104,3
"Cancer_vs_Healthy","GO_BP","endocrine process",1.35124241947842,0.425913078963477,9
"Cancer_vs_Healthy","GO_BP","cellular response to metal ion",1.35070646455186,0.352902102707408,37
"Cancer_vs_Healthy","GO_BP","negative regulation of macroautophagy",-1.35039103235829,0.436847432346047,9
"Cancer_vs_Healthy","GO_BP","killing of cells of another organism",1.3485942368736,0.423301453235623,11
"Cancer_vs_Healthy","GO_BP","disruption of cell in another organism",1.3485942368736,0.423301453235623,11
"Cancer_vs_Healthy","GO_BP","regulation of ubiquitin-protein transferase activity",-1.34812254710682,0.0981855268702403,1
"Cancer_vs_Healthy","GO_BP","positive regulation of protein localization",1.34798051291535,0.246711342764954,122
"Cancer_vs_Healthy","GO_BP","negative regulation of response to external stimulus",1.34768968285757,0.33384583233819,52
"Cancer_vs_Healthy","GO_BP","vocalization behavior",-1.34756036089034,0.104551152266695,1
"Cancer_vs_Healthy","GO_BP","plasma membrane repair",1.34698280000668,0.409834719594474,15
"Cancer_vs_Healthy","GO_BP","activation of adenylate cyclase activity",1.34691128457736,0.399145981813713,3
"Cancer_vs_Healthy","GO_BP","negative regulation of purine nucleotide metabolic process",-1.34656919868043,0.412168312971804,10
"Cancer_vs_Healthy","GO_BP","negative regulation of ATP metabolic process",-1.34656919868043,0.412168312971804,10
"Cancer_vs_Healthy","GO_BP","NADP+ metabolic process",1.34578908885292,0.396045559115869,20
"Cancer_vs_Healthy","GO_BP","positive regulation of type I interferon-mediated signaling pathway",-1.34513819174606,0.351769464105157,2
"Cancer_vs_Healthy","GO_BP","protein localization to phagophore assembly site",-1.34418724359149,0.131741357440846,1
"Cancer_vs_Healthy","GO_BP","protein-RNA complex organization",-1.34351720399984,0.262902857142857,71
"Cancer_vs_Healthy","GO_BP","telomerase RNA localization to Cajal body",1.34331825516042,0.409834719594474,10
"Cancer_vs_Healthy","GO_BP","telomerase RNA localization",1.34331825516042,0.409834719594474,10
"Cancer_vs_Healthy","GO_BP","intracellular calcium ion homeostasis",-1.3430977772417,0.348830213903743,40
"Cancer_vs_Healthy","GO_BP","positive regulation of mitotic cell cycle spindle assembly checkpoint",-1.34243610595609,0.444725822299162,7
"Cancer_vs_Healthy","GO_BP","regulation of autophagosome maturation",-1.34078298020941,0.35365275142315,2
"Cancer_vs_Healthy","GO_BP","immunological memory process",1.33987443217298,0.412168312971804,3
"Cancer_vs_Healthy","GO_BP","positive regulation of peptidyl-tyrosine phosphorylation",1.33859072854289,0.415518751492953,3
"Cancer_vs_Healthy","GO_BP","positive regulation of double-strand break repair via nonhomologous end joining",-1.33704994174943,0.358670112781955,2
"Cancer_vs_Healthy","GO_BP","regulation of dopamine secretion",1.33662647193583,0.0317468964243366,1
"Cancer_vs_Healthy","GO_BP","dopamine uptake",1.33662647193583,0.0317468964243366,1
"Cancer_vs_Healthy","GO_BP","cellular response to biotic stimulus",1.33599797565882,0.382577346402686,31
"Cancer_vs_Healthy","GO_BP","axon ensheathment in central nervous system",1.3355158558395,0.0514559347593084,1
"Cancer_vs_Healthy","GO_BP","regulation of receptor recycling",1.33535374004839,0.444129942080081,7
"Cancer_vs_Healthy","GO_BP","ureteric bud development",1.333849931695,0.0787740374071088,1
"Cancer_vs_Healthy","GO_BP","monocyte chemotactic protein-1 production",1.33341330347794,0.428012762593178,4
"Cancer_vs_Healthy","GO_BP","regulation of monocyte chemotactic protein-1 production",1.33341330347794,0.428012762593178,4
"Cancer_vs_Healthy","GO_BP","negative regulation of axonogenesis",1.33341157267788,0.417286084701815,3
"Cancer_vs_Healthy","GO_BP","female pregnancy",1.33263159214795,0.410772432610059,21
"Cancer_vs_Healthy","GO_BP","icosanoid metabolic process",1.33131320680001,0.394649386806788,27
"Cancer_vs_Healthy","GO_BP","very-low-density lipoprotein particle remodeling",1.33107339145417,0.0985684600860235,1
"Cancer_vs_Healthy","GO_BP","positive regulation of vascular permeability",1.33107339145417,0.0985684600860235,1
"Cancer_vs_Healthy","GO_BP","regulation of natural killer cell mediated immunity",1.33037126519672,0.448113349822043,8
"Cancer_vs_Healthy","GO_BP","membrane fusion",1.32900110861516,0.35365275142315,43
"Cancer_vs_Healthy","GO_BP","regulation of cardiac muscle contraction by calcium ion signaling",-1.32697243696176,0.434321252589291,17
"Cancer_vs_Healthy","GO_BP","response to increased oxygen levels",1.32686165092902,0.445873205741627,9
"Cancer_vs_Healthy","GO_BP","visual learning",-1.32619728466429,0.231281557889459,1
"Cancer_vs_Healthy","GO_BP","melanosome transport",1.32599839472073,0.428012762593178,3
"Cancer_vs_Healthy","GO_BP","wound healing, spreading of cells",1.3253680646373,0.423301453235623,10
"Cancer_vs_Healthy","GO_BP","lipid storage",1.32440681131137,0.447315287990855,11
"Cancer_vs_Healthy","GO_BP","nutrient storage",1.32440681131137,0.447315287990855,11
"Cancer_vs_Healthy","GO_BP","DNA conformation change",1.32367824931659,0.436005171299289,3
"Cancer_vs_Healthy","GO_BP","canonical inflammasome complex assembly",-1.32354903859088,0.428012762593178,10
"Cancer_vs_Healthy","GO_BP","potassium ion transport",-1.32338390061868,0.428012762593178,25
"Cancer_vs_Healthy","GO_BP","meiotic cell cycle process",-1.32075933793467,0.451881620087052,6
"Cancer_vs_Healthy","GO_BP","regulation of blood circulation",-1.32068499795932,0.312302482994743,54
"Cancer_vs_Healthy","GO_BP","oogenesis",-1.32064260708906,0.415518751492953,3
"Cancer_vs_Healthy","GO_BP","dopamine metabolic process",1.3194264901453,0.448113349822043,9
"Cancer_vs_Healthy","GO_BP","multi-multicellular organism process",1.31920268596703,0.428012762593178,22
"Cancer_vs_Healthy","GO_BP","phagolysosome assembly",1.31893876314402,0.436847432346047,3
"Cancer_vs_Healthy","GO_BP","phagosome maturation",1.31893876314402,0.436847432346047,3
"Cancer_vs_Healthy","GO_BP","type 2 mitophagy",-1.31886151861023,0.434321252589291,10
"Cancer_vs_Healthy","GO_BP","lysosome localization",1.31881772520799,0.428389965068276,10
"Cancer_vs_Healthy","GO_BP","vacuolar localization",1.31881772520799,0.428389965068276,10
"Cancer_vs_Healthy","GO_BP","nucleobase-containing small molecule catabolic process",1.31828666199786,0.436847432346047,3
"Cancer_vs_Healthy","GO_BP","glycosyl compound catabolic process",1.31828666199786,0.436847432346047,3
"Cancer_vs_Healthy","GO_BP","bicarbonate transport",-1.31776449141717,0.256322600673743,1
"Cancer_vs_Healthy","GO_BP","response to pain",1.31750092921718,0.453426409095622,5
"Cancer_vs_Healthy","GO_BP","regulation of mitotic nuclear division",-1.31711616854297,0.42805165281993,15
"Cancer_vs_Healthy","GO_BP","thymus development",1.31663538220185,0.184433635639087,1
"Cancer_vs_Healthy","GO_BP","olefinic compound metabolic process",1.31639733011669,0.399085250605176,31
"Cancer_vs_Healthy","GO_BP","vitamin metabolic process",1.31638506170212,0.474568816335948,6
"Cancer_vs_Healthy","GO_BP","regulation of long-term synaptic depression",-1.31551574655127,0.29524444768684,1
"Cancer_vs_Healthy","GO_BP","hormone transport",1.3149264609787,0.394649386806788,37
"Cancer_vs_Healthy","GO_BP","regulation of oxidative phosphorylation",1.31344629977904,0.451433982683983,9
"Cancer_vs_Healthy","GO_BP","detection of chemical stimulus involved in sensory perception of bitter taste",1.31330353391285,0.207536140446682,1
"Cancer_vs_Healthy","GO_BP","sensory perception of bitter taste",1.31330353391285,0.207536140446682,1
"Cancer_vs_Healthy","GO_BP","cytoplasmic pattern recognition receptor signaling pathway",-1.31321132832836,0.369092439889457,36
"Cancer_vs_Healthy","GO_BP","autophagosome maturation",-1.31301369215036,0.428012762593178,18
"Cancer_vs_Healthy","GO_BP","tubulin deacetylation",1.31237187660666,0.443586228713028,3
"Cancer_vs_Healthy","GO_BP","response to auditory stimulus",-1.31214262925242,0.299828699106256,1
"Cancer_vs_Healthy","GO_BP","regulation of respiratory gaseous exchange",-1.31214262925242,0.299828699106256,1
"Cancer_vs_Healthy","GO_BP","regulation of inflammasome-mediated signaling pathway",-1.31182286433027,0.441861344935212,10
"Cancer_vs_Healthy","GO_BP","protein-RNA complex assembly",-1.31165955700262,0.268259059466953,68
"Cancer_vs_Healthy","GO_BP","positive regulation of myeloid leukocyte cytokine production involved in immune response",-1.31065057918092,0.461387704579838,4
"Cancer_vs_Healthy","GO_BP","myeloid leukocyte cytokine production",-1.31065057918092,0.461387704579838,4
"Cancer_vs_Healthy","GO_BP","inflammasome-mediated signaling pathway",-1.31051120497639,0.464083238844794,11
"Cancer_vs_Healthy","GO_BP","catecholamine biosynthetic process",1.31036440996705,0.452753389136566,4
"Cancer_vs_Healthy","GO_BP","regulation of chemotaxis",1.31015652119784,0.417913109950312,27
"Cancer_vs_Healthy","GO_BP","protein localization to lysosome",1.30985336779158,0.438992304150497,13
"Cancer_vs_Healthy","GO_BP","regulation of epithelial cell differentiation",1.30948573871513,0.458982711099975,7
"Cancer_vs_Healthy","GO_BP","female gamete generation",-1.30943325841517,0.483839563862928,5
"Cancer_vs_Healthy","GO_BP","positive regulation of smooth muscle contraction",1.30719514538302,0.284085813319271,1
"Cancer_vs_Healthy","GO_BP","cell morphogenesis involved in neuron differentiation",1.30684661548445,0.351769464105157,59
"Cancer_vs_Healthy","GO_BP","regulation of amyloid fibril formation",1.30672975649131,0.436847432346047,10
"Cancer_vs_Healthy","GO_BP","regulation of aerobic respiration",1.30290386665631,0.465853978503453,12
"Cancer_vs_Healthy","GO_BP","chaperone-mediated autophagy",1.30132923709091,0.441861344935212,10
"Cancer_vs_Healthy","GO_BP","regulation of synaptic transmission, glutamatergic",-1.30097715077001,0.447315287990855,3
"Cancer_vs_Healthy","GO_BP","regulation of smooth muscle cell migration",1.30015216155891,0.441861344935212,10
"Cancer_vs_Healthy","GO_BP","response to fluid shear stress",1.29937787727229,0.467090869873355,12
"Cancer_vs_Healthy","GO_BP","glucose homeostasis",1.29858351153835,0.37614547537228,43
"Cancer_vs_Healthy","GO_BP","ventral spinal cord development",-1.29752578762407,0.339083820662768,1
"Cancer_vs_Healthy","GO_BP","cellular response to acetylcholine",1.29747847902971,0.476834548025672,4
"Cancer_vs_Healthy","GO_BP","positive regulation of leukocyte apoptotic process",1.29719960051603,0.308692849035187,1
"Cancer_vs_Healthy","GO_BP","protein neddylation",-1.29610031996709,0.448113349822043,15
"Cancer_vs_Healthy","GO_BP","response to unfolded protein",-1.29598412972365,0.339083820662768,44
"Cancer_vs_Healthy","GO_BP","inflammatory cell apoptotic process",1.29520562800876,0.453811308225026,2
"Cancer_vs_Healthy","GO_BP","endosome to plasma membrane protein transport",1.29456279705436,0.480185426154847,4
"Cancer_vs_Healthy","GO_BP","visual perception",1.294085871641,0.444725822299162,15
"Cancer_vs_Healthy","GO_BP","negative regulation of muscle contraction",1.29373741387006,0.482651544216382,7
"Cancer_vs_Healthy","GO_BP","transport across blood-brain barrier",1.29340711675217,0.485181203931204,11
"Cancer_vs_Healthy","GO_BP","biogenic amine biosynthetic process",1.29274717075236,0.482651544216382,7
"Cancer_vs_Healthy","GO_BP","positive regulation of growth",1.29229755234443,0.411087465341973,39
"Cancer_vs_Healthy","GO_BP","negative regulation of chromosome segregation",-1.29209790320079,0.501269341239692,9
"Cancer_vs_Healthy","GO_BP","negative regulation of metaphase/anaphase transition of cell cycle",-1.29209790320079,0.501269341239692,9
"Cancer_vs_Healthy","GO_BP","host-mediated suppression of symbiont invasion",1.29089328797292,0.485181203931204,4
"Cancer_vs_Healthy","GO_BP","regulation of actin filament-based movement",-1.28906263927227,0.434321252589291,13
"Cancer_vs_Healthy","GO_BP","gas transport",1.28824287987574,0.485243190866387,4
"Cancer_vs_Healthy","GO_BP","regulation of cAMP/PKA signal transduction",-1.28769566439242,0.490557070948511,7
"Cancer_vs_Healthy","GO_BP","secretion by tissue",1.2870912608355,0.482305751439477,3
"Cancer_vs_Healthy","GO_BP","response to growth hormone",-1.28694907861136,0.464083238844794,10
"Cancer_vs_Healthy","GO_BP","protein localization to cell-cell junction",1.28683404781992,0.49577214563609,5
"Cancer_vs_Healthy","GO_BP","oligopeptide transmembrane transport",1.28664874760088,0.351893121619426,1
"Cancer_vs_Healthy","GO_BP","negative regulation of JNK cascade",-1.28664618912833,0.448235447891251,3
"Cancer_vs_Healthy","GO_BP","reticulophagy",1.28659368748418,0.49577214563609,5
"Cancer_vs_Healthy","GO_BP","positive regulation of cell division",1.28512982781376,0.465940221613444,13
"Cancer_vs_Healthy","GO_BP","negative regulation of type I interferon-mediated signaling pathway",1.28488929666525,0.473333333333333,2
"Cancer_vs_Healthy","GO_BP","regulation of transcription initiation by RNA polymerase II",1.28463482722584,0.495015824421323,4
"Cancer_vs_Healthy","GO_BP","face development",1.28427517616326,0.485181203931204,3
"Cancer_vs_Healthy","GO_BP","face morphogenesis",1.28427517616326,0.485181203931204,3
"Cancer_vs_Healthy","GO_BP","regulation of tolerance induction",1.2842748111097,0.476615241763009,2
"Cancer_vs_Healthy","GO_BP","glycosaminoglycan biosynthetic process",1.28350206051427,0.485181203931204,3
"Cancer_vs_Healthy","GO_BP","response to type II interferon",1.28331860499348,0.444725822299162,26
"Cancer_vs_Healthy","GO_BP","positive regulation of chromosome organization",1.28279480086641,0.441861344935212,20
"Cancer_vs_Healthy","GO_BP","positive regulation of neurotransmitter transport",1.2827529758265,0.476615241763009,2
"Cancer_vs_Healthy","GO_BP","angiotensin-activated signaling pathway",1.28274083489527,0.504888483478082,6
"Cancer_vs_Healthy","GO_BP","collagen catabolic process",1.28270870060535,0.504888483478082,6
"Cancer_vs_Healthy","GO_BP","regulation of miRNA metabolic process",-1.28221852139013,0.501269341239692,5
"Cancer_vs_Healthy","GO_BP","p38MAPK cascade",-1.28132400840885,0.509153809356395,6
"Cancer_vs_Healthy","GO_BP","regulation of mitochondrial fission",-1.28036731028293,0.5154647709013,8
"Cancer_vs_Healthy","GO_BP","positive regulation of cell growth",1.28023983167948,0.428012762593178,33
"Cancer_vs_Healthy","GO_BP","connective tissue development",1.27909504824014,0.446377192497095,22
"Cancer_vs_Healthy","GO_BP","DNA damage tolerance",1.27785566013168,0.490810336314259,7
"Cancer_vs_Healthy","GO_BP","positive regulation of inflammasome-mediated signaling pathway",-1.2771084749327,0.501269341239692,7
"Cancer_vs_Healthy","GO_BP","regulation of biomineral tissue development",1.2762414677332,0.501269341239692,5
"Cancer_vs_Healthy","GO_BP","growth hormone receptor signaling pathway",-1.27584024966322,0.480563581319858,3
"Cancer_vs_Healthy","GO_BP","somatic recombination of immunoglobulin gene segments",-1.27556267514473,0.491368758042748,4
"Cancer_vs_Healthy","GO_BP","response to vitamin",1.27538155969524,0.480563581319858,13
"Cancer_vs_Healthy","GO_BP","RNA polymerase II transcription initiation surveillance",-1.27239003394149,0.457810966057441,2
"Cancer_vs_Healthy","GO_BP","positive regulation of ossification",1.27125854812773,0.501269341239692,4
"Cancer_vs_Healthy","GO_BP","regulation of mRNA 3'-end processing",-1.27054084923328,0.395218554861731,1
"Cancer_vs_Healthy","GO_BP","dendritic spine maintenance",1.27040770000401,0.504888483478082,3
"Cancer_vs_Healthy","GO_BP","regulation of dendritic spine maintenance",1.27040770000401,0.504888483478082,3
"Cancer_vs_Healthy","GO_BP","negative regulation of megakaryocyte differentiation",-1.2699786630168,0.395218554861731,1
"Cancer_vs_Healthy","GO_BP","negative regulation of oxidative stress-induced neuron intrinsic apoptotic signaling pathway",1.26922326877331,0.501269341239692,4
"Cancer_vs_Healthy","GO_BP","nucleophagy",1.2690308255486,0.487136847206009,2
"Cancer_vs_Healthy","GO_BP","regulation of response to food",1.26887889005956,0.396045559115869,1
"Cancer_vs_Healthy","GO_BP","regulation of ketone metabolic process",1.26868382106644,0.417286084701815,29
"Cancer_vs_Healthy","GO_BP","ribosomal small subunit biogenesis",-1.26813145114079,0.395218554861731,31
"Cancer_vs_Healthy","GO_BP","polysaccharide biosynthetic process",1.26520694340069,0.485243190866387,17
"Cancer_vs_Healthy","GO_BP","synaptic vesicle lumen acidification",1.26207173256234,0.516173898255673,6
"Cancer_vs_Healthy","GO_BP","mesoderm development",1.26200025803916,0.5154647709013,3
"Cancer_vs_Healthy","GO_BP","positive regulation of cholesterol metabolic process",1.26056775319882,0.5154647709013,8
"Cancer_vs_Healthy","GO_BP","positive regulation of syncytium formation by plasma membrane fusion",1.25896675705757,0.506632267807702,4
"Cancer_vs_Healthy","GO_BP","dense core granule localization",-1.2580339610132,0.489469696969697,2
"Cancer_vs_Healthy","GO_BP","lysosomal lumen acidification",1.25688201559725,0.507693662488625,5
"Cancer_vs_Healthy","GO_BP","regulation of synapse structure or activity",1.25666346685913,0.448113349822043,39
"Cancer_vs_Healthy","GO_BP","regulation of sensory perception of pain",1.25539398999862,0.501269341239692,2
"Cancer_vs_Healthy","GO_BP","quaternary ammonium group transport",-1.25536182138846,0.428012762593178,1
"Cancer_vs_Healthy","GO_BP","release of sequestered calcium ion into cytosol by sarcoplasmic reticulum",-1.25523253755175,0.501269341239692,21
"Cancer_vs_Healthy","GO_BP","regulation of urine volume",1.25499618885541,0.428012762593178,1
"Cancer_vs_Healthy","GO_BP","positive regulation of toll-like receptor 4 signaling pathway",1.25376880500186,0.507693662488625,4
"Cancer_vs_Healthy","GO_BP","regulation of synapse organization",1.25292944440975,0.468111952965801,38
"Cancer_vs_Healthy","GO_BP","brown fat cell differentiation",-1.25184852946325,0.5154647709013,4
"Cancer_vs_Healthy","GO_BP","negative regulation of D-glucose import across plasma membrane",1.25119256918174,0.501269341239692,2
"Cancer_vs_Healthy","GO_BP","protein lipidation",-1.25022961901144,0.544808639636226,6
"Cancer_vs_Healthy","GO_BP","actin filament severing",1.2500214995421,0.511495567261981,10
"Cancer_vs_Healthy","GO_BP","positive regulation of keratinocyte differentiation",1.24944310837375,0.436847432346047,1
"Cancer_vs_Healthy","GO_BP","inflammatory response to wounding",-1.24932353793991,0.501269341239692,2
"Cancer_vs_Healthy","GO_BP","atrial septum development",-1.24749121435781,0.444129942080081,1
"Cancer_vs_Healthy","GO_BP","mitotic cytokinetic process",1.24611916909674,0.501269341239692,14
"Cancer_vs_Healthy","GO_BP","protein-DNA complex organization",1.24572242882647,0.501269341239692,15
"Cancer_vs_Healthy","GO_BP","innate immune response in mucosa",1.24566793470094,0.535329599310642,3
"Cancer_vs_Healthy","GO_BP","mucosal immune response",1.24566793470094,0.535329599310642,3
"Cancer_vs_Healthy","GO_BP","bile acid and bile salt transport",1.24505548301288,0.504888483478082,2
"Cancer_vs_Healthy","GO_BP","cellular response to mechanical stimulus",1.24482365969708,0.501269341239692,13
"Cancer_vs_Healthy","GO_BP","cellular response to external stimulus",1.24482365969708,0.501269341239692,13
"Cancer_vs_Healthy","GO_BP","regulation of mitochondrial membrane permeability",-1.24451139101459,0.485181203931204,15
"Cancer_vs_Healthy","GO_BP","sensory perception of pain",1.24290877819046,0.516163805235013,5
"Cancer_vs_Healthy","GO_BP","positive regulation of glycogen biosynthetic process",1.24171632324824,0.5154647709013,4
"Cancer_vs_Healthy","GO_BP","epidermal growth factor receptor signaling pathway",1.24151547195811,0.485181203931204,22
"Cancer_vs_Healthy","GO_BP","transforming growth factor beta receptor superfamily signaling pathway",1.2413511537317,0.468894655438447,39
"Cancer_vs_Healthy","GO_BP","small molecule catabolic process",-1.24085601916861,0.29250315287963,138
"Cancer_vs_Healthy","GO_BP","membrane repolarization during ventricular cardiac muscle cell action potential",-1.24074497976011,0.459806743421053,1
"Cancer_vs_Healthy","GO_BP","protein-DNA complex assembly",1.24047101390905,0.501269341239692,13
"Cancer_vs_Healthy","GO_BP","negative regulation of calcium ion import",-1.23924062832538,0.528723404255319,5
"Cancer_vs_Healthy","GO_BP","cell adhesion molecule production",1.23889225545859,0.447315287990855,1
"Cancer_vs_Healthy","GO_BP","mRNA export from nucleus",1.23836643812909,0.501269341239692,15
"Cancer_vs_Healthy","GO_BP","developmental maturation",1.23735452862902,0.485181203931204,27
"Cancer_vs_Healthy","GO_BP","negative regulation of Ras protein signal transduction",-1.23665196611171,0.532249160925631,5
"Cancer_vs_Healthy","GO_BP","lens fiber cell differentiation",1.2355604071696,0.453197724961505,1
"Cancer_vs_Healthy","GO_BP","regulation of myeloid cell apoptotic process",1.23359429827984,0.544935311878918,3
"Cancer_vs_Healthy","GO_BP","regulation of axon extension",1.23247321533067,0.5154647709013,16
"Cancer_vs_Healthy","GO_BP","regulation of extent of cell growth",1.23247321533067,0.5154647709013,16
"Cancer_vs_Healthy","GO_BP","negative regulation of defense response",1.23229963573557,0.49577214563609,34
"Cancer_vs_Healthy","GO_BP","inner ear receptor cell development",1.23225582408401,0.5154647709013,2
"Cancer_vs_Healthy","GO_BP","cellular response to interferon-beta",-1.23214581881471,0.5154647709013,9
"Cancer_vs_Healthy","GO_BP","antiviral innate immune response",-1.23194071770087,0.490810336314259,13
"Cancer_vs_Healthy","GO_BP","telomere organization",1.23176197927251,0.467090869873355,37
"Cancer_vs_Healthy","GO_BP","regulation of protein modification by small protein conjugation or removal",-1.23056329324557,0.417286084701815,55
"Cancer_vs_Healthy","GO_BP","cellular defense response",1.23039464089457,0.531866825208086,4
"Cancer_vs_Healthy","GO_BP","response to acidic pH",1.22965942624102,0.544935311878918,6
"Cancer_vs_Healthy","GO_BP","negative regulation of phosphorylation",1.22905243913833,0.504035995429152,25
"Cancer_vs_Healthy","GO_BP","positive regulation of glycoprotein biosynthetic process",-1.22837688299766,0.482613157894737,1
"Cancer_vs_Healthy","GO_BP","D-glucose transmembrane transport",1.22581328423772,0.5154647709013,16
"Cancer_vs_Healthy","GO_BP","negative regulation of MAPK cascade",1.22556633772627,0.504888483478082,24
"Cancer_vs_Healthy","GO_BP","neuron intrinsic apoptotic signaling pathway in response to oxidative stress",1.22546570999131,0.545040874130778,5
"Cancer_vs_Healthy","GO_BP","endothelial cell apoptotic process",1.22405522666532,0.539103176799054,2
"Cancer_vs_Healthy","GO_BP","cellular response to amino acid starvation",-1.2235716533068,0.515788454087563,10
"Cancer_vs_Healthy","GO_BP","mitochondrial transmembrane transport",-1.22356269782711,0.549063857339412,11
"Cancer_vs_Healthy","GO_BP","SRP-dependent cotranslational protein targeting to membrane, signal sequence recognition",-1.22257813612421,0.544935311878918,4
"Cancer_vs_Healthy","GO_BP","leukocyte homeostasis",1.22243577344608,0.511495567261981,18
"Cancer_vs_Healthy","GO_BP","leukocyte apoptotic process",1.22180348439388,0.551200740442095,8
"Cancer_vs_Healthy","GO_BP","cellular response to alcohol",1.22116322406657,0.5154647709013,19
"Cancer_vs_Healthy","GO_BP","dosage compensation by inactivation of X chromosome",1.22084902163916,0.539103176799054,2
"Cancer_vs_Healthy","GO_BP","myeloid cell apoptotic process",1.21938237310081,0.543565439300036,4
"Cancer_vs_Healthy","GO_BP","platelet dense granule organization",1.21741448646812,0.544808639636226,4
"Cancer_vs_Healthy","GO_BP","regulation of membrane permeability",-1.21691788415174,0.510685220899632,17
"Cancer_vs_Healthy","GO_BP","intermediate filament-based process",1.21624673583126,0.535329599310642,13
"Cancer_vs_Healthy","GO_BP","cellular response to tumor necrosis factor",1.21611972696509,0.507693662488625,32
"Cancer_vs_Healthy","GO_BP","cholesterol metabolic process",1.21579255491203,0.501269341239692,31
"Cancer_vs_Healthy","GO_BP","negative regulation of mRNA metabolic process",-1.21426465625571,0.433008319843391,35
"Cancer_vs_Healthy","GO_BP","regulation of fertilization",1.21168216109845,0.501269341239692,1
"Cancer_vs_Healthy","GO_BP","amino sugar metabolic process",1.21101219568318,0.540198897675533,9
"Cancer_vs_Healthy","GO_BP","glucocorticoid biosynthetic process",-1.21094911028694,0.505138339920949,1
"Cancer_vs_Healthy","GO_BP","regulation of hormone biosynthetic process",-1.21094911028694,0.505138339920949,1
"Cancer_vs_Healthy","GO_BP","flavonoid metabolic process",1.21057154500212,0.501269341239692,1
"Cancer_vs_Healthy","GO_BP","sulfation",1.21057154500212,0.501269341239692,1
"Cancer_vs_Healthy","GO_BP","thyroid hormone metabolic process",1.21053654444311,0.544935311878918,2
"Cancer_vs_Healthy","GO_BP","bone mineralization",1.20937297149315,0.541668585463197,7
"Cancer_vs_Healthy","GO_BP","cellular response to oxidative stress",1.20820944001168,0.478551149437494,63
"Cancer_vs_Healthy","GO_BP","intrinsic apoptotic signaling pathway in response to endoplasmic reticulum stress",-1.20502931996475,0.531866825208086,14
"Cancer_vs_Healthy","GO_BP","regulation of protein stability",1.20404964441756,0.460755762211586,94
"Cancer_vs_Healthy","GO_BP","response to dietary excess",-1.20364068947277,0.5154647709013,1
"Cancer_vs_Healthy","GO_BP","synaptic membrane adhesion",-1.20364068947277,0.5154647709013,1
"Cancer_vs_Healthy","GO_BP","mitochondrial transport",-1.19799692396694,0.5154647709013,16
"Cancer_vs_Healthy","GO_BP","nuclear receptor-mediated signaling pathway",1.19796350316815,0.527034192101149,27
"Cancer_vs_Healthy","GO_BP","disruption of anatomical structure in another organism",1.19570438823842,0.543565439300036,14
"Cancer_vs_Healthy","GO_BP","organelle fusion",1.19299860886914,0.533064088983051,42
"Cancer_vs_Healthy","GO_BP","response to tumor necrosis factor",1.19149338865272,0.526678591494221,34
"Cancer_vs_Healthy","GO_BP","regulation of potassium ion transport",-1.18962794939061,0.536925207756233,16
"Cancer_vs_Healthy","GO_BP","aortic valve morphogenesis",1.18780391502731,0.5154647709013,1
"Cancer_vs_Healthy","GO_BP","cellular response to unfolded protein",-1.18749865984423,0.5154647709013,23
"Cancer_vs_Healthy","GO_BP","positive regulation of animal organ morphogenesis",1.18613799088281,0.5154647709013,1
"Cancer_vs_Healthy","GO_BP","regulation of glycoprotein metabolic process",1.18194856219795,0.549445853503251,7
"Cancer_vs_Healthy","GO_BP","proteinogenic amino acid metabolic process",-1.17925725418325,0.49988230007062,50
"Cancer_vs_Healthy","GO_BP","regulation of alternative mRNA splicing, via spliceosome",1.17856457745954,0.545617713857539,17
"Cancer_vs_Healthy","GO_BP","determination of left/right symmetry",1.17836367820849,0.540363831367049,1
"Cancer_vs_Healthy","GO_BP","left/right pattern formation",1.17836367820849,0.540363831367049,1
"Cancer_vs_Healthy","GO_BP","regulation of postsynaptic density organization",1.17447652187132,0.544935311878918,1
"Cancer_vs_Healthy","GO_BP","cell redox homeostasis",1.17245859127845,0.539103176799054,20
"Cancer_vs_Healthy","GO_BP","positive regulation of amino acid transport",1.17114467358233,0.544935311878918,1
"Cancer_vs_Healthy","GO_BP","G0 to G1 transition",1.16614690114883,0.548304731104272,1
"Cancer_vs_Healthy","GO_BP","regulation of G0 to G1 transition",1.16614690114883,0.548304731104272,1
"Cancer_vs_Healthy","GO_BP","steroid metabolic process",1.16521370922711,0.535254538430822,55
"Cancer_vs_Healthy","GO_BP","response to oxidative stress",1.14803213492459,0.518427762722993,132
"Cancer_vs_Healthy","GO_BP","circadian rhythm",-1.13833445700612,0.543350845759057,37
"Cancer_vs_Healthy","GO_BP","heart contraction",-1.11357946224474,0.51724850593321,62
"Cancer_vs_Healthy","GO_BP","lipid catabolic process",-1.10710450302448,0.551405325443787,73
"Cancer_vs_Healthy","GO_BP",NA,NA,NA,NA
"Cancer_vs_Healthy","GO_BP",NA,NA,NA,NA
"Cancer_vs_Healthy","GO_BP",NA,NA,NA,NA
"Cancer_vs_Healthy","GO_BP",NA,NA,NA,NA
"Cancer_vs_Healthy","GO_BP",NA,NA,NA,NA
"Cancer_vs_Healthy","GO_BP",NA,NA,NA,NA
"Cancer_vs_Healthy","GO_BP",NA,NA,NA,NA
"Cancer_vs_Healthy","GO_BP",NA,NA,NA,NA
"Cancer_vs_Healthy","GO_BP",NA,NA,NA,NA
"Cancer_vs_Healthy","GO_BP",NA,NA,NA,NA
"Cancer_vs_Healthy","GO_BP",NA,NA,NA,NA
"Cancer_vs_Healthy","GO_BP",NA,NA,NA,NA
"Cancer_vs_Healthy","GO_BP",NA,NA,NA,NA
"Cancer_vs_Healthy","GO_BP",NA,NA,NA,NA
"Cancer_vs_Healthy","GO_BP",NA,NA,NA,NA
"Cancer_vs_Healthy","GO_BP",NA,NA,NA,NA
"Cancer_vs_Healthy","GO_BP",NA,NA,NA,NA
"Cancer_vs_Healthy","GO_BP",NA,NA,NA,NA
"Cancer_vs_Healthy","GO_BP",NA,NA,NA,NA
"Cancer_vs_Healthy","GO_BP",NA,NA,NA,NA
"Cancer_vs_Healthy","GO_BP",NA,NA,NA,NA
"Cancer_vs_Healthy","GO_BP",NA,NA,NA,NA
"Cancer_vs_Healthy","GO_BP",NA,NA,NA,NA
"Cancer_vs_Healthy","GO_BP",NA,NA,NA,NA
"Cancer_vs_Healthy","GO_BP",NA,NA,NA,NA
"Cancer_vs_Healthy","GO_BP",NA,NA,NA,NA
"Cancer_vs_Healthy","GO_BP",NA,NA,NA,NA
"Cancer_vs_Healthy","GO_BP",NA,NA,NA,NA
"Cancer_vs_Healthy","GO_BP",NA,NA,NA,NA
"Cancer_vs_Healthy","GO_BP",NA,NA,NA,NA
"Cancer_vs_Healthy","GO_BP",NA,NA,NA,NA
"Cancer_vs_Healthy","GO_BP",NA,NA,NA,NA
"Cancer_vs_Healthy","GO_BP",NA,NA,NA,NA
"Cancer_vs_Healthy","GO_BP",NA,NA,NA,NA
"Cancer_vs_Healthy","GO_BP",NA,NA,NA,NA
"Cancer_vs_Healthy","GO_BP",NA,NA,NA,NA
"Cancer_vs_Healthy","GO_BP",NA,NA,NA,NA
"Cancer_vs_Healthy","GO_BP",NA,NA,NA,NA
"Cancer_vs_Healthy","GO_BP",NA,NA,NA,NA
"Cancer_vs_Healthy","GO_BP",NA,NA,NA,NA
"Cancer_vs_Healthy","GO_BP",NA,NA,NA,NA
"Cancer_vs_Healthy","GO_BP",NA,NA,NA,NA
"Cancer_vs_Healthy","GO_BP",NA,NA,NA,NA
"Cancer_vs_Healthy","GO_BP",NA,NA,NA,NA
"Cancer_vs_Healthy","GO_BP",NA,NA,NA,NA
"Cancer_vs_Healthy","GO_BP",NA,NA,NA,NA
"Cancer_vs_Healthy","GO_BP",NA,NA,NA,NA
"Cancer_vs_Healthy","GO_BP",NA,NA,NA,NA
"Cancer_vs_Healthy","GO_BP",NA,NA,NA,NA
"Cancer_vs_Healthy","GO_BP",NA,NA,NA,NA
"Cancer_vs_Healthy","GO_BP",NA,NA,NA,NA
"Cancer_vs_Healthy","GO_BP",NA,NA,NA,NA
"Cancer_vs_Healthy","GO_BP",NA,NA,NA,NA
"Cancer_vs_Healthy","GO_BP",NA,NA,NA,NA
"Cancer_vs_Healthy","GO_BP",NA,NA,NA,NA
"Cancer_vs_Healthy","GO_BP",NA,NA,NA,NA
"Cancer_vs_Healthy","GO_BP",NA,NA,NA,NA
"Cancer_vs_Healthy","GO_BP",NA,NA,NA,NA
"Cancer_vs_Healthy","GO_BP",NA,NA,NA,NA
"Cancer_vs_Healthy","GO_BP",NA,NA,NA,NA
"Cancer_vs_Healthy","GO_BP",NA,NA,NA,NA
"Cancer_vs_Healthy","GO_BP",NA,NA,NA,NA
"Cancer_vs_Healthy","GO_BP",NA,NA,NA,NA
"Cancer_vs_Healthy","GO_BP",NA,NA,NA,NA
"Cancer_vs_Healthy","GO_BP",NA,NA,NA,NA
"Cancer_vs_Healthy","GO_BP",NA,NA,NA,NA
"Cancer_vs_Healthy","GO_BP",NA,NA,NA,NA
"Cancer_vs_Healthy","GO_BP",NA,NA,NA,NA
"Cancer_vs_Healthy","GO_BP",NA,NA,NA,NA
"Cancer_vs_Healthy","GO_BP",NA,NA,NA,NA
"Cancer_vs_Healthy","GO_BP",NA,NA,NA,NA
"Cancer_vs_Healthy","GO_BP",NA,NA,NA,NA
"Cancer_vs_Healthy","GO_BP",NA,NA,NA,NA
"Cancer_vs_Healthy","GO_BP",NA,NA,NA,NA
"Cancer_vs_Healthy","GO_BP",NA,NA,NA,NA
"Cancer_vs_Healthy","GO_BP",NA,NA,NA,NA
"Cancer_vs_Healthy","GO_BP",NA,NA,NA,NA
"Cancer_vs_Healthy","GO_BP",NA,NA,NA,NA
"Cancer_vs_Healthy","GO_BP",NA,NA,NA,NA
"Cancer_vs_Healthy","GO_BP",NA,NA,NA,NA
"Cancer_vs_Healthy","GO_BP",NA,NA,NA,NA
"Cancer_vs_Healthy","GO_BP",NA,NA,NA,NA
"Cancer_vs_Healthy","GO_BP",NA,NA,NA,NA
"Cancer_vs_Healthy","GO_BP",NA,NA,NA,NA
"Cancer_vs_Healthy","GO_BP",NA,NA,NA,NA
"Cancer_vs_Healthy","GO_BP",NA,NA,NA,NA
"Cancer_vs_Healthy","GO_BP",NA,NA,NA,NA
"Cancer_vs_Healthy","GO_BP",NA,NA,NA,NA
"Cancer_vs_Healthy","GO_BP",NA,NA,NA,NA
"Cancer_vs_Healthy","GO_BP",NA,NA,NA,NA
"Cancer_vs_Healthy","GO_BP",NA,NA,NA,NA
"Cancer_vs_Healthy","GO_BP",NA,NA,NA,NA
"Cancer_vs_Healthy","GO_BP",NA,NA,NA,NA
"Cancer_vs_Healthy","GO_BP",NA,NA,NA,NA
"Cancer_vs_Healthy","GO_BP",NA,NA,NA,NA
"Cancer_vs_Healthy","GO_BP",NA,NA,NA,NA
"Cancer_vs_Healthy","GO_BP",NA,NA,NA,NA
"Cancer_vs_Healthy","GO_BP",NA,NA,NA,NA
"Cancer_vs_Healthy","GO_BP",NA,NA,NA,NA
"Cancer_vs_Healthy","GO_BP",NA,NA,NA,NA
"Cancer_vs_Healthy","GO_BP",NA,NA,NA,NA
"Cancer_vs_Healthy","GO_BP",NA,NA,NA,NA
"Cancer_vs_Healthy","GO_BP",NA,NA,NA,NA
"Cancer_vs_Healthy","GO_BP",NA,NA,NA,NA
"Cancer_vs_Healthy","GO_BP",NA,NA,NA,NA
"Cancer_vs_Healthy","GO_BP",NA,NA,NA,NA
"Cancer_vs_Healthy","GO_BP",NA,NA,NA,NA
"Cancer_vs_Healthy","GO_BP",NA,NA,NA,NA
"Cancer_vs_Healthy","GO_BP",NA,NA,NA,NA
"Cancer_vs_Healthy","GO_BP",NA,NA,NA,NA
"Cancer_vs_Healthy","GO_BP",NA,NA,NA,NA
"Cancer_vs_Healthy","GO_BP",NA,NA,NA,NA
"Cancer_vs_Healthy","GO_BP",NA,NA,NA,NA
"Cancer_vs_Healthy","GO_BP",NA,NA,NA,NA
"Cancer_vs_Healthy","GO_BP",NA,NA,NA,NA
"Cancer_vs_Healthy","GO_BP",NA,NA,NA,NA
"Cancer_vs_Healthy","GO_BP",NA,NA,NA,NA
"Cancer_vs_Healthy","GO_BP",NA,NA,NA,NA
"Cancer_vs_Healthy","GO_BP",NA,NA,NA,NA
"Cancer_vs_Healthy","GO_BP",NA,NA,NA,NA
"Cancer_vs_Healthy","GO_BP",NA,NA,NA,NA
"Cancer_vs_Healthy","GO_BP",NA,NA,NA,NA
"Cancer_vs_Healthy","GO_BP",NA,NA,NA,NA
"Cancer_vs_Healthy","GO_BP",NA,NA,NA,NA
"Cancer_vs_Healthy","GO_BP",NA,NA,NA,NA
"Cancer_vs_Healthy","GO_BP",NA,NA,NA,NA
"Cancer_vs_Healthy","GO_BP",NA,NA,NA,NA
"Cancer_vs_Healthy","GO_BP",NA,NA,NA,NA
"Cancer_vs_Healthy","GO_BP",NA,NA,NA,NA
"Cancer_vs_Healthy","GO_BP",NA,NA,NA,NA
"Cancer_vs_Healthy","GO_BP",NA,NA,NA,NA
"Cancer_vs_Healthy","GO_BP",NA,NA,NA,NA
"Cancer_vs_Healthy","GO_BP",NA,NA,NA,NA
"Cancer_vs_Healthy","GO_BP",NA,NA,NA,NA
"Cancer_vs_Healthy","GO_BP",NA,NA,NA,NA
"Cancer_vs_Healthy","GO_BP",NA,NA,NA,NA
"Cancer_vs_Healthy","GO_BP",NA,NA,NA,NA
"Cancer_vs_Healthy","GO_BP",NA,NA,NA,NA
"Cancer_vs_Healthy","GO_BP",NA,NA,NA,NA
"Cancer_vs_Healthy","GO_BP",NA,NA,NA,NA
"Cancer_vs_Healthy","GO_BP",NA,NA,NA,NA
"Cancer_vs_Healthy","GO_BP",NA,NA,NA,NA
"Cancer_vs_Healthy","GO_BP",NA,NA,NA,NA
"Cancer_vs_Healthy","GO_BP",NA,NA,NA,NA
"Cancer_vs_Healthy","GO_BP",NA,NA,NA,NA
"Cancer_vs_Healthy","GO_BP",NA,NA,NA,NA
"Cancer_vs_Healthy","GO_BP",NA,NA,NA,NA
"Cancer_vs_Healthy","GO_BP",NA,NA,NA,NA
"Cancer_vs_Healthy","GO_BP",NA,NA,NA,NA
"Cancer_vs_Healthy","GO_BP",NA,NA,NA,NA
"Cancer_vs_Healthy","GO_BP",NA,NA,NA,NA
"Cancer_vs_Healthy","GO_BP",NA,NA,NA,NA
"Cancer_vs_Healthy","GO_BP",NA,NA,NA,NA
"Cancer_vs_Healthy","GO_BP",NA,NA,NA,NA
"Cancer_vs_Healthy","GO_BP",NA,NA,NA,NA
"Cancer_vs_Healthy","GO_BP",NA,NA,NA,NA
"Cancer_vs_Healthy","GO_BP",NA,NA,NA,NA
"Cancer_vs_Healthy","GO_BP",NA,NA,NA,NA
"Cancer_vs_Healthy","GO_BP",NA,NA,NA,NA
"Cancer_vs_Healthy","GO_BP",NA,NA,NA,NA
"Cancer_vs_Healthy","GO_BP",NA,NA,NA,NA
"Cancer_vs_Healthy","GO_BP",NA,NA,NA,NA
"Cancer_vs_Healthy","GO_BP",NA,NA,NA,NA
"Cancer_vs_Healthy","GO_BP",NA,NA,NA,NA
"Cancer_vs_Healthy","GO_BP",NA,NA,NA,NA
"Cancer_vs_Healthy","GO_BP",NA,NA,NA,NA
"Cancer_vs_Healthy","GO_BP",NA,NA,NA,NA
"Cancer_vs_Healthy","GO_BP",NA,NA,NA,NA
"Cancer_vs_Healthy","GO_BP",NA,NA,NA,NA
"Cancer_vs_Healthy","GO_BP",NA,NA,NA,NA
"Cancer_vs_Healthy","GO_BP",NA,NA,NA,NA
"Cancer_vs_Healthy","GO_BP",NA,NA,NA,NA
"Cancer_vs_Healthy","GO_BP",NA,NA,NA,NA
"Cancer_vs_Healthy","GO_BP",NA,NA,NA,NA
"Cancer_vs_Healthy","GO_BP",NA,NA,NA,NA
"Cancer_vs_Healthy","GO_BP",NA,NA,NA,NA
"Cancer_vs_Healthy","GO_BP",NA,NA,NA,NA
"Cancer_vs_Healthy","GO_BP",NA,NA,NA,NA
"Cancer_vs_Healthy","GO_BP",NA,NA,NA,NA
"Cancer_vs_Healthy","GO_BP",NA,NA,NA,NA
"Cancer_vs_Healthy","GO_BP",NA,NA,NA,NA
"Cancer_vs_Healthy","GO_BP",NA,NA,NA,NA
"Cancer_vs_Healthy","GO_BP",NA,NA,NA,NA
"Cancer_vs_Healthy","GO_BP",NA,NA,NA,NA
"Cancer_vs_Healthy","GO_BP",NA,NA,NA,NA
"Cancer_vs_Healthy","GO_BP",NA,NA,NA,NA
"Cancer_vs_Healthy","GO_BP",NA,NA,NA,NA
"Cancer_vs_Healthy","GO_BP",NA,NA,NA,NA
"Cancer_vs_Healthy","GO_BP",NA,NA,NA,NA
"Cancer_vs_Healthy","GO_BP",NA,NA,NA,NA
"Cancer_vs_Healthy","GO_BP",NA,NA,NA,NA
"Cancer_vs_Healthy","GO_BP",NA,NA,NA,NA
"Cancer_vs_Healthy","GO_BP",NA,NA,NA,NA
"Cancer_vs_Healthy","GO_BP",NA,NA,NA,NA
"Cancer_vs_Healthy","GO_BP",NA,NA,NA,NA
"Cancer_vs_Healthy","GO_BP",NA,NA,NA,NA
"Cancer_vs_Healthy","GO_BP",NA,NA,NA,NA
"Cancer_vs_Healthy","GO_BP",NA,NA,NA,NA
"Cancer_vs_Healthy","GO_BP",NA,NA,NA,NA
"Cancer_vs_Healthy","GO_BP",NA,NA,NA,NA
"Cancer_vs_Healthy","GO_BP",NA,NA,NA,NA
"Cancer_vs_Healthy","GO_BP",NA,NA,NA,NA
"Cancer_vs_Healthy","GO_BP",NA,NA,NA,NA
"Cancer_vs_Healthy","GO_BP",NA,NA,NA,NA
"Cancer_vs_Healthy","GO_BP",NA,NA,NA,NA
"Cancer_vs_Healthy","GO_BP",NA,NA,NA,NA
"Cancer_vs_Healthy","GO_BP",NA,NA,NA,NA
"Cancer_vs_Healthy","GO_BP",NA,NA,NA,NA
"Cancer_vs_Healthy","GO_BP",NA,NA,NA,NA
"Cancer_vs_Healthy","GO_BP",NA,NA,NA,NA
"Cancer_vs_Healthy","GO_BP",NA,NA,NA,NA
"Cancer_vs_Healthy","GO_BP",NA,NA,NA,NA
"Cancer_vs_Healthy","GO_BP",NA,NA,NA,NA
"Cancer_vs_Healthy","GO_BP",NA,NA,NA,NA
"Cancer_vs_Healthy","GO_BP",NA,NA,NA,NA
"Cancer_vs_Healthy","GO_BP",NA,NA,NA,NA
"Cancer_vs_Healthy","GO_BP",NA,NA,NA,NA
"Cancer_vs_Healthy","GO_BP",NA,NA,NA,NA
"Cancer_vs_Healthy","GO_BP",NA,NA,NA,NA
"Cancer_vs_Healthy","GO_BP",NA,NA,NA,NA
"Cancer_vs_Healthy","GO_BP",NA,NA,NA,NA
"Cancer_vs_Healthy","GO_BP",NA,NA,NA,NA
"Cancer_vs_Healthy","GO_BP",NA,NA,NA,NA
"Cancer_vs_Healthy","GO_BP",NA,NA,NA,NA
"Cancer_vs_Healthy","GO_CC","respiratory chain complex",-2.61050264302781,9.18333333333333e-09,82
"Cancer_vs_Healthy","GO_CC","oxidoreductase complex",-2.44363759874641,2.223388272181e-07,72
"Cancer_vs_Healthy","GO_CC","mitochondrial protein-containing complex",-2.27083876279283,3.32467936674551e-06,75
"Cancer_vs_Healthy","GO_CC","blood microparticle",2.2071873383675,8.76309688061667e-06,34
"Cancer_vs_Healthy","GO_CC","cortical cytoskeleton",2.14804827642423,4.30990490207649e-06,47
"Cancer_vs_Healthy","GO_CC","eukaryotic translation initiation factor 3 complex",-2.14411601121065,0.00215267737895764,14
"Cancer_vs_Healthy","GO_CC","interstitial matrix",2.13202585854628,4.96023171333493e-05,22
"Cancer_vs_Healthy","GO_CC","secretory granule lumen",2.12646683694371,9.18333333333333e-09,143
"Cancer_vs_Healthy","GO_CC","melanosome",2.07998451760462,8.76309688061667e-06,62
"Cancer_vs_Healthy","GO_CC","alpha-ketoacid dehydrogenase complex",-2.0751498276526,0.00455271975715262,14
"Cancer_vs_Healthy","GO_CC","non-collagenous component of interstitial matrix",2.05210958850037,0.000461373492617269,16
"Cancer_vs_Healthy","GO_CC","solid phase of interstitial matrix",2.04882274943041,0.000264502439862126,19
"Cancer_vs_Healthy","GO_CC","focal adhesion",2.04813456998294,9.18333333333333e-09,210
"Cancer_vs_Healthy","GO_CC","cell cortex",2.02343677110029,1.55380989518603e-06,102
"Cancer_vs_Healthy","GO_CC","eukaryotic 48S preinitiation complex",-2.02305326607018,0.00455271975715262,15
"Cancer_vs_Healthy","GO_CC","adherens junction",1.99373874504103,0.000256398430712758,46
"Cancer_vs_Healthy","GO_CC","lamellipodium",1.98606338838271,0.000289977180106359,52
"Cancer_vs_Healthy","GO_CC","transmembrane transporter complex",-1.94723438094762,0.000125173142775187,117
"Cancer_vs_Healthy","GO_CC","external side of plasma membrane",1.93991679027327,0.000882663745211781,32
"Cancer_vs_Healthy","GO_CC","proton-transporting ATP synthase complex",-1.93796039938245,0.0121062085150804,15
"Cancer_vs_Healthy","GO_CC","vacuolar lumen",1.93142804435219,0.000264502439862126,62
"Cancer_vs_Healthy","GO_CC","cell leading edge",1.9249191891732,3.35702286615047e-05,98
"Cancer_vs_Healthy","GO_CC","primary lysosome",1.88497520064648,0.00126388030700224,61
"Cancer_vs_Healthy","GO_CC","basement membrane",1.87492396092733,0.00775977563511885,23
"Cancer_vs_Healthy","GO_CC","elastic fiber",1.87344116783222,0.00575490835608671,12
"Cancer_vs_Healthy","GO_CC","sarcoplasmic reticulum membrane",-1.86708118939593,0.018757407916965,25
"Cancer_vs_Healthy","GO_CC","protein kinase complex",-1.85910367301581,0.0319421618663503,16
"Cancer_vs_Healthy","GO_CC","cytoplasmic side of plasma membrane",1.85179317737194,0.00455271975715262,43
"Cancer_vs_Healthy","GO_CC","extrinsic component of plasma membrane",1.82621617773893,0.014309245401654,21
"Cancer_vs_Healthy","GO_CC","podosome",1.82287924430203,0.0121062085150804,13
"Cancer_vs_Healthy","GO_CC","cell projection membrane",1.81699974298208,0.00368587061051009,53
"Cancer_vs_Healthy","GO_CC","nuclear matrix",1.81303175150007,0.0139249335317053,23
"Cancer_vs_Healthy","GO_CC","mitochondrial outer membrane",-1.78033952174999,0.00605918668898456,78
"Cancer_vs_Healthy","GO_CC","microtubule plus-end",-1.76392174702421,0.0822819693855285,9
"Cancer_vs_Healthy","GO_CC","organellar ribosome",-1.75594933839521,0.0856131870100702,20
"Cancer_vs_Healthy","GO_CC","mitochondrial ribosome",-1.75594933839521,0.0856131870100702,20
"Cancer_vs_Healthy","GO_CC","gel phase of interstitial matrix",1.75242038602066,0.0184165112237751,6
"Cancer_vs_Healthy","GO_CC","GTPase complex",1.74025807858418,0.0319421618663503,12
"Cancer_vs_Healthy","GO_CC","T-tubule",-1.72890559886585,0.0479899532362422,24
"Cancer_vs_Healthy","GO_CC","high-density lipoprotein particle",1.71675964617235,0.0319421618663503,8
"Cancer_vs_Healthy","GO_CC","clathrin coat",1.71063600193014,0.0601697106455502,16
"Cancer_vs_Healthy","GO_CC","outer membrane",-1.6825738004309,0.0107302800559712,86
"Cancer_vs_Healthy","GO_CC","mitochondrial intermembrane space",-1.67734324645073,0.0635361625352013,43
"Cancer_vs_Healthy","GO_CC","protein-lipid complex",1.67136750049254,0.0332654605738254,11
"Cancer_vs_Healthy","GO_CC","lysosomal membrane",1.67011593875718,0.0059785817761208,97
"Cancer_vs_Healthy","GO_CC","intercellular bridge",1.6625831060522,0.0607546809273423,14
"Cancer_vs_Healthy","GO_CC","trans-Golgi network membrane",1.65051874059086,0.0822819693855285,17
"Cancer_vs_Healthy","GO_CC","caveola",1.64266675928965,0.0435790942217908,26
"Cancer_vs_Healthy","GO_CC","brush border",1.6163973927481,0.0873085294561136,27
"Cancer_vs_Healthy","GO_CC","midbody",1.61293447668045,0.0319421618663503,55
"Cancer_vs_Healthy","GO_CC","sarcoplasmic reticulum",-1.6042403614204,0.0829352419905706,44
"Cancer_vs_Healthy","GO_CC","nucleoid",-1.60384195285743,0.104287433289716,25
"Cancer_vs_Healthy","GO_CC","peroxisomal membrane",-1.60242994544103,0.125509998518242,16
"Cancer_vs_Healthy","GO_CC","collagen trimer",1.6016608049162,0.111394670969422,10
"Cancer_vs_Healthy","GO_CC","clathrin coat of coated pit",1.59524490162011,0.114861107342817,10
"Cancer_vs_Healthy","GO_CC","neuronal cell body",1.58837099999866,0.0319421618663503,73
"Cancer_vs_Healthy","GO_CC","membrane raft",1.58569217558716,0.0419984458354715,69
"Cancer_vs_Healthy","GO_CC","dystrophin-associated glycoprotein complex",-1.56871084582152,0.186104646720135,14
"Cancer_vs_Healthy","GO_CC","glycoprotein complex",-1.56871084582152,0.186104646720135,14
"Cancer_vs_Healthy","GO_CC","leading edge membrane",1.5618336428314,0.114861107342817,34
"Cancer_vs_Healthy","GO_CC","postsynaptic cytoskeleton",1.555215301043,0.0829352419905706,5
"Cancer_vs_Healthy","GO_CC","basal plasma membrane",1.5538123819553,0.0934411877706288,38
"Cancer_vs_Healthy","GO_CC","basal part of cell",1.54739256032089,0.104287433289716,41
"Cancer_vs_Healthy","GO_CC","complex of collagen trimers",1.54070861987475,0.142028982014055,8
"Cancer_vs_Healthy","GO_CC","uropod",1.5343579414896,0.161748069309892,6
"Cancer_vs_Healthy","GO_CC","cell trailing edge",1.5343579414896,0.161748069309892,6
"Cancer_vs_Healthy","GO_CC","coated membrane",1.52967967356073,0.151706178887456,35
"Cancer_vs_Healthy","GO_CC","ciliary membrane",1.52480109860027,0.105608171994741,5
"Cancer_vs_Healthy","GO_CC","presynaptic cytosol",1.52461571184406,0.151816299173885,8
"Cancer_vs_Healthy","GO_CC","Cul5-RING ubiquitin ligase complex",-1.52302504677443,0.157789157632609,5
"Cancer_vs_Healthy","GO_CC","cytochrome complex",-1.51734556103688,0.168322850185575,21
"Cancer_vs_Healthy","GO_CC","apical plasma membrane",1.51207501852999,0.104287433289716,47
"Cancer_vs_Healthy","GO_CC","axon terminus",1.50804406506189,0.15943287037037,8
"Cancer_vs_Healthy","GO_CC","preribosome",-1.50756221215057,0.157010077176094,25
"Cancer_vs_Healthy","GO_CC","cell division site",1.50631580901112,0.156984848947363,20
"Cancer_vs_Healthy","GO_CC","apical dendrite",1.46984568360482,0.170443062476813,5
"Cancer_vs_Healthy","GO_CC","distal axon",1.4621579833033,0.170791266738237,35
"Cancer_vs_Healthy","GO_CC","sarcoplasm",-1.46077571150393,0.104287433289716,49
"Cancer_vs_Healthy","GO_CC","cornified envelope",1.45644506364692,0.210112873703478,10
"Cancer_vs_Healthy","GO_CC","sperm end piece",1.44606785676469,0.161290322580645,5
"Cancer_vs_Healthy","GO_CC","actin filament",1.43932099806899,0.154669078660096,39
"Cancer_vs_Healthy","GO_CC","acetyltransferase complex",-1.43683200469427,0.233320251177394,12
"Cancer_vs_Healthy","GO_CC","presynaptic membrane",1.43620705493558,0.233320251177394,13
"Cancer_vs_Healthy","GO_CC","node of Ranvier",-1.42891482100488,0.241949648711944,4
"Cancer_vs_Healthy","GO_CC","catalytic step 2 spliceosome",1.41602784892723,0.194565498234433,26
"Cancer_vs_Healthy","GO_CC","excitatory synapse",1.40495542100422,0.261987115540597,6
"Cancer_vs_Healthy","GO_CC","clathrin-coated pit",1.39985407226302,0.252115242933034,20
"Cancer_vs_Healthy","GO_CC","neuron projection terminus",1.39569582532648,0.259340409647158,13
"Cancer_vs_Healthy","GO_CC","extrinsic component of membrane",1.38965996139421,0.244209195535922,33
"Cancer_vs_Healthy","GO_CC","organelle membrane contact site",-1.38752338204639,0.260127314814815,19
"Cancer_vs_Healthy","GO_CC","Schaffer collateral - CA1 synapse",1.38514597295494,0.260127314814815,15
"Cancer_vs_Healthy","GO_CC","cleavage furrow",1.38155672691659,0.26355754857997,17
"Cancer_vs_Healthy","GO_CC","postsynaptic density, intracellular component",1.37129879442727,0.233320251177394,3
"Cancer_vs_Healthy","GO_CC","pseudopodium",1.37100864205502,0.307255244755245,12
"Cancer_vs_Healthy","GO_CC","myelin sheath",1.36348198051669,0.315646258503401,11
"Cancer_vs_Healthy","GO_CC","hippocampal mossy fiber to CA3 synapse",1.36124078206156,0.256503642039542,5
"Cancer_vs_Healthy","GO_CC","microvillus",1.3456854811078,0.316156964440073,14
"Cancer_vs_Healthy","GO_CC","nucleosome",1.34080973003772,0.327039819684448,7
"Cancer_vs_Healthy","GO_CC","dendrite cytoplasm",1.33009271645564,0.326986795905247,4
"Cancer_vs_Healthy","GO_CC","site of polarized growth",1.32105315143632,0.275511479644985,28
"Cancer_vs_Healthy","GO_CC","neuronal cell body membrane",1.3170339906755,0.199752628324057,1
"Cancer_vs_Healthy","GO_CC","voltage-gated potassium channel complex",1.31001218919816,0.326986795905247,3
"Cancer_vs_Healthy","GO_CC","synaptic cleft",1.3058250066002,0.326986795905247,3
"Cancer_vs_Healthy","GO_CC","asymmetric, glutamatergic, excitatory synapse",1.28539841559986,0.33874659503632,2
"Cancer_vs_Healthy","GO_CC","solid phase of basement membrane",1.28460293619402,0.351033785203867,8
"Cancer_vs_Healthy","GO_CC","striated muscle thin filament",1.28318130193901,0.364509828629032,16
"Cancer_vs_Healthy","GO_CC","vacuolar proton-transporting V-type ATPase complex",1.27962982904209,0.406575682382134,6
"Cancer_vs_Healthy","GO_CC","endosome lumen",1.27266559048866,0.364509828629032,9
"Cancer_vs_Healthy","GO_CC","transcription elongation factor complex",-1.27212680725726,0.33874659503632,2
"Cancer_vs_Healthy","GO_CC","photoreceptor disc membrane",1.26504580683305,0.328419479679984,1
"Cancer_vs_Healthy","GO_CC","site of double-strand break",1.2639274856422,0.387842996898115,19
"Cancer_vs_Healthy","GO_CC","SMN-Sm protein complex",-1.26233182584002,0.431316844919786,6
"Cancer_vs_Healthy","GO_CC","INTAC complex",-1.26229673131137,0.33874659503632,2
"Cancer_vs_Healthy","GO_CC","astrocyte projection",-1.26017484074583,0.298953475026346,1
"Cancer_vs_Healthy","GO_CC","ATPase complex",1.25384845693325,0.417328524872666,14
"Cancer_vs_Healthy","GO_CC","pronucleus",1.24677972913594,0.406054710529419,2
"Cancer_vs_Healthy","GO_CC","extrinsic component of organelle membrane",-1.246705999737,0.417328524872666,11
"Cancer_vs_Healthy","GO_CC","immunoglobulin complex",1.23485911944065,0.40078125,1
"Cancer_vs_Healthy","GO_CC","protein complex involved in cell adhesion",1.22804973028878,0.463804713804714,4
"Cancer_vs_Healthy","GO_CC","intercalated disc",-1.21740365420245,0.40078125,23
"Cancer_vs_Healthy","GO_CC","CCR4-NOT complex",1.21361663572008,0.417328524872666,1
"Cancer_vs_Healthy","GO_CC","costamere",-1.18487635493376,0.476784101174345,14
"Cancer_vs_Healthy","GO_CC",NA,NA,NA,NA
"Cancer_vs_Healthy","GO_CC",NA,NA,NA,NA
"Cancer_vs_Healthy","GO_CC",NA,NA,NA,NA
"Cancer_vs_Healthy","GO_CC",NA,NA,NA,NA
"Cancer_vs_Healthy","GO_CC",NA,NA,NA,NA
"Cancer_vs_Healthy","GO_CC",NA,NA,NA,NA
"Cancer_vs_Healthy","GO_CC",NA,NA,NA,NA
"Cancer_vs_Healthy","GO_CC",NA,NA,NA,NA
"Cancer_vs_Healthy","GO_CC",NA,NA,NA,NA
"Cancer_vs_Healthy","GO_CC",NA,NA,NA,NA
"Cancer_vs_Healthy","GO_CC",NA,NA,NA,NA
"Cancer_vs_Healthy","GO_CC",NA,NA,NA,NA
"Cancer_vs_Healthy","GO_CC",NA,NA,NA,NA
"Cancer_vs_Healthy","GO_CC",NA,NA,NA,NA
"Cancer_vs_Healthy","GO_CC",NA,NA,NA,NA
"Cancer_vs_Healthy","GO_CC",NA,NA,NA,NA
"Cancer_vs_Healthy","GO_CC",NA,NA,NA,NA
"Cancer_vs_Healthy","GO_CC",NA,NA,NA,NA
"Cancer_vs_Healthy","GO_CC",NA,NA,NA,NA
"Cancer_vs_Healthy","GO_CC",NA,NA,NA,NA
"Cancer_vs_Healthy","GO_CC",NA,NA,NA,NA
"Cancer_vs_Healthy","GO_CC",NA,NA,NA,NA
"Cancer_vs_Healthy","GO_CC",NA,NA,NA,NA
"Cancer_vs_Healthy","GO_CC",NA,NA,NA,NA
"Cancer_vs_Healthy","GO_CC",NA,NA,NA,NA
"Cancer_vs_Healthy","GO_CC",NA,NA,NA,NA
"Cancer_vs_Healthy","GO_CC",NA,NA,NA,NA
"Cancer_vs_Healthy","GO_CC",NA,NA,NA,NA
"Cancer_vs_Healthy","GO_CC",NA,NA,NA,NA
"Cancer_vs_Healthy","GO_CC",NA,NA,NA,NA
"Cancer_vs_Healthy","GO_CC",NA,NA,NA,NA
"Cancer_vs_Healthy","GO_CC",NA,NA,NA,NA
"Cancer_vs_Healthy","GO_CC",NA,NA,NA,NA
"Cancer_vs_Healthy","GO_CC",NA,NA,NA,NA
"Cancer_vs_Healthy","GO_CC",NA,NA,NA,NA
"Cancer_vs_Healthy","GO_CC",NA,NA,NA,NA
"Cancer_vs_Healthy","GO_CC",NA,NA,NA,NA
"Cancer_vs_Healthy","GO_CC",NA,NA,NA,NA
"Cancer_vs_Healthy","GO_CC",NA,NA,NA,NA
"Cancer_vs_Healthy","GO_CC",NA,NA,NA,NA
"Cancer_vs_Healthy","GO_CC",NA,NA,NA,NA
"Cancer_vs_Healthy","GO_CC",NA,NA,NA,NA
"Cancer_vs_Healthy","GO_CC",NA,NA,NA,NA
"Cancer_vs_Healthy","GO_CC",NA,NA,NA,NA
"Cancer_vs_Healthy","GO_CC",NA,NA,NA,NA
"Cancer_vs_Healthy","GO_CC",NA,NA,NA,NA
"Cancer_vs_Healthy","GO_CC",NA,NA,NA,NA
"Cancer_vs_Healthy","GO_MF","aminoacyl-tRNA ligase activity",-2.36660519415397,0.000104895907984499,29
"Cancer_vs_Healthy","GO_MF","ligase activity, forming carbon-oxygen bonds",-2.36660519415397,0.000104895907984499,29
"Cancer_vs_Healthy","GO_MF","proton transmembrane transporter activity",-2.35370355294539,4.61952267832716e-06,80
"Cancer_vs_Healthy","GO_MF","catalytic activity, acting on a tRNA",-2.30659852958085,0.000104895907984499,37
"Cancer_vs_Healthy","GO_MF","NADH dehydrogenase (ubiquinone) activity",-2.1884203827868,0.00182237591881084,35
"Cancer_vs_Healthy","GO_MF","integrin binding",2.18265796336849,6.16504255797022e-05,37
"Cancer_vs_Healthy","GO_MF","extracellular matrix structural constituent",2.14589595963672,0.000104895907984499,39
"Cancer_vs_Healthy","GO_MF","active transmembrane transporter activity",-2.07594889574812,0.000104895907984499,87
"Cancer_vs_Healthy","GO_MF","lipid transporter activity",2.06337171284382,0.000525706900614909,26
"Cancer_vs_Healthy","GO_MF","calcium channel activity",-1.99834482950897,0.00386758537089022,10
"Cancer_vs_Healthy","GO_MF","structural constituent of cytoskeleton",1.98732320109639,0.000770236036388125,47
"Cancer_vs_Healthy","GO_MF","collagen binding",1.96298162483691,0.00217960890536212,23
"Cancer_vs_Healthy","GO_MF","heparin binding",1.95407482731015,0.00251622079188879,23
"Cancer_vs_Healthy","GO_MF","antioxidant activity",1.94655708918806,0.00353653865291956,37
"Cancer_vs_Healthy","GO_MF","transporter activator activity",-1.93822943423115,0.00414604796276417,7
"Cancer_vs_Healthy","GO_MF","cadherin binding",1.93818730311884,7.1221607057898e-06,159
"Cancer_vs_Healthy","GO_MF","electron transfer activity",-1.92097250421333,0.00182237591881084,73
"Cancer_vs_Healthy","GO_MF","peptidase inhibitor activity",1.91113852684148,0.00402503062035013,24
"Cancer_vs_Healthy","GO_MF","protein sequestering activity",1.85794360996805,0.0156680775873314,17
"Cancer_vs_Healthy","GO_MF","actin binding",1.85515593015671,0.000104895907984499,162
"Cancer_vs_Healthy","GO_MF","channel activator activity",-1.853840843628,0.0138814649196589,6
"Cancer_vs_Healthy","GO_MF","extracellular matrix binding",1.85051362113636,0.0156680775873314,14
"Cancer_vs_Healthy","GO_MF","translation factor activity",-1.83165825078408,0.00937955592193475,52
"Cancer_vs_Healthy","GO_MF","protein heterodimerization activity",1.8276229032936,0.00784088340065808,50
"Cancer_vs_Healthy","GO_MF","nucleobase-containing compound kinase activity",1.81625935822671,0.0244458996670409,10
"Cancer_vs_Healthy","GO_MF","proteoglycan binding",1.78933567921699,0.0334572108185061,10
"Cancer_vs_Healthy","GO_MF","alcohol binding",1.77896921036894,0.0282776913505944,15
"Cancer_vs_Healthy","GO_MF","G protein activity",1.77817152434054,0.0141286633367721,43
"Cancer_vs_Healthy","GO_MF","O-acyltransferase activity",-1.7701434475184,0.0707450766354134,9
"Cancer_vs_Healthy","GO_MF","phosphatidylserine binding",1.76617866375971,0.0281068034728356,18
"Cancer_vs_Healthy","GO_MF","low-density lipoprotein particle receptor binding",1.75722759647745,0.0453143260381995,11
"Cancer_vs_Healthy","GO_MF","copper ion binding",1.75690539927799,0.031065641539943,18
"Cancer_vs_Healthy","GO_MF","deacylase activity",-1.74917656765069,0.0890102832893205,23
"Cancer_vs_Healthy","GO_MF","sulfur compound binding",1.74642335781387,0.0156680775873314,53
"Cancer_vs_Healthy","GO_MF","calcium-dependent protein binding",1.74559614472407,0.0401584376105606,29
"Cancer_vs_Healthy","GO_MF","phosphotransferase activity, phosphate group as acceptor",1.743009677249,0.0547042633219925,10
"Cancer_vs_Healthy","GO_MF","ubiquitin protein ligase activity",-1.74258732159064,0.105493243401092,27
"Cancer_vs_Healthy","GO_MF","microtubule plus-end binding",-1.7389253246637,0.0872326613525768,9
"Cancer_vs_Healthy","GO_MF","translation initiation factor activity",-1.72419621802997,0.0707450766354134,36
"Cancer_vs_Healthy","GO_MF","mitogen-activated protein kinase binding",-1.71904064214777,0.0401584376105606,5
"Cancer_vs_Healthy","GO_MF","fatty acyl-CoA hydrolase activity",-1.71224339528066,0.0707450766354134,7
"Cancer_vs_Healthy","GO_MF","monocarboxylic acid binding",1.70746797480007,0.0547042633219925,21
"Cancer_vs_Healthy","GO_MF","cell adhesion mediator activity",1.70060602117883,0.0469010581227887,20
"Cancer_vs_Healthy","GO_MF","oxidoreductase activity, acting on the CH-CH group of donors, NAD or NADP as acceptor",1.68326327488096,0.0648998379067807,14
"Cancer_vs_Healthy","GO_MF","translation initiation factor binding",-1.68295713256895,0.153445513529595,12
"Cancer_vs_Healthy","GO_MF","lipid transmembrane transporter activity",1.65008199801951,0.077695085421957,7
"Cancer_vs_Healthy","GO_MF","organic acid binding",1.64840919055583,0.075099810151491,33
"Cancer_vs_Healthy","GO_MF","GTPase activity",1.6394033059381,0.0156680775873314,95
"Cancer_vs_Healthy","GO_MF","growth factor activity",1.62983701275773,0.105493243401092,12
"Cancer_vs_Healthy","GO_MF","hydrolase activity, hydrolyzing N-glycosyl compounds",-1.62714712589182,0.138237173796744,7
"Cancer_vs_Healthy","GO_MF","protease binding",1.60925925486447,0.105493243401092,37
"Cancer_vs_Healthy","GO_MF","protein serine kinase activity",-1.60080886233635,0.077695085421957,47
"Cancer_vs_Healthy","GO_MF","methyltransferase activity",-1.59867746056252,0.180206264297642,26
"Cancer_vs_Healthy","GO_MF","pentosyltransferase activity",1.58489189055595,0.209069530021405,10
"Cancer_vs_Healthy","GO_MF","antigen binding",1.57961985875758,0.211070168770305,10
"Cancer_vs_Healthy","GO_MF","guanyl ribonucleotide binding",1.57933697864858,0.0401584376105606,117
"Cancer_vs_Healthy","GO_MF","tRNA binding",-1.56724506739631,0.228624766731382,27
"Cancer_vs_Healthy","GO_MF","cholesterol binding",1.56582977999408,0.203142764191983,12
"Cancer_vs_Healthy","GO_MF","GTPase activator activity",1.56448557630817,0.15087385861332,26
"Cancer_vs_Healthy","GO_MF","modified amino acid binding",1.55994186319011,0.153445513529595,29
"Cancer_vs_Healthy","GO_MF","GTP binding",1.55899360617804,0.031065641539943,113
"Cancer_vs_Healthy","GO_MF","organophosphate ester transmembrane transporter activity",-1.55046529477119,0.228624766731382,7
"Cancer_vs_Healthy","GO_MF","fatty acid transmembrane transporter activity",1.54891346209729,0.172328328408758,6
"Cancer_vs_Healthy","GO_MF","adenylyltransferase activity",-1.53675536044358,0.228624766731382,6
"Cancer_vs_Healthy","GO_MF","vitamin transmembrane transporter activity",1.53623177982018,0.0453143260381995,3
"Cancer_vs_Healthy","GO_MF","laminin binding",1.5360208887749,0.215465366548927,9
"Cancer_vs_Healthy","GO_MF","clathrin-cargo adaptor activity",1.53276314746452,0.196389232968423,6
"Cancer_vs_Healthy","GO_MF","insulin-like growth factor receptor binding",1.52467044073645,0.159271159173765,5
"Cancer_vs_Healthy","GO_MF","ubiquitin-like ligase-substrate adaptor activity",1.52144390682364,0.229829526023217,8
"Cancer_vs_Healthy","GO_MF","G-protein beta/gamma-subunit complex binding",1.52139277120803,0.267576906464462,7
"Cancer_vs_Healthy","GO_MF","cargo adaptor activity",1.51208891949567,0.235216009386004,8
"Cancer_vs_Healthy","GO_MF","transforming growth factor beta receptor binding",1.50760767933889,0.200368796529449,5
"Cancer_vs_Healthy","GO_MF","protein disulfide isomerase activity",1.50497909075364,0.257899632047204,8
"Cancer_vs_Healthy","GO_MF","dopamine receptor binding",1.50308382808666,0.268313667649951,7
"Cancer_vs_Healthy","GO_MF","peroxidase activity",1.50304162714306,0.229181999851643,23
"Cancer_vs_Healthy","GO_MF","virus receptor activity",1.49612188808051,0.268313667649951,13
"Cancer_vs_Healthy","GO_MF","signaling receptor complex adaptor activity",1.49370705652354,0.274448017148982,7
"Cancer_vs_Healthy","GO_MF","ankyrin binding",1.49190039981731,0.222374973734453,5
"Cancer_vs_Healthy","GO_MF","transcription regulator inhibitor activity",1.48905453305667,0.228624766731382,5
"Cancer_vs_Healthy","GO_MF","carbohydrate kinase activity",-1.48891962753834,0.342065219484947,9
"Cancer_vs_Healthy","GO_MF","MHC protein binding",1.47777372508365,0.293189125986554,7
"Cancer_vs_Healthy","GO_MF","tumor necrosis factor receptor superfamily binding",-1.47524216799996,0.317936874518861,5
"Cancer_vs_Healthy","GO_MF","acid-thiol ligase activity",-1.46781572954702,0.344564240790656,10
"Cancer_vs_Healthy","GO_MF","insulin receptor binding",1.46032666714188,0.319414558139608,4
"Cancer_vs_Healthy","GO_MF","kinesin binding",1.45709425620811,0.270211977204116,5
"Cancer_vs_Healthy","GO_MF","small GTPase binding",1.45545162910686,0.268313667649951,41
"Cancer_vs_Healthy","GO_MF","Hsp90 protein binding",-1.45475038060457,0.300142451410444,14
"Cancer_vs_Healthy","GO_MF","RNA exonuclease activity",-1.45373887166829,0.343365480545394,4
"Cancer_vs_Healthy","GO_MF","phosphoprotein binding",1.45124611031945,0.319414558139608,17
"Cancer_vs_Healthy","GO_MF","cyclic nucleotide binding",-1.45087959262481,0.291352201467922,3
"Cancer_vs_Healthy","GO_MF","hormone receptor binding",1.44774789221963,0.268313667649951,4
"Cancer_vs_Healthy","GO_MF","methyl-CpG binding",-1.44742323662907,0.347797609300802,4
"Cancer_vs_Healthy","GO_MF","telomeric DNA binding",1.44386815590049,0.315229026463005,10
"Cancer_vs_Healthy","GO_MF","P-type ion transporter activity",-1.44269162707342,0.374082313681869,9
"Cancer_vs_Healthy","GO_MF","P-type transmembrane transporter activity",-1.44269162707342,0.374082313681869,9
"Cancer_vs_Healthy","GO_MF","double-stranded RNA binding",1.43849995501147,0.307787852440691,24
"Cancer_vs_Healthy","GO_MF","manganese ion binding",-1.43340735830346,0.365733583489681,16
"Cancer_vs_Healthy","GO_MF","disulfide oxidoreductase activity",1.43285765942676,0.295575797007157,25
"Cancer_vs_Healthy","GO_MF","cAMP binding",-1.43273000522216,0.113978577399295,2
"Cancer_vs_Healthy","GO_MF","oxidoreductase activity, acting on NAD(P)H, quinone or similar compound as acceptor",1.42970882785993,0.323371149649324,14
"Cancer_vs_Healthy","GO_MF","myosin binding",1.4276004230344,0.295575797007157,23
"Cancer_vs_Healthy","GO_MF","structural constituent of synapse",1.42671191567714,0.309775814651221,5
"Cancer_vs_Healthy","GO_MF","phosphatidylinositol binding",1.42307715655877,0.297836538461538,47
"Cancer_vs_Healthy","GO_MF","CCR chemokine receptor binding",-1.41745543600007,0.324953616808772,3
"Cancer_vs_Healthy","GO_MF","histone binding",1.41001373206163,0.319414558139608,18
"Cancer_vs_Healthy","GO_MF","transaminase activity",-1.40948029329558,0.404829798609873,9
"Cancer_vs_Healthy","GO_MF","enzyme-substrate adaptor activity",1.40829782713649,0.344564240790656,11
"Cancer_vs_Healthy","GO_MF","calcium-dependent phospholipid binding",1.40471021068432,0.365733583489681,13
"Cancer_vs_Healthy","GO_MF","oxidoreductase activity, acting on metal ions",1.40279964584023,0.336176116917954,5
"Cancer_vs_Healthy","GO_MF","fibronectin binding",1.39845897606813,0.374082313681869,6
"Cancer_vs_Healthy","GO_MF","DNA-binding transcription activator activity, RNA polymerase II-specific",-1.39829658961599,0.384606672287731,5
"Cancer_vs_Healthy","GO_MF","solute:proton symporter activity",-1.39689900081608,0.303931875525652,3
"Cancer_vs_Healthy","GO_MF","scavenger receptor activity",1.39605525584984,0.319414558139608,4
"Cancer_vs_Healthy","GO_MF","neurotransmitter receptor activity",1.38789547466949,0.206037978446383,2
"Cancer_vs_Healthy","GO_MF","protein phosphatase 1 binding",-1.3831937527695,0.404829798609873,5
"Cancer_vs_Healthy","GO_MF","peptide binding",1.38315952859152,0.295575797007157,49
"Cancer_vs_Healthy","GO_MF","oxidoreductase activity, acting on single donors with incorporation of molecular oxygen, incorporation of two atoms of oxygen",-1.38216023092039,0.319414558139608,3
"Cancer_vs_Healthy","GO_MF","cytokine binding",1.381974929096,0.365733583489681,12
"Cancer_vs_Healthy","GO_MF","cysteine-type endopeptidase activity",1.3810168767302,0.379637361712595,21
"Cancer_vs_Healthy","GO_MF","solute:inorganic anion antiporter activity",-1.37836857668062,0.229829526023217,2
"Cancer_vs_Healthy","GO_MF","phospholipase binding",1.37683090321601,0.342065219484947,3
"Cancer_vs_Healthy","GO_MF","protein kinase A binding",-1.37359384960415,0.380528255528256,12
"Cancer_vs_Healthy","GO_MF","scaffold protein binding",1.37141541176065,0.365733583489681,18
"Cancer_vs_Healthy","GO_MF","metal cation:monoatomic cation antiporter activity",-1.36362654188899,0.415668442950728,5
"Cancer_vs_Healthy","GO_MF","protein serine/threonine kinase inhibitor activity",-1.36298862786205,0.374082313681869,14
"Cancer_vs_Healthy","GO_MF","alcohol dehydrogenase [NAD(P)+] activity",1.36273294735666,0.398945991220669,21
"Cancer_vs_Healthy","GO_MF","spectrin binding",1.35783818402291,0.388506683140514,9
"Cancer_vs_Healthy","GO_MF","immunoglobulin receptor binding",1.35273403703081,0.326275194644546,2
"Cancer_vs_Healthy","GO_MF","Arp2/3 complex binding",1.35205800919848,0.406467486818981,5
"Cancer_vs_Healthy","GO_MF","cysteine-type endopeptidase regulator activity involved in apoptotic process",-1.34705686042348,0.404829798609873,7
"Cancer_vs_Healthy","GO_MF","3'-5'-DNA exonuclease activity",1.34488665022664,0.384606672287731,3
"Cancer_vs_Healthy","GO_MF","metal cation:proton antiporter activity",-1.340594954376,0.374082313681869,3
"Cancer_vs_Healthy","GO_MF","AP-3 adaptor complex binding",1.33604354653406,0.404829798609873,4
"Cancer_vs_Healthy","GO_MF","protein transmembrane transporter activity",1.33232486710404,0.460902821316614,6
"Cancer_vs_Healthy","GO_MF","cyclase regulator activity",1.33227161685178,0.404829798609873,3
"Cancer_vs_Healthy","GO_MF","K63-linked polyubiquitin modification-dependent protein binding",-1.32709971099608,0.386378519973805,3
"Cancer_vs_Healthy","GO_MF","quaternary ammonium group binding",1.32678979252325,0.409432091771704,17
"Cancer_vs_Healthy","GO_MF","snoRNA binding",-1.32522394591758,0.475741970456701,5
"Cancer_vs_Healthy","GO_MF","transcription corepressor binding",-1.32353824730659,0.479070692340834,6
"Cancer_vs_Healthy","GO_MF","immunoglobulin binding",1.32005938107527,0.41468144806338,4
"Cancer_vs_Healthy","GO_MF","retinol binding",1.31877503606006,0.135018751645663,1
"Cancer_vs_Healthy","GO_MF","dynein complex binding",1.31858693074995,0.386378519973805,2
"Cancer_vs_Healthy","GO_MF","proline-rich region binding",1.31852416936223,0.41468144806338,3
"Cancer_vs_Healthy","GO_MF","deaminase activity",-1.31708925410907,0.484221477285863,6
"Cancer_vs_Healthy","GO_MF","2 iron, 2 sulfur cluster binding",-1.31370638189631,0.417980189491817,14
"Cancer_vs_Healthy","GO_MF","tau protein binding",1.31294994750538,0.41468144806338,22
"Cancer_vs_Healthy","GO_MF","histone modifying activity",-1.31005546060821,0.404829798609873,27
"Cancer_vs_Healthy","GO_MF","CARD domain binding",-1.30912422873939,0.0707450766354134,1
"Cancer_vs_Healthy","GO_MF","apolipoprotein binding",-1.30878730478932,0.379637361712595,2
"Cancer_vs_Healthy","GO_MF","histone H4 methyltransferase activity",-1.30656466920625,0.406467486818981,3
"Cancer_vs_Healthy","GO_MF","D-glucose transmembrane transporter activity",1.3037441217015,0.404829798609873,2
"Cancer_vs_Healthy","GO_MF","alkali metal ion binding",-1.30365459545663,0.493652075593604,9
"Cancer_vs_Healthy","GO_MF","C-type glycerophospholipase activity",1.30364843534264,0.45979183927092,4
"Cancer_vs_Healthy","GO_MF","long-chain fatty acid-CoA ligase activity",-1.3032391034,0.493652075593604,5
"Cancer_vs_Healthy","GO_MF","molecular carrier activity",1.30322048508081,0.374082313681869,44
"Cancer_vs_Healthy","GO_MF","retinoid binding",1.30049984366258,0.45979183927092,4
"Cancer_vs_Healthy","GO_MF","epidermal growth factor receptor binding",1.29843814708195,0.493652075593604,6
"Cancer_vs_Healthy","GO_MF","carbonate dehydratase activity",1.29673071313362,0.467270082430904,3
"Cancer_vs_Healthy","GO_MF","alcohol dehydrogenase (NADP+) activity",1.29136551495555,0.473691756272401,15
"Cancer_vs_Healthy","GO_MF","wide pore channel activity",-1.29073200955997,0.532903225806452,4
"Cancer_vs_Healthy","GO_MF","proton-transporting ATPase activity, rotational mechanism",1.28728617673672,0.493652075593604,7
"Cancer_vs_Healthy","GO_MF","pre-mRNA binding",1.28562868981866,0.493652075593604,9
"Cancer_vs_Healthy","GO_MF","ribosomal small subunit binding",1.28155059340825,0.493652075593604,9
"Cancer_vs_Healthy","GO_MF","phosphoric diester hydrolase activity",1.28047823599027,0.496574410163339,6
"Cancer_vs_Healthy","GO_MF","modification-dependent protein binding",-1.28024236525612,0.460902821316614,20
"Cancer_vs_Healthy","GO_MF","coreceptor activity",1.27989400288281,0.489830880737975,3
"Cancer_vs_Healthy","GO_MF","phosphatidylinositol-3,5-bisphosphate phosphatase activity",-1.27642337373341,0.319414558139608,1
"Cancer_vs_Healthy","GO_MF","CoA-ligase activity",-1.27462965923963,0.503142224665349,7
"Cancer_vs_Healthy","GO_MF","fatty acid-CoA ligase activity",-1.27462965923963,0.503142224665349,7
"Cancer_vs_Healthy","GO_MF","oxygen binding",1.27351365280403,0.493652075593604,4
"Cancer_vs_Healthy","GO_MF","omega peptidase activity",1.26945984581576,0.502110382162683,4
"Cancer_vs_Healthy","GO_MF","flavin adenine dinucleotide binding",-1.26813855620939,0.404829798609873,30
"Cancer_vs_Healthy","GO_MF","peptidyl-prolyl cis-trans isomerase activity",1.267572596804,0.495649564956496,17
"Cancer_vs_Healthy","GO_MF","low-density lipoprotein particle binding",1.26607067524812,0.493652075593604,3
"Cancer_vs_Healthy","GO_MF","oxidoreductase activity, acting on the CH-NH group of donors, NAD or NADP as acceptor",1.26588980791415,0.502110382162683,4
"Cancer_vs_Healthy","GO_MF","phosphatidylinositol 3-kinase binding",1.26474495515125,0.374082313681869,1
"Cancer_vs_Healthy","GO_MF","oxidoreductase activity, acting on NAD(P)H, oxygen as acceptor",-1.26279801748092,0.374082313681869,1
"Cancer_vs_Healthy","GO_MF","pattern recognition receptor activity",1.26143340571855,0.478295936304415,2
"Cancer_vs_Healthy","GO_MF","lipid kinase activity",-1.25896170498333,0.503142224665349,3
"Cancer_vs_Healthy","GO_MF","RNA polymerase binding",1.24669211011027,0.502110382162683,11
"Cancer_vs_Healthy","GO_MF","rRNA binding",-1.24300658119734,0.458483359017244,25
"Cancer_vs_Healthy","GO_MF","nuclear retinoic acid receptor binding",1.24269186090275,0.404829798609873,1
"Cancer_vs_Healthy","GO_MF","metallopeptidase activity",-1.24004982262083,0.398177520681719,32
"Cancer_vs_Healthy","GO_MF","G-protein beta-subunit binding",1.23942475627469,0.54151022110972,3
"Cancer_vs_Healthy","GO_MF","intramolecular transferase activity",1.23731199886522,0.503142224665349,11
"Cancer_vs_Healthy","GO_MF","sulfur compound transmembrane transporter activity",-1.23711202077202,0.555244224664062,5
"Cancer_vs_Healthy","GO_MF","metalloaminopeptidase activity",-1.23591254724899,0.560662983425414,10
"Cancer_vs_Healthy","GO_MF","structural constituent of ribosome",-1.23406259230676,0.365733583489681,87
"Cancer_vs_Healthy","GO_MF","protein transporter activity",1.23232599819338,0.547693473524676,10
"Cancer_vs_Healthy","GO_MF","S-adenosyl-L-methionine binding",-1.23118719097514,0.458315993896518,1
"Cancer_vs_Healthy","GO_MF","carboxy-lyase activity",1.22969987992335,0.542037430768827,12
"Cancer_vs_Healthy","GO_MF","carbohydrate binding",1.22917833884161,0.473691756272401,43
"Cancer_vs_Healthy","GO_MF","ferrous iron binding",1.22777310477341,0.54151022110972,5
"Cancer_vs_Healthy","GO_MF","acidic amino acid transmembrane transporter activity",-1.22756723267138,0.557251435927906,3
"Cancer_vs_Healthy","GO_MF","histone reader activity",1.22615120952813,0.560662983425414,6
"Cancer_vs_Healthy","GO_MF","threonine-type peptidase activity",1.22358666587207,0.560861070467946,4
"Cancer_vs_Healthy","GO_MF","GABA receptor binding",-1.22077997282312,0.560662983425414,3
"Cancer_vs_Healthy","GO_MF","ionotropic glutamate receptor binding",1.21964531719074,0.549165330955682,5
"Cancer_vs_Healthy","GO_MF","PDZ domain binding",1.21903874347074,0.5469599506104,8
"Cancer_vs_Healthy","GO_MF","RNA polymerase II CTD heptapeptide repeat modifying activity",-1.218874465138,0.560662983425414,3
"Cancer_vs_Healthy","GO_MF","phosphatidylinositol kinase activity",-1.21886331411295,0.516729540672215,2
"Cancer_vs_Healthy","GO_MF","regulatory RNA binding",1.218816640325,0.550911516229435,12
"Cancer_vs_Healthy","GO_MF","DNA-binding transcription factor binding",1.21030157937714,0.489830880737975,62
"Cancer_vs_Healthy","GO_MF","monooxygenase activity",1.20705866459361,0.560861070467946,7
"Cancer_vs_Healthy","GO_MF","tropomyosin binding",1.20210817097928,0.560662983425414,10
"Cancer_vs_Healthy","GO_MF","sulfotransferase activity",1.20189363654304,0.503142224665349,1
"Cancer_vs_Healthy","GO_MF","magnesium ion binding",1.19936637739261,0.493652075593604,74
"Cancer_vs_Healthy","GO_MF","vitamin binding",1.19708124794639,0.542544644166202,29
"Cancer_vs_Healthy","GO_MF","E-box binding",-1.19576126471866,0.54151022110972,1
"Cancer_vs_Healthy","GO_MF","MHC class II protein complex binding",1.19142711557162,0.560662983425414,12
"Cancer_vs_Healthy","GO_MF","plus-end-directed microtubule motor activity",-1.17668576596517,0.557251435927906,1
"Cancer_vs_Healthy","GO_MF","low-density lipoprotein particle receptor activity",1.17432726873242,0.550911516229435,1
"Cancer_vs_Healthy","GO_MF","chemokine activity",1.1737759413762,0.550911516229435,1
"Cancer_vs_Healthy","GO_MF","nuclear receptor activity",-1.16888298304718,0.560861070467946,2
"Cancer_vs_Healthy","GO_MF","histone H4 reader activity",1.16881399517029,0.560207430130583,1
"Cancer_vs_Healthy","GO_MF",NA,NA,NA,NA
"Cancer_vs_Healthy","GO_MF",NA,NA,NA,NA
"Cancer_vs_Healthy","GO_MF",NA,NA,NA,NA
"Cancer_vs_Healthy","GO_MF",NA,NA,NA,NA
"Cancer_vs_Healthy","GO_MF",NA,NA,NA,NA
"Cancer_vs_Healthy","GO_MF",NA,NA,NA,NA
"Cancer_vs_Healthy","GO_MF",NA,NA,NA,NA
"Cancer_vs_Healthy","GO_MF",NA,NA,NA,NA
"Cancer_vs_Healthy","GO_MF",NA,NA,NA,NA
"Cancer_vs_Healthy","GO_MF",NA,NA,NA,NA
"Cancer_vs_Healthy","GO_MF",NA,NA,NA,NA
"Cancer_vs_Healthy","GO_MF",NA,NA,NA,NA
"Cancer_vs_Healthy","GO_MF",NA,NA,NA,NA
"Cancer_vs_Healthy","GO_MF",NA,NA,NA,NA
"Cancer_vs_Healthy","GO_MF",NA,NA,NA,NA
"Cancer_vs_Healthy","GO_MF",NA,NA,NA,NA
"Cancer_vs_Healthy","GO_MF",NA,NA,NA,NA
"Cancer_vs_Healthy","GO_MF",NA,NA,NA,NA
"Cancer_vs_Healthy","GO_MF",NA,NA,NA,NA
"Cancer_vs_Healthy","GO_MF",NA,NA,NA,NA
"Cancer_vs_Healthy","GO_MF",NA,NA,NA,NA
"Cancer_vs_Healthy","GO_MF",NA,NA,NA,NA
"Cancer_vs_Healthy","GO_MF",NA,NA,NA,NA
"Cancer_vs_Healthy","GO_MF",NA,NA,NA,NA
"Cancer_vs_Healthy","GO_MF",NA,NA,NA,NA
"Cancer_vs_Healthy","GO_MF",NA,NA,NA,NA
"Cancer_vs_Healthy","GO_MF",NA,NA,NA,NA
"Cancer_vs_Healthy","GO_MF",NA,NA,NA,NA
"Cancer_vs_Healthy","GO_MF",NA,NA,NA,NA
"Cancer_vs_Healthy","GO_MF",NA,NA,NA,NA
"Cancer_vs_Healthy","GO_MF",NA,NA,NA,NA
"Cancer_vs_Healthy","GO_MF",NA,NA,NA,NA
"Cancer_vs_Healthy","GO_MF",NA,NA,NA,NA
"Cancer_vs_Healthy","GO_MF",NA,NA,NA,NA
"Cancer_vs_Healthy","GO_MF",NA,NA,NA,NA
"Cancer_vs_Healthy","GO_MF",NA,NA,NA,NA
"Cancer_vs_Healthy","GO_MF",NA,NA,NA,NA
"Cancer_vs_Healthy","GO_MF",NA,NA,NA,NA
"Cancer_vs_Healthy","GO_MF",NA,NA,NA,NA
"Cancer_vs_Healthy","GO_MF",NA,NA,NA,NA
"Cancer_vs_Healthy","GO_MF",NA,NA,NA,NA
"Cancer_vs_Healthy","GO_MF",NA,NA,NA,NA
"Cancer_vs_Healthy","GO_MF",NA,NA,NA,NA
"Cancer_vs_Healthy","GO_MF",NA,NA,NA,NA
"Cancer_vs_Healthy","GO_MF",NA,NA,NA,NA
"Cancer_vs_Healthy","GO_MF",NA,NA,NA,NA
"Cancer_vs_Healthy","GO_MF",NA,NA,NA,NA
"Cancer_vs_Healthy","GO_MF",NA,NA,NA,NA
"Cancer_vs_Healthy","GO_MF",NA,NA,NA,NA
"Cancer_vs_Healthy","GO_MF",NA,NA,NA,NA
"Cancer_vs_Healthy","GO_MF",NA,NA,NA,NA
"Cancer_vs_Healthy","GO_MF",NA,NA,NA,NA
"Cancer_vs_Healthy","GO_MF",NA,NA,NA,NA
"Cancer_vs_Healthy","GO_MF",NA,NA,NA,NA
"Cancer_vs_Healthy","GO_MF",NA,NA,NA,NA
"Cancer_vs_Healthy","GO_MF",NA,NA,NA,NA
"Cancer_vs_Healthy","GO_MF",NA,NA,NA,NA
"Cancer_vs_Healthy","GO_MF",NA,NA,NA,NA
"Cancer_vs_Healthy","GO_MF",NA,NA,NA,NA
"Cancer_vs_Healthy","GO_MF",NA,NA,NA,NA
"Cancer_vs_Healthy","GO_MF",NA,NA,NA,NA
"Cancer_vs_Healthy","GO_MF",NA,NA,NA,NA
"Cancer_vs_Healthy","GO_MF",NA,NA,NA,NA
"Cancer_vs_Healthy","GO_MF",NA,NA,NA,NA
"Cancer_vs_Healthy","GO_MF",NA,NA,NA,NA
"Cancer_vs_Healthy","GO_MF",NA,NA,NA,NA
"Cancer_vs_Healthy","GO_MF",NA,NA,NA,NA
"Cancer_vs_Healthy","GO_MF",NA,NA,NA,NA
"Cancer_vs_Healthy","GO_MF",NA,NA,NA,NA
"Cancer_vs_Healthy","GO_MF",NA,NA,NA,NA
"Cancer_vs_Healthy","GO_MF",NA,NA,NA,NA
"Cancer_vs_Healthy","GO_MF",NA,NA,NA,NA
"Cancer_vs_Healthy","GO_MF",NA,NA,NA,NA
"Cancer_vs_Healthy","GO_MF",NA,NA,NA,NA
"Cancer_vs_Healthy","GO_MF",NA,NA,NA,NA
"Cancer_vs_Healthy","GO_MF",NA,NA,NA,NA
"Cancer_vs_Healthy","GO_MF",NA,NA,NA,NA
"Cancer_vs_Healthy","GO_MF",NA,NA,NA,NA
"Cancer_vs_Healthy","GO_MF",NA,NA,NA,NA
"Cancer_vs_Healthy","GO_MF",NA,NA,NA,NA
"Cancer_vs_Healthy","GO_MF",NA,NA,NA,NA
"Cancer_vs_Healthy","GO_MF",NA,NA,NA,NA
"Cancer_vs_Healthy","GO_MF",NA,NA,NA,NA
"Cancer_vs_Healthy","GO_MF",NA,NA,NA,NA
"Cancer_vs_Healthy","GO_MF",NA,NA,NA,NA
"Cancer_vs_Healthy","GO_MF",NA,NA,NA,NA
"Cancer_vs_Healthy","GO_MF",NA,NA,NA,NA
"Cancer_vs_Healthy","GO_MF",NA,NA,NA,NA
"Cancer_vs_Healthy","GO_MF",NA,NA,NA,NA
"Cancer_vs_Healthy","GO_MF",NA,NA,NA,NA
"Cancer_vs_Healthy","GO_MF",NA,NA,NA,NA
"Cancer_vs_Healthy","GO_MF",NA,NA,NA,NA
"Cancer_vs_Healthy","GO_MF",NA,NA,NA,NA
"Cancer_vs_Healthy","GO_MF",NA,NA,NA,NA
"Cancer_vs_Healthy","GO_MF",NA,NA,NA,NA
"Cancer_vs_Healthy","GO_MF",NA,NA,NA,NA
"Cancer_vs_Healthy","GO_MF",NA,NA,NA,NA
"Cancer_vs_Healthy","GO_MF",NA,NA,NA,NA
"Cancer_vs_Healthy","GO_MF",NA,NA,NA,NA
"Cancer_vs_Healthy","GO_MF",NA,NA,NA,NA
"Cancer_vs_Healthy","GO_MF",NA,NA,NA,NA
"Cancer_vs_Healthy","GO_MF",NA,NA,NA,NA
"Cancer_vs_Healthy","GO_MF",NA,NA,NA,NA
"Cancer_vs_Healthy","GO_MF",NA,NA,NA,NA
"Cancer_vs_Healthy","GO_MF",NA,NA,NA,NA
"Cancer_vs_Healthy","GO_MF",NA,NA,NA,NA
"Cancer_vs_Healthy","GO_MF",NA,NA,NA,NA
"Cancer_vs_Healthy","GO_MF",NA,NA,NA,NA
"Cancer_vs_Healthy","GO_MF",NA,NA,NA,NA
"Cancer_vs_Healthy","GO_MF",NA,NA,NA,NA
"Cancer_vs_Healthy","GO_MF",NA,NA,NA,NA
"Cancer_vs_Healthy","GO_MF",NA,NA,NA,NA
"Cancer_vs_Healthy","GO_MF",NA,NA,NA,NA
"Cancer_vs_Healthy","GO_MF",NA,NA,NA,NA
"Cancer_vs_Healthy","GO_MF",NA,NA,NA,NA
"Cancer_vs_Healthy","GO_MF",NA,NA,NA,NA
"Cancer_vs_Healthy","GO_MF",NA,NA,NA,NA
"Cancer_vs_Healthy","GO_MF",NA,NA,NA,NA
"Cancer_vs_Healthy","GO_MF",NA,NA,NA,NA
"Cancer_vs_Healthy","GO_MF",NA,NA,NA,NA
"Cancer_vs_Healthy","GO_MF",NA,NA,NA,NA
"Cancer_vs_Healthy","GO_MF",NA,NA,NA,NA
"Cancer_vs_Healthy","GO_MF",NA,NA,NA,NA
"Cancer_vs_Healthy","GO_MF",NA,NA,NA,NA
"Cancer_vs_Healthy","GO_MF",NA,NA,NA,NA
"Cancer_vs_Healthy","GO_MF",NA,NA,NA,NA
"Cancer_vs_Healthy","GO_MF",NA,NA,NA,NA
"Cancer_vs_Healthy","GO_MF",NA,NA,NA,NA
"Cancer_vs_Healthy","GO_MF",NA,NA,NA,NA
"Training_CR","GO_BP","mitochondrial ATP synthesis coupled electron transport",2.18138002578815,0.000284835223577745,66
"Training_CR","GO_BP","proton motive force-driven mitochondrial ATP synthesis",2.04497263972424,0.00253883995903416,59
"Training_CR","GO_BP","proton transmembrane transport",2.0235418616895,0.00166968971306206,82
"Training_CR","GO_BP","amino-acid betaine metabolic process",-1.94797456565111,0.0958313396355227,11
"Training_CR","GO_BP","T cell selection",-1.92709076088457,0.180651723161627,16
"Training_CR","GO_BP","adenylate cyclase-activating G protein-coupled receptor signaling pathway",-1.87233800935959,0.180651723161627,17
"Training_CR","GO_BP","negative regulation of TORC1 signaling",-1.8294529072966,0.258252959181951,15
"Training_CR","GO_BP","negative regulation of leukocyte differentiation",-1.82491058876612,0.180651723161627,19
"Training_CR","GO_BP","T-helper 17 type immune response",-1.82211102557805,0.271980468231385,15
"Training_CR","GO_BP","regulation of myoblast fusion",1.8120709759521,0.172730210887141,41
"Training_CR","GO_BP","response to prostaglandin",-1.80985176654296,0.180651723161627,8
"Training_CR","GO_BP","T-helper 17 cell differentiation",-1.76285304264009,0.285048420854669,14
"Training_CR","GO_BP","cellular detoxification",-1.7622636943382,0.161459046929196,60
"Training_CR","GO_BP","negative regulation of chromosome organization",1.75228845769383,0.291284203313091,15
"Training_CR","GO_BP","proteasomal ubiquitin-independent protein catabolic process",-1.74818663511647,0.293067436708182,14
"Training_CR","GO_BP","striated muscle cell differentiation",1.7481760964807,0.0786764602311608,105
"Training_CR","GO_BP","modified amino acid biosynthetic process",-1.74258685357062,0.354180634040374,20
"Training_CR","GO_BP","cilium movement",-1.74230049674719,0.354180634040374,20
"Training_CR","GO_BP","carboxylic acid biosynthetic process",-1.73006946808796,0.162934750751117,82
"Training_CR","GO_BP","cell-cell fusion",1.72849115022535,0.180651723161627,44
"Training_CR","GO_BP","flagellated sperm motility",-1.72600467058113,0.298776596675727,19
"Training_CR","GO_BP","endoplasmic reticulum tubular network organization",-1.71968138531783,0.354180634040374,9
"Training_CR","GO_BP","membrane fusion",-1.71765406517252,0.271173180685723,41
"Training_CR","GO_BP","cellular response to unfolded protein",1.71374987243993,0.354180634040374,23
"Training_CR","GO_BP","terpenoid biosynthetic process",-1.71200984362344,0.354180634040374,9
"Training_CR","GO_BP","response to axon injury",-1.70990367992624,0.453260252045047,11
"Training_CR","GO_BP","regulation of fatty acid biosynthetic process",-1.69469280599488,0.474017834616318,11
"Training_CR","GO_BP","NK T cell activation",1.67951187492018,0.298776596675727,5
"Training_CR","GO_BP","CD8-positive, alpha-beta T cell homeostasis",-1.67607112332486,0.480618588774355,11
"Training_CR","GO_BP","regulation of cytoplasmic translation",1.66672348322419,0.404379379034698,19
"Training_CR","GO_BP","amine catabolic process",-1.66282935160612,0.431307672483201,8
"Training_CR","GO_BP","ATP metabolic process",1.66239433715625,0.180651723161627,117
"Training_CR","GO_BP","ether lipid metabolic process",-1.66186494822091,0.435892389020685,6
"Training_CR","GO_BP","cellular response to fatty acid",-1.66171033380797,0.485927679024573,7
"Training_CR","GO_BP","response to prostaglandin E",-1.65865544293419,0.354180634040374,5
"Training_CR","GO_BP","meiotic cell cycle",-1.65429474490209,0.428955538304534,22
"Training_CR","GO_BP","lamellipodium assembly",1.65272942578528,0.482231227489634,16
"Training_CR","GO_BP","negative regulation of mitotic cell cycle phase transition",1.64653060448292,0.482231227489634,16
"Training_CR","GO_BP","detoxification",-1.64351861428223,0.185131711382827,62
"Training_CR","GO_BP","regulation of endoplasmic reticulum stress-induced intrinsic apoptotic signaling pathway",1.64205550007989,0.489797059331725,7
"Training_CR","GO_BP","glycerolipid catabolic process",-1.64090931811276,0.482231227489634,16
"Training_CR","GO_BP","regulation of tube diameter",-1.64079750700348,0.435892389020685,19
"Training_CR","GO_BP","blood vessel diameter maintenance",-1.64079750700348,0.435892389020685,19
"Training_CR","GO_BP","regulatory ncRNA processing",-1.63738434340773,0.491829711890861,7
"Training_CR","GO_BP","olefinic compound metabolic process",-1.63596866580327,0.354180634040374,32
"Training_CR","GO_BP","membrane depolarization during cardiac muscle cell action potential",-1.63290407447205,0.482231227489634,6
"Training_CR","GO_BP","smooth muscle cell proliferation",1.63080551697817,0.463069985550464,23
"Training_CR","GO_BP","regulation of smooth muscle cell proliferation",1.63080551697817,0.463069985550464,23
"Training_CR","GO_BP","transmission of nerve impulse",-1.62798151887806,0.447498268212659,5
"Training_CR","GO_BP","regulation of mitotic sister chromatid segregation",1.62501200514277,0.535839626583993,10
"Training_CR","GO_BP","axon regeneration",-1.62409430895174,0.535839626583993,7
"Training_CR","GO_BP","phenol-containing compound metabolic process",-1.62381306321772,0.482231227489634,14
"Training_CR","GO_BP","indole-containing compound metabolic process",-1.62236423148361,0.463069985550464,5
"Training_CR","GO_BP","non-proteinogenic amino acid metabolic process",-1.6220751796117,0.485927679024573,15
"Training_CR","GO_BP","leukocyte homeostasis",-1.6208595960096,0.480116623125425,19
"Training_CR","GO_BP","negative regulation of mRNA metabolic process",1.6175027257904,0.354180634040374,35
"Training_CR","GO_BP","renal system process",-1.61640869232787,0.489797059331725,16
"Training_CR","GO_BP","activation of protein kinase activity",-1.61457965275678,0.476424504727431,5
"Training_CR","GO_BP","response to unfolded protein",1.6144481358971,0.291284203313091,45
"Training_CR","GO_BP","lamellipodium organization",1.60958905047824,0.482231227489634,23
"Training_CR","GO_BP","renal water homeostasis",-1.60578052979696,0.489797059331725,6
"Training_CR","GO_BP","response to hydroperoxide",-1.60402677408758,0.489797059331725,6
"Training_CR","GO_BP","actin filament organization",1.60226183220468,0.180651723161627,121
"Training_CR","GO_BP","axon guidance",-1.59873438999522,0.489797059331725,16
"Training_CR","GO_BP","regulation of response to endoplasmic reticulum stress",1.59860714257965,0.453260252045047,28
"Training_CR","GO_BP","membraneless organelle assembly",1.59556695268104,0.293067436708182,113
"Training_CR","GO_BP","RNA capping",1.59503431409011,0.482231227489634,5
"Training_CR","GO_BP","aldehyde metabolic process",-1.59394408858842,0.480618588774355,33
"Training_CR","GO_BP","respiratory gaseous exchange by respiratory system",1.59333338317541,0.6663802636806,7
"Training_CR","GO_BP","vasculogenesis",-1.59253511445505,0.489797059331725,6
"Training_CR","GO_BP","cellular response to prostaglandin stimulus",-1.584827974207,0.489797059331725,5
"Training_CR","GO_BP","regulation of peptide transport",-1.58383049678412,0.422343378935308,32
"Training_CR","GO_BP","positive regulation of spindle checkpoint",1.58307582439513,0.685750473981962,7
"Training_CR","GO_BP","positive regulation of mitotic cell cycle spindle assembly checkpoint",1.58307582439513,0.685750473981962,7
"Training_CR","GO_BP","negative regulation of mitotic nuclear division",1.58297815864919,0.659320141031319,10
"Training_CR","GO_BP","neural tube closure",-1.581101385737,0.482231227489634,4
"Training_CR","GO_BP","tube closure",-1.581101385737,0.482231227489634,4
"Training_CR","GO_BP","mitochondrial respiratory chain complex assembly",1.5799705111055,0.431307672483201,43
"Training_CR","GO_BP","positive regulation of cation channel activity",-1.57938254095371,0.674198375237778,7
"Training_CR","GO_BP","cytoplasmic translation",1.57828763174858,0.291284203313091,130
"Training_CR","GO_BP","negative regulation of cAMP/PKA signal transduction",-1.57510682256137,0.489797059331725,4
"Training_CR","GO_BP","modified amino acid catabolic process",-1.57134870451629,0.55480029323811,8
"Training_CR","GO_BP","myofibril assembly",1.56891506402276,0.463069985550464,43
"Training_CR","GO_BP","polyol metabolic process",-1.56069576992312,0.5899688934956,21
"Training_CR","GO_BP","positive regulation of lamellipodium assembly",1.56060401247679,0.696107800414369,10
"Training_CR","GO_BP","mitochondrion organization",1.56045509235151,0.293067436708182,138
"Training_CR","GO_BP","positive regulation of transporter activity",-1.5538545898793,0.640931403599979,11
"Training_CR","GO_BP","regulation of receptor localization to synapse",-1.54797852199609,0.725023434516439,7
"Training_CR","GO_BP","neural retina development",1.54434880802966,0.476424504727431,4
"Training_CR","GO_BP","xenobiotic catabolic process",-1.5434087745359,0.659320141031319,8
"Training_CR","GO_BP","iron ion transport",1.5419486365451,0.737290928097446,13
"Training_CR","GO_BP","heterochromatin formation",-1.54171273027048,0.702162320652862,17
"Training_CR","GO_BP","cellular response to cholesterol",-1.53945799809212,0.482231227489634,3
"Training_CR","GO_BP","regulation of multicellular organism growth",-1.53933328676677,0.598048817740003,5
"Training_CR","GO_BP","striated muscle contraction",1.53476885929069,0.354180634040374,107
"Training_CR","GO_BP","regulation of cell fate commitment",-1.53439632391581,0.611834019568773,4
"Training_CR","GO_BP","pentose-phosphate shunt",-1.5309723771561,0.737290928097446,9
"Training_CR","GO_BP","GTP metabolic process",-1.53091795296052,0.737290928097446,8
"Training_CR","GO_BP","negative regulation of chromosome segregation",1.52976564011662,0.697468231258501,9
"Training_CR","GO_BP","mitotic spindle checkpoint signaling",1.52976564011662,0.697468231258501,9
"Training_CR","GO_BP","female gamete generation",1.52656577686676,0.485927679024573,6
"Training_CR","GO_BP","response to pain",1.52512482853228,0.659320141031319,5
"Training_CR","GO_BP","fatty acid metabolic process",-1.52240335296374,0.313170601292331,121
"Training_CR","GO_BP","regulation of neurotransmitter receptor localization to postsynaptic specialization membrane",-1.52145660522327,0.679069644387937,4
"Training_CR","GO_BP","insulin secretion",-1.51942446298356,0.482231227489634,32
"Training_CR","GO_BP","L-amino acid metabolic process",-1.51775025315673,0.476424504727431,53
"Training_CR","GO_BP","response to ketone",-1.51627217953789,0.581036757861148,33
"Training_CR","GO_BP","regulation of hormone levels",-1.51559883875946,0.378152968195379,74
"Training_CR","GO_BP","striated muscle adaptation",1.51415464046875,0.737290928097446,13
"Training_CR","GO_BP","maintenance of protein localization in organelle",1.51365695341922,0.737290928097446,10
"Training_CR","GO_BP","cellular response to glucagon stimulus",-1.50724375511794,0.697468231258501,6
"Training_CR","GO_BP","regulation of protein binding",1.50640773198759,0.737290928097446,7
"Training_CR","GO_BP","icosanoid metabolic process",-1.50497866376403,0.489797059331725,28
"Training_CR","GO_BP","detection of mechanical stimulus",1.503908397467,0.697468231258501,5
"Training_CR","GO_BP","response to fatty acid",-1.50306810658365,0.74046496235625,13
"Training_CR","GO_BP","SNARE complex assembly",-1.50264351377503,0.737290928097446,4
"Training_CR","GO_BP","post-translational protein targeting to endoplasmic reticulum membrane",1.50253361980997,0.489797059331725,6
"Training_CR","GO_BP","sleep",1.49957470263482,0.710973452401026,5
"Training_CR","GO_BP","nucleotide transport",1.49855976505197,0.737290928097446,7
"Training_CR","GO_BP","calcium ion import across plasma membrane",-1.4984872765859,0.737290928097446,7
"Training_CR","GO_BP","respiratory system process",1.49537104257527,0.489797059331725,4
"Training_CR","GO_BP","ketone metabolic process",-1.49478967830707,0.489797059331725,58
"Training_CR","GO_BP","G protein-coupled dopamine receptor signaling pathway",-1.49454801063868,0.779856273474797,9
"Training_CR","GO_BP","organelle membrane fusion",-1.49265715375353,0.61170709586279,30
"Training_CR","GO_BP","negative regulation of mRNA catabolic process",1.49134258496757,0.592717569111183,24
"Training_CR","GO_BP","response to ATP",-1.48982690529389,0.737290928097446,6
"Training_CR","GO_BP","protein N-linked glycosylation",1.48197580943278,0.737290928097446,14
"Training_CR","GO_BP","regulation of protein polyubiquitination",-1.48027665119015,0.739223802860697,6
"Training_CR","GO_BP","digestive tract development",-1.48001172971012,0.737290928097446,4
"Training_CR","GO_BP","synaptic vesicle localization",1.47654802582163,0.598020481542864,6
"Training_CR","GO_BP","negative regulation of fat cell differentiation",-1.47637629417227,0.739223802860697,6
"Training_CR","GO_BP","positive regulation of T-helper cell differentiation",1.4756848487055,0.489797059331725,3
"Training_CR","GO_BP","negative regulation of alpha-beta T cell activation",-1.47562236997749,0.737290928097446,5
"Training_CR","GO_BP","homocysteine metabolic process",-1.47528754062894,0.739579775454215,6
"Training_CR","GO_BP","positive regulation of myoblast differentiation",1.47224760042233,0.737290928097446,5
"Training_CR","GO_BP","negative regulation of microtubule polymerization or depolymerization",-1.4708036680327,0.737290928097446,9
"Training_CR","GO_BP","positive regulation of superoxide anion generation",-1.46990965730201,0.748687705209444,6
"Training_CR","GO_BP","antigen processing and presentation of endogenous antigen",-1.46972859618364,0.779856273474797,10
"Training_CR","GO_BP","positive regulation of sodium ion transmembrane transport",-1.46853170453756,0.737290928097446,5
"Training_CR","GO_BP","inorganic cation import across plasma membrane",-1.46795270006718,0.737290928097446,12
"Training_CR","GO_BP","inflammatory response to antigenic stimulus",-1.46785103460553,0.776270352261542,13
"Training_CR","GO_BP","negative regulation of gene expression, epigenetic",-1.4672833922831,0.784227820372399,20
"Training_CR","GO_BP","regulation of the force of heart contraction",1.46630003835071,0.751762862914572,10
"Training_CR","GO_BP","calcium ion import",-1.46402396213501,0.737290928097446,11
"Training_CR","GO_BP","superoxide anion generation",-1.46386036932022,0.76572801724472,7
"Training_CR","GO_BP","cellular component assembly involved in morphogenesis",1.46304702222794,0.598048817740003,50
"Training_CR","GO_BP","DNA double-strand break processing",-1.46076165424975,0.354180634040374,2
"Training_CR","GO_BP","establishment of spindle orientation",1.46028541977192,0.747419073800721,7
"Training_CR","GO_BP","maintenance of location in cell",1.45914979568279,0.76572801724472,13
"Training_CR","GO_BP","chromosome separation",1.45755125796792,0.768805988464842,11
"Training_CR","GO_BP","positive regulation of kinase activity",-1.45746049490216,0.787169841957133,15
"Training_CR","GO_BP","cilium organization",1.45651694949939,0.717385883247043,38
"Training_CR","GO_BP","modification of postsynaptic structure",-1.45356191430808,0.784227820372399,10
"Training_CR","GO_BP","regulation of ventricular cardiac muscle cell membrane repolarization",-1.45271503050264,0.739223802860697,5
"Training_CR","GO_BP","regulation of neurotransmitter secretion",1.45109143757945,0.710973452401026,6
"Training_CR","GO_BP","establishment or maintenance of epithelial cell apical/basal polarity",-1.45099493021602,0.76572801724472,6
"Training_CR","GO_BP","regulation of vascular endothelial growth factor receptor signaling pathway",-1.45078166521221,0.737290928097446,3
"Training_CR","GO_BP","cellular response to ATP",-1.44500089365984,0.737290928097446,3
"Training_CR","GO_BP","nerve development",-1.44408247791805,0.737290928097446,3
"Training_CR","GO_BP","aldehyde biosynthetic process",-1.4436222780946,0.737290928097446,4
"Training_CR","GO_BP","intrinsic apoptotic signaling pathway in response to endoplasmic reticulum stress",1.44362192088241,0.779856273474797,13
"Training_CR","GO_BP","stem cell differentiation",-1.44290466470649,0.784227820372399,20
"Training_CR","GO_BP","regulation of mitochondrial fission",1.44165659218565,0.776270352261542,8
"Training_CR","GO_BP","exocytosis",-1.43993404488686,0.52240960535358,53
"Training_CR","GO_BP","cellular response to acetylcholine",-1.43847143842199,0.737290928097446,4
"Training_CR","GO_BP","positive regulation of muscle contraction",-1.43845816515214,0.745999110913536,11
"Training_CR","GO_BP","heterochromatin organization",-1.43762094653634,0.737290928097446,19
"Training_CR","GO_BP","regulation of lamellipodium organization",1.43672509353479,0.776270352261542,14
"Training_CR","GO_BP","negative regulation of leukocyte activation",-1.436432270622,0.737290928097446,24
"Training_CR","GO_BP","regulation of exocytosis",-1.43623060488774,0.776270352261542,29
"Training_CR","GO_BP","regulation of cholesterol biosynthetic process",1.43576690644557,0.804132973944295,9
"Training_CR","GO_BP","tooth mineralization",1.43507794306523,0.674189598309863,3
"Training_CR","GO_BP","protein acetylation",-1.43457962254782,0.482231227489634,2
"Training_CR","GO_BP","polyol biosynthetic process",-1.43264628461941,0.784227820372399,13
"Training_CR","GO_BP","antiviral innate immune response",-1.43206924466842,0.784227820372399,13
"Training_CR","GO_BP","muscle filament sliding",1.43191090357179,0.784227820372399,13
"Training_CR","GO_BP","response to muscle stretch",1.43103829105566,0.737290928097446,6
"Training_CR","GO_BP","response to xenobiotic stimulus",-1.43077950717604,0.489797059331725,62
"Training_CR","GO_BP","eye photoreceptor cell development",1.43068630558747,0.195808606582225,2
"Training_CR","GO_BP","negative regulation of neurogenesis",1.42909244717565,0.804809795119705,9
"Training_CR","GO_BP","negative regulation of nervous system development",1.42909244717565,0.804809795119705,9
"Training_CR","GO_BP","odontoblast differentiation",-1.42828342597791,0.737290928097446,3
"Training_CR","GO_BP","mitochondrion transport along microtubule",1.42784999220316,0.739223802860697,4
"Training_CR","GO_BP","carbohydrate derivative transport",1.42660613960438,0.779856273474797,14
"Training_CR","GO_BP","positive regulation of neuron projection development",-1.42639806275736,0.739223802860697,24
"Training_CR","GO_BP","negative regulation of macroautophagy",1.42504194063774,0.804809795119705,9
"Training_CR","GO_BP","positive regulation of muscle cell apoptotic process",1.42473245325766,0.737290928097446,6
"Training_CR","GO_BP","osteoblast differentiation",1.4244374759127,0.737290928097446,41
"Training_CR","GO_BP","negative regulation of inflammatory response",-1.42381355812731,0.737290928097446,19
"Training_CR","GO_BP","response to potassium ion",-1.42378827904566,0.485927679024573,2
"Training_CR","GO_BP","regulation of ATP-dependent activity",1.42360320420093,0.804809795119705,11
"Training_CR","GO_BP","positive regulation of cardiac muscle hypertrophy",1.42346383302646,0.784227820372399,5
"Training_CR","GO_BP","protein polyubiquitination",-1.42338842296836,0.697468231258501,40
"Training_CR","GO_BP","oligodendrocyte differentiation",-1.42324608561155,0.784227820372399,9
"Training_CR","GO_BP","regulation of microtubule nucleation",1.42252654965408,0.784227820372399,5
"Training_CR","GO_BP","regulation of amyloid fibril formation",-1.42130988248734,0.823556475730389,10
"Training_CR","GO_BP","cellular response to pH",-1.41959283861568,0.784227820372399,5
"Training_CR","GO_BP","embryonic organ development",-1.41788604370701,0.784227820372399,16
"Training_CR","GO_BP","positive regulation of blood coagulation",1.40850106251153,0.787184623558638,5
"Training_CR","GO_BP","positive regulation of coagulation",1.40850106251153,0.787184623558638,5
"Training_CR","GO_BP","positive regulation of hemostasis",1.40850106251153,0.787184623558638,5
"Training_CR","GO_BP","Arp2/3 complex-mediated actin nucleation",1.40779686094248,0.808239760823284,16
"Training_CR","GO_BP","regulation of neuron projection regeneration",1.40512182337744,0.737290928097446,3
"Training_CR","GO_BP","cellular component maintenance",1.40396748028736,0.804132973944295,8
"Training_CR","GO_BP","acute inflammatory response",-1.40378135200024,0.823556475730389,10
"Training_CR","GO_BP","positive regulation of release of cytochrome c from mitochondria",1.40327392331743,0.737290928097446,3
"Training_CR","GO_BP","regulation of intracellular estrogen receptor signaling pathway",-1.40278664347591,0.823556475730389,10
"Training_CR","GO_BP","regulation of receptor clustering",-1.40089202996221,0.823556475730389,6
"Training_CR","GO_BP","dopamine metabolic process",-1.40000957576297,0.804277498202732,9
"Training_CR","GO_BP","peroxisome organization",1.3974499488325,0.823556475730389,7
"Training_CR","GO_BP","artery morphogenesis",-1.39695943854984,0.817297603966706,5
"Training_CR","GO_BP","response to iron ion",-1.39575348751271,0.804277498202732,7
"Training_CR","GO_BP","endoplasmic reticulum to Golgi vesicle-mediated transport",1.39487887674806,0.737290928097446,46
"Training_CR","GO_BP","phosphate ion transport",1.39326695460606,0.485927679024573,2
"Training_CR","GO_BP","phosphate ion transmembrane transport",1.39326695460606,0.485927679024573,2
"Training_CR","GO_BP","regulation of plasma membrane organization",1.39276114872739,0.823556475730389,7
"Training_CR","GO_BP","protein K48-linked deubiquitination",-1.39105110242905,0.81047975826208,7
"Training_CR","GO_BP","response to transforming growth factor beta",1.39019222220679,0.739579775454215,38
"Training_CR","GO_BP","cellular response to transforming growth factor beta stimulus",1.39019222220679,0.739579775454215,38
"Training_CR","GO_BP","steroid metabolic process",-1.38944778057978,0.710973452401026,55
"Training_CR","GO_BP","purine-containing compound transmembrane transport",1.38864955419599,0.794698020946906,6
"Training_CR","GO_BP","bile acid metabolic process",-1.38697261901174,0.81047975826208,7
"Training_CR","GO_BP","sensory perception of sound",-1.38570149986968,0.808239760823284,13
"Training_CR","GO_BP","folic acid metabolic process",-1.38556156908889,0.737290928097446,2
"Training_CR","GO_BP","protein localization to postsynapse",-1.38488905031222,0.81047975826208,7
"Training_CR","GO_BP","response to oxygen radical",-1.38404101758987,0.817435581281182,12
"Training_CR","GO_BP","tissue remodeling",1.38301883052149,0.840572332368738,12
"Training_CR","GO_BP","protein palmitoylation",-1.38158717795809,0.737290928097446,2
"Training_CR","GO_BP","negative regulation of T cell receptor signaling pathway",1.38097274190358,0.847413624590725,7
"Training_CR","GO_BP","regulation of defense response to virus by host",1.37871142095872,0.84976276440414,7
"Training_CR","GO_BP","sulfur compound metabolic process",-1.37774329281036,0.598048817740003,108
"Training_CR","GO_BP","extracellular matrix organization",1.37771321352352,0.773941480747763,39
"Training_CR","GO_BP","proteinogenic amino acid metabolic process",-1.37609032463486,0.783067694252954,50
"Training_CR","GO_BP","endoplasmic reticulum calcium ion homeostasis",1.37535397956675,0.823556475730389,8
"Training_CR","GO_BP","cell volume homeostasis",-1.37280564964964,0.739223802860697,2
"Training_CR","GO_BP","ribose phosphate biosynthetic process",1.3717986122361,0.697468231258501,94
"Training_CR","GO_BP","retinol metabolic process",-1.37118289525002,0.845229337733861,15
"Training_CR","GO_BP","tail-anchored membrane protein insertion into ER membrane",1.37056074423749,0.817963562482644,4
"Training_CR","GO_BP","barbed-end actin filament capping",1.37052278924047,0.847413624590725,11
"Training_CR","GO_BP","actin filament severing",1.36987255831514,0.839410337845477,10
"Training_CR","GO_BP","regulation of trans-synaptic signaling",-1.36978180875233,0.717385883247043,60
"Training_CR","GO_BP","hormone transport",-1.36925501559154,0.737290928097446,37
"Training_CR","GO_BP","regulation of actin filament bundle assembly",1.36841547051906,0.80091343572475,23
"Training_CR","GO_BP","triglyceride homeostasis",1.36714249090358,0.823556475730389,6
"Training_CR","GO_BP","regulation of cAMP/PKA signal transduction",-1.36538019380708,0.847413624590725,8
"Training_CR","GO_BP","regulation of T-helper 17 cell lineage commitment",-1.36485452543236,0.773941480747763,2
"Training_CR","GO_BP","rRNA metabolic process",1.36356290747204,0.779856273474797,39
"Training_CR","GO_BP","positive regulation of T cell migration",-1.36317172284558,0.839410337845477,4
"Training_CR","GO_BP","response to glucagon",-1.36311242974891,0.847413624590725,8
"Training_CR","GO_BP","spliceosomal tri-snRNP complex assembly",1.36281192764729,0.839410337845477,10
"Training_CR","GO_BP","isotype switching",1.36234319565423,0.776270352261542,3
"Training_CR","GO_BP","response to endoplasmic reticulum stress",1.36184871966514,0.710973452401026,75
"Training_CR","GO_BP","cellular response to type II interferon",1.36143818544985,0.873992955044816,12
"Training_CR","GO_BP","collagen metabolic process",1.36087194325661,0.839410337845477,16
"Training_CR","GO_BP","regulation of mitotic spindle organization",1.36020801701952,0.839410337845477,13
"Training_CR","GO_BP","cilium assembly",1.35968163804848,0.737290928097446,34
"Training_CR","GO_BP","endothelium development",-1.35911273642497,0.839410337845477,17
"Training_CR","GO_BP","regulation of sprouting angiogenesis",1.35693476402916,0.847413624590725,8
"Training_CR","GO_BP","response to estradiol",-1.35683828660835,0.816328695061938,23
"Training_CR","GO_BP","Rab protein signal transduction",-1.35673867562694,0.839410337845477,4
"Training_CR","GO_BP","positive regulation of cellular extravasation",1.35567015031838,0.784227820372399,3
"Training_CR","GO_BP","cellular response to virus",1.35422472513831,0.847413624590725,8
"Training_CR","GO_BP","angiogenesis involved in wound healing",-1.35348747884678,0.839410337845477,3
"Training_CR","GO_BP","cellular response to aldehyde",-1.35149915772074,0.870401691331924,10
"Training_CR","GO_BP","establishment of skin barrier",1.35141512879434,0.696107800414369,2
"Training_CR","GO_BP","Golgi lumen acidification",-1.35017873831239,0.845229337733861,3
"Training_CR","GO_BP","ceramide catabolic process",-1.34833126600285,0.847413624590725,4
"Training_CR","GO_BP","monosaccharide biosynthetic process",-1.3473395342552,0.779856273474797,34
"Training_CR","GO_BP","negative regulation of lymphocyte migration",1.34690292834107,0.787184623558638,3
"Training_CR","GO_BP","cranial skeletal system development",-1.34685946734791,0.847413624590725,3
"Training_CR","GO_BP","epithelial cell differentiation involved in kidney development",1.34660984529412,0.823556475730389,4
"Training_CR","GO_BP","negative regulation of cellular senescence",1.34597425554645,0.710973452401026,2
"Training_CR","GO_BP","regulation of glial cell proliferation",1.34576359294595,0.787184623558638,3
"Training_CR","GO_BP","positive regulation of Ras protein signal transduction",1.34501661155785,0.863886584722118,6
"Training_CR","GO_BP","negative regulation of ubiquitin-dependent protein catabolic process",1.34352575279582,0.823556475730389,20
"Training_CR","GO_BP","retina homeostasis",-1.34347222294162,0.847413624590725,3
"Training_CR","GO_BP","lamellipodium morphogenesis",1.34344586290989,0.847413624590725,5
"Training_CR","GO_BP","defense response to Gram-positive bacterium",1.33831142769415,0.881097213442626,12
"Training_CR","GO_BP","trabecula morphogenesis",-1.33807143447651,0.871240752193133,4
"Training_CR","GO_BP","carboxylic acid catabolic process",-1.33694519311762,0.737290928097446,98
"Training_CR","GO_BP","heterotypic cell-cell adhesion",1.33657382369247,0.863886584722118,8
"Training_CR","GO_BP","regulation of neurotransmitter transport",1.33640473888159,0.863886584722118,10
"Training_CR","GO_BP","negative regulation of muscle cell apoptotic process",-1.33544959388166,0.880286019189252,8
"Training_CR","GO_BP","positive regulation of glial cell proliferation",1.33333196471591,0.737290928097446,2
"Training_CR","GO_BP","constitutive heterochromatin formation",-1.33321153011525,0.871240752193133,3
"Training_CR","GO_BP","chromosome condensation",1.33274839063764,0.808239760823284,3
"Training_CR","GO_BP","fatty acid derivative biosynthetic process",-1.33230712258613,0.847413624590725,14
"Training_CR","GO_BP","antimicrobial humoral response",1.33064596989011,0.861981681191488,16
"Training_CR","GO_BP","magnesium ion transport",1.32943241493687,0.737290928097446,2
"Training_CR","GO_BP","magnesium ion transmembrane transport",1.32943241493687,0.737290928097446,2
"Training_CR","GO_BP","actin-myosin filament sliding",1.32913109099261,0.871240752193133,14
"Training_CR","GO_BP","regulation of ubiquitin-protein transferase activity",1.32810387903684,0.476424504727431,1
"Training_CR","GO_BP","positive regulation of double-strand break repair",-1.32802829163599,0.84976276440414,13
"Training_CR","GO_BP","regulation of insulin-like growth factor receptor signaling pathway",1.32730424335644,0.737290928097446,2
"Training_CR","GO_BP","stem cell division",-1.32655624833739,0.874709051862711,3
"Training_CR","GO_BP","hair follicle development",-1.32535309058518,0.823556475730389,2
"Training_CR","GO_BP","hair cycle process",-1.32535309058518,0.823556475730389,2
"Training_CR","GO_BP","synaptic vesicle clustering",1.32532309202043,0.482231227489634,1
"Training_CR","GO_BP","regulation of stem cell differentiation",-1.32417621567625,0.874709051862711,10
"Training_CR","GO_BP","protein import into peroxisome matrix",1.32365461981058,0.489797059331725,1
"Training_CR","GO_BP","protein transmembrane import into intracellular organelle",1.32365461981058,0.489797059331725,1
"Training_CR","GO_BP","protein-RNA complex assembly",1.32243230990718,0.784227820372399,67
"Training_CR","GO_BP","alkaloid metabolic process",1.32198800534405,0.885969088126424,6
"Training_CR","GO_BP","natural killer cell proliferation",1.32198614760074,0.489797059331725,1
"Training_CR","GO_BP","negative regulation of T-helper 1 type immune response",1.32198614760074,0.489797059331725,1
"Training_CR","GO_BP","granulocyte macrophage colony-stimulating factor production",1.32198614760074,0.489797059331725,1
"Training_CR","GO_BP","interleukin-13 production",1.32198614760074,0.489797059331725,1
"Training_CR","GO_BP","regulation of granulocyte macrophage colony-stimulating factor production",1.32198614760074,0.489797059331725,1
"Training_CR","GO_BP","positive regulation of interleukin-13 production",1.32198614760074,0.489797059331725,1
"Training_CR","GO_BP","positive regulation of natural killer cell activation",1.32198614760074,0.489797059331725,1
"Training_CR","GO_BP","neuron migration",-1.32185881649496,0.871240752193133,15
"Training_CR","GO_BP","regulation of lipoprotein metabolic process",-1.31994771110567,0.839410337845477,2
"Training_CR","GO_BP","centriole-centriole cohesion",1.31976151798761,0.543422427986201,1
"Training_CR","GO_BP","ventral spinal cord development",1.31976151798761,0.543422427986201,1
"Training_CR","GO_BP","forebrain development",-1.3178158314404,0.823556475730389,29
"Training_CR","GO_BP","negative regulation of cell-cell adhesion",-1.31713532435944,0.812343998184706,31
"Training_CR","GO_BP","positive regulation of ERBB signaling pathway",-1.31519348894026,0.844590730234261,2
"Training_CR","GO_BP","collagen biosynthetic process",1.31486235929844,0.880286019189252,9
"Training_CR","GO_BP","negative regulation of JNK cascade",-1.31393565954573,0.885869788774398,3
"Training_CR","GO_BP","embryonic cranial skeleton morphogenesis",-1.31318789948311,0.482231227489634,1
"Training_CR","GO_BP","pyrimidine-containing compound catabolic process",-1.3129764760081,0.898207257132786,5
"Training_CR","GO_BP","striated muscle cell apoptotic process",1.31203932428758,0.877646921755003,10
"Training_CR","GO_BP","nuclear export",-1.31110063231592,0.845229337733861,36
"Training_CR","GO_BP","transposable element silencing",-1.31098456408129,0.489797059331725,1
"Training_CR","GO_BP","retrotransposition",-1.31098456408129,0.489797059331725,1
"Training_CR","GO_BP","transposable element silencing by heterochromatin formation",-1.31098456408129,0.489797059331725,1
"Training_CR","GO_BP","small molecule catabolic process",-1.31067243357934,0.783067694252954,138
"Training_CR","GO_BP","regulation of macrophage derived foam cell differentiation",1.31044034112555,0.863886584722118,4
"Training_CR","GO_BP","regulation of relaxation of muscle",1.31043222733014,0.904250759282845,6
"Training_CR","GO_BP","protein homotetramerization",-1.30915043530535,0.847413624590725,20
"Training_CR","GO_BP","positive regulation of ATP-dependent activity",1.30891634645904,0.881097213442626,8
"Training_CR","GO_BP","positive regulation of ATP metabolic process",-1.30875790028585,0.904250759282845,8
"Training_CR","GO_BP","regulation of chemotaxis",-1.30850465001079,0.823556475730389,28
"Training_CR","GO_BP","positive regulation of G1/S transition of mitotic cell cycle",1.30780676737809,0.871240752193133,4
"Training_CR","GO_BP","cortical actin cytoskeleton organization",1.30724088286311,0.871988023382919,13
"Training_CR","GO_BP","bone resorption",-1.30598465792844,0.894103741791361,3
"Training_CR","GO_BP","trans-synaptic signaling, modulating synaptic transmission",-1.30547622557675,0.611834019568773,1
"Training_CR","GO_BP","export across plasma membrane",-1.30534306789549,0.904250759282845,8
"Training_CR","GO_BP","mononuclear cell proliferation",1.30526010154713,0.847413624590725,25
"Training_CR","GO_BP","fatty acid derivative catabolic process",1.30497033377675,0.898207257132786,7
"Training_CR","GO_BP","odontogenesis of dentin-containing tooth",-1.30471781988893,0.894103741791361,3
"Training_CR","GO_BP","regulation of cholesterol storage",-1.30457886174122,0.894103741791361,3
"Training_CR","GO_BP","t-circle formation",1.30363295329244,0.737290928097446,1
"Training_CR","GO_BP","inhibitory synapse assembly",-1.30327289017493,0.656077273657526,1
"Training_CR","GO_BP","inner ear receptor cell development",-1.30301761553051,0.863399575535404,2
"Training_CR","GO_BP","steroid biosynthetic process",-1.30163931388182,0.817297603966706,34
"Training_CR","GO_BP","regulation of pH",-1.30086799572439,0.880286019189252,13
"Training_CR","GO_BP","mast cell mediated immunity",1.30026236624469,0.871988023382919,4
"Training_CR","GO_BP","mast cell degranulation",1.30026236624469,0.871988023382919,4
"Training_CR","GO_BP","mast cell activation",1.30026236624469,0.871988023382919,4
"Training_CR","GO_BP","positive regulation of B cell proliferation",-1.30016587765648,0.904250759282845,5
"Training_CR","GO_BP","positive regulation of neuroinflammatory response",1.29975025636955,0.847413624590725,3
"Training_CR","GO_BP","multicellular organism growth",-1.29962284049322,0.893018821207765,7
"Training_CR","GO_BP","response to amphetamine",-1.29721371781993,0.710973452401026,1
"Training_CR","GO_BP","vitamin biosynthetic process",-1.2972004609049,0.904250759282845,3
"Training_CR","GO_BP","myelination in peripheral nervous system",-1.29677112541266,0.894103741791361,6
"Training_CR","GO_BP","peripheral nervous system axon ensheathment",-1.29677112541266,0.894103741791361,6
"Training_CR","GO_BP","positive regulation of cell cycle G1/S phase transition",1.29643485797921,0.885969088126424,5
"Training_CR","GO_BP","rRNA processing",1.29490825773938,0.817435581281182,34
"Training_CR","GO_BP","negative regulation of lipid transport",1.29351923572561,0.897177781013703,9
"Training_CR","GO_BP","protein localization to mitochondrion",1.29341761395621,0.804132973944295,60
"Training_CR","GO_BP","mitochondrial gene expression",1.29282048664387,0.817963562482644,44
"Training_CR","GO_BP","diacylglycerol metabolic process",-1.29170537931539,0.737290928097446,1
"Training_CR","GO_BP","proteinogenic amino acid biosynthetic process",-1.29168336504676,0.871988023382919,16
"Training_CR","GO_BP","establishment of cell polarity",1.29137885196522,0.863399575535404,21
"Training_CR","GO_BP","protein localization to nucleolus",-1.29087763187277,0.92051672357757,3
"Training_CR","GO_BP","vitamin metabolic process",-1.29015066618248,0.894103741791361,6
"Training_CR","GO_BP","positive regulation of lymphocyte chemotaxis",-1.28950204391357,0.737290928097446,1
"Training_CR","GO_BP","NADP+ metabolic process",-1.28944759365566,0.871240752193133,20
"Training_CR","GO_BP","cellular response to cadmium ion",-1.2864257172123,0.871988023382919,2
"Training_CR","GO_BP","peroxisomal membrane transport",1.28574910388555,0.823556475730389,2
"Training_CR","GO_BP","protein localization to peroxisome",1.28574910388555,0.823556475730389,2
"Training_CR","GO_BP","microvillus organization",1.28563778378661,0.863886584722118,3
"Training_CR","GO_BP","regulation of microvillus organization",1.28563778378661,0.863886584722118,3
"Training_CR","GO_BP","regulation of viral genome replication",1.28417240633045,0.904250759282845,11
"Training_CR","GO_BP","positive regulation of tissue remodeling",1.28232839335691,0.823556475730389,2
"Training_CR","GO_BP","positive regulation of protein-containing complex assembly",1.28012876189741,0.81047975826208,48
"Training_CR","GO_BP","innate immune response in mucosa",-1.27956440560595,0.92228226216775,3
"Training_CR","GO_BP","mucosal immune response",-1.27956440560595,0.92228226216775,3
"Training_CR","GO_BP","ribosome biogenesis",1.27931804756205,0.823556475730389,60
"Training_CR","GO_BP","intracellular iron ion homeostasis",1.27833943979271,0.871988023382919,21
"Training_CR","GO_BP","positive regulation of potassium ion transport",1.27761064850726,0.92228226216775,6
"Training_CR","GO_BP","amino acid import across plasma membrane",-1.27756828755999,0.905223702998572,4
"Training_CR","GO_BP","positive regulation of organ growth",1.27717564268062,0.893018821207765,4
"Training_CR","GO_BP","protein-RNA complex organization",1.27689377973743,0.817297603966706,70
"Training_CR","GO_BP","positive regulation of sodium ion transport",-1.27661816182742,0.92228226216775,8
"Training_CR","GO_BP","extracellular exosome biogenesis",-1.27503133265714,0.893018821207765,12
"Training_CR","GO_BP","cellular extravasation",1.27471098123261,0.904250759282845,5
"Training_CR","GO_BP","detection of external stimulus",1.27321115243786,0.911816644172962,9
"Training_CR","GO_BP","detection of abiotic stimulus",1.27321115243786,0.911816644172962,9
"Training_CR","GO_BP","establishment of protein localization to endoplasmic reticulum",1.27184100086025,0.908301571908617,12
"Training_CR","GO_BP","positive regulation of DNA binding",-1.27182938590115,0.92051672357757,5
"Training_CR","GO_BP","positive regulation of cell-cell adhesion",1.27134523019292,0.871240752193133,38
"Training_CR","GO_BP","L-amino acid catabolic process",-1.27113205176875,0.823556475730389,39
"Training_CR","GO_BP","ossification",1.27111698763313,0.823556475730389,55
"Training_CR","GO_BP","mRNA modification",1.27026326526625,0.84976276440414,2
"Training_CR","GO_BP","negative regulation of amyloid precursor protein catabolic process",-1.26926643965785,0.92228226216775,8
"Training_CR","GO_BP","cellular response to alkaloid",-1.26829525785035,0.92228226216775,7
"Training_CR","GO_BP","ribosome assembly",1.26823160137682,0.874709051862711,21
"Training_CR","GO_BP","vesicle tethering",1.26637040727256,0.823556475730389,1
"Training_CR","GO_BP","positive regulation of cellular component biogenesis",1.2657387607087,0.804809795119705,98
"Training_CR","GO_BP","regulation of actin filament-based process",1.26559757244604,0.784227820372399,89
"Training_CR","GO_BP","regulation of DNA-templated transcription elongation",1.26493635011481,0.92228226216775,7
"Training_CR","GO_BP","removal of superoxide radicals",-1.26486369758369,0.905223702998572,11
"Training_CR","GO_BP","response to progesterone",-1.26370973114285,0.92228226216775,8
"Training_CR","GO_BP","phosphatidylinositol biosynthetic process",1.26367210655959,0.92228226216775,7
"Training_CR","GO_BP","branching involved in blood vessel morphogenesis",-1.26336143070249,0.885969088126424,2
"Training_CR","GO_BP","photoperiodism",1.26298845131634,0.880286019189252,3
"Training_CR","GO_BP","entrainment of circadian clock by photoperiod",1.26298845131634,0.880286019189252,3
"Training_CR","GO_BP","positive regulation of immunoglobulin production",-1.26250419833009,0.92228226216775,5
"Training_CR","GO_BP","face development",-1.26224543246883,0.938272044497455,3
"Training_CR","GO_BP","face morphogenesis",-1.26224543246883,0.938272044497455,3
"Training_CR","GO_BP","RNA export from nucleus",-1.26188844007402,0.871988023382919,19
"Training_CR","GO_BP","regulation of metaphase plate congression",1.26099930840221,0.871240752193133,2
"Training_CR","GO_BP","positive regulation of myelination",-1.26086752351272,0.92228226216775,5
"Training_CR","GO_BP","positive regulation of nervous system process",-1.26086752351272,0.92228226216775,5
"Training_CR","GO_BP","regulation of actomyosin structure organization",1.26031654801027,0.880286019189252,21
"Training_CR","GO_BP","regulation of cytokine production involved in inflammatory response",1.25977386590811,0.92228226216775,7
"Training_CR","GO_BP","receptor metabolic process",1.25882288160967,0.905223702998572,13
"Training_CR","GO_BP","melanosome assembly",1.2580243984054,0.92228226216775,4
"Training_CR","GO_BP","progesterone metabolic process",-1.25645102304032,0.92228226216775,4
"Training_CR","GO_BP","regulation of release of sequestered calcium ion into cytosol",1.25620795350874,0.885969088126424,22
"Training_CR","GO_BP","secretory granule organization",1.25537391269343,0.911816644172962,8
"Training_CR","GO_BP","regulation of cardiac muscle cell action potential",1.25414618902679,0.92228226216775,7
"Training_CR","GO_BP","negative regulation of T-helper 17 type immune response",-1.25314700978359,0.804809795119705,1
"Training_CR","GO_BP","cellular response to zinc ion",1.25210398073112,0.880286019189252,2
"Training_CR","GO_BP","positive regulation of neuron differentiation",-1.25193617441174,0.92228226216775,6
"Training_CR","GO_BP","developmental maturation",-1.25177883665314,0.871240752193133,31
"Training_CR","GO_BP","cellular response to alcohol",-1.25166256306547,0.885969088126424,20
"Training_CR","GO_BP","cAMP/PKA signal transduction",-1.25137491793109,0.92228226216775,11
"Training_CR","GO_BP","endosome to lysosome transport",-1.25070822956612,0.894103741791361,17
"Training_CR","GO_BP","regulation of toll-like receptor signaling pathway",-1.25066209704272,0.92228226216775,6
"Training_CR","GO_BP","regulation of DNA-templated DNA replication initiation",1.25060584516684,0.880286019189252,2
"Training_CR","GO_BP","establishment or maintenance of monopolar cell polarity",1.2503818207585,0.92228226216775,4
"Training_CR","GO_BP","neuroinflammatory response",1.25004693419,0.92228226216775,9
"Training_CR","GO_BP","regulation of cardiac conduction",-1.24970801705024,0.905223702998572,9
"Training_CR","GO_BP","calcium ion homeostasis",1.24849255509822,0.871988023382919,40
"Training_CR","GO_BP","negative regulation of muscle contraction",-1.24838651608846,0.92228226216775,7
"Training_CR","GO_BP","nucleosome assembly",1.24708432490537,0.92228226216775,9
"Training_CR","GO_BP","sensory perception of smell",-1.24661143225452,0.905223702998572,2
"Training_CR","GO_BP","cellular pigmentation",1.24582380543485,0.92228226216775,9
"Training_CR","GO_BP","pigmentation",1.24582380543485,0.92228226216775,9
"Training_CR","GO_BP","negative regulation of lipid storage",-1.24543533587723,0.817963562482644,1
"Training_CR","GO_BP","acid secretion",-1.24543533587723,0.817963562482644,1
"Training_CR","GO_BP","multicellular organismal-level chemical homeostasis",-1.24525218467909,0.92228226216775,11
"Training_CR","GO_BP","response to cadmium ion",-1.24458021743559,0.92228226216775,9
"Training_CR","GO_BP","cholesterol biosynthetic process via desmosterol",-1.24445512000217,0.924272330143073,5
"Training_CR","GO_BP","regulation of nitric oxide biosynthetic process",1.24357380250463,0.92228226216775,15
"Training_CR","GO_BP","regulation of nitric oxide metabolic process",1.24357380250463,0.92228226216775,15
"Training_CR","GO_BP","piecemeal microautophagy of the nucleus",1.24356795373801,0.879183176871038,1
"Training_CR","GO_BP","female gonad development",-1.2426354111876,0.92228226216775,6
"Training_CR","GO_BP","positive regulation of blood pressure",1.24245563893145,0.880286019189252,1
"Training_CR","GO_BP","positive regulation of activated T cell proliferation",1.24098979005913,0.92228226216775,5
"Training_CR","GO_BP","regulation of postsynaptic neurotransmitter receptor internalization",-1.23960552866652,0.947821703021336,3
"Training_CR","GO_BP","telomere organization",1.23843554077886,0.881097213442626,37
"Training_CR","GO_BP","dendrite development",-1.23835060823347,0.882573843880272,24
"Training_CR","GO_BP","regulation of modification of synaptic structure",-1.23733498575547,0.947262288506959,4
"Training_CR","GO_BP","astral microtubule organization",-1.23548657101088,0.947821703021336,4
"Training_CR","GO_BP","oogenesis",1.23471059280002,0.924272330143073,4
"Training_CR","GO_BP","adherens junction organization",1.23430717402599,0.938272044497455,9
"Training_CR","GO_BP","neuromuscular process",1.23348732790042,0.893018821207765,35
"Training_CR","GO_BP","actin filament polymerization",1.23247786641603,0.871240752193133,43
"Training_CR","GO_BP","protein folding",1.23141779569117,0.823556475730389,101
"Training_CR","GO_BP","regulation of triglyceride metabolic process",-1.23044544859927,0.933368025416516,7
"Training_CR","GO_BP","regulation of corticosteroid hormone secretion",1.23022017605925,0.893018821207765,1
"Training_CR","GO_BP","oligosaccharide metabolic process",1.22785661033104,0.92051672357757,3
"Training_CR","GO_BP","negative regulation of stem cell population maintenance",-1.22722241755696,0.92228226216775,2
"Training_CR","GO_BP","spindle localization",1.22665580525789,0.938272044497455,11
"Training_CR","GO_BP","embryonic digit morphogenesis",-1.22615615111132,0.863886584722118,1
"Training_CR","GO_BP","regulation of cellular response to insulin stimulus",-1.22487248715748,0.92228226216775,18
"Training_CR","GO_BP","negative regulation of chemokine production",-1.22378770045505,0.92228226216775,2
"Training_CR","GO_BP","cellular response to vitamin",1.22354628721987,0.897177781013703,1
"Training_CR","GO_BP","synapse maturation",-1.22165608301463,0.93820977229049,6
"Training_CR","GO_BP","cGAS/STING signaling pathway",1.22151043616482,0.943485513959723,8
"Training_CR","GO_BP","hyaluronan metabolic process",1.22042121019969,0.947821703021336,5
"Training_CR","GO_BP","neural crest cell development",-1.22038164283376,0.943485513959723,5
"Training_CR","GO_BP","cardiocyte differentiation",1.22022313539761,0.92228226216775,20
"Training_CR","GO_BP","negative regulation of cytoplasmic pattern recognition receptor signaling pathway",1.21969930761161,0.924272330143073,16
"Training_CR","GO_BP","negative regulation of ossification",-1.21954614490587,0.874709051862711,1
"Training_CR","GO_BP","negative regulation of bone mineralization",-1.21954614490587,0.874709051862711,1
"Training_CR","GO_BP","mRNA export from nucleus",-1.218231737441,0.92228226216775,14
"Training_CR","GO_BP","amine metabolic process",-1.21789689214537,0.92228226216775,17
"Training_CR","GO_BP","plasma membrane phospholipid scrambling",1.21742855578377,0.904250759282845,1
"Training_CR","GO_BP","regulation of membrane lipid distribution",1.21742855578377,0.904250759282845,1
"Training_CR","GO_BP","inorganic ion homeostasis",1.21686112873956,0.863399575535404,74
"Training_CR","GO_BP","DNA repair-dependent chromatin remodeling",1.2163544563509,0.92228226216775,3
"Training_CR","GO_BP","cardiac muscle cell differentiation",1.21604371175422,0.905223702998572,19
"Training_CR","GO_BP","DNA replication",-1.21529088341339,0.893018821207765,36
"Training_CR","GO_BP","histone mRNA metabolic process",1.21508180604226,0.947821703021336,4
"Training_CR","GO_BP","digestive system process",1.21339336798818,0.950427891198897,11
"Training_CR","GO_BP","attachment of mitotic spindle microtubules to kinetochore",1.21330796722433,0.924272330143073,3
"Training_CR","GO_BP","nucleic acid catabolic process",1.21186036129272,0.871988023382919,72
"Training_CR","GO_BP","coronary vasculature development",-1.21183447099951,0.880286019189252,1
"Training_CR","GO_BP","ganglion development",-1.21183447099951,0.880286019189252,1
"Training_CR","GO_BP","neuron projection arborization",-1.21183447099951,0.880286019189252,1
"Training_CR","GO_BP","MyD88-dependent toll-like receptor signaling pathway",1.21131082434767,0.911943033036647,1
"Training_CR","GO_BP","negative regulation of execution phase of apoptosis",1.21131082434767,0.911943033036647,1
"Training_CR","GO_BP","epithelial cell morphogenesis",-1.21128363714906,0.880286019189252,1
"Training_CR","GO_BP","protein-containing complex localization",-1.21126754906754,0.92228226216775,12
"Training_CR","GO_BP","regulation of heterochromatin organization",-1.20908030174724,0.885969088126424,1
"Training_CR","GO_BP","regulation of cardiac muscle cell contraction",1.20716509383949,0.947821703021336,10
"Training_CR","GO_BP","quaternary ammonium group transport",1.20574925031485,0.921941772718176,1
"Training_CR","GO_BP","positive regulation of cell migration involved in sprouting angiogenesis",-1.20524262633607,0.948726295405983,2
"Training_CR","GO_BP","outflow tract septum morphogenesis",-1.20381847064386,0.950509770603228,2
"Training_CR","GO_BP","positive regulation of endothelial cell chemotaxis",1.2025304112153,0.928966031468976,2
"Training_CR","GO_BP","production of molecular mediator of immune response",1.20192310595471,0.924272330143073,20
"Training_CR","GO_BP","mitotic G2 DNA damage checkpoint signaling",1.20185614849188,0.92228226216775,1
"Training_CR","GO_BP","musculoskeletal movement",1.20185110854427,0.92228226216775,31
"Training_CR","GO_BP","apoptotic mitochondrial changes",1.2004435326059,0.92228226216775,30
"Training_CR","GO_BP","cerebellar Purkinje cell layer development",1.19951655053556,0.938272044497455,2
"Training_CR","GO_BP","vascular process in circulatory system",-1.19184198296596,0.904250759282845,36
"Training_CR","GO_BP","cellular response to steroid hormone stimulus",-1.19117323558341,0.911783325935251,39
"Training_CR","GO_BP","regulation of postsynapse assembly",-1.18816223446925,0.947821703021336,9
"Training_CR","GO_BP","fatty acid transport",1.18661878501913,0.924272330143073,23
"Training_CR","GO_BP","regulation of glucose metabolic process",1.18480574358154,0.93820977229049,22
"Training_CR","GO_BP","negative regulation of immune response",-1.18474443545444,0.92228226216775,31
"Training_CR","GO_BP","positive regulation of erythrocyte differentiation",-1.1812040387263,0.950509770603228,9
"Training_CR","GO_BP","negative regulation of axon extension",-1.18098777537407,0.92228226216775,1
"Training_CR","GO_BP","regulation of morphogenesis of a branching structure",-1.18098777537407,0.92228226216775,1
"Training_CR","GO_BP","hepatocyte proliferation",-1.18098777537407,0.92228226216775,1
"Training_CR","GO_BP","viral genome replication",1.1806967134672,0.92228226216775,19
"Training_CR","GO_BP","anterior/posterior axis specification, embryo",1.17849753755405,0.937380441688436,1
"Training_CR","GO_BP","anterior/posterior axis specification",1.17849753755405,0.937380441688436,1
"Training_CR","GO_BP","inner mitochondrial membrane organization",1.17757771750717,0.943369616209122,27
"Training_CR","GO_BP","response to dietary excess",1.17571675053764,0.947821703021336,1
"Training_CR","GO_BP","synaptic membrane adhesion",1.17571675053764,0.947821703021336,1
"Training_CR","GO_BP","cell morphogenesis involved in neuron differentiation",-1.17382491695004,0.885969088126424,61
"Training_CR","GO_BP","erythrocyte maturation",-1.1721744337668,0.943583143835081,1
"Training_CR","GO_BP","alcohol catabolic process",-1.16687960453123,0.947821703021336,12
"Training_CR","GO_BP","regulation of ketone metabolic process",-1.16498615218933,0.950509770603228,30
"Training_CR","GO_BP","regulation of postsynaptic membrane neurotransmitter receptor levels",-1.16214425280149,0.947821703021336,20
"Training_CR","GO_BP","polysaccharide metabolic process",1.15915611203163,0.947821703021336,33
"Training_CR","GO_BP","response to oxidative stress",-1.15726332618633,0.880286019189252,134
"Training_CR","GO_BP","import across plasma membrane",-1.15067129590083,0.938272044497455,34
"Training_CR","GO_BP","lipid catabolic process",-1.13629453106619,0.92228226216775,76
"Training_CR","GO_BP","positive regulation of organelle organization",1.13496064304918,0.92228226216775,103
"Training_CR","GO_BP","intracellular monoatomic cation homeostasis",1.13462810766358,0.947821703021336,77
"Training_CR","GO_BP",NA,NA,NA,NA
"Training_CR","GO_BP",NA,NA,NA,NA
"Training_CR","GO_BP",NA,NA,NA,NA
"Training_CR","GO_BP",NA,NA,NA,NA
"Training_CR","GO_BP",NA,NA,NA,NA
"Training_CR","GO_BP",NA,NA,NA,NA
"Training_CR","GO_BP",NA,NA,NA,NA
"Training_CR","GO_BP",NA,NA,NA,NA
"Training_CR","GO_BP",NA,NA,NA,NA
"Training_CR","GO_BP",NA,NA,NA,NA
"Training_CR","GO_BP",NA,NA,NA,NA
"Training_CR","GO_BP",NA,NA,NA,NA
"Training_CR","GO_BP",NA,NA,NA,NA
"Training_CR","GO_BP",NA,NA,NA,NA
"Training_CR","GO_BP",NA,NA,NA,NA
"Training_CR","GO_BP",NA,NA,NA,NA
"Training_CR","GO_BP",NA,NA,NA,NA
"Training_CR","GO_BP",NA,NA,NA,NA
"Training_CR","GO_BP",NA,NA,NA,NA
"Training_CR","GO_BP",NA,NA,NA,NA
"Training_CR","GO_BP",NA,NA,NA,NA
"Training_CR","GO_BP",NA,NA,NA,NA
"Training_CR","GO_BP",NA,NA,NA,NA
"Training_CR","GO_BP",NA,NA,NA,NA
"Training_CR","GO_BP",NA,NA,NA,NA
"Training_CR","GO_BP",NA,NA,NA,NA
"Training_CR","GO_BP",NA,NA,NA,NA
"Training_CR","GO_BP",NA,NA,NA,NA
"Training_CR","GO_BP",NA,NA,NA,NA
"Training_CR","GO_BP",NA,NA,NA,NA
"Training_CR","GO_BP",NA,NA,NA,NA
"Training_CR","GO_BP",NA,NA,NA,NA
"Training_CR","GO_BP",NA,NA,NA,NA
"Training_CR","GO_BP",NA,NA,NA,NA
"Training_CR","GO_BP",NA,NA,NA,NA
"Training_CR","GO_BP",NA,NA,NA,NA
"Training_CR","GO_BP",NA,NA,NA,NA
"Training_CR","GO_BP",NA,NA,NA,NA
"Training_CR","GO_BP",NA,NA,NA,NA
"Training_CR","GO_BP",NA,NA,NA,NA
"Training_CR","GO_BP",NA,NA,NA,NA
"Training_CR","GO_BP",NA,NA,NA,NA
"Training_CR","GO_BP",NA,NA,NA,NA
"Training_CR","GO_BP",NA,NA,NA,NA
"Training_CR","GO_BP",NA,NA,NA,NA
"Training_CR","GO_BP",NA,NA,NA,NA
"Training_CR","GO_BP",NA,NA,NA,NA
"Training_CR","GO_BP",NA,NA,NA,NA
"Training_CR","GO_BP",NA,NA,NA,NA
"Training_CR","GO_BP",NA,NA,NA,NA
"Training_CR","GO_BP",NA,NA,NA,NA
"Training_CR","GO_BP",NA,NA,NA,NA
"Training_CR","GO_BP",NA,NA,NA,NA
"Training_CR","GO_BP",NA,NA,NA,NA
"Training_CR","GO_BP",NA,NA,NA,NA
"Training_CR","GO_BP",NA,NA,NA,NA
"Training_CR","GO_BP",NA,NA,NA,NA
"Training_CR","GO_BP",NA,NA,NA,NA
"Training_CR","GO_BP",NA,NA,NA,NA
"Training_CR","GO_BP",NA,NA,NA,NA
"Training_CR","GO_BP",NA,NA,NA,NA
"Training_CR","GO_BP",NA,NA,NA,NA
"Training_CR","GO_BP",NA,NA,NA,NA
"Training_CR","GO_BP",NA,NA,NA,NA
"Training_CR","GO_BP",NA,NA,NA,NA
"Training_CR","GO_BP",NA,NA,NA,NA
"Training_CR","GO_BP",NA,NA,NA,NA
"Training_CR","GO_BP",NA,NA,NA,NA
"Training_CR","GO_BP",NA,NA,NA,NA
"Training_CR","GO_BP",NA,NA,NA,NA
"Training_CR","GO_BP",NA,NA,NA,NA
"Training_CR","GO_BP",NA,NA,NA,NA
"Training_CR","GO_BP",NA,NA,NA,NA
"Training_CR","GO_BP",NA,NA,NA,NA
"Training_CR","GO_BP",NA,NA,NA,NA
"Training_CR","GO_BP",NA,NA,NA,NA
"Training_CR","GO_BP",NA,NA,NA,NA
"Training_CR","GO_BP",NA,NA,NA,NA
"Training_CR","GO_BP",NA,NA,NA,NA
"Training_CR","GO_BP",NA,NA,NA,NA
"Training_CR","GO_BP",NA,NA,NA,NA
"Training_CR","GO_BP",NA,NA,NA,NA
"Training_CR","GO_BP",NA,NA,NA,NA
"Training_CR","GO_BP",NA,NA,NA,NA
"Training_CR","GO_BP",NA,NA,NA,NA
"Training_CR","GO_BP",NA,NA,NA,NA
"Training_CR","GO_BP",NA,NA,NA,NA
"Training_CR","GO_BP",NA,NA,NA,NA
"Training_CR","GO_BP",NA,NA,NA,NA
"Training_CR","GO_BP",NA,NA,NA,NA
"Training_CR","GO_BP",NA,NA,NA,NA
"Training_CR","GO_BP",NA,NA,NA,NA
"Training_CR","GO_BP",NA,NA,NA,NA
"Training_CR","GO_BP",NA,NA,NA,NA
"Training_CR","GO_BP",NA,NA,NA,NA
"Training_CR","GO_BP",NA,NA,NA,NA
"Training_CR","GO_BP",NA,NA,NA,NA
"Training_CR","GO_BP",NA,NA,NA,NA
"Training_CR","GO_BP",NA,NA,NA,NA
"Training_CR","GO_BP",NA,NA,NA,NA
"Training_CR","GO_BP",NA,NA,NA,NA
"Training_CR","GO_BP",NA,NA,NA,NA
"Training_CR","GO_BP",NA,NA,NA,NA
"Training_CR","GO_BP",NA,NA,NA,NA
"Training_CR","GO_BP",NA,NA,NA,NA
"Training_CR","GO_BP",NA,NA,NA,NA
"Training_CR","GO_BP",NA,NA,NA,NA
"Training_CR","GO_BP",NA,NA,NA,NA
"Training_CR","GO_BP",NA,NA,NA,NA
"Training_CR","GO_BP",NA,NA,NA,NA
"Training_CR","GO_BP",NA,NA,NA,NA
"Training_CR","GO_BP",NA,NA,NA,NA
"Training_CR","GO_BP",NA,NA,NA,NA
"Training_CR","GO_BP",NA,NA,NA,NA
"Training_CR","GO_BP",NA,NA,NA,NA
"Training_CR","GO_BP",NA,NA,NA,NA
"Training_CR","GO_BP",NA,NA,NA,NA
"Training_CR","GO_BP",NA,NA,NA,NA
"Training_CR","GO_BP",NA,NA,NA,NA
"Training_CR","GO_BP",NA,NA,NA,NA
"Training_CR","GO_BP",NA,NA,NA,NA
"Training_CR","GO_BP",NA,NA,NA,NA
"Training_CR","GO_BP",NA,NA,NA,NA
"Training_CR","GO_BP",NA,NA,NA,NA
"Training_CR","GO_BP",NA,NA,NA,NA
"Training_CR","GO_BP",NA,NA,NA,NA
"Training_CR","GO_BP",NA,NA,NA,NA
"Training_CR","GO_BP",NA,NA,NA,NA
"Training_CR","GO_BP",NA,NA,NA,NA
"Training_CR","GO_BP",NA,NA,NA,NA
"Training_CR","GO_BP",NA,NA,NA,NA
"Training_CR","GO_BP",NA,NA,NA,NA
"Training_CR","GO_BP",NA,NA,NA,NA
"Training_CR","GO_BP",NA,NA,NA,NA
"Training_CR","GO_BP",NA,NA,NA,NA
"Training_CR","GO_BP",NA,NA,NA,NA
"Training_CR","GO_BP",NA,NA,NA,NA
"Training_CR","GO_BP",NA,NA,NA,NA
"Training_CR","GO_BP",NA,NA,NA,NA
"Training_CR","GO_BP",NA,NA,NA,NA
"Training_CR","GO_BP",NA,NA,NA,NA
"Training_CR","GO_BP",NA,NA,NA,NA
"Training_CR","GO_BP",NA,NA,NA,NA
"Training_CR","GO_BP",NA,NA,NA,NA
"Training_CR","GO_BP",NA,NA,NA,NA
"Training_CR","GO_BP",NA,NA,NA,NA
"Training_CR","GO_BP",NA,NA,NA,NA
"Training_CR","GO_BP",NA,NA,NA,NA
"Training_CR","GO_BP",NA,NA,NA,NA
"Training_CR","GO_BP",NA,NA,NA,NA
"Training_CR","GO_BP",NA,NA,NA,NA
"Training_CR","GO_BP",NA,NA,NA,NA
"Training_CR","GO_BP",NA,NA,NA,NA
"Training_CR","GO_BP",NA,NA,NA,NA
"Training_CR","GO_BP",NA,NA,NA,NA
"Training_CR","GO_BP",NA,NA,NA,NA
"Training_CR","GO_BP",NA,NA,NA,NA
"Training_CR","GO_BP",NA,NA,NA,NA
"Training_CR","GO_BP",NA,NA,NA,NA
"Training_CR","GO_BP",NA,NA,NA,NA
"Training_CR","GO_BP",NA,NA,NA,NA
"Training_CR","GO_BP",NA,NA,NA,NA
"Training_CR","GO_BP",NA,NA,NA,NA
"Training_CR","GO_BP",NA,NA,NA,NA
"Training_CR","GO_BP",NA,NA,NA,NA
"Training_CR","GO_BP",NA,NA,NA,NA
"Training_CR","GO_BP",NA,NA,NA,NA
"Training_CR","GO_BP",NA,NA,NA,NA
"Training_CR","GO_BP",NA,NA,NA,NA
"Training_CR","GO_BP",NA,NA,NA,NA
"Training_CR","GO_BP",NA,NA,NA,NA
"Training_CR","GO_BP",NA,NA,NA,NA
"Training_CR","GO_BP",NA,NA,NA,NA
"Training_CR","GO_BP",NA,NA,NA,NA
"Training_CR","GO_BP",NA,NA,NA,NA
"Training_CR","GO_BP",NA,NA,NA,NA
"Training_CR","GO_BP",NA,NA,NA,NA
"Training_CR","GO_BP",NA,NA,NA,NA
"Training_CR","GO_BP",NA,NA,NA,NA
"Training_CR","GO_BP",NA,NA,NA,NA
"Training_CR","GO_BP",NA,NA,NA,NA
"Training_CR","GO_BP",NA,NA,NA,NA
"Training_CR","GO_BP",NA,NA,NA,NA
"Training_CR","GO_BP",NA,NA,NA,NA
"Training_CR","GO_BP",NA,NA,NA,NA
"Training_CR","GO_BP",NA,NA,NA,NA
"Training_CR","GO_BP",NA,NA,NA,NA
"Training_CR","GO_BP",NA,NA,NA,NA
"Training_CR","GO_BP",NA,NA,NA,NA
"Training_CR","GO_BP",NA,NA,NA,NA
"Training_CR","GO_BP",NA,NA,NA,NA
"Training_CR","GO_BP",NA,NA,NA,NA
"Training_CR","GO_BP",NA,NA,NA,NA
"Training_CR","GO_BP",NA,NA,NA,NA
"Training_CR","GO_BP",NA,NA,NA,NA
"Training_CR","GO_BP",NA,NA,NA,NA
"Training_CR","GO_BP",NA,NA,NA,NA
"Training_CR","GO_BP",NA,NA,NA,NA
"Training_CR","GO_BP",NA,NA,NA,NA
"Training_CR","GO_BP",NA,NA,NA,NA
"Training_CR","GO_BP",NA,NA,NA,NA
"Training_CR","GO_BP",NA,NA,NA,NA
"Training_CR","GO_BP",NA,NA,NA,NA
"Training_CR","GO_BP",NA,NA,NA,NA
"Training_CR","GO_BP",NA,NA,NA,NA
"Training_CR","GO_BP",NA,NA,NA,NA
"Training_CR","GO_BP",NA,NA,NA,NA
"Training_CR","GO_BP",NA,NA,NA,NA
"Training_CR","GO_BP",NA,NA,NA,NA
"Training_CR","GO_BP",NA,NA,NA,NA
"Training_CR","GO_BP",NA,NA,NA,NA
"Training_CR","GO_BP",NA,NA,NA,NA
"Training_CR","GO_BP",NA,NA,NA,NA
"Training_CR","GO_BP",NA,NA,NA,NA
"Training_CR","GO_BP",NA,NA,NA,NA
"Training_CR","GO_BP",NA,NA,NA,NA
"Training_CR","GO_BP",NA,NA,NA,NA
"Training_CR","GO_BP",NA,NA,NA,NA
"Training_CR","GO_BP",NA,NA,NA,NA
"Training_CR","GO_BP",NA,NA,NA,NA
"Training_CR","GO_BP",NA,NA,NA,NA
"Training_CR","GO_BP",NA,NA,NA,NA
"Training_CR","GO_CC","respiratory chain complex",2.31910249279393,1.58502095577602e-07,81
"Training_CR","GO_CC","postsynaptic cytosol",-1.97594515038647,0.0538926871010414,10
"Training_CR","GO_CC","cytochrome complex",1.90293376548393,0.02646680472601,21
"Training_CR","GO_CC","proteasome core complex",-1.8132677350511,0.136112288321519,15
"Training_CR","GO_CC","oxidoreductase complex",1.80003520179004,0.0519280678953506,71
"Training_CR","GO_CC","site of DNA damage",1.76450772817144,0.124541286199919,22
"Training_CR","GO_CC","interstitial matrix",1.74619057784397,0.148740670854566,27
"Training_CR","GO_CC","ribosome",1.72955909578711,0.02646680472601,112
"Training_CR","GO_CC","fibrillar center",-1.72016411034989,0.245553158662839,10
"Training_CR","GO_CC","rough endoplasmic reticulum",1.70557385257573,0.171568939604821,20
"Training_CR","GO_CC","autolysosome",1.70279979921352,0.171568939604821,8
"Training_CR","GO_CC","extrinsic component of cytoplasmic side of plasma membrane",-1.68269101552168,0.22806292775514,12
"Training_CR","GO_CC","perikaryon",-1.68035509846482,0.245553158662839,18
"Training_CR","GO_CC","dystrophin-associated glycoprotein complex",-1.67978087216617,0.268184958273485,13
"Training_CR","GO_CC","glycoprotein complex",-1.67978087216617,0.268184958273485,13
"Training_CR","GO_CC","RNA cap binding complex",-1.66225020604271,0.245553158662839,8
"Training_CR","GO_CC","solid phase of interstitial matrix",1.66077070495442,0.245553158662839,23
"Training_CR","GO_CC","GTPase complex",-1.62242239855112,0.245553158662839,12
"Training_CR","GO_CC","sperm end piece",-1.6205959536492,0.198533819428185,5
"Training_CR","GO_CC","transmembrane transporter complex",1.61263075525482,0.0879129973298227,115
"Training_CR","GO_CC","COPI-coated vesicle",1.6107033924886,0.245553158662839,10
"Training_CR","GO_CC","photoreceptor outer segment",-1.60159750348595,0.303892863817824,7
"Training_CR","GO_CC","actomyosin",1.59853689806473,0.233958708486184,47
"Training_CR","GO_CC","U5 snRNP",1.58706339437262,0.245553158662839,5
"Training_CR","GO_CC","COPI-coated vesicle membrane",1.58451960109937,0.245553158662839,9
"Training_CR","GO_CC","apicolateral plasma membrane",-1.56993664085821,0.171568939604821,3
"Training_CR","GO_CC","node of Ranvier",-1.56617017121789,0.245553158662839,5
"Training_CR","GO_CC","dynein complex",1.56166833530348,0.268184958273485,12
"Training_CR","GO_CC","plasma membrane signaling receptor complex",-1.55213287844916,0.32796023420638,9
"Training_CR","GO_CC","dendritic spine",-1.55048753285366,0.317354704279514,26
"Training_CR","GO_CC","SMN-Sm protein complex",1.51932942642232,0.301239338351289,6
"Training_CR","GO_CC","myosin filament",1.51871070877943,0.317354704279514,17
"Training_CR","GO_CC","dendritic shaft",-1.50569112145588,0.250555300929351,3
"Training_CR","GO_CC","nuclear outer membrane",-1.49389702171435,0.487554334454195,8
"Training_CR","GO_CC","endoplasmic reticulum tubular network",-1.48290759784059,0.481068765534383,11
"Training_CR","GO_CC","mitochondrial ribosome",1.48237112216187,0.401482247054638,18
"Training_CR","GO_CC","membrane coat",1.47785595467835,0.317354704279514,34
"Training_CR","GO_CC","coated membrane",1.47785595467835,0.317354704279514,34
"Training_CR","GO_CC","neuron spine",-1.47380573512206,0.42968142968143,27
"Training_CR","GO_CC","tertiary granule membrane",1.46885008188357,0.42968142968143,12
"Training_CR","GO_CC","nuclear inner membrane",-1.46345285542856,0.496310331072996,8
"Training_CR","GO_CC","cell cortex region",1.4565463964412,0.249091593813752,3
"Training_CR","GO_CC","keratin filament",-1.44904132790932,0.481068765534383,5
"Training_CR","GO_CC","pseudopodium",1.44030610289547,0.481068765534383,12
"Training_CR","GO_CC","myofibril",1.43845436748323,0.210670275103676,147
"Training_CR","GO_CC","transcription repressor complex",1.41962970082385,0.481068765534383,5
"Training_CR","GO_CC","protein complex involved in cell adhesion",-1.41890551471039,0.496310331072996,4
"Training_CR","GO_CC","proton-transporting ATP synthase complex",1.4161045406556,0.496310331072996,15
"Training_CR","GO_CC","gel phase of interstitial matrix",1.41318926303137,0.502727272727273,8
"Training_CR","GO_CC","U2-type catalytic step 2 spliceosome",1.40088434958959,0.496310331072996,6
"Training_CR","GO_CC","centriolar satellite",1.39235760743255,0.496310331072996,5
"Training_CR","GO_CC","collagenous component of interstitial matrix",1.39104621108442,0.508544007490637,6
"Training_CR","GO_CC","dense core granule",-1.38392302182872,0.554152637485971,6
"Training_CR","GO_CC","complex of collagen trimers",1.38327645582638,0.496310331072996,11
"Training_CR","GO_CC","growth cone",1.38327403267779,0.496310331072996,31
"Training_CR","GO_CC","transferase complex, transferring phosphorus-containing groups",-1.36479639096782,0.496310331072996,22
"Training_CR","GO_CC","non-collagenous component of interstitial matrix",1.36230369258772,0.496310331072996,17
"Training_CR","GO_CC","peroxisome",-1.36025681886241,0.42968142968143,45
"Training_CR","GO_CC","neuronal cell body membrane",1.34322346355426,0.245553158662839,1
"Training_CR","GO_CC","ubiquitin ligase complex",-1.34009034380759,0.496310331072996,33
"Training_CR","GO_CC","T-tubule",-1.33889253967971,0.54836003051106,23
"Training_CR","GO_CC","autophagosome membrane",-1.338709594367,0.554152637485971,17
"Training_CR","GO_CC","microvillus",1.33570559075426,0.578877383579471,14
"Training_CR","GO_CC","mitotic spindle microtubule",1.33498742435548,0.519288793103448,4
"Training_CR","GO_CC","inhibitory synapse",-1.31706543238284,0.554152637485971,2
"Training_CR","GO_CC","focal adhesion",1.30810575053295,0.245553158662839,208
"Training_CR","GO_CC","exosome (RNase complex)",-1.30264438765266,0.560040509259259,2
"Training_CR","GO_CC","dendrite cytoplasm",-1.30015602015892,0.63135061080032,4
"Training_CR","GO_CC","plasma membrane raft",-1.29834425604016,0.560991482438511,31
"Training_CR","GO_CC","collagen trimer",1.29701819905673,0.613942626716349,13
"Training_CR","GO_CC","synaptic membrane",-1.29669267435052,0.554152637485971,38
"Training_CR","GO_CC","site of polarized growth",1.29561653532791,0.568975069252078,32
"Training_CR","GO_CC","actin filament",1.286750715124,0.519288793103448,40
"Training_CR","GO_CC","RNAi effector complex",-1.28605207911316,0.662551077031731,6
"Training_CR","GO_CC","TRAPP complex",1.28186078227706,0.496310331072996,1
"Training_CR","GO_CC","dendritic spine membrane",-1.27757619738752,0.496310331072996,1
"Training_CR","GO_CC","Seh1-associated complex",-1.27216224197785,0.63135061080032,2
"Training_CR","GO_CC","exoribonuclease complex",-1.2644859376158,0.662551077031731,4
"Training_CR","GO_CC","elastic fiber",1.25843161825881,0.651856553475087,13
"Training_CR","GO_CC","axonemal microtubule",-1.2531674467644,0.561174724342663,1
"Training_CR","GO_CC","lateral plasma membrane",1.24676370240386,0.662551077031731,13
"Training_CR","GO_CC","chromosome, telomeric repeat region",1.24614621578313,0.578877383579471,2
"Training_CR","GO_CC","small-subunit processome",1.24192209773175,0.61852261553589,23
"Training_CR","GO_CC","basal part of cell",-1.23741336229255,0.565315808689303,42
"Training_CR","GO_CC","NuRD complex",-1.23639150890443,0.668573155704355,2
"Training_CR","GO_CC","ESC/E(Z) complex",-1.23639150890443,0.668573155704355,2
"Training_CR","GO_CC","intercalated disc",-1.23449246973771,0.63135061080032,22
"Training_CR","GO_CC","postsynaptic specialization",1.22363389325943,0.594775928297055,60
"Training_CR","GO_CC","mitochondrial outer membrane",1.22114869612801,0.594775928297055,78
"Training_CR","GO_CC","mitochondrial protein-containing complex",1.22073420404056,0.581593971754155,73
"Training_CR","GO_CC","nuclear ubiquitin ligase complex",1.21655737834902,0.646586345381526,1
"Training_CR","GO_CC","XY body",-1.21599957649737,0.652948193592365,1
"Training_CR","GO_CC","phagocytic vesicle membrane",-1.20355909885906,0.668573155704355,20
"Training_CR","GO_CC","asymmetric synapse",1.19766890443793,0.652948193592365,62
"Training_CR","GO_CC","cell leading edge",1.19384012964044,0.63135061080032,100
"Training_CR","GO_CC","basal plasma membrane",-1.19025719665565,0.645260397152492,40
"Training_CR","GO_CC","myelin sheath",-1.18671774886336,0.696804236669102,10
"Training_CR","GO_CC","recycling endosome",-1.17842350497208,0.668573155704355,36
"Training_CR","GO_CC","brush border",1.15944900848194,0.696804236669102,28
"Training_CR","GO_CC","Golgi apparatus subcompartment",-1.13489071548854,0.677773343974461,49
"Training_CR","GO_CC",NA,NA,NA,NA
"Training_CR","GO_CC",NA,NA,NA,NA
"Training_CR","GO_CC",NA,NA,NA,NA
"Training_CR","GO_CC",NA,NA,NA,NA
"Training_CR","GO_CC",NA,NA,NA,NA
"Training_CR","GO_CC",NA,NA,NA,NA
"Training_CR","GO_CC",NA,NA,NA,NA
"Training_CR","GO_CC",NA,NA,NA,NA
"Training_CR","GO_CC",NA,NA,NA,NA
"Training_CR","GO_CC",NA,NA,NA,NA
"Training_CR","GO_CC",NA,NA,NA,NA
"Training_CR","GO_CC",NA,NA,NA,NA
"Training_CR","GO_CC",NA,NA,NA,NA
"Training_CR","GO_CC",NA,NA,NA,NA
"Training_CR","GO_CC",NA,NA,NA,NA
"Training_CR","GO_CC",NA,NA,NA,NA
"Training_CR","GO_CC",NA,NA,NA,NA
"Training_CR","GO_CC",NA,NA,NA,NA
"Training_CR","GO_CC",NA,NA,NA,NA
"Training_CR","GO_CC",NA,NA,NA,NA
"Training_CR","GO_CC",NA,NA,NA,NA
"Training_CR","GO_CC",NA,NA,NA,NA
"Training_CR","GO_CC",NA,NA,NA,NA
"Training_CR","GO_CC",NA,NA,NA,NA
"Training_CR","GO_CC",NA,NA,NA,NA
"Training_CR","GO_CC",NA,NA,NA,NA
"Training_CR","GO_CC",NA,NA,NA,NA
"Training_CR","GO_CC",NA,NA,NA,NA
"Training_CR","GO_CC",NA,NA,NA,NA
"Training_CR","GO_CC",NA,NA,NA,NA
"Training_CR","GO_CC",NA,NA,NA,NA
"Training_CR","GO_CC",NA,NA,NA,NA
"Training_CR","GO_CC",NA,NA,NA,NA
"Training_CR","GO_CC",NA,NA,NA,NA
"Training_CR","GO_CC",NA,NA,NA,NA
"Training_CR","GO_CC",NA,NA,NA,NA
"Training_CR","GO_CC",NA,NA,NA,NA
"Training_CR","GO_CC",NA,NA,NA,NA
"Training_CR","GO_CC",NA,NA,NA,NA
"Training_CR","GO_CC",NA,NA,NA,NA
"Training_CR","GO_CC",NA,NA,NA,NA
"Training_CR","GO_CC",NA,NA,NA,NA
"Training_CR","GO_CC",NA,NA,NA,NA
"Training_CR","GO_CC",NA,NA,NA,NA
"Training_CR","GO_CC",NA,NA,NA,NA
"Training_CR","GO_MF","oxidoreduction-driven active transmembrane transporter activity",2.13036372165132,0.00123772530529903,50
"Training_CR","GO_MF","proton transmembrane transporter activity",2.09140433442955,0.000226526829177092,80
"Training_CR","GO_MF","G protein activity",-1.93644269696235,0.0215327474847112,39
"Training_CR","GO_MF","NADH dehydrogenase (ubiquinone) activity",1.88850965112123,0.0252072679980775,35
"Training_CR","GO_MF","electron transfer activity",1.87308919090032,0.0215327474847112,73
"Training_CR","GO_MF","manganese ion binding",-1.85589204949343,0.183836974689085,15
"Training_CR","GO_MF","active monoatomic ion transmembrane transporter activity",1.82124423890752,0.0215327474847112,65
"Training_CR","GO_MF","GDP binding",-1.71955145272543,0.215630068677431,29
"Training_CR","GO_MF","calcium channel regulator activity",-1.7049359741353,0.433008479764992,17
"Training_CR","GO_MF","laminin binding",-1.69909805425594,0.376523599138167,8
"Training_CR","GO_MF","structural constituent of ribosome",1.69765933522526,0.0850193460861703,84
"Training_CR","GO_MF","acetyltransferase activity",-1.67987044210406,0.376523599138167,16
"Training_CR","GO_MF","actin filament binding",1.67951732590713,0.067094304684823,86
"Training_CR","GO_MF","acyl-CoA binding",-1.67141097738395,0.433008479764992,6
"Training_CR","GO_MF","GTPase activity",-1.66082438150703,0.087996115986517,90
"Training_CR","GO_MF","ubiquitin conjugating enzyme binding",-1.65269996296722,0.45231735100825,6
"Training_CR","GO_MF","ferrous iron binding",1.63840513361291,0.209926829920994,5
"Training_CR","GO_MF","flavin adenine dinucleotide binding",-1.61946024070594,0.45231735100825,30
"Training_CR","GO_MF","antioxidant activity",-1.61278937409852,0.367383714380756,38
"Training_CR","GO_MF","oxidoreductase activity, acting on the CH-NH2 group of donors, oxygen as acceptor",-1.59391124682747,0.559217120024875,4
"Training_CR","GO_MF","ubiquitin-protein transferase activator activity",-1.58647623681778,0.559217120024875,4
"Training_CR","GO_MF","NAD+-protein mono-ADP-ribosyltransferase activity",-1.58481278295101,0.183836974689085,3
"Training_CR","GO_MF","organophosphate ester transmembrane transporter activity",1.57604796263556,0.57248005164086,7
"Training_CR","GO_MF","carbohydrate derivative transmembrane transporter activity",1.57604796263556,0.57248005164086,7
"Training_CR","GO_MF","DNA-(apurinic or apyrimidinic site) endonuclease activity",1.57208515812285,0.450169159532351,4
"Training_CR","GO_MF","carboxylic acid binding",-1.57137042112662,0.361381690009113,34
"Training_CR","GO_MF","organic acid binding",-1.57137042112662,0.361381690009113,34
"Training_CR","GO_MF","oxidoreductase activity, acting on a sulfur group of donors",-1.57090510845258,0.55327113831249,32
"Training_CR","GO_MF","translation initiation factor activity",-1.55944367103623,0.521262416787579,36
"Training_CR","GO_MF","oxidoreductase activity, acting on the CH-NH group of donors, NAD or NADP as acceptor",-1.5590992480993,0.57248005164086,4
"Training_CR","GO_MF","magnesium ion binding",-1.55759577412267,0.255070440489707,72
"Training_CR","GO_MF","lipase activator activity",-1.54543350853405,0.559217120024875,7
"Training_CR","GO_MF","phosphatidylinositol-3,4,5-trisphosphate binding",1.54413785831028,0.57248005164086,6
"Training_CR","GO_MF","fatty acid derivative binding",-1.53178586155605,0.658290427521197,5
"Training_CR","GO_MF","oxidoreductase activity, acting on paired donors, with incorporation or reduction of molecular oxygen",-1.52732570518618,0.559217120024875,13
"Training_CR","GO_MF","ATP-dependent activity, acting on DNA",1.52728492148589,0.658290427521197,11
"Training_CR","GO_MF","oxidoreductase activity, acting on the CH-CH group of donors",-1.51693770139705,0.56701133485621,31
"Training_CR","GO_MF","structural constituent of skin epidermis",-1.50018121946638,0.658290427521197,4
"Training_CR","GO_MF","cAMP binding",-1.49855570284293,0.559217120024875,3
"Training_CR","GO_MF","fibroblast growth factor binding",1.49843425515119,0.57248005164086,5
"Training_CR","GO_MF","oxidoreductase activity, acting on peroxide as acceptor",-1.49684498321921,0.57248005164086,25
"Training_CR","GO_MF","cytoskeletal motor activity",1.49430803805966,0.559217120024875,24
"Training_CR","GO_MF","extracellular matrix structural constituent",1.49356844433113,0.559217120024875,49
"Training_CR","GO_MF","mRNA 5'-UTR binding",1.48848478509238,0.658290427521197,11
"Training_CR","GO_MF","structural constituent of muscle",1.4863612009317,0.559217120024875,38
"Training_CR","GO_MF","omega peptidase activity",-1.4771137260707,0.658290427521197,4
"Training_CR","GO_MF","vitamin binding",-1.47557749988385,0.57248005164086,28
"Training_CR","GO_MF","molecular condensate scaffold activity",1.47235612027704,0.658290427521197,13
"Training_CR","GO_MF","nuclear receptor binding",-1.4653000897129,0.673822615347836,16
"Training_CR","GO_MF","poly(A) binding",1.46430096880973,0.658290427521197,7
"Training_CR","GO_MF","hydrolase activity, acting on glycosyl bonds",1.45943404976426,0.658290427521197,16
"Training_CR","GO_MF","ubiquitin-like protein binding",-1.45708348352343,0.658290427521197,30
"Training_CR","GO_MF","G-protein beta/gamma-subunit complex binding",-1.45469190534207,0.674384920634921,7
"Training_CR","GO_MF","calcium ion transmembrane transporter activity",-1.45469131377493,0.658290427521197,17
"Training_CR","GO_MF","cyclic nucleotide binding",-1.44732350156264,0.658290427521197,4
"Training_CR","GO_MF","glutathione transferase activity",-1.43839757695642,0.674384920634921,12
"Training_CR","GO_MF","pyridoxal phosphate binding",-1.43803587309201,0.674384920634921,16
"Training_CR","GO_MF","protein-lysine N-methyltransferase activity",-1.43062767313218,0.674384920634921,5
"Training_CR","GO_MF","guanyl ribonucleotide binding",-1.41943129373607,0.439593920288586,112
"Training_CR","GO_MF","CCR chemokine receptor binding",1.41591273336073,0.658290427521197,3
"Training_CR","GO_MF","telomeric DNA binding",1.39991785439146,0.680309791249936,10
"Training_CR","GO_MF","alpha-tubulin binding",1.39883642823711,0.674384920634921,9
"Training_CR","GO_MF","lipoprotein particle binding",1.39429563890042,0.674384920634921,7
"Training_CR","GO_MF","hydrolase activity, acting on carbon-nitrogen (but not peptide) bonds, in cyclic amidines",-1.39078778423769,0.692564745196324,5
"Training_CR","GO_MF","ATP transmembrane transporter activity",1.38924970438879,0.658290427521197,5
"Training_CR","GO_MF","ligase activity, forming carbon-nitrogen bonds",-1.37178676513955,0.680309791249936,16
"Training_CR","GO_MF","SH2 domain binding",-1.37074222254661,0.701057082452431,5
"Training_CR","GO_MF","peptidoglycan binding",1.36957008544608,0.658290427521197,2
"Training_CR","GO_MF","mRNA regulatory element binding translation repressor activity",-1.36931341112084,0.680309791249936,3
"Training_CR","GO_MF","interleukin-1 receptor binding",-1.36696059122619,0.658290427521197,2
"Training_CR","GO_MF","lyase activity",-1.36419361336896,0.57248005164086,64
"Training_CR","GO_MF","threonine-type peptidase activity",-1.36355348345921,0.723928417686489,4
"Training_CR","GO_MF","modified amino acid binding",-1.36017746163972,0.674384920634921,31
"Training_CR","GO_MF","voltage-gated monoatomic cation channel activity",-1.35875936106698,0.705304230475855,7
"Training_CR","GO_MF","ubiquitin-protein transferase activity",-1.35017775114227,0.674384920634921,37
"Training_CR","GO_MF","K48-linked deubiquitinase activity",1.34757287595654,0.692564745196324,4
"Training_CR","GO_MF","DNA polymerase binding",1.34686498361326,0.705304230475855,7
"Training_CR","GO_MF","protein serine/threonine kinase inhibitor activity",-1.34524581250737,0.705304230475855,15
"Training_CR","GO_MF","cytokine activity",1.34374908712944,0.680309791249936,8
"Training_CR","GO_MF","aminoacyl-tRNA ligase activity",1.34302064552243,0.680309791249936,28
"Training_CR","GO_MF","ligase activity, forming carbon-oxygen bonds",1.34302064552243,0.680309791249936,28
"Training_CR","GO_MF","telomerase RNA binding",1.34270133000962,0.692564745196324,4
"Training_CR","GO_MF","histone H3 methyltransferase activity",-1.34233559926465,0.730727082142177,7
"Training_CR","GO_MF","phosphatidylinositol-3,4-bisphosphate binding",1.34156927030483,0.658290427521197,2
"Training_CR","GO_MF","deacetylase activity",-1.34032014516803,0.730727082142177,7
"Training_CR","GO_MF","snoRNA binding",1.33819396242327,0.680309791249936,5
"Training_CR","GO_MF","DNA endonuclease activity, producing 5'-phosphomonoesters",1.32985574017048,0.658290427521197,1
"Training_CR","GO_MF","DNA helicase activity",1.32926743662233,0.692564745196324,8
"Training_CR","GO_MF","phosphatidylinositol bisphosphate binding",1.32685909180901,0.730727082142177,19
"Training_CR","GO_MF","solute:proton symporter activity",1.32534064233461,0.692564745196324,3
"Training_CR","GO_MF","ankyrin binding",1.32442229635948,0.694904490957123,5
"Training_CR","GO_MF","ATP-dependent protein folding chaperone",1.32206913777977,0.710480861780257,14
"Training_CR","GO_MF","iron-sulfur cluster binding",1.31997875291186,0.691764554849477,27
"Training_CR","GO_MF","tRNA methyltransferase activity",-1.31994741372844,0.680309791249936,2
"Training_CR","GO_MF","deaminase activity",-1.31921483864139,0.738945083904972,6
"Training_CR","GO_MF","histone H4 acetyltransferase activity",-1.31700337883152,0.57248005164086,1
"Training_CR","GO_MF","calmodulin binding",1.31640284649514,0.674384920634921,65
"Training_CR","GO_MF","oxidoreductase activity, acting on single donors with incorporation of molecular oxygen, incorporation of two atoms of oxygen",1.31597953715535,0.694904490957123,3
"Training_CR","GO_MF","translation regulator activity",-1.3119503553094,0.730727082142177,14
"Training_CR","GO_MF","tRNA-specific ribonuclease activity",1.31059888532986,0.674384920634921,1
"Training_CR","GO_MF","triacylglycerol lipase activity",-1.30807832416769,0.658290427521197,1
"Training_CR","GO_MF","histone binding",1.30534021596752,0.714343368237347,17
"Training_CR","GO_MF","heat shock protein binding",1.3025911417099,0.680309791249936,39
"Training_CR","GO_MF","metalloexopeptidase activity",-1.29744673940609,0.730727082142177,16
"Training_CR","GO_MF","BMP binding",1.29532954787164,0.680309791249936,2
"Training_CR","GO_MF","histone H4 methyltransferase activity",-1.29393230422511,0.762557990721485,3
"Training_CR","GO_MF","extracellular matrix binding",-1.2928069906902,0.732989634627418,14
"Training_CR","GO_MF","neuropilin binding",1.29190840857277,0.658290427521197,1
"Training_CR","GO_MF","peptidyl-prolyl cis-trans isomerase activity",-1.28971178442577,0.730727082142177,16
"Training_CR","GO_MF","cyclase activity",-1.28712692330412,0.76525948440842,3
"Training_CR","GO_MF","polypeptide conformation or assembly isomerase activity",1.28680479803908,0.730727082142177,27
"Training_CR","GO_MF","DNA damage sensor activity",-1.27572500101131,0.674384920634921,1
"Training_CR","GO_MF","heparan sulfate proteoglycan binding",-1.2752981208608,0.801088393856169,4
"Training_CR","GO_MF","RNA endonuclease activity producing 5'-phosphomonoesters, hydrolytic mechanism",1.27393618892952,0.762557990721485,3
"Training_CR","GO_MF","histone chaperone activity",1.27308969314,0.762557990721485,3
"Training_CR","GO_MF","endopeptidase activator activity",1.2719794913045,0.772960372960373,9
"Training_CR","GO_MF","macromolecular conformation isomerase activity",1.27114095056796,0.692564745196324,45
"Training_CR","GO_MF","alkali metal ion binding",1.26459673782708,0.772960372960373,9
"Training_CR","GO_MF","phosphatidylglycerol binding",1.26027369213189,0.772960372960373,5
"Training_CR","GO_MF","protein-RNA adaptor activity",1.26021775234489,0.783664634685043,11
"Training_CR","GO_MF","transporter inhibitor activity",-1.25576735077836,0.772960372960373,18
"Training_CR","GO_MF","demethylase activity",-1.25441980610898,0.772960372960373,2
"Training_CR","GO_MF","histone demethylase activity",-1.25441980610898,0.772960372960373,2
"Training_CR","GO_MF","intramolecular transferase activity",-1.2480883687218,0.772960372960373,11
"Training_CR","GO_MF","PDZ domain binding",-1.24759551561807,0.801088393856169,8
"Training_CR","GO_MF","diacylglycerol binding",1.24390946912709,0.797084229040453,3
"Training_CR","GO_MF","guanyl-nucleotide exchange factor activity",1.24241327369282,0.797084229040453,21
"Training_CR","GO_MF","protein-folding chaperone binding",1.2421971640639,0.702432715677749,54
"Training_CR","GO_MF","glycolipid binding",1.24129387144686,0.772960372960373,8
"Training_CR","GO_MF","phospholipid scramblase activity",1.23980162488637,0.710480861780257,1
"Training_CR","GO_MF","A2-type glycerophospholipase activity",-1.23946696643949,0.730727082142177,1
"Training_CR","GO_MF","histone modifying activity",-1.23716489683215,0.738945083904972,26
"Training_CR","GO_MF","14-3-3 protein binding",1.2310337506832,0.790525141369544,4
"Training_CR","GO_MF","lipid kinase activity",1.2293797294182,0.826976981928505,3
"Training_CR","GO_MF","oxidoreductase activity, acting on NAD(P)H",1.2283618896652,0.738945083904972,26
"Training_CR","GO_MF","catalytic activity, acting on a tRNA",1.22815320454021,0.744307327882632,37
"Training_CR","GO_MF","minus-end-directed microtubule motor activity",1.22507579471412,0.730727082142177,1
"Training_CR","GO_MF","dynein light intermediate chain binding",1.22507579471412,0.730727082142177,1
"Training_CR","GO_MF","ATPase activator activity",1.22391432634526,0.836798618048618,10
"Training_CR","GO_MF","fibroblast growth factor receptor binding",1.22224390429638,0.730727082142177,1
"Training_CR","GO_MF","myosin binding",1.22074850080545,0.783664634685043,25
"Training_CR","GO_MF","cell-cell adhesion mediator activity",1.21983699258686,0.801088393856169,15
"Training_CR","GO_MF","histone methyltransferase binding",1.21786262447549,0.772960372960373,2
"Training_CR","GO_MF","transporter regulator activity",-1.21605020761248,0.762557990721485,48
"Training_CR","GO_MF","DNA nuclease activity",1.2081215678066,0.8432254056992,9
"Training_CR","GO_MF","snRNA binding",1.20484789522786,0.8432254056992,9
"Training_CR","GO_MF","cadherin binding",1.20252486461817,0.692564745196324,160
"Training_CR","GO_MF","DNA replication origin binding",1.1915416532005,0.801088393856169,2
"Training_CR","GO_MF","sequence-specific mRNA binding",1.19080685769807,0.8432254056992,4
"Training_CR","GO_MF","actinin binding",1.18515549633143,0.8432254056992,18
"Training_CR","GO_MF","oxidoreductase activity, acting on CH-OH group of donors",-1.18303008298299,0.732989634627418,65
"Training_CR","GO_MF","phosphoprotein phosphatase activity",-1.16697957878523,0.801088393856169,36
"Training_CR","GO_MF","protein folding chaperone",1.16345234703269,0.8432254056992,40
"Training_CR","GO_MF",NA,NA,NA,NA
"Training_CR","GO_MF",NA,NA,NA,NA
"Training_CR","GO_MF",NA,NA,NA,NA
"Training_CR","GO_MF",NA,NA,NA,NA
"Training_CR","GO_MF",NA,NA,NA,NA
"Training_CR","GO_MF",NA,NA,NA,NA
"Training_CR","GO_MF",NA,NA,NA,NA
"Training_CR","GO_MF",NA,NA,NA,NA
"Training_CR","GO_MF",NA,NA,NA,NA
"Training_CR","GO_MF",NA,NA,NA,NA
"Training_CR","GO_MF",NA,NA,NA,NA
"Training_CR","GO_MF",NA,NA,NA,NA
"Training_CR","GO_MF",NA,NA,NA,NA
"Training_CR","GO_MF",NA,NA,NA,NA
"Training_CR","GO_MF",NA,NA,NA,NA
"Training_CR","GO_MF",NA,NA,NA,NA
"Training_CR","GO_MF",NA,NA,NA,NA
"Training_CR","GO_MF",NA,NA,NA,NA
"Training_CR","GO_MF",NA,NA,NA,NA
"Training_CR","GO_MF",NA,NA,NA,NA
"Training_CR","GO_MF",NA,NA,NA,NA
"Training_CR","GO_MF",NA,NA,NA,NA
"Training_CR","GO_MF",NA,NA,NA,NA
"Training_CR","GO_MF",NA,NA,NA,NA
"Training_CR","GO_MF",NA,NA,NA,NA
"Training_CR","GO_MF",NA,NA,NA,NA
"Training_CR","GO_MF",NA,NA,NA,NA
"Training_CR","GO_MF",NA,NA,NA,NA
"Training_CR","GO_MF",NA,NA,NA,NA
"Training_CR","GO_MF",NA,NA,NA,NA
"Training_CR","GO_MF",NA,NA,NA,NA
"Training_CR","GO_MF",NA,NA,NA,NA
"Training_CR","GO_MF",NA,NA,NA,NA
"Training_CR","GO_MF",NA,NA,NA,NA
"Training_CR","GO_MF",NA,NA,NA,NA
"Training_CR","GO_MF",NA,NA,NA,NA
"Training_CR","GO_MF",NA,NA,NA,NA
"Training_CR","GO_MF",NA,NA,NA,NA
"Training_CR","GO_MF",NA,NA,NA,NA
"Training_CR","GO_MF",NA,NA,NA,NA
"Training_CR","GO_MF",NA,NA,NA,NA
"Training_CR","GO_MF",NA,NA,NA,NA
"Training_CR","GO_MF",NA,NA,NA,NA
"Training_CR","GO_MF",NA,NA,NA,NA
"Training_CR","GO_MF",NA,NA,NA,NA
"Training_CR","GO_MF",NA,NA,NA,NA
"Training_CR","GO_MF",NA,NA,NA,NA
"Training_CR","GO_MF",NA,NA,NA,NA
"Training_CR","GO_MF",NA,NA,NA,NA
"Training_CR","GO_MF",NA,NA,NA,NA
"Training_CR","GO_MF",NA,NA,NA,NA
"Training_CR","GO_MF",NA,NA,NA,NA
"Training_CR","GO_MF",NA,NA,NA,NA
"Training_CR","GO_MF",NA,NA,NA,NA
"Training_CR","GO_MF",NA,NA,NA,NA
"Training_CR","GO_MF",NA,NA,NA,NA
"Training_CR","GO_MF",NA,NA,NA,NA
"Training_CR","GO_MF",NA,NA,NA,NA
"Training_CR","GO_MF",NA,NA,NA,NA
"Training_CR","GO_MF",NA,NA,NA,NA
"Training_CR","GO_MF",NA,NA,NA,NA
"Training_CR","GO_MF",NA,NA,NA,NA
"Training_CR","GO_MF",NA,NA,NA,NA
"Training_CR","GO_MF",NA,NA,NA,NA
"Training_CR","GO_MF",NA,NA,NA,NA
"Training_CR","GO_MF",NA,NA,NA,NA
"Training_CR","GO_MF",NA,NA,NA,NA
"Training_CR","GO_MF",NA,NA,NA,NA
"Training_CR","GO_MF",NA,NA,NA,NA
"Training_CR","GO_MF",NA,NA,NA,NA
"Training_CR","GO_MF",NA,NA,NA,NA
"Training_CR","GO_MF",NA,NA,NA,NA
"Training_CR","GO_MF",NA,NA,NA,NA
"Training_CR","GO_MF",NA,NA,NA,NA
"Training_CR","GO_MF",NA,NA,NA,NA
"Training_CR","GO_MF",NA,NA,NA,NA
"Training_CR","GO_MF",NA,NA,NA,NA
"Training_CR","GO_MF",NA,NA,NA,NA
"Training_CR","GO_MF",NA,NA,NA,NA
"Training_CR","GO_MF",NA,NA,NA,NA
"Training_CR","GO_MF",NA,NA,NA,NA
"Training_CR","GO_MF",NA,NA,NA,NA
"Training_CR","GO_MF",NA,NA,NA,NA
"Training_CR","GO_MF",NA,NA,NA,NA
"Training_CR","GO_MF",NA,NA,NA,NA
"Training_CR","GO_MF",NA,NA,NA,NA
"Training_CR","GO_MF",NA,NA,NA,NA
"Training_CR","GO_MF",NA,NA,NA,NA
"Training_CR","GO_MF",NA,NA,NA,NA
"Training_CR","GO_MF",NA,NA,NA,NA
"Training_CR","GO_MF",NA,NA,NA,NA
"Training_CR","GO_MF",NA,NA,NA,NA
"Training_CR","GO_MF",NA,NA,NA,NA
"Training_CR","GO_MF",NA,NA,NA,NA
"Training_CR","GO_MF",NA,NA,NA,NA
"Training_CR","GO_MF",NA,NA,NA,NA
"Training_CR","GO_MF",NA,NA,NA,NA
"Training_CR","GO_MF",NA,NA,NA,NA
"Training_CR","GO_MF",NA,NA,NA,NA
"Training_CR","GO_MF",NA,NA,NA,NA
"Training_CR","GO_MF",NA,NA,NA,NA
"Training_CR","GO_MF",NA,NA,NA,NA
"Training_CR","GO_MF",NA,NA,NA,NA
"Training_CR","GO_MF",NA,NA,NA,NA
"Training_CR","GO_MF",NA,NA,NA,NA
"Training_CR","GO_MF",NA,NA,NA,NA
"Training_CR","GO_MF",NA,NA,NA,NA
"Training_CR","GO_MF",NA,NA,NA,NA
"Training_CR","GO_MF",NA,NA,NA,NA
"Training_CR","GO_MF",NA,NA,NA,NA
"Training_CR","GO_MF",NA,NA,NA,NA
"Training_CR","GO_MF",NA,NA,NA,NA
"Training_CR","GO_MF",NA,NA,NA,NA
"Training_CR","GO_MF",NA,NA,NA,NA
"Training_CR","GO_MF",NA,NA,NA,NA
"Training_CR","GO_MF",NA,NA,NA,NA
"Training_CR","GO_MF",NA,NA,NA,NA
"Training_CR","GO_MF",NA,NA,NA,NA
"Training_CR","GO_MF",NA,NA,NA,NA
"Training_CR","GO_MF",NA,NA,NA,NA
"Training_CR","GO_MF",NA,NA,NA,NA
"Training_CR","GO_MF",NA,NA,NA,NA
"Training_CR","GO_MF",NA,NA,NA,NA
"Training_CR","GO_MF",NA,NA,NA,NA
"Training_CR","GO_MF",NA,NA,NA,NA
"Training_CR","GO_MF",NA,NA,NA,NA
