"contrast","database","pathway","NES","padj","size"
"CTLvPHE","GO_BP","regulation of polysaccharide biosynthetic process",-1.97306577715446,0.13752200533078,15
"CTLvPHE","GO_BP","cellular response to low-density lipoprotein particle stimulus",1.93464864782461,0.129997549987172,13
"CTLvPHE","GO_BP","regulation of phospholipid metabolic process",1.91753630165922,0.129997549987172,16
"CTLvPHE","GO_BP","mammary gland epithelium development",1.91729982721353,0.179737700185378,18
"CTLvPHE","GO_BP","regulation of polysaccharide metabolic process",-1.9172015287697,0.1444300716345,18
"CTLvPHE","GO_BP","cardiac muscle contraction",1.90489219311355,0.0799745671208866,47
"CTLvPHE","GO_BP","mammary gland duct morphogenesis",1.89123478225656,0.13752200533078,10
"CTLvPHE","GO_BP","muscle organ development",1.8661576766925,0.0354601109566656,103
"CTLvPHE","GO_BP","cellular response to lipoprotein particle stimulus",1.86479470329736,0.179737700185378,14
"CTLvPHE","GO_BP","actin filament-based movement",1.86067426865856,0.13752200533078,52
"CTLvPHE","GO_BP","cellular response to type II interferon",1.8512242395113,0.13752200533078,43
"CTLvPHE","GO_BP","ganglion development",-1.85116673930397,0.163905640565227,8
"CTLvPHE","GO_BP","regulation of response to cytokine stimulus",1.82742493892958,0.13752200533078,50
"CTLvPHE","GO_BP","connective tissue development",1.82420485638754,0.0562652609014609,79
"CTLvPHE","GO_BP","integrin-mediated signaling pathway",1.82252830458842,0.179737700185378,45
"CTLvPHE","GO_BP","muscle contraction",1.81103210040136,0.0354601109566656,107
"CTLvPHE","GO_BP","cellular component assembly involved in morphogenesis",1.80954579111263,0.17927114320777,48
"CTLvPHE","GO_BP","poly(A)+ mRNA export from nucleus",-1.8015433539257,0.250161241885742,9
"CTLvPHE","GO_BP","non-proteinogenic amino acid catabolic process",-1.80031596426769,0.215968722022082,6
"CTLvPHE","GO_BP","long-chain fatty-acyl-CoA metabolic process",1.79598996597428,0.247211004369977,9
"CTLvPHE","GO_BP","protein N-linked glycosylation",-1.79349457968418,0.234935168977291,32
"CTLvPHE","GO_BP","protein localization to plasma membrane",1.79051984163052,0.0354601109566656,157
"CTLvPHE","GO_BP","microtubule depolymerization",1.78860346400006,0.250401307901248,26
"CTLvPHE","GO_BP","B cell proliferation",1.78141569484296,0.254008868092663,17
"CTLvPHE","GO_BP","regulation of cytokine-mediated signaling pathway",1.77775079355829,0.209233859145529,46
"CTLvPHE","GO_BP","Golgi to plasma membrane protein transport",1.76381443829289,0.250161241885742,28
"CTLvPHE","GO_BP","positive regulation of smooth muscle cell apoptotic process",1.75860178523718,0.209233859145529,6
"CTLvPHE","GO_BP","negative regulation of vascular permeability",1.75428774985135,0.17927114320777,7
"CTLvPHE","GO_BP","intracellular mRNA localization",1.75378830198464,0.250161241885742,13
"CTLvPHE","GO_BP","cartilage condensation",1.75354450078587,0.215968722022082,6
"CTLvPHE","GO_BP","mitochondrion transport along microtubule",1.74696423562173,0.250161241885742,16
"CTLvPHE","GO_BP","regulation of skeletal muscle cell differentiation",1.74638627351442,0.218880604841061,6
"CTLvPHE","GO_BP","cell-substrate adhesion",1.7422201359423,0.0477722649387386,148
"CTLvPHE","GO_BP","platelet activation",-1.74202307045097,0.270135967788748,27
"CTLvPHE","GO_BP","positive regulation of heart contraction",1.7329244794615,0.250161241885742,12
"CTLvPHE","GO_BP","response to fibroblast growth factor",1.73239401769934,0.250161241885742,32
"CTLvPHE","GO_BP","positive regulation of tumor necrosis factor production",1.7289135122386,0.262751884037513,33
"CTLvPHE","GO_BP","aminoglycan biosynthetic process",-1.72855540662136,0.270135967788748,11
"CTLvPHE","GO_BP","regulation of cellular response to growth factor stimulus",1.72792911236808,0.13752200533078,96
"CTLvPHE","GO_BP","chondrocyte proliferation",1.7278421888353,0.250161241885742,10
"CTLvPHE","GO_BP","muscle cell differentiation",1.72732150467385,0.0354601109566656,166
"CTLvPHE","GO_BP","vascular process in circulatory system",1.72657038117664,0.215968722022082,70
"CTLvPHE","GO_BP","nephron development",1.72612827852547,0.247211004369977,38
"CTLvPHE","GO_BP","negative regulation of lymphocyte migration",1.72574533657093,0.209233859145529,5
"CTLvPHE","GO_BP","actin filament organization",1.72384542129016,0.0335361434874999,221
"CTLvPHE","GO_BP","regulation of glycogen metabolic process",-1.72318556240882,0.289978247709681,15
"CTLvPHE","GO_BP","cyclic nucleotide metabolic process",1.72008266348957,0.247211004369977,6
"CTLvPHE","GO_BP","telomere maintenance",-1.71807488639654,0.163905640565227,63
"CTLvPHE","GO_BP","telomere organization",-1.71807488639654,0.163905640565227,63
"CTLvPHE","GO_BP","cardiac ventricle development",1.7176463372961,0.221108512243069,41
"CTLvPHE","GO_BP","negative regulation of fibroblast growth factor receptor signaling pathway",1.71512245534045,0.109847037047819,4
"CTLvPHE","GO_BP","establishment of epithelial cell polarity",1.71388418426873,0.270135967788748,13
"CTLvPHE","GO_BP","regulation of cardiac muscle contraction",1.71185382330888,0.250161241885742,29
"CTLvPHE","GO_BP","establishment of endothelial barrier",1.71166981579866,0.262751884037513,20
"CTLvPHE","GO_BP","regulation of muscle cell differentiation",1.70862027783856,0.221108512243069,53
"CTLvPHE","GO_BP","cell aggregation",1.70800035237987,0.227724409457218,7
"CTLvPHE","GO_BP","protein transport along microtubule",1.7056581803724,0.227724409457218,7
"CTLvPHE","GO_BP","midbrain development",-1.70335360378389,0.250401307901248,8
"CTLvPHE","GO_BP","heart trabecula formation",1.6988609099036,0.250161241885742,6
"CTLvPHE","GO_BP","negative regulation of regulated secretory pathway",-1.68152384120483,0.3205765290932,11
"CTLvPHE","GO_BP","interferon-alpha production",1.67957708929666,0.250161241885742,11
"CTLvPHE","GO_BP","positive regulation of interferon-alpha production",1.67957708929666,0.250161241885742,11
"CTLvPHE","GO_BP","leukocyte tethering or rolling",1.6773525492375,0.250161241885742,7
"CTLvPHE","GO_BP","cell surface toll-like receptor signaling pathway",1.67720589353284,0.291055874773814,20
"CTLvPHE","GO_BP","tight junction assembly",1.67136883169304,0.323244768744578,26
"CTLvPHE","GO_BP","deoxyribonucleotide catabolic process",-1.67101400618818,0.267282306807318,8
"CTLvPHE","GO_BP","deoxyribose phosphate catabolic process",-1.67101400618818,0.267282306807318,8
"CTLvPHE","GO_BP","coagulation",-1.66951059923028,0.250401307901248,49
"CTLvPHE","GO_BP","regulation of cytokine production involved in inflammatory response",-1.66712577432935,0.267282306807318,16
"CTLvPHE","GO_BP","negative regulation of chemotaxis",1.66579183465881,0.318839702741852,14
"CTLvPHE","GO_BP","miRNA processing",1.6629060050632,0.289978247709681,16
"CTLvPHE","GO_BP","visual perception",1.66175539832079,0.329006484519715,19
"CTLvPHE","GO_BP","negative regulation of cell migration involved in sprouting angiogenesis",1.65950452295699,0.279856110077791,6
"CTLvPHE","GO_BP","myofibril assembly",1.65652897309607,0.289978247709681,34
"CTLvPHE","GO_BP","glutamatergic neuron differentiation",1.65376900126792,0.290922242893629,6
"CTLvPHE","GO_BP","maturation of LSU-rRNA from tricistronic rRNA transcript (SSU-rRNA, 5.8S rRNA, LSU-rRNA)",-1.65179927923149,0.279856110077791,8
"CTLvPHE","GO_BP","sprouting angiogenesis",1.64672954579463,0.262751884037513,46
"CTLvPHE","GO_BP","V(D)J recombination",-1.64434823616327,0.3205765290932,10
"CTLvPHE","GO_BP","regulation of macrophage activation",1.64048809403345,0.290922242893629,12
"CTLvPHE","GO_BP","negative regulation of vasoconstriction",1.63915285835602,0.290922242893629,5
"CTLvPHE","GO_BP","positive regulation of bone mineralization",1.63760312196319,0.290922242893629,12
"CTLvPHE","GO_BP","ectoderm development",-1.63754331095155,0.340531337097563,9
"CTLvPHE","GO_BP","response to ischemia",1.63509291998991,0.270135967788748,43
"CTLvPHE","GO_BP","regulation of viral transcription",1.63295824393673,0.267282306807318,7
"CTLvPHE","GO_BP","cell surface pattern recognition receptor signaling pathway",1.63147900008979,0.3205765290932,21
"CTLvPHE","GO_BP","leukocyte adhesion to vascular endothelial cell",1.6311176225314,0.270135967788748,11
"CTLvPHE","GO_BP","regulation of dephosphorylation",1.63106220473175,0.333021139632945,14
"CTLvPHE","GO_BP","detection of mechanical stimulus involved in sensory perception of sound",1.62854033958475,0.250161241885742,4
"CTLvPHE","GO_BP","nucleoside catabolic process",-1.62786512703894,0.221108512243069,4
"CTLvPHE","GO_BP","mitochondrial transport",-1.62600676581275,0.318839702741852,13
"CTLvPHE","GO_BP","positive regulation of chondrocyte differentiation",-1.62578790522166,0.194526452663217,3
"CTLvPHE","GO_BP","tumor necrosis factor production",1.6254581141576,0.279856110077791,45
"CTLvPHE","GO_BP","zymosterol metabolic process",1.62284199117582,0.338562652708866,14
"CTLvPHE","GO_BP","zymosterol biosynthetic process",1.62284199117582,0.338562652708866,14
"CTLvPHE","GO_BP","positive regulation of ossification",1.6217456248726,0.340531337097563,14
"CTLvPHE","GO_BP","myeloid dendritic cell differentiation",-1.61533156817095,0.233673922383314,4
"CTLvPHE","GO_BP","kinetochore assembly",-1.61396358725415,0.262751884037513,5
"CTLvPHE","GO_BP","hyaluronan metabolic process",-1.61370635654376,0.341990125819352,10
"CTLvPHE","GO_BP","biomineral tissue development",1.613506797668,0.3205765290932,34
"CTLvPHE","GO_BP","cytoplasmic microtubule organization",1.61309635753973,0.3205765290932,34
"CTLvPHE","GO_BP","extrinsic apoptotic signaling pathway via death domain receptors",1.61237823675254,0.318839702741852,30
"CTLvPHE","GO_BP","positive regulation of neuron differentiation",1.60918779594685,0.318839702741852,23
"CTLvPHE","GO_BP","regulation of response to osmotic stress",1.60203987046418,0.333021139632945,6
"CTLvPHE","GO_BP","endodermal cell differentiation",1.60102185872082,0.3205765290932,23
"CTLvPHE","GO_BP","regulation of RIG-I signaling pathway",1.59414407113616,0.3205765290932,10
"CTLvPHE","GO_BP","regulation of nuclear division",-1.59329414400193,0.285179821161794,40
"CTLvPHE","GO_BP","plasma lipoprotein particle assembly",-1.59245390897075,0.250161241885742,4
"CTLvPHE","GO_BP","regulation of mitotic sister chromatid separation",-1.59055760298627,0.388234181497975,20
"CTLvPHE","GO_BP","negative regulation of macroautophagy",-1.58863912463116,0.404369833283121,18
"CTLvPHE","GO_BP","pancreas development",-1.5880852374529,0.394269618429529,15
"CTLvPHE","GO_BP","response to misfolded protein",1.58721736549811,0.318839702741852,11
"CTLvPHE","GO_BP","cellular response to misfolded protein",1.58721736549811,0.318839702741852,11
"CTLvPHE","GO_BP","hemostasis",-1.58633905716284,0.318839702741852,49
"CTLvPHE","GO_BP","regulation of monocyte chemotaxis",1.58611453199475,0.394269618429529,8
"CTLvPHE","GO_BP","anterior/posterior axis specification",-1.58538767649324,0.335723904116913,8
"CTLvPHE","GO_BP","formation of cytoplasmic translation initiation complex",-1.58489066934434,0.494491633438224,14
"CTLvPHE","GO_BP","odontogenesis of dentin-containing tooth",1.58336099563909,0.407410133636301,19
"CTLvPHE","GO_BP","negative regulation of small GTPase mediated signal transduction",1.57941515524327,0.329006484519715,29
"CTLvPHE","GO_BP","morphogenesis of a branching structure",1.57421284910702,0.3205765290932,48
"CTLvPHE","GO_BP","regulation of mitotic nuclear division",-1.57313345468836,0.375482082398406,33
"CTLvPHE","GO_BP","negative regulation of protein processing",1.56996847829887,0.394269618429529,5
"CTLvPHE","GO_BP","transposable element silencing",-1.56723270840086,0.296065207128171,5
"CTLvPHE","GO_BP","retrotransposition",-1.56723270840086,0.296065207128171,5
"CTLvPHE","GO_BP","positive regulation of protein localization to membrane",1.56507244737669,0.296259523047273,50
"CTLvPHE","GO_BP","G0 to G1 transition",1.56233933473246,0.319679084234752,4
"CTLvPHE","GO_BP","regulation of G0 to G1 transition",1.56233933473246,0.319679084234752,4
"CTLvPHE","GO_BP","choline transport",-1.56200346979582,0.309795946893789,5
"CTLvPHE","GO_BP","osteoblast proliferation",1.56141944956659,0.402455122930642,14
"CTLvPHE","GO_BP","regulation of osteoblast proliferation",1.56141944956659,0.402455122930642,14
"CTLvPHE","GO_BP","neural tube patterning",-1.56081846457862,0.394269618429529,7
"CTLvPHE","GO_BP","morphogenesis of a polarized epithelium",1.5595793788856,0.452642569342742,18
"CTLvPHE","GO_BP","retinol metabolic process",-1.5572110302146,0.394269618429529,7
"CTLvPHE","GO_BP","type B pancreatic cell proliferation",-1.55471116055111,0.481524476403218,6
"CTLvPHE","GO_BP","heme metabolic process",-1.5545998400105,0.443744638071641,15
"CTLvPHE","GO_BP","regulation of actin filament organization",1.55295392874873,0.218027739030373,134
"CTLvPHE","GO_BP","maintenance of blood-brain barrier",1.55277556511716,0.341990125819352,7
"CTLvPHE","GO_BP","Golgi to plasma membrane transport",1.55212038776894,0.319679084234752,47
"CTLvPHE","GO_BP","response to mechanical stimulus",1.55200301489226,0.233673922383314,110
"CTLvPHE","GO_BP","response to dietary excess",-1.5508707059776,0.484850819470776,6
"CTLvPHE","GO_BP","negative regulation of toll-like receptor 4 signaling pathway",1.55009776577554,0.267282306807318,3
"CTLvPHE","GO_BP","regulation of supramolecular fiber organization",1.54860866480537,0.179737700185378,199
"CTLvPHE","GO_BP","response to vitamin D",1.54841933305766,0.461137036706704,17
"CTLvPHE","GO_BP","regulation of fat cell differentiation",1.54686148445521,0.381399433708346,34
"CTLvPHE","GO_BP","regulation of necroptotic process",1.54443105795148,0.394269618429529,13
"CTLvPHE","GO_BP","tyrosine metabolic process",-1.53800841305131,0.318839702741852,3
"CTLvPHE","GO_BP","regulation of muscle system process",1.53544084519516,0.250401307901248,108
"CTLvPHE","GO_BP","regulation of ketone biosynthetic process",-1.53291879642683,0.540844483953527,6
"CTLvPHE","GO_BP","leukocyte activation involved in inflammatory response",1.53283240820856,0.554597240051348,8
"CTLvPHE","GO_BP","glycosyl compound catabolic process",-1.53208831666469,0.539143999220045,8
"CTLvPHE","GO_BP","luteolysis",1.53120465927463,0.504614372210914,5
"CTLvPHE","GO_BP","behavioral response to pain",1.52622724586485,0.382893982265103,7
"CTLvPHE","GO_BP","regulation of tube diameter",1.52576697206206,0.323244768744578,47
"CTLvPHE","GO_BP","negative regulation of intracellular estrogen receptor signaling pathway",1.52540920238361,0.539143999220045,9
"CTLvPHE","GO_BP","regulation of protein complex stability",1.52390570465303,0.378901022229287,11
"CTLvPHE","GO_BP","transforming growth factor beta receptor superfamily signaling pathway",1.52358515483147,0.270135967788748,99
"CTLvPHE","GO_BP","embryonic pattern specification",-1.52283680005922,0.390292699783241,13
"CTLvPHE","GO_BP","fibroblast migration",1.52164112910729,0.388234181497975,30
"CTLvPHE","GO_BP","membrane docking",1.52084037181053,0.380107302248259,48
"CTLvPHE","GO_BP","lysosome localization",1.51746930216944,0.394269618429529,37
"CTLvPHE","GO_BP","vacuolar localization",1.51746930216944,0.394269618429529,37
"CTLvPHE","GO_BP","regulation of proteasomal protein catabolic process",-1.51693176553284,0.267282306807318,102
"CTLvPHE","GO_BP","protein localization to nuclear envelope",-1.516227572567,0.473257198203735,11
"CTLvPHE","GO_BP","calcium ion import across plasma membrane",1.51571078690999,0.388234181497975,4
"CTLvPHE","GO_BP","cellular response to tumor necrosis factor",1.51244176222387,0.270135967788748,78
"CTLvPHE","GO_BP","positive regulation of autophagy",1.51223255587616,0.282525996930205,84
"CTLvPHE","GO_BP","heterotypic cell-cell adhesion",1.51207518508067,0.550729300729301,16
"CTLvPHE","GO_BP","vesicle budding from membrane",1.51142134648449,0.388234181497975,48
"CTLvPHE","GO_BP","positive regulation of nitric oxide biosynthetic process",1.51127409035576,0.550729300729301,16
"CTLvPHE","GO_BP","L-amino acid catabolic process",-1.51041632756892,0.404369833283121,38
"CTLvPHE","GO_BP","cellular response to vitamin D",1.50945652819476,0.388234181497975,11
"CTLvPHE","GO_BP","nervous system process involved in regulation of systemic arterial blood pressure",1.50777860541681,0.334257115575556,3
"CTLvPHE","GO_BP","response to interleukin-7",1.50770041294377,0.541372974275559,18
"CTLvPHE","GO_BP","protein targeting to lysosome",-1.50703687391457,0.388234181497975,16
"CTLvPHE","GO_BP","immune response to tumor cell",1.50652243838718,0.390292699783241,11
"CTLvPHE","GO_BP","regulation of response to tumor cell",1.50652243838718,0.390292699783241,11
"CTLvPHE","GO_BP","regulation of immune response to tumor cell",1.50652243838718,0.390292699783241,11
"CTLvPHE","GO_BP","regulation of long-term synaptic depression",1.50533554654826,0.554597240051348,5
"CTLvPHE","GO_BP","cardioblast differentiation",-1.5045010150802,0.341990125819352,4
"CTLvPHE","GO_BP","positive regulation of protein targeting to membrane",1.50417027328656,0.534448837159152,12
"CTLvPHE","GO_BP","connective tissue replacement",1.50165061723901,0.534448837159152,6
"CTLvPHE","GO_BP","cell-cell junction organization",1.49884589478831,0.3205765290932,75
"CTLvPHE","GO_BP","negative regulation of fibroblast proliferation",1.49874023125844,0.394269618429529,11
"CTLvPHE","GO_BP","cell-substrate junction assembly",1.49479812822144,0.390913842187774,55
"CTLvPHE","GO_BP","Rho protein signal transduction",1.49456962926451,0.390913842187774,52
"CTLvPHE","GO_BP","cardiac muscle cell development",1.49395647647115,0.394269618429529,48
"CTLvPHE","GO_BP","ubiquinone biosynthetic process",-1.49361923936935,0.388234181497975,5
"CTLvPHE","GO_BP","negative regulation of intrinsic apoptotic signaling pathway",1.49228199266313,0.386649794979531,54
"CTLvPHE","GO_BP","cholesterol homeostasis",1.49196722744686,0.534877301522891,25
"CTLvPHE","GO_BP","PERK-mediated unfolded protein response",-1.49143763823561,0.541372974275559,14
"CTLvPHE","GO_BP","kinetochore organization",-1.49055286965241,0.554597240051348,8
"CTLvPHE","GO_BP","cilium movement involved in cell motility",-1.49020576623673,0.539143999220045,19
"CTLvPHE","GO_BP","mitochondrial respiratory chain complex IV assembly",1.49010936405541,0.414999048654313,7
"CTLvPHE","GO_BP","axon extension",1.48937911569893,0.382893982265103,47
"CTLvPHE","GO_BP","protein-containing complex localization",1.48788691202549,0.341990125819352,60
"CTLvPHE","GO_BP","vascular associated smooth muscle cell apoptotic process",1.48766040993764,0.541372974275559,6
"CTLvPHE","GO_BP","regulation of actin filament-based process",1.48297393446586,0.234935168977291,183
"CTLvPHE","GO_BP","very long-chain fatty acid metabolic process",1.48015915359538,0.547597042513863,14
"CTLvPHE","GO_BP","ERK1 and ERK2 cascade",1.47913727392619,0.272656755126713,92
"CTLvPHE","GO_BP","spongiotrophoblast layer development",1.47834391613024,0.548868223937906,6
"CTLvPHE","GO_BP","regulation of sphingolipid biosynthetic process",1.47709004524289,0.548868223937906,6
"CTLvPHE","GO_BP","detection of biotic stimulus",1.47663210350796,0.548868223937906,6
"CTLvPHE","GO_BP","polysaccharide biosynthetic process",-1.47266343443293,0.539143999220045,24
"CTLvPHE","GO_BP","regulation of chromosome organization",-1.47168037099243,0.270135967788748,90
"CTLvPHE","GO_BP","regulation of eating behavior",1.47103970008964,0.390913842187774,3
"CTLvPHE","GO_BP","toxin metabolic process",-1.47086273630127,0.548868223937906,6
"CTLvPHE","GO_BP","negative regulation of endothelial cell proliferation",1.47024159411196,0.55439049924753,17
"CTLvPHE","GO_BP","establishment of blood-brain barrier",1.46941495174539,0.554597240051348,6
"CTLvPHE","GO_BP","negative regulation of protein catabolic process",-1.46908378973379,0.318839702741852,66
"CTLvPHE","GO_BP","developmental growth involved in morphogenesis",1.46788795416235,0.3205765290932,96
"CTLvPHE","GO_BP","phosphatidylglycerol metabolic process",1.46667312980167,0.598807156214619,8
"CTLvPHE","GO_BP","nuclear receptor-mediated signaling pathway",1.46616414459428,0.381399433708346,69
"CTLvPHE","GO_BP","negative regulation of inflammasome-mediated signaling pathway",-1.46546172648938,0.536942928247276,5
"CTLvPHE","GO_BP","regulation of skeletal muscle cell proliferation",-1.4616423666984,0.534448837159152,3
"CTLvPHE","GO_BP","macrophage activation",1.46131438449495,0.548906221983145,24
"CTLvPHE","GO_BP","endothelial cell apoptotic process",1.45992667313018,0.561153693669882,14
"CTLvPHE","GO_BP","regulation of endothelial cell apoptotic process",1.45992667313018,0.561153693669882,14
"CTLvPHE","GO_BP","protein localization to cell-cell junction",1.45974488684943,0.558805125554316,12
"CTLvPHE","GO_BP","regulation of protein tyrosine kinase activity",-1.45969353252796,0.541372974275559,10
"CTLvPHE","GO_BP","ephrin receptor signaling pathway",-1.45967097534449,0.420754086888667,16
"CTLvPHE","GO_BP","response to methylmercury",-1.45958010991827,0.541372974275559,10
"CTLvPHE","GO_BP","hematopoietic stem cell differentiation",-1.45871304786263,0.575801749271137,8
"CTLvPHE","GO_BP","regulation of organic acid transport",1.458021357416,0.554597240051348,27
"CTLvPHE","GO_BP","ovulation cycle process",1.456996977407,0.556314982809329,18
"CTLvPHE","GO_BP","amyloid fibril formation",1.45604196016233,0.547674914675768,22
"CTLvPHE","GO_BP","nuclear envelope organization",-1.45600847822308,0.541372974275559,33
"CTLvPHE","GO_BP","NAD+ biosynthetic process",1.45594621755611,0.416756586523519,3
"CTLvPHE","GO_BP","positive regulation of hormone metabolic process",-1.45594575704681,0.433942423399166,4
"CTLvPHE","GO_BP","positive regulation of hormone biosynthetic process",-1.45594575704681,0.433942423399166,4
"CTLvPHE","GO_BP","positive regulation of cellular respiration",-1.45591522048401,0.575801749271137,8
"CTLvPHE","GO_BP","negative regulation of cytokine production involved in immune response",-1.45541206189807,0.433942423399166,4
"CTLvPHE","GO_BP","negative regulation of protein import into nucleus",1.45503476659942,0.563766653808492,12
"CTLvPHE","GO_BP","regulation of mRNA stability",1.45427034744176,0.318839702741852,79
"CTLvPHE","GO_BP","positive regulation of synaptic transmission, glutamatergic",1.45409455884211,0.561153693669882,6
"CTLvPHE","GO_BP","regulation of axonogenesis",1.45402357532456,0.412136751183581,61
"CTLvPHE","GO_BP","negative regulation of calcium ion transport",1.45123150511045,0.556314982809329,26
"CTLvPHE","GO_BP","negative regulation of triglyceride metabolic process",-1.44946886019764,0.267282306807318,2
"CTLvPHE","GO_BP","peptide catabolic process",-1.44940005684531,0.583636422679743,12
"CTLvPHE","GO_BP","astrocyte differentiation",1.44897917370825,0.541372974275559,31
"CTLvPHE","GO_BP","vesicle organization",1.44884370207398,0.233673922383314,191
"CTLvPHE","GO_BP","lipoprotein localization",1.44853833061263,0.619607843137255,8
"CTLvPHE","GO_BP","apoptotic process involved in development",1.44631308267073,0.556314982809329,11
"CTLvPHE","GO_BP","positive regulation of viral genome replication",1.44435570319055,0.539143999220045,20
"CTLvPHE","GO_BP","neural precursor cell proliferation",1.44330309977686,0.388234181497975,53
"CTLvPHE","GO_BP","plasma membrane tubulation",1.44323179128648,0.58414227210678,13
"CTLvPHE","GO_BP","mesenchymal cell proliferation",-1.44294919037662,0.592324755989352,9
"CTLvPHE","GO_BP","regulation of mesenchymal cell proliferation",-1.44294919037662,0.592324755989352,9
"CTLvPHE","GO_BP","hydrogen peroxide biosynthetic process",1.44234251089623,0.539143999220045,7
"CTLvPHE","GO_BP","intermediate filament-based process",1.44144495184477,0.592324755989352,16
"CTLvPHE","GO_BP","collagen catabolic process",1.44121169620311,0.590564198698689,9
"CTLvPHE","GO_BP","chemotaxis",1.43998853566748,0.3205765290932,115
"CTLvPHE","GO_BP","retina vasculature development in camera-type eye",-1.43988576023056,0.575801749271137,6
"CTLvPHE","GO_BP","anaphase-promoting complex-dependent catabolic process",-1.4387198575945,0.563766653808492,10
"CTLvPHE","GO_BP","primary alcohol metabolic process",-1.43824445061653,0.563766653808492,20
"CTLvPHE","GO_BP","response to salt",-1.43770853486696,0.592324755989352,9
"CTLvPHE","GO_BP","negative regulation of cell junction assembly",1.43664787946413,0.541372974275559,21
"CTLvPHE","GO_BP","estrogen metabolic process",-1.43544142377389,0.598807156214619,8
"CTLvPHE","GO_BP","positive regulation of interleukin-1 beta production",1.43490171799426,0.592324755989352,13
"CTLvPHE","GO_BP","regulation of neurogenesis",1.43412573132799,0.327040714189144,143
"CTLvPHE","GO_BP","preganglionic parasympathetic fiber development",-1.43300354346992,0.554597240051348,3
"CTLvPHE","GO_BP","regulation of animal organ morphogenesis",1.43199805300248,0.598807156214619,9
"CTLvPHE","GO_BP","regulation of stem cell population maintenance",1.43171286065309,0.598807156214619,9
"CTLvPHE","GO_BP","synaptic membrane adhesion",1.43128985778795,0.541372974275559,7
"CTLvPHE","GO_BP","cAMP/PKA signal transduction",1.43043613272148,0.561153693669882,19
"CTLvPHE","GO_BP","organelle localization by membrane tethering",1.42934905456055,0.547597042513863,40
"CTLvPHE","GO_BP","vitamin D metabolic process",-1.42931191503102,0.318839702741852,2
"CTLvPHE","GO_BP","regulation of T cell mediated immunity",1.42758354125472,0.548868223937906,21
"CTLvPHE","GO_BP","regulation of fibroblast migration",1.42697641742758,0.554488458996224,20
"CTLvPHE","GO_BP","positive regulation of mitochondrial fission",-1.42696947928151,0.575801749271137,10
"CTLvPHE","GO_BP","cell-cell junction maintenance",1.42635139905957,0.627866374817594,8
"CTLvPHE","GO_BP","ubiquinone metabolic process",-1.42590182936584,0.592324755989352,6
"CTLvPHE","GO_BP","positive regulation of amyloid precursor protein catabolic process",1.4254237973855,0.554597240051348,7
"CTLvPHE","GO_BP","macrophage chemotaxis",1.42538316317345,0.583636422679743,10
"CTLvPHE","GO_BP","T cell mediated immune response to tumor cell",1.42462042196968,0.598807156214619,9
"CTLvPHE","GO_BP","regulation of ERK1 and ERK2 cascade",1.42353347789785,0.356817582719516,82
"CTLvPHE","GO_BP","developmental cell growth",1.42348062653714,0.3205765290932,109
"CTLvPHE","GO_BP","endothelium development",1.42298625718309,0.541372974275559,49
"CTLvPHE","GO_BP","L-amino acid metabolic process",-1.42111768295127,0.42254880092048,68
"CTLvPHE","GO_BP","RNA export from nucleus",-1.42005313469472,0.554597240051348,45
"CTLvPHE","GO_BP","melanin biosynthetic process",1.41998532536873,0.556314982809329,5
"CTLvPHE","GO_BP","positive regulation of adaptive immune response based on somatic recombination of immune receptors built from immunoglobulin superfamily domains",1.4196267583411,0.556314982809329,22
"CTLvPHE","GO_BP","amino acid transport",1.41756831785538,0.554597240051348,35
"CTLvPHE","GO_BP","positive regulation of behavior",-1.41631825755379,0.554597240051348,4
"CTLvPHE","GO_BP","endoderm development",1.41616128019367,0.563766653808492,32
"CTLvPHE","GO_BP","spleen development",1.41535772965109,0.598807156214619,14
"CTLvPHE","GO_BP","macromolecule methylation",-1.41513781621278,0.542064638173174,49
"CTLvPHE","GO_BP","regulation of B cell activation",1.41511635931362,0.563766653808492,20
"CTLvPHE","GO_BP","musculoskeletal movement",1.41490010631123,0.561153693669882,31
"CTLvPHE","GO_BP","regulation of cell-substrate adhesion",1.4140689392261,0.369889646723573,102
"CTLvPHE","GO_BP","regulation of response to wounding",1.41232157924153,0.494491633438224,61
"CTLvPHE","GO_BP","positive regulation of cytoplasmic translation",1.41208913992593,0.598807156214619,15
"CTLvPHE","GO_BP","synapse maturation",1.4114945033276,0.592324755989352,18
"CTLvPHE","GO_BP","regulation of vasculature development",1.41116193415353,0.329826115594463,92
"CTLvPHE","GO_BP","wound healing involved in inflammatory response",-1.41039457403223,0.563766653808492,3
"CTLvPHE","GO_BP","relaxation of muscle",1.40887987040696,0.592324755989352,18
"CTLvPHE","GO_BP","positive regulation of urine volume",-1.40738913145393,0.563766653808492,3
"CTLvPHE","GO_BP","pseudopodium organization",1.4073606834305,0.656822692176502,8
"CTLvPHE","GO_BP","negative regulation of hydrolase activity",1.40650628123104,0.556314982809329,21
"CTLvPHE","GO_BP","protein localization to centrosome",1.4060982284059,0.615745020406739,13
"CTLvPHE","GO_BP","regulation of antigen processing and presentation",1.40570999794897,0.556314982809329,3
"CTLvPHE","GO_BP","positive regulation of collagen metabolic process",1.40518413650213,0.598807156214619,11
"CTLvPHE","GO_BP","positive regulation of collagen biosynthetic process",1.40518413650213,0.598807156214619,11
"CTLvPHE","GO_BP","mesodermal cell differentiation",1.40369871016037,0.575801749271137,5
"CTLvPHE","GO_BP","positive regulation of lamellipodium assembly",-1.40342109040973,0.592324755989352,15
"CTLvPHE","GO_BP","neuroinflammatory response",1.4031226234281,0.561153693669882,25
"CTLvPHE","GO_BP","positive regulation of epidermal growth factor receptor signaling pathway",1.40304418188468,0.592324755989352,12
"CTLvPHE","GO_BP","negative regulation of plasma membrane bounded cell projection assembly",1.40253577526922,0.583887657058389,19
"CTLvPHE","GO_BP","lipoprotein transport",1.40251350673808,0.595456462154754,7
"CTLvPHE","GO_BP","macromolecule deacylation",-1.40216720347167,0.592324755989352,21
"CTLvPHE","GO_BP","granulocyte differentiation",1.40139963419755,0.597826625448348,10
"CTLvPHE","GO_BP","positive regulation of blood coagulation",1.40124568946641,0.592324755989352,5
"CTLvPHE","GO_BP","positive regulation of hemostasis",1.40124568946641,0.592324755989352,5
"CTLvPHE","GO_BP","negative regulation of insulin secretion involved in cellular response to glucose stimulus",-1.40124080384804,0.596157195100714,5
"CTLvPHE","GO_BP","mitochondrial transmembrane transport",-1.40076379616737,0.626001393242773,8
"CTLvPHE","GO_BP","embryonic hemopoiesis",1.400443636797,0.598807156214619,7
"CTLvPHE","GO_BP","double-strand break repair",-1.39973571177042,0.390913842187774,90
"CTLvPHE","GO_BP","dendritic cell antigen processing and presentation",1.39970502618864,0.39230756091718,2
"CTLvPHE","GO_BP","axon guidance",1.39959902925728,0.488740410789409,60
"CTLvPHE","GO_BP","cGAS/STING signaling pathway",-1.39910816592618,0.615745020406739,9
"CTLvPHE","GO_BP","regulation of microglial cell activation",1.39805746408766,0.592324755989352,4
"CTLvPHE","GO_BP","viral genome replication",1.39754513180204,0.547597042513863,50
"CTLvPHE","GO_BP","T cell lineage commitment",1.39700900273835,0.598807156214619,10
"CTLvPHE","GO_BP","response to toxic substance",-1.39681108716242,0.270135967788748,107
"CTLvPHE","GO_BP","cholesterol storage",1.39555316150286,0.598807156214619,7
"CTLvPHE","GO_BP","lipid droplet organization",-1.39491910590778,0.592324755989352,20
"CTLvPHE","GO_BP","protein deacylation",-1.39384883617024,0.598807156214619,19
"CTLvPHE","GO_BP","aromatic amino acid family catabolic process",-1.39336814284021,0.408763998775623,2
"CTLvPHE","GO_BP","amine catabolic process",-1.39250867153223,0.60311859883863,6
"CTLvPHE","GO_BP","cellular response to thyroid hormone stimulus",1.3910183108461,0.598807156214619,7
"CTLvPHE","GO_BP","peptidyl-threonine phosphorylation",-1.3901012790665,0.595456462154754,20
"CTLvPHE","GO_BP","extracellular matrix organization",1.38990317014272,0.388692452051391,102
"CTLvPHE","GO_BP","calcium ion-regulated exocytosis of neurotransmitter",-1.38942450626503,0.622365838591882,9
"CTLvPHE","GO_BP","nucleoside metabolic process",-1.38890912048345,0.609043736100815,17
"CTLvPHE","GO_BP","embryonic brain development",-1.38861092963115,0.598807156214619,5
"CTLvPHE","GO_BP","positive regulation of lymphocyte mediated immunity",1.38773062759467,0.563766653808492,22
"CTLvPHE","GO_BP","negative regulation of focal adhesion assembly",1.38623960120497,0.598807156214619,12
"CTLvPHE","GO_BP","negative regulation of cell-substrate junction organization",1.38623960120497,0.598807156214619,12
"CTLvPHE","GO_BP","protein localization to chromosome",-1.38601941606293,0.56319283941106,34
"CTLvPHE","GO_BP","negative regulation of potassium ion transport",-1.38596791526545,0.598807156214619,16
"CTLvPHE","GO_BP","fatty acid derivative metabolic process",1.38465965327659,0.609043736100815,28
"CTLvPHE","GO_BP","nucleolus organization",-1.38370118857585,0.621873293522873,6
"CTLvPHE","GO_BP","DNA damage checkpoint signaling",-1.38324234834939,0.56319283941106,34
"CTLvPHE","GO_BP","mitophagy",-1.38199044200992,0.561153693669882,49
"CTLvPHE","GO_BP","pentose metabolic process",1.38196715423001,0.60311859883863,4
"CTLvPHE","GO_BP","regulation of TORC1 signaling",-1.38196195841026,0.463164053434703,48
"CTLvPHE","GO_BP","positive regulation of mitophagy",1.38141115325793,0.622232491271308,14
"CTLvPHE","GO_BP","lens morphogenesis in camera-type eye",-1.3813016018989,0.637469629524536,8
"CTLvPHE","GO_BP","response to copper ion",-1.38105054028465,0.592324755989352,22
"CTLvPHE","GO_BP","detection of light stimulus",-1.38024085212704,0.547639869462278,2
"CTLvPHE","GO_BP","positive regulation of striated muscle tissue development",-1.37976842949715,0.621873293522873,6
"CTLvPHE","GO_BP","positive regulation of muscle tissue development",-1.37976842949715,0.621873293522873,6
"CTLvPHE","GO_BP","regulation of establishment of endothelial barrier",1.37971231336857,0.615745020406739,5
"CTLvPHE","GO_BP","establishment or maintenance of epithelial cell apical/basal polarity",1.37969116926475,0.598807156214619,19
"CTLvPHE","GO_BP","secondary metabolite biosynthetic process",1.37930895155389,0.659684115092809,6
"CTLvPHE","GO_BP","regulation of growth hormone secretion",-1.37776794637242,0.60311859883863,7
"CTLvPHE","GO_BP","protein processing",-1.37733596337593,0.428106973444321,72
"CTLvPHE","GO_BP","glucocorticoid metabolic process",1.3764449249772,0.659684115092809,6
"CTLvPHE","GO_BP","positive regulation of cholesterol efflux",-1.37588233247089,0.594818622142484,3
"CTLvPHE","GO_BP","anatomical structure homeostasis",1.37427145952365,0.530735174113133,63
"CTLvPHE","GO_BP","regulation of B cell differentiation",1.37387399150517,0.621873293522873,4
"CTLvPHE","GO_BP","mucus secretion",1.37375134195253,0.669591296896539,8
"CTLvPHE","GO_BP","response to L-ascorbic acid",1.37314424969865,0.621873293522873,4
"CTLvPHE","GO_BP","negative regulation of nucleocytoplasmic transport",1.37174811355488,0.598807156214619,19
"CTLvPHE","GO_BP","intermediate filament cytoskeleton organization",1.3713743406091,0.629399733637747,15
"CTLvPHE","GO_BP","establishment of epithelial cell apical/basal polarity",1.37103039732139,0.669591296896539,8
"CTLvPHE","GO_BP","fatty acid derivative biosynthetic process",1.37030600047278,0.645874453345718,10
"CTLvPHE","GO_BP","erythrocyte maturation",-1.37001369926873,0.609043736100815,5
"CTLvPHE","GO_BP","negative regulation of bone resorption",1.36907502620197,0.539143999220045,2
"CTLvPHE","GO_BP","methylation",-1.36867895703212,0.390913842187774,65
"CTLvPHE","GO_BP","sphingosine metabolic process",-1.36823921568864,0.645874453345718,8
"CTLvPHE","GO_BP","positive regulation of transporter activity",1.36806864508391,0.598807156214619,19
"CTLvPHE","GO_BP","fat cell differentiation",1.36733113180903,0.563766653808492,68
"CTLvPHE","GO_BP","chromosome separation",-1.36646034443217,0.598807156214619,32
"CTLvPHE","GO_BP","positive regulation of cell size",-1.36626515170847,0.609043736100815,13
"CTLvPHE","GO_BP","positive regulation of leukocyte adhesion to vascular endothelial cell",1.3660224752141,0.626001393242773,7
"CTLvPHE","GO_BP","acylglycerol catabolic process",1.36548886685037,0.627866374817594,9
"CTLvPHE","GO_BP","response to immobilization stress",1.36527086584147,0.626001393242773,12
"CTLvPHE","GO_BP","nucleosome assembly",-1.36509037797913,0.595456462154754,23
"CTLvPHE","GO_BP","regulation of myoblast fusion",-1.36456623136337,0.641086997232568,6
"CTLvPHE","GO_BP","protein-containing complex disassembly",1.36443090324227,0.337720325497517,131
"CTLvPHE","GO_BP","rRNA metabolic process",-1.3639299989161,0.440546125482512,83
"CTLvPHE","GO_BP","negative regulation of behavior",1.36278018556836,0.613824139507084,3
"CTLvPHE","GO_BP","cellular response to cholesterol",1.36236722162133,0.633303108628285,5
"CTLvPHE","GO_BP","retinal metabolic process",-1.36226767427095,0.598807156214619,3
"CTLvPHE","GO_BP","cellular response to fatty acid",1.36196733080641,0.622232491271308,18
"CTLvPHE","GO_BP","phosphatidylinositol dephosphorylation",1.36164924249415,0.644416360294118,13
"CTLvPHE","GO_BP","digestive tract morphogenesis",-1.3610643991416,0.656317661983384,8
"CTLvPHE","GO_BP","positive regulation of cell killing",1.35921529936395,0.633303108628285,14
"CTLvPHE","GO_BP","positive regulation of cholesterol biosynthetic process",1.35906644188186,0.666947790608267,6
"CTLvPHE","GO_BP","positive regulation of cholesterol metabolic process",1.35906644188186,0.666947790608267,6
"CTLvPHE","GO_BP","mitochondrial fission",-1.35836605209653,0.626001393242773,18
"CTLvPHE","GO_BP","centriole replication",-1.35749158979798,0.656822692176502,8
"CTLvPHE","GO_BP","response to inactivity",1.35731285579708,0.656822692176502,10
"CTLvPHE","GO_BP","dicarboxylic acid transport",1.35708144612409,0.621873293522873,28
"CTLvPHE","GO_BP","axon regeneration",1.35636702844643,0.609043736100815,29
"CTLvPHE","GO_BP","response to tumor necrosis factor",1.35555068510674,0.541372974275559,89
"CTLvPHE","GO_BP","DNA replication",-1.35517386418004,0.416756586523519,100
"CTLvPHE","GO_BP","cellular response to glucose starvation",1.35293668796841,0.598807156214619,22
"CTLvPHE","GO_BP","endocardial cushion development",1.35272598278936,0.678104220087792,8
"CTLvPHE","GO_BP","opsonization",1.35165936127804,0.622579007827318,3
"CTLvPHE","GO_BP","actin filament severing",1.35155438998226,0.637469629524536,12
"CTLvPHE","GO_BP","cardiac muscle tissue development",1.34973845858432,0.541372974275559,91
"CTLvPHE","GO_BP","trans-synaptic signaling by trans-synaptic complex",1.34799701038946,0.637469629524536,5
"CTLvPHE","GO_BP","response to lead ion",-1.34780667784291,0.619607843137255,22
"CTLvPHE","GO_BP","dendritic spine maintenance",1.34696664279754,0.637469629524536,12
"CTLvPHE","GO_BP","protein-lipid complex assembly",-1.34677032725054,0.666231851279111,6
"CTLvPHE","GO_BP","bone remodeling",-1.34662537609255,0.626001393242773,21
"CTLvPHE","GO_BP","regulation of microtubule cytoskeleton organization",1.345760251596,0.546100547856913,89
"CTLvPHE","GO_BP","interleukin-1 alpha production",-1.34547090588458,0.247211004369977,1
"CTLvPHE","GO_BP","regulation of interleukin-1 alpha production",-1.34547090588458,0.247211004369977,1
"CTLvPHE","GO_BP","positive regulation of vascular associated smooth muscle cell proliferation",-1.34392043256333,0.633303108628285,17
"CTLvPHE","GO_BP","chromosome segregation",-1.34341374739553,0.390292699783241,146
"CTLvPHE","GO_BP","sensory perception of bitter taste",-1.34322189475899,0.262751884037513,1
"CTLvPHE","GO_BP","protein heterooligomerization",1.34144473929449,0.659684115092809,13
"CTLvPHE","GO_BP","cellular response to peptide",-1.34111863422288,0.662351936632512,8
"CTLvPHE","GO_BP","polyamine metabolic process",-1.340932500217,0.631884685235161,5
"CTLvPHE","GO_BP","nucleus localization",1.34068185291452,0.626001393242773,25
"CTLvPHE","GO_BP","endoplasmic reticulum membrane organization",-1.33822689422538,0.633303108628285,14
"CTLvPHE","GO_BP","DNA recombination",-1.33767919404973,0.390913842187774,91
"CTLvPHE","GO_BP","steroid catabolic process",-1.33704541403178,0.634210767459372,3
"CTLvPHE","GO_BP","postsynapse to nucleus signaling pathway",-1.33665680102241,0.629399733637747,7
"CTLvPHE","GO_BP","cellular response to UV",-1.33629609065635,0.602214850556226,30
"CTLvPHE","GO_BP","regulation of small molecule metabolic process",-1.33613021739078,0.433942423399166,118
"CTLvPHE","GO_BP","positive regulation of blood vessel endothelial cell proliferation involved in sprouting angiogenesis",-1.33591260860082,0.3205765290932,1
"CTLvPHE","GO_BP","negative regulation of lipid catabolic process",1.33580112001703,0.663493840985442,4
"CTLvPHE","GO_BP","regulation of norepinephrine secretion",-1.33535035581943,0.3205765290932,1
"CTLvPHE","GO_BP","regulation of adenylate cyclase activity",1.3348774869424,0.685510371739577,8
"CTLvPHE","GO_BP","glycoside metabolic process",-1.33484971791727,0.631884685235161,7
"CTLvPHE","GO_BP","copper ion homeostasis",1.33429462918395,0.685510371739577,8
"CTLvPHE","GO_BP","response to hydroperoxide",1.33423401244108,0.658176818994656,7
"CTLvPHE","GO_BP","alcohol catabolic process",-1.33387247663713,0.661234906085562,11
"CTLvPHE","GO_BP","negative regulation of protein serine/threonine kinase activity",1.33372918471135,0.622232491271308,21
"CTLvPHE","GO_BP","positive regulation of binding",-1.33358062576017,0.633303108628285,7
"CTLvPHE","GO_BP","fatty acid derivative catabolic process",1.33329105004132,0.644416360294118,11
"CTLvPHE","GO_BP","cranial nerve morphogenesis",-1.33318056560978,0.633303108628285,5
"CTLvPHE","GO_BP","cellular response to interleukin-7",1.33238664575779,0.656822692176502,17
"CTLvPHE","GO_BP","neuroblast division",1.33221214716046,0.656822692176502,5
"CTLvPHE","GO_BP","regulation of glial cell apoptotic process",1.33213127584404,0.663493840985442,7
"CTLvPHE","GO_BP","learning",1.33177058839416,0.563766653808492,59
"CTLvPHE","GO_BP","olefinic compound metabolic process",-1.33130858518547,0.598807156214619,29
"CTLvPHE","GO_BP","protein sumoylation",-1.33034394266961,0.633303108628285,15
"CTLvPHE","GO_BP","cellular component maintenance",1.33001807652098,0.592324755989352,36
"CTLvPHE","GO_BP","regulation of axon regeneration",1.32957650779093,0.663493840985442,16
"CTLvPHE","GO_BP","response to oxygen-glucose deprivation",-1.32930427869149,0.634210767459372,5
"CTLvPHE","GO_BP","plasma membrane invagination",1.32762984244451,0.634452444075875,18
"CTLvPHE","GO_BP","response to manganese ion",-1.32587334081784,0.633303108628285,15
"CTLvPHE","GO_BP","neutrophil mediated immunity",-1.3240284724304,0.678467172874526,10
"CTLvPHE","GO_BP","olfactory bulb interneuron differentiation",1.32319274619089,0.656822692176502,3
"CTLvPHE","GO_BP","homotypic cell-cell adhesion",-1.32221339921468,0.618299660363884,30
"CTLvPHE","GO_BP","response to resveratrol",1.32159693954802,0.656822692176502,3
"CTLvPHE","GO_BP","negative regulation of immune effector process",-1.32119192026526,0.633303108628285,28
"CTLvPHE","GO_BP","regulation of generation of precursor metabolites and energy",-1.32098318762942,0.585029621753,52
"CTLvPHE","GO_BP","regulation of synapse assembly",-1.3200011335253,0.548868223937906,61
"CTLvPHE","GO_BP","regulation of cell growth",1.31987869643274,0.433942423399166,160
"CTLvPHE","GO_BP","homophilic cell-cell adhesion",1.31968055907449,0.633303108628285,21
"CTLvPHE","GO_BP","norepinephrine transport",-1.31953397892368,0.659684115092809,4
"CTLvPHE","GO_BP","phototransduction",-1.3179205195961,0.428106973444321,1
"CTLvPHE","GO_BP","protein O-linked glycosylation via xylose",-1.31736727526751,0.636820866141732,13
"CTLvPHE","GO_BP","response to zinc ion starvation",-1.31655384990061,0.663493840985442,4
"CTLvPHE","GO_BP","response to metal ion starvation",-1.31655384990061,0.663493840985442,4
"CTLvPHE","GO_BP","antibacterial humoral response",1.31601131878874,0.62739361465803,2
"CTLvPHE","GO_BP","regulation of adenylate cyclase-activating G protein-coupled receptor signaling pathway",-1.31536428320572,0.641086997232568,7
"CTLvPHE","GO_BP","forelimb morphogenesis",-1.315230333449,0.685510371739577,6
"CTLvPHE","GO_BP","positive regulation of establishment of protein localization",1.31444890940473,0.483858051124204,126
"CTLvPHE","GO_BP","regulation of actin nucleation",1.3137942600973,0.665743543094214,17
"CTLvPHE","GO_BP","germinal center formation",1.31331870723426,0.663493840985442,3
"CTLvPHE","GO_BP","modified amino acid metabolic process",-1.31319670541314,0.534448837159152,73
"CTLvPHE","GO_BP","regulation of developmental growth",1.31285048277305,0.487746960486322,124
"CTLvPHE","GO_BP","positive regulation of leukocyte mediated cytotoxicity",1.31247745820074,0.690603914972288,13
"CTLvPHE","GO_BP","cell-substrate junction organization",1.31241989085838,0.592324755989352,61
"CTLvPHE","GO_BP","membrane fusion",1.31127445758045,0.547674914675768,86
"CTLvPHE","GO_BP","aminoglycan catabolic process",-1.31061857952528,0.691677764001776,6
"CTLvPHE","GO_BP","negative regulation of smooth muscle cell migration",1.30985665996116,0.67475909282632,16
"CTLvPHE","GO_BP","keratinocyte migration",-1.3090907962482,0.685510371739577,8
"CTLvPHE","GO_BP","regulation of intestinal absorption",-1.30897841682701,0.627033749788004,2
"CTLvPHE","GO_BP","positive regulation of defense response to bacterium",-1.30651620859645,0.669591296896539,4
"CTLvPHE","GO_BP","dendritic cell differentiation",-1.30615934961041,0.656822692176502,7
"CTLvPHE","GO_BP","cilium movement",-1.30577204204714,0.637469629524536,23
"CTLvPHE","GO_BP","positive regulation of adipose tissue development",1.30302082589994,0.694969966078658,4
"CTLvPHE","GO_BP","neutrophil activation involved in immune response",-1.30279487222451,0.665743543094214,5
"CTLvPHE","GO_BP","protein-lipid complex remodeling",1.30265221763183,0.3205765290932,1
"CTLvPHE","GO_BP","very-low-density lipoprotein particle remodeling",1.30265221763183,0.3205765290932,1
"CTLvPHE","GO_BP","glucocorticoid biosynthetic process",1.30256965487452,0.672187912434728,3
"CTLvPHE","GO_BP","T cell homeostasis",1.30195190072937,0.67739703989704,16
"CTLvPHE","GO_BP","glycolipid biosynthetic process",-1.30164697028197,0.677490608437085,16
"CTLvPHE","GO_BP","viral transcription",1.30148562509383,0.683767816954239,9
"CTLvPHE","GO_BP","phospholipid efflux",-1.30133406254487,0.541372974275559,1
"CTLvPHE","GO_BP","response to magnesium ion",1.30073580626455,0.680073959408325,5
"CTLvPHE","GO_BP","positive regulation of cell adhesion mediated by integrin",-1.30064887757033,0.678104220087792,4
"CTLvPHE","GO_BP","negative regulation of blood vessel endothelial cell proliferation involved in sprouting angiogenesis",1.29955932069796,0.655019477397388,2
"CTLvPHE","GO_BP","regulation of microtubule depolymerization",1.29829973081944,0.645874453345718,20
"CTLvPHE","GO_BP","positive regulation of JNK cascade",1.29759115970233,0.655643513789581,25
"CTLvPHE","GO_BP","response to tumor cell",1.29591939164735,0.67739703989704,16
"CTLvPHE","GO_BP","response to osmotic stress",1.29547035058828,0.637469629524536,35
"CTLvPHE","GO_BP","calcium ion transmembrane transport",1.29544657022248,0.570067830855823,90
"CTLvPHE","GO_BP","mitotic spindle checkpoint signaling",-1.29540804811109,0.669028364226246,12
"CTLvPHE","GO_BP","regulation of chromatin organization",-1.29530529441758,0.691677764001776,8
"CTLvPHE","GO_BP","positive regulation of endothelial cell differentiation",-1.29434173456736,0.633303108628285,2
"CTLvPHE","GO_BP","somatic stem cell division",1.2927433484315,0.700122581500133,4
"CTLvPHE","GO_BP","response to carbohydrate",1.29261600568069,0.548868223937906,135
"CTLvPHE","GO_BP","cellular response to dexamethasone stimulus",1.2917623338532,0.644416360294118,22
"CTLvPHE","GO_BP","neuromuscular process",1.29135662611695,0.598807156214619,72
"CTLvPHE","GO_BP","ectodermal placode development",-1.29108247338255,0.680073959408325,5
"CTLvPHE","GO_BP","negative regulation of response to external stimulus",1.29050679703966,0.554597240051348,101
"CTLvPHE","GO_BP","amine metabolic process",-1.28964202147291,0.646005197162185,23
"CTLvPHE","GO_BP","adaptive immune response based on somatic recombination of immune receptors built from immunoglobulin superfamily domains",1.28955932939184,0.605363984674329,60
"CTLvPHE","GO_BP","female pregnancy",1.28744760985446,0.598807156214619,84
"CTLvPHE","GO_BP","endochondral bone growth",1.28737303259945,0.701565087423005,8
"CTLvPHE","GO_BP","intrinsic apoptotic signaling pathway by p53 class mediator",1.28532902377943,0.659684115092809,30
"CTLvPHE","GO_BP","regulation of DNA-templated DNA replication",-1.28447149340107,0.700122581500133,8
"CTLvPHE","GO_BP","aldehyde metabolic process",-1.28388331861603,0.658176818994656,28
"CTLvPHE","GO_BP","ether lipid metabolic process",1.28380344712231,0.700122581500133,7
"CTLvPHE","GO_BP","phosphatidylcholine catabolic process",1.28357976000038,0.701565087423005,4
"CTLvPHE","GO_BP","multi-multicellular organism process",1.28349356052376,0.598807156214619,89
"CTLvPHE","GO_BP","symbiont entry into host cell",1.28313497319675,0.626001393242773,36
"CTLvPHE","GO_BP","dense core granule exocytosis",-1.28282779389412,0.693733603531426,5
"CTLvPHE","GO_BP","response to chemokine",1.28205289521414,0.694969966078658,12
"CTLvPHE","GO_BP","cellular response to chemokine",1.28205289521414,0.694969966078658,12
"CTLvPHE","GO_BP","axon ensheathment in central nervous system",-1.28197994478413,0.694969966078658,5
"CTLvPHE","GO_BP","lipopolysaccharide-mediated signaling pathway",1.28023048829323,0.669591296896539,19
"CTLvPHE","GO_BP","regulation of nitric-oxide synthase activity",-1.27976669738373,0.710019560232025,6
"CTLvPHE","GO_BP","regulation of glycoprotein metabolic process",1.27931299473098,0.683767816954239,16
"CTLvPHE","GO_BP","odontoblast differentiation",-1.27873901341114,0.683767816954239,7
"CTLvPHE","GO_BP","small molecule catabolic process",-1.27830813310551,0.463164053434703,153
"CTLvPHE","GO_BP","entrainment of circadian clock by photoperiod",-1.27750441157355,0.685510371739577,7
"CTLvPHE","GO_BP","L-glutamine family amino acid biosynthetic process",-1.27667052184933,0.699603194877297,11
"CTLvPHE","GO_BP","regulation of cardiac muscle hypertrophy in response to stress",-1.2757965071354,0.700122581500133,4
"CTLvPHE","GO_BP","positive regulation of activated T cell proliferation",1.27473952276363,0.726465178963671,6
"CTLvPHE","GO_BP","purine-containing compound catabolic process",-1.27465376955471,0.598807156214619,64
"CTLvPHE","GO_BP","necroptotic process",1.27316773113477,0.694969966078658,17
"CTLvPHE","GO_BP","negative regulation of fatty acid oxidation",1.27309442814492,0.710019560232025,4
"CTLvPHE","GO_BP","lipoprotein catabolic process",-1.27198500218431,0.718446725429593,10
"CTLvPHE","GO_BP","positive regulation of transcription elongation by RNA polymerase II",-1.27144718955423,0.685510371739577,17
"CTLvPHE","GO_BP","establishment of protein localization to vacuole",-1.27097901551665,0.680073959408325,31
"CTLvPHE","GO_BP","mononuclear cell proliferation",1.27086271582194,0.615745020406739,70
"CTLvPHE","GO_BP","regulation of acute inflammatory response",1.27082031910813,0.703750642862391,5
"CTLvPHE","GO_BP","signal transduction involved in regulation of gene expression",1.2703110751179,0.712704561065594,3
"CTLvPHE","GO_BP","killing of cells of another organism",-1.26952336321072,0.696875214732358,3
"CTLvPHE","GO_BP","disruption of cell in another organism",-1.26952336321072,0.696875214732358,3
"CTLvPHE","GO_BP","regulation of type 2 immune response",-1.26931986838632,0.696875214732358,3
"CTLvPHE","GO_BP","mitochondrial electron transport, cytochrome c to oxygen",1.26787134744667,0.701565087423005,9
"CTLvPHE","GO_BP","glial cell apoptotic process",1.26701772798453,0.706073143014288,12
"CTLvPHE","GO_BP","cellular response to zinc ion",1.26678198881202,0.726465178963671,4
"CTLvPHE","GO_BP","constitutive heterochromatin formation",-1.26367338329822,0.708332266771332,9
"CTLvPHE","GO_BP","regulation of anoikis",1.26313716263694,0.710019560232025,10
"CTLvPHE","GO_BP","response to 3-methylcholanthrene",-1.26248328579345,0.700122581500133,3
"CTLvPHE","GO_BP","regulation of homotypic cell-cell adhesion",-1.26162270115223,0.690567566522602,12
"CTLvPHE","GO_BP","osteoblast differentiation",1.26125453414811,0.626001393242773,63
"CTLvPHE","GO_BP","mesenchymal stem cell differentiation",-1.26117388816561,0.715267326846416,4
"CTLvPHE","GO_BP","positive regulation of cell division",1.26116322162872,0.666947790608267,26
"CTLvPHE","GO_BP","negative regulation of membrane potential",1.26049956243492,0.726465178963671,4
"CTLvPHE","GO_BP","spinal cord dorsal/ventral patterning",-1.26023485419335,0.700122581500133,3
"CTLvPHE","GO_BP","type 2 immune response",-1.25896314974626,0.718129063062401,4
"CTLvPHE","GO_BP","regulation of establishment of cell polarity",1.2562760182485,0.698096717809283,11
"CTLvPHE","GO_BP","response to corticosteroid",1.25578072435995,0.629399733637747,91
"CTLvPHE","GO_BP","protein polymerization",1.25567755009467,0.561153693669882,143
"CTLvPHE","GO_BP","lung development",1.25432651299503,0.626001393242773,83
"CTLvPHE","GO_BP","protein homotetramerization",-1.25348923288534,0.694969966078658,26
"CTLvPHE","GO_BP","inner ear receptor cell stereocilium organization",1.25345913392156,0.700122581500133,11
"CTLvPHE","GO_BP","response to human chorionic gonadotropin",1.25316382254375,0.724894948975217,5
"CTLvPHE","GO_BP","response to cold",1.25280054161927,0.696512292191275,18
"CTLvPHE","GO_BP","negative regulation of neurotransmitter transport",1.25255831846734,0.712766159515262,2
"CTLvPHE","GO_BP","integrin activation",1.25197581334248,0.701565087423005,11
"CTLvPHE","GO_BP","regulation of release of cytochrome c from mitochondria",-1.25148456865684,0.700122581500133,19
"CTLvPHE","GO_BP","regulation of amyloid-beta clearance",1.25068719078015,0.729230769230769,4
"CTLvPHE","GO_BP","cellular response to ethanol",1.24989123136528,0.726465178963671,7
"CTLvPHE","GO_BP","modified amino acid catabolic process",-1.24969079774232,0.700122581500133,12
"CTLvPHE","GO_BP","glycogen biosynthetic process",-1.24964483825812,0.685510371739577,20
"CTLvPHE","GO_BP","negative regulation of cytosolic calcium ion concentration",1.24865991405578,0.721316638523255,9
"CTLvPHE","GO_BP","negative regulation of actin filament polymerization",1.24807711863868,0.683767816954239,32
"CTLvPHE","GO_BP","S-adenosylmethionine metabolic process",-1.24601021605834,0.723970525643754,9
"CTLvPHE","GO_BP","heterochromatin organization",-1.24536652923961,0.656822692176502,48
"CTLvPHE","GO_BP","response to retinoic acid",-1.24503946857474,0.680073959408325,36
"CTLvPHE","GO_BP","neutrophil degranulation",-1.24478893422717,0.726465178963671,4
"CTLvPHE","GO_BP","regulation of cilium movement",-1.2445465316237,0.633303108628285,1
"CTLvPHE","GO_BP","regulation of flagellated sperm motility",-1.2445465316237,0.633303108628285,1
"CTLvPHE","GO_BP","response to UV-A",-1.24441540084385,0.726465178963671,4
"CTLvPHE","GO_BP","glucocorticoid secretion",1.24341833443991,0.724546874432458,2
"CTLvPHE","GO_BP","proteinogenic amino acid metabolic process",-1.24333798882397,0.629399733637747,60
"CTLvPHE","GO_BP","epidermis development",1.2423137370642,0.629399733637747,84
"CTLvPHE","GO_BP","negative regulation of protein-containing complex disassembly",1.24214702364933,0.65194427939526,43
"CTLvPHE","GO_BP","regulation of calcium ion-dependent exocytosis",-1.24144813157739,0.726465178963671,10
"CTLvPHE","GO_BP","centrosome localization",1.24094686190526,0.723970525643754,17
"CTLvPHE","GO_BP","somite development",-1.23915377816242,0.700122581500133,18
"CTLvPHE","GO_BP","negative regulation of cytoskeleton organization",1.23906571650423,0.633303108628285,82
"CTLvPHE","GO_BP","microtubule organizing center localization",1.23853239405811,0.700122581500133,18
"CTLvPHE","GO_BP","regulation of purine nucleotide metabolic process",-1.2384169575594,0.673916013763991,35
"CTLvPHE","GO_BP","cellular response to xenobiotic stimulus",-1.23799288765034,0.629399733637747,50
"CTLvPHE","GO_BP","acid secretion",1.23648217943639,0.726465178963671,3
"CTLvPHE","GO_BP","response to exogenous dsRNA",1.23613987253972,0.726465178963671,14
"CTLvPHE","GO_BP","Golgi organization",1.23613623524292,0.598807156214619,97
"CTLvPHE","GO_BP","muscle adaptation",1.23588655564789,0.633303108628285,67
"CTLvPHE","GO_BP","interferon-mediated signaling pathway",1.23582369203899,0.700122581500133,21
"CTLvPHE","GO_BP","sarcoplasmic reticulum calcium ion transport",1.23572265967797,0.710019560232025,16
"CTLvPHE","GO_BP","RNA polymerase II transcription initiation surveillance",-1.23445838436518,0.726465178963671,8
"CTLvPHE","GO_BP","collagen metabolic process",1.23423307052191,0.656822692176502,43
"CTLvPHE","GO_BP","cellular response to acidic pH",-1.23421994178813,0.731913675375066,6
"CTLvPHE","GO_BP","cell-cell adhesion mediated by cadherin",1.23385929274768,0.726465178963671,14
"CTLvPHE","GO_BP","positive regulation of protein-containing complex assembly",1.23383795292683,0.609043736100815,95
"CTLvPHE","GO_BP","positive regulation of chromosome segregation",-1.23336475777374,0.703512268028397,12
"CTLvPHE","GO_BP","negative regulation of catabolic process",-1.23325578069082,0.562240428905837,163
"CTLvPHE","GO_BP","vitamin metabolic process",-1.23321787407188,0.726465178963671,10
"CTLvPHE","GO_BP","grooming behavior",-1.23311109671739,0.72838444840852,5
"CTLvPHE","GO_BP","G protein-coupled serotonin receptor signaling pathway",1.23041560005588,0.729230769230769,3
"CTLvPHE","GO_BP","cellular response to toxic substance",-1.22972309173547,0.633303108628285,64
"CTLvPHE","GO_BP","monoacylglycerol metabolic process",1.22783786889782,0.731913675375066,3
"CTLvPHE","GO_BP","tongue development",-1.22738648262923,0.739221190527604,3
"CTLvPHE","GO_BP","magnesium ion homeostasis",-1.22701883469924,0.700122581500133,2
"CTLvPHE","GO_BP","extracellular matrix constituent secretion",1.22646297662163,0.737816267617592,5
"CTLvPHE","GO_BP","response to hyperoxia",-1.22602129769296,0.700122581500133,20
"CTLvPHE","GO_BP","regulation of cell growth involved in cardiac muscle cell development",1.22592996023291,0.710019560232025,20
"CTLvPHE","GO_BP","regulation of B cell proliferation",1.22550258352713,0.726465178963671,10
"CTLvPHE","GO_BP","inflammatory response to antigenic stimulus",-1.2254975218174,0.723970525643754,17
"CTLvPHE","GO_BP","regulation of cardiac muscle cell action potential",1.22536335617611,0.726465178963671,10
"CTLvPHE","GO_BP","protein folding",1.22412246475059,0.631914219789169,137
"CTLvPHE","GO_BP","protein-DNA complex assembly",-1.22394583686727,0.694969966078658,36
"CTLvPHE","GO_BP","negative regulation of D-glucose transmembrane transport",-1.22382996625189,0.732659205445383,11
"CTLvPHE","GO_BP","anatomical structure arrangement",-1.22380915164111,0.73769828814255,6
"CTLvPHE","GO_BP","spindle organization",-1.22361171784608,0.598807156214619,94
"CTLvPHE","GO_BP","epigenetic programming of gene expression",-1.22354982454971,0.729230769230769,10
"CTLvPHE","GO_BP","intracellular copper ion homeostasis",1.22313639465025,0.743871836110826,7
"CTLvPHE","GO_BP","regulation of granulocyte differentiation",1.22262014909893,0.731913675375066,3
"CTLvPHE","GO_BP","regulation of microtubule-based process",1.22257271530263,0.622579007827318,114
"CTLvPHE","GO_BP","response to parathyroid hormone",1.22174691585316,0.735041511594618,9
"CTLvPHE","GO_BP","response to cholesterol",1.22165871493118,0.726465178963671,10
"CTLvPHE","GO_BP","proteinogenic amino acid catabolic process",-1.22118235150124,0.696875214732358,35
"CTLvPHE","GO_BP","response to nutrient",-1.21990697386417,0.629111036089996,115
"CTLvPHE","GO_BP","gastric acid secretion",1.21984839323174,0.678104220087792,1
"CTLvPHE","GO_BP","regulation of gastrulation",-1.2186501545388,0.721316638523255,2
"CTLvPHE","GO_BP","cell migration involved in gastrulation",-1.21816750151309,0.741626634789294,3
"CTLvPHE","GO_BP","positive regulation of microtubule polymerization",1.21806506398006,0.723970525643754,18
"CTLvPHE","GO_BP","amino acid import across plasma membrane",1.21557355965945,0.726465178963671,15
"CTLvPHE","GO_BP","pigment metabolic process",-1.2147666173292,0.714927048260382,21
"CTLvPHE","GO_BP","positive regulation of humoral immune response",-1.21390375503753,0.688835993361369,1
"CTLvPHE","GO_BP","disruption of anatomical structure in another organism",-1.21296538051096,0.741626634789294,6
"CTLvPHE","GO_BP","anatomical structure maturation",-1.21281626169392,0.67739703989704,63
"CTLvPHE","GO_BP","positive regulation of membrane invagination",1.21280067328277,0.729230769230769,2
"CTLvPHE","GO_BP","ribosome biogenesis",-1.21213310081592,0.598807156214619,125
"CTLvPHE","GO_BP","positive regulation of lipid biosynthetic process",1.21162651343323,0.700122581500133,35
"CTLvPHE","GO_BP","substrate adhesion-dependent cell spreading",1.21065800729493,0.691677764001776,55
"CTLvPHE","GO_BP","dentate gyrus development",1.21016352447905,0.739221190527604,8
"CTLvPHE","GO_BP","sensory perception of temperature stimulus",-1.21004842195157,0.742981446587422,6
"CTLvPHE","GO_BP","extracellular exosome biogenesis",-1.20955205028979,0.726465178963671,14
"CTLvPHE","GO_BP","exosomal secretion",-1.20955205028979,0.726465178963671,14
"CTLvPHE","GO_BP","transposable element silencing by heterochromatin formation",-1.20914542986348,0.726465178963671,2
"CTLvPHE","GO_BP","nucleosome organization",-1.20565440456976,0.718446725429593,32
"CTLvPHE","GO_BP","glutamate secretion",1.20503496764738,0.738563891465677,11
"CTLvPHE","GO_BP","muscle cell cellular homeostasis",1.20494139744141,0.740347700715854,12
"CTLvPHE","GO_BP","postsynapse organization",1.20471384241606,0.633303108628285,136
"CTLvPHE","GO_BP","nuclear division",-1.2042484254413,0.622365838591882,132
"CTLvPHE","GO_BP","negative regulation of innate immune response",-1.20419284596521,0.700122581500133,29
"CTLvPHE","GO_BP","regulation of organelle assembly",1.20391929670909,0.656317661983384,110
"CTLvPHE","GO_BP","cellular response to virus",1.20254257919514,0.741626634789294,17
"CTLvPHE","GO_BP","cellular response to phorbol 13-acetate 12-myristate",-1.20233478941916,0.741626634789294,8
"CTLvPHE","GO_BP","regulation of reactive oxygen species metabolic process",-1.20229814378542,0.683059259681546,56
"CTLvPHE","GO_BP","regulation of epidermis development",1.20145559075924,0.742730159565026,10
"CTLvPHE","GO_BP","blastocyst formation",1.20121254098482,0.741626634789294,17
"CTLvPHE","GO_BP","maintenance of gastrointestinal epithelium",1.19971568316358,0.742981446587422,2
"CTLvPHE","GO_BP","regulation of calcium ion transmembrane transport",1.19954947427875,0.698096717809283,53
"CTLvPHE","GO_BP","innate immune response in mucosa",1.19873615985821,0.703014591577162,1
"CTLvPHE","GO_BP","regulation of membrane permeability",1.19866567520325,0.716103840302128,28
"CTLvPHE","GO_BP","protein K48-linked deubiquitination",-1.19821913285025,0.726465178963671,12
"CTLvPHE","GO_BP","outer dynein arm assembly",-1.1973964457651,0.729363336330417,2
"CTLvPHE","GO_BP","collagen biosynthetic process",1.19729399751677,0.726465178963671,27
"CTLvPHE","GO_BP","animal organ regeneration",-1.19699339035619,0.663493840985442,59
"CTLvPHE","GO_BP","central nervous system projection neuron axonogenesis",1.19656961083097,0.741626634789294,8
"CTLvPHE","GO_BP","smooth muscle cell migration",-1.1958079079483,0.683767816954239,50
"CTLvPHE","GO_BP","muscle cell proliferation",-1.19486506343872,0.67475909282632,92
"CTLvPHE","GO_BP","positive regulation of inositol phosphate biosynthetic process",-1.19481062881423,0.732446171689395,2
"CTLvPHE","GO_BP","sensory perception of sound",1.1943680750508,0.715267326846416,36
"CTLvPHE","GO_BP","negative regulation of protein ubiquitination",-1.19377859925704,0.721316638523255,35
"CTLvPHE","GO_BP","eating behavior",1.19372345313698,0.741626634789294,8
"CTLvPHE","GO_BP","organelle fusion",1.19290939847565,0.682969415014036,91
"CTLvPHE","GO_BP","amino sugar metabolic process",-1.19201700429479,0.726465178963671,18
"CTLvPHE","GO_BP","secondary alcohol biosynthetic process",1.19126260149421,0.724754445619305,28
"CTLvPHE","GO_BP","fibroblast proliferation",1.19089583371158,0.724754445619305,38
"CTLvPHE","GO_BP","positive regulation of sodium ion transport",-1.19089133850188,0.726465178963671,15
"CTLvPHE","GO_BP","positive regulation of growth",1.18946188061097,0.672187912434728,102
"CTLvPHE","GO_BP","positive regulation of protein serine/threonine kinase activity",1.18794753622354,0.724754445619305,26
"CTLvPHE","GO_BP","hydrogen peroxide metabolic process",1.18787285198044,0.726465178963671,20
"CTLvPHE","GO_BP","negative regulation of cell development",1.18696365219459,0.700122581500133,63
"CTLvPHE","GO_BP","antigen processing and presentation of peptide antigen via MHC class Ib",1.18667202650191,0.726465178963671,1
"CTLvPHE","GO_BP","regulation of endocytosis",1.18576382545055,0.669028364226246,150
"CTLvPHE","GO_BP","protein catabolic process in the vacuole",-1.18310542333017,0.729942571217376,15
"CTLvPHE","GO_BP","response to arsenic-containing substance",-1.18216817067615,0.726465178963671,24
"CTLvPHE","GO_BP","glycolytic process",-1.18168824383194,0.724826744620204,43
"CTLvPHE","GO_BP","regulation of glial cell proliferation",-1.18043371495044,0.739221190527604,14
"CTLvPHE","GO_BP","regulation of coagulation",-1.17883546172042,0.741626634789294,14
"CTLvPHE","GO_BP","negative regulation of microtubule polymerization",-1.17862845150274,0.739221190527604,12
"CTLvPHE","GO_BP","inner ear morphogenesis",1.17846314499677,0.741626634789294,19
"CTLvPHE","GO_BP","keratinization",1.17789811133369,0.726465178963671,1
"CTLvPHE","GO_BP","regulation of lipid metabolic process",1.17474059096587,0.691677764001776,96
"CTLvPHE","GO_BP","cellular response to vascular endothelial growth factor stimulus",1.17355825181468,0.741626634789294,24
"CTLvPHE","GO_BP","skin epidermis development",1.17256212570073,0.726465178963671,36
"CTLvPHE","GO_BP","protein monoubiquitination",-1.16873672990492,0.739221190527604,24
"CTLvPHE","GO_BP","regulation of synaptic vesicle recycling",1.16864500600614,0.744168660287081,22
"CTLvPHE","GO_BP","endothelial cell proliferation",1.16840713600289,0.726465178963671,49
"CTLvPHE","GO_BP","response to amine",-1.16821667894851,0.729363336330417,27
"CTLvPHE","GO_BP","import across plasma membrane",1.16774277456737,0.723734423280663,78
"CTLvPHE","GO_BP","ribosome disassembly",-1.16749913045237,0.726465178963671,29
"CTLvPHE","GO_BP","receptor-mediated endocytosis",1.1667536016174,0.697059675993244,120
"CTLvPHE","GO_BP","erythrocyte homeostasis",-1.16398018882101,0.723734423280663,53
"CTLvPHE","GO_BP","protein localization to lysosome",-1.15603223080734,0.731255785251466,30
"CTLvPHE","GO_BP","protein-DNA complex organization",-1.15206597923661,0.729363336330417,44
"CTLvPHE","GO_BP","biological process involved in interaction with host",1.15177788619391,0.729230769230769,58
"CTLvPHE","GO_BP","regulation of hemopoiesis",1.14711740777277,0.724754445619305,84
"CTLvPHE","GO_BP","intracellular glucose homeostasis",1.14576153946922,0.726465178963671,82
"CTLvPHE","GO_BP","membraneless organelle assembly",1.14393017891648,0.681599469055915,197
"CTLvPHE","GO_BP","response to insulin",1.14221007727131,0.685510371739577,153
"CTLvPHE","GO_BP","negative regulation of growth",1.135442942567,0.731913675375066,74
"CTLvPHE","GO_BP","ribose phosphate metabolic process",-1.13506922930761,0.678467172874526,152
"CTLvPHE","GO_BP","cellular respiration",-1.1336881702574,0.694969966078658,177
"CTLvPHE","GO_BP","carbohydrate catabolic process",-1.12287153299188,0.739221190527604,83
"CTLvPHE","GO_BP","monocarboxylic acid biosynthetic process",1.11961107265641,0.739221190527604,77
"CTLvPHE","GO_BP","cardiac muscle hypertrophy",1.11728148183081,0.742981446587422,59
"CTLvPHE","GO_BP","regulation of transferase activity",-1.105237645813,0.731913675375066,130
"CTLvPHE","GO_BP","ribonucleotide biosynthetic process",-1.09725725674115,0.7414280739602,71
"CTLvPHE","GO_BP",NA,NA,NA,NA
"CTLvPHE","GO_BP",NA,NA,NA,NA
"CTLvPHE","GO_BP",NA,NA,NA,NA
"CTLvPHE","GO_BP",NA,NA,NA,NA
"CTLvPHE","GO_BP",NA,NA,NA,NA
"CTLvPHE","GO_BP",NA,NA,NA,NA
"CTLvPHE","GO_BP",NA,NA,NA,NA
"CTLvPHE","GO_BP",NA,NA,NA,NA
"CTLvPHE","GO_BP",NA,NA,NA,NA
"CTLvPHE","GO_BP",NA,NA,NA,NA
"CTLvPHE","GO_BP",NA,NA,NA,NA
"CTLvPHE","GO_BP",NA,NA,NA,NA
"CTLvPHE","GO_BP",NA,NA,NA,NA
"CTLvPHE","GO_BP",NA,NA,NA,NA
"CTLvPHE","GO_BP",NA,NA,NA,NA
"CTLvPHE","GO_BP",NA,NA,NA,NA
"CTLvPHE","GO_BP",NA,NA,NA,NA
"CTLvPHE","GO_BP",NA,NA,NA,NA
"CTLvPHE","GO_BP",NA,NA,NA,NA
"CTLvPHE","GO_BP",NA,NA,NA,NA
"CTLvPHE","GO_BP",NA,NA,NA,NA
"CTLvPHE","GO_BP",NA,NA,NA,NA
"CTLvPHE","GO_BP",NA,NA,NA,NA
"CTLvPHE","GO_BP",NA,NA,NA,NA
"CTLvPHE","GO_BP",NA,NA,NA,NA
"CTLvPHE","GO_BP",NA,NA,NA,NA
"CTLvPHE","GO_BP",NA,NA,NA,NA
"CTLvPHE","GO_BP",NA,NA,NA,NA
"CTLvPHE","GO_BP",NA,NA,NA,NA
"CTLvPHE","GO_BP",NA,NA,NA,NA
"CTLvPHE","GO_BP",NA,NA,NA,NA
"CTLvPHE","GO_BP",NA,NA,NA,NA
"CTLvPHE","GO_BP",NA,NA,NA,NA
"CTLvPHE","GO_BP",NA,NA,NA,NA
"CTLvPHE","GO_BP",NA,NA,NA,NA
"CTLvPHE","GO_BP",NA,NA,NA,NA
"CTLvPHE","GO_BP",NA,NA,NA,NA
"CTLvPHE","GO_BP",NA,NA,NA,NA
"CTLvPHE","GO_BP",NA,NA,NA,NA
"CTLvPHE","GO_BP",NA,NA,NA,NA
"CTLvPHE","GO_BP",NA,NA,NA,NA
"CTLvPHE","GO_BP",NA,NA,NA,NA
"CTLvPHE","GO_BP",NA,NA,NA,NA
"CTLvPHE","GO_BP",NA,NA,NA,NA
"CTLvPHE","GO_BP",NA,NA,NA,NA
"CTLvPHE","GO_BP",NA,NA,NA,NA
"CTLvPHE","GO_BP",NA,NA,NA,NA
"CTLvPHE","GO_BP",NA,NA,NA,NA
"CTLvPHE","GO_BP",NA,NA,NA,NA
"CTLvPHE","GO_BP",NA,NA,NA,NA
"CTLvPHE","GO_CC","protein-DNA complex",-2.03302045674412,0.0030187385578173,47
"CTLvPHE","GO_CC","U2-type spliceosomal complex",-1.93327680558042,0.00520972608691332,65
"CTLvPHE","GO_CC","myofibril",1.89946458281693,0.00278588450609501,117
"CTLvPHE","GO_CC","proteasome core complex",-1.85528967613195,0.0806738776948393,16
"CTLvPHE","GO_CC","cytoplasmic side of endoplasmic reticulum membrane",-1.85330871828177,0.0477763550310928,37
"CTLvPHE","GO_CC","actin cytoskeleton",1.84070769758534,0.000110499958467751,260
"CTLvPHE","GO_CC","cytoplasmic stress granule",1.81992002504799,0.024406232940669,62
"CTLvPHE","GO_CC","extracellular matrix",1.80230095775729,0.0116621051628044,87
"CTLvPHE","GO_CC","dystrophin-associated glycoprotein complex",1.79457137528996,0.0806738776948393,12
"CTLvPHE","GO_CC","glycoprotein complex",1.79457137528996,0.0806738776948393,12
"CTLvPHE","GO_CC","eukaryotic 48S preinitiation complex",-1.79366381856015,0.116303281176498,16
"CTLvPHE","GO_CC","germ cell nucleus",-1.77829276245323,0.136323742647537,12
"CTLvPHE","GO_CC","U1 snRNP",-1.77698254800407,0.116303281176498,14
"CTLvPHE","GO_CC","clathrin adaptor complex",-1.7722212908225,0.116303281176498,17
"CTLvPHE","GO_CC","cortical actin cytoskeleton",1.7715358782264,0.0496166345671483,48
"CTLvPHE","GO_CC","ribbon synapse",1.74554900504289,0.134277194587054,14
"CTLvPHE","GO_CC","mitotic spindle pole",-1.6995810300173,0.136323742647537,14
"CTLvPHE","GO_CC","nuclear ubiquitin ligase complex",-1.68629047180794,0.17796541265757,12
"CTLvPHE","GO_CC","neuron projection membrane",1.68535001977766,0.136323742647537,18
"CTLvPHE","GO_CC","myosin filament",1.68028540772563,0.116303281176498,10
"CTLvPHE","GO_CC","protein phosphatase type 1 complex",-1.67987095741659,0.136323742647537,9
"CTLvPHE","GO_CC","lumenal side of membrane",1.67012205142063,0.136323742647537,6
"CTLvPHE","GO_CC","protein complex involved in cell adhesion",1.64186732280819,0.136323742647537,13
"CTLvPHE","GO_CC","nucleosome",-1.63729930524297,0.150989516609432,9
"CTLvPHE","GO_CC","euchromatin",-1.63450096605648,0.136323742647537,23
"CTLvPHE","GO_CC","oligosaccharyltransferase complex",-1.62455704503629,0.136323742647537,8
"CTLvPHE","GO_CC","cell leading edge",1.58270197355264,0.00575319485512886,230
"CTLvPHE","GO_CC","postsynaptic membrane",1.57405846190799,0.116303281176498,81
"CTLvPHE","GO_CC","trans-Golgi network transport vesicle",-1.56271791445658,0.203912106728731,22
"CTLvPHE","GO_CC","adherens junction",1.54146625602151,0.136323742647537,75
"CTLvPHE","GO_CC","synaptic cleft",1.53979411493621,0.116303281176498,3
"CTLvPHE","GO_CC","integrin complex",1.53614918031432,0.319768895692116,11
"CTLvPHE","GO_CC","neuron spine",1.52816687025046,0.136323742647537,76
"CTLvPHE","GO_CC","BLOC-1 complex",1.50900063938332,0.313017703426994,11
"CTLvPHE","GO_CC","sarcolemma",1.50825548240583,0.136323742647537,77
"CTLvPHE","GO_CC","leading edge membrane",1.5044263028392,0.141266028172636,65
"CTLvPHE","GO_CC","dendritic spine",1.50250372460976,0.141266028172636,75
"CTLvPHE","GO_CC","cell-substrate junction",1.50225602556908,0.133559248985961,111
"CTLvPHE","GO_CC","postsynaptic specialization, intracellular component",1.48271518637132,0.313017703426994,27
"CTLvPHE","GO_CC","axon cytoplasm",1.47959532236449,0.242289404590594,43
"CTLvPHE","GO_CC","endoplasmic reticulum exit site",1.47240921095013,0.313017703426994,19
"CTLvPHE","GO_CC","mitochondria-associated endoplasmic reticulum membrane contact site",-1.46729094930785,0.319768895692116,20
"CTLvPHE","GO_CC","phagophore assembly site",1.46253829190689,0.319768895692116,27
"CTLvPHE","GO_CC","vesicle coat",-1.4606190938841,0.172855365069882,45
"CTLvPHE","GO_CC","actin-based cell projection",1.45957366788415,0.17796541265757,87
"CTLvPHE","GO_CC","cell cortex",1.45261267883287,0.116303281176498,169
"CTLvPHE","GO_CC","basal part of cell",1.44219254618842,0.152150586626977,89
"CTLvPHE","GO_CC","main axon",1.44167220166549,0.352219105758126,21
"CTLvPHE","GO_CC","pericentriolar material",1.44030075580623,0.359095470431503,7
"CTLvPHE","GO_CC","SMN-Sm protein complex",-1.43978198876968,0.367441205464019,13
"CTLvPHE","GO_CC","nuclear chromosome",-1.42637576514069,0.17796541265757,68
"CTLvPHE","GO_CC","neuromuscular junction",1.41340617834413,0.313017703426994,46
"CTLvPHE","GO_CC","collagenous component of interstitial matrix",1.41184509251342,0.373200472007342,9
"CTLvPHE","GO_CC","acrosomal membrane",1.40879675648895,0.373200472007342,9
"CTLvPHE","GO_CC","other organism part",-1.40622365773042,0.36847555923778,5
"CTLvPHE","GO_CC","Cul2-RING ubiquitin ligase complex",-1.4047891296918,0.370110957004161,7
"CTLvPHE","GO_CC","cyclin-dependent protein kinase holoenzyme complex",-1.40314747020346,0.367441205464019,21
"CTLvPHE","GO_CC","germ plasm",1.40137619232407,0.367441205464019,6
"CTLvPHE","GO_CC","sperm head-tail coupling apparatus",-1.39476760562882,0.234513102937496,2
"CTLvPHE","GO_CC","basal plasma membrane",1.39450993234633,0.201586707380467,80
"CTLvPHE","GO_CC","dendritic spine membrane",1.39238155562249,0.367441205464019,6
"CTLvPHE","GO_CC","peptidase complex",-1.38989289182363,0.288130041059842,75
"CTLvPHE","GO_CC","DNA-directed RNA polymerase complex",-1.38939026475717,0.367441205464019,27
"CTLvPHE","GO_CC","specialized extracellular matrix",1.38546435469299,0.367441205464019,4
"CTLvPHE","GO_CC","collagen trimer",1.37890748971601,0.397872842712126,14
"CTLvPHE","GO_CC","gap junction",1.37785555449862,0.373200472007342,6
"CTLvPHE","GO_CC","nuclear DNA-directed RNA polymerase complex",-1.37767823016789,0.367441205464019,26
"CTLvPHE","GO_CC","lamellipodium",1.37576820068769,0.203912106728731,120
"CTLvPHE","GO_CC","replisome",-1.37380204594747,0.419836045211775,10
"CTLvPHE","GO_CC","solid phase of basement membrane",1.37282919941862,0.419836045211775,8
"CTLvPHE","GO_CC","presynaptic active zone",1.36796602629047,0.319768895692116,40
"CTLvPHE","GO_CC","neuronal cell body membrane",1.36125288538899,0.419836045211775,4
"CTLvPHE","GO_CC","sarcoplasm",1.36115292190926,0.341908460377487,45
"CTLvPHE","GO_CC","brush border",1.36054047037997,0.367441205464019,42
"CTLvPHE","GO_CC","preribosome, large subunit precursor",-1.35440366881383,0.419836045211775,4
"CTLvPHE","GO_CC","coated membrane",-1.34878156549156,0.319768895692116,65
"CTLvPHE","GO_CC","protein folding chaperone complex",1.34809737922499,0.379328584960205,26
"CTLvPHE","GO_CC","proximal dendrite",-1.34585759740627,0.422385068572532,4
"CTLvPHE","GO_CC","chromosome, telomeric region",-1.34484606545085,0.367441205464019,43
"CTLvPHE","GO_CC","mitochondrial inner membrane",-1.34466317127769,0.141266028172636,202
"CTLvPHE","GO_CC","outer membrane",-1.33684148172023,0.203912106728731,117
"CTLvPHE","GO_CC","methyltransferase complex",-1.33289400585651,0.400134952766532,36
"CTLvPHE","GO_CC","voltage-gated potassium channel complex",1.33255832788608,0.416839853300733,3
"CTLvPHE","GO_CC","phagocytic vesicle",1.31709870335362,0.367441205464019,58
"CTLvPHE","GO_CC","protein acetyltransferase complex",-1.31431105855078,0.408191361211495,26
"CTLvPHE","GO_CC","presynaptic active zone membrane",1.30880509436941,0.487742737923287,15
"CTLvPHE","GO_CC","potassium channel complex",1.30378680421697,0.500116326411912,5
"CTLvPHE","GO_CC","ER to Golgi transport vesicle membrane",1.3028685694402,0.451119682845816,20
"CTLvPHE","GO_CC","intercellular bridge",-1.28646271883557,0.538004032258064,17
"CTLvPHE","GO_CC","Cajal body",-1.28055222531415,0.479397178951941,25
"CTLvPHE","GO_CC","endoribonuclease complex",1.28043298737355,0.534916936029467,8
"CTLvPHE","GO_CC","endonuclease complex",1.28043298737355,0.534916936029467,8
"CTLvPHE","GO_CC","glycinergic synapse",1.27895898849728,0.502258610954263,3
"CTLvPHE","GO_CC","apicolateral plasma membrane",1.27563847067306,0.538004032258064,8
"CTLvPHE","GO_CC","dynein complex",1.272270108156,0.49505068574836,18
"CTLvPHE","GO_CC","endosome membrane",-1.27072648890295,0.182868848396767,211
"CTLvPHE","GO_CC","phosphatidylinositol 3-kinase complex",-1.27061740353589,0.538004032258064,3
"CTLvPHE","GO_CC","mitochondrial protein-containing complex",-1.26094411667948,0.319768895692116,117
"CTLvPHE","GO_CC","site of polarized growth",1.25863427855558,0.397872842712126,100
"CTLvPHE","GO_CC","solid phase of interstitial matrix",1.25458089215726,0.500116326411912,17
"CTLvPHE","GO_CC","dopaminergic synapse",-1.24550010942023,0.577494527466088,3
"CTLvPHE","GO_CC","myelin sheath",1.24026404257517,0.527384569776921,27
"CTLvPHE","GO_CC","cytoplasmic side of plasma membrane",1.23603608258743,0.48539937561867,63
"CTLvPHE","GO_CC","complex of collagen trimers",1.23215743534759,0.56859854001393,13
"CTLvPHE","GO_CC","proton-transporting ATP synthase complex",-1.23121237328684,0.56859854001393,13
"CTLvPHE","GO_CC","respiratory chain complex",-1.22892883032318,0.460955220837475,64
"CTLvPHE","GO_CC","apical junction complex",1.22872385496514,0.502258610954263,49
"CTLvPHE","GO_CC","TRAPP complex",-1.22076701484951,0.56859854001393,10
"CTLvPHE","GO_CC","symbiont cell surface",-1.21471225276135,0.577494527466088,2
"CTLvPHE","GO_CC","secretory granule lumen",-1.20955200620734,0.502258610954263,1
"CTLvPHE","GO_CC","spindle microtubule",-1.20084443332833,0.527384569776921,39
"CTLvPHE","GO_CC","GTPase complex",-1.17813222970142,0.601481319322825,16
"CTLvPHE","GO_CC","ciliary basal body",1.1778488918097,0.539466189918679,51
"CTLvPHE","GO_CC","nuclear ribonucleoprotein granule",-1.17702784295172,0.430687128962991,168
"CTLvPHE","GO_CC","GABA-ergic synapse",1.16269501286459,0.577494527466088,46
"CTLvPHE","GO_CC",NA,NA,NA,NA
"CTLvPHE","GO_CC",NA,NA,NA,NA
"CTLvPHE","GO_CC",NA,NA,NA,NA
"CTLvPHE","GO_CC",NA,NA,NA,NA
"CTLvPHE","GO_CC",NA,NA,NA,NA
"CTLvPHE","GO_CC",NA,NA,NA,NA
"CTLvPHE","GO_MF","actin binding",2.1512012209598,9.21e-08,210
"CTLvPHE","GO_MF","cytoskeletal motor activity",2.07199228388426,0.0168784883715471,31
"CTLvPHE","GO_MF","transmembrane receptor protein tyrosine kinase activity",-2.04416240021923,0.0094439320019517,12
"CTLvPHE","GO_MF","calmodulin binding",2.03497430178396,0.00392957038326415,61
"CTLvPHE","GO_MF","extracellular matrix binding",1.96504780006857,0.0211949625944393,26
"CTLvPHE","GO_MF","laminin binding",1.90644699849933,0.0676608023426532,16
"CTLvPHE","GO_MF","integrin binding",1.85556014316569,0.0201251618042774,65
"CTLvPHE","GO_MF","growth factor activity",1.81559185916177,0.137294231537235,17
"CTLvPHE","GO_MF","proteoglycan binding",1.7363505447399,0.273692789457456,16
"CTLvPHE","GO_MF","glutathione transferase activity",-1.73410686224916,0.302577123160044,9
"CTLvPHE","GO_MF","signaling receptor inhibitor activity",1.73200092289787,0.272375283037089,6
"CTLvPHE","GO_MF","fibronectin binding",1.72396084348847,0.184923115893128,11
"CTLvPHE","GO_MF","glutathione binding",-1.71723840793867,0.273692789457456,7
"CTLvPHE","GO_MF","oligopeptide binding",-1.71723840793867,0.273692789457456,7
"CTLvPHE","GO_MF","polypeptide conformation or assembly isomerase activity",1.71668122549595,0.172447222982516,36
"CTLvPHE","GO_MF","cell adhesion molecule binding",1.70954720503582,0.0347831864421782,114
"CTLvPHE","GO_MF","adenylate cyclase binding",1.70656832234586,0.302577123160044,6
"CTLvPHE","GO_MF","mRNA 3'-UTR binding",1.68265876192779,0.142015683014185,70
"CTLvPHE","GO_MF","histone H3 reader activity",-1.66722425518357,0.302577123160044,14
"CTLvPHE","GO_MF","guanyl ribonucleotide binding",-1.64675735292734,0.0168784883715471,168
"CTLvPHE","GO_MF","GTP binding",-1.63046249039634,0.0195001140695733,162
"CTLvPHE","GO_MF","inositol 1,4,5 trisphosphate binding",-1.62941335287362,0.232641442364129,4
"CTLvPHE","GO_MF","protease binding",1.62907296041657,0.272375283037089,58
"CTLvPHE","GO_MF","voltage-gated channel activity",-1.62060278428475,0.447349222784092,13
"CTLvPHE","GO_MF","retinoic acid binding",-1.61735848984718,0.13191959291584,3
"CTLvPHE","GO_MF","retinoid binding",-1.61735848984718,0.13191959291584,3
"CTLvPHE","GO_MF","acetylglucosaminyltransferase activity",-1.6162143226838,0.49627021956121,11
"CTLvPHE","GO_MF","phosphatase inhibitor activity",1.60880883448872,0.399241452372247,19
"CTLvPHE","GO_MF","heparin binding",1.60046393066381,0.302577123160044,39
"CTLvPHE","GO_MF","cysteine-type endopeptidase inhibitor activity",1.58400351576775,0.49627021956121,7
"CTLvPHE","GO_MF","cytokine binding",1.57742760999312,0.4130376783013,21
"CTLvPHE","GO_MF","nuclear receptor activity",1.55137043749322,0.4130376783013,4
"CTLvPHE","GO_MF","Hsp90 protein binding",1.54768770697269,0.520685547662899,24
"CTLvPHE","GO_MF","DNA polymerase activity",-1.54509449419561,0.543715399084651,7
"CTLvPHE","GO_MF","D-mannose binding",-1.53821478638993,0.478962790037306,6
"CTLvPHE","GO_MF","Wnt-protein binding",-1.53212964816664,0.55043827875978,7
"CTLvPHE","GO_MF","GTPase activity",-1.53115191875434,0.136719452707042,136
"CTLvPHE","GO_MF","single-stranded DNA binding",-1.52427698718754,0.365122450881805,56
"CTLvPHE","GO_MF","oxidoreductase activity, acting on CH-OH group of donors",-1.51790138084733,0.4130376783013,58
"CTLvPHE","GO_MF","snoRNA binding",-1.50648099137268,0.543715399084651,12
"CTLvPHE","GO_MF","choline transmembrane transporter activity",-1.50234159135878,0.543715399084651,3
"CTLvPHE","GO_MF","protein-cysteine S-palmitoyltransferase activity",1.49754198904258,0.543715399084651,4
"CTLvPHE","GO_MF","calcium-dependent phospholipid binding",-1.49710047550224,0.543715399084651,16
"CTLvPHE","GO_MF","steroid dehydrogenase activity",-1.49252637619208,0.543715399084651,10
"CTLvPHE","GO_MF","methyltransferase activity",-1.49181956957493,0.4130376783013,53
"CTLvPHE","GO_MF","miRNA binding",1.48205470293218,0.543715399084651,16
"CTLvPHE","GO_MF","chloride transmembrane transporter activity",1.48073132818261,0.543715399084651,18
"CTLvPHE","GO_MF","ubiquitin conjugating enzyme binding",-1.47980016075449,0.543715399084651,10
"CTLvPHE","GO_MF","metalloendopeptidase activity",-1.47512958086779,0.543715399084651,23
"CTLvPHE","GO_MF","nucleoside monophosphate kinase activity",1.47424867754291,0.543715399084651,6
"CTLvPHE","GO_MF","exogenous protein binding",1.47316784229509,0.543715399084651,14
"CTLvPHE","GO_MF","structural constituent of chromatin",-1.46966577742703,0.543715399084651,6
"CTLvPHE","GO_MF","ubiquitin-protein transferase activity",-1.46595943561742,0.272375283037089,125
"CTLvPHE","GO_MF","tRNA-specific ribonuclease activity",1.46486259804831,0.543715399084651,3
"CTLvPHE","GO_MF","catalytic activity, acting on DNA",-1.46285058629095,0.49627021956121,79
"CTLvPHE","GO_MF","TBP-class protein binding",1.45697159286657,0.543715399084651,16
"CTLvPHE","GO_MF","O-acyltransferase activity",-1.45613035728384,0.543715399084651,16
"CTLvPHE","GO_MF","chloride:monoatomic cation symporter activity",1.45474804848209,0.543715399084651,5
"CTLvPHE","GO_MF","cAMP binding",-1.45292055880074,0.543715399084651,4
"CTLvPHE","GO_MF","carbon-oxygen lyase activity",-1.44755681789379,0.543715399084651,33
"CTLvPHE","GO_MF","insulin-like growth factor binding",-1.44683037364309,0.592336110321722,8
"CTLvPHE","GO_MF","intracellularly ligand-gated monoatomic ion channel activity",-1.44297325999649,0.543715399084651,4
"CTLvPHE","GO_MF","protein-folding chaperone binding",1.44248172328026,0.4130376783013,83
"CTLvPHE","GO_MF","nuclear import signal receptor activity",-1.44073506621647,0.55043827875978,16
"CTLvPHE","GO_MF","clathrin binding",1.43263098789046,0.543715399084651,25
"CTLvPHE","GO_MF","chromatin DNA binding",-1.43113207746778,0.551725772795285,33
"CTLvPHE","GO_MF","protein kinase A binding",1.4302271900739,0.562487945998071,27
"CTLvPHE","GO_MF","G-protein alpha-subunit binding",-1.43008221099517,0.587080223880597,13
"CTLvPHE","GO_MF","nuclear retinoid X receptor binding",1.42828234171254,0.593361344537815,6
"CTLvPHE","GO_MF","monocarboxylic acid binding",-1.42699258480757,0.543715399084651,19
"CTLvPHE","GO_MF","collagen binding",1.42667486212256,0.543715399084651,28
"CTLvPHE","GO_MF","signaling adaptor activity",1.41714479194378,0.543715399084651,49
"CTLvPHE","GO_MF","voltage-gated sodium channel activity",-1.41657869829685,0.4130376783013,2
"CTLvPHE","GO_MF","phosphotransferase activity, for other substituted phosphate groups",-1.41054050377659,0.579983719108544,5
"CTLvPHE","GO_MF","phosphatidylinositol monophosphate phosphatase activity",1.40744968371177,0.648399288572699,10
"CTLvPHE","GO_MF","G protein activity",-1.4068807915972,0.543715399084651,56
"CTLvPHE","GO_MF","3',5'-cyclic-AMP phosphodiesterase activity",-1.40215692546736,0.49627021956121,2
"CTLvPHE","GO_MF","beta-catenin binding",1.40209239286457,0.544648137196925,39
"CTLvPHE","GO_MF","DNA endonuclease activity",-1.3988038466462,0.59645548026347,17
"CTLvPHE","GO_MF","promoter-specific chromatin binding",1.39644852432522,0.543715399084651,26
"CTLvPHE","GO_MF","histone H3K4me3 reader activity",-1.39275765445128,0.538105624200318,2
"CTLvPHE","GO_MF","single-stranded DNA helicase activity",-1.39209086656608,0.61428154570845,10
"CTLvPHE","GO_MF","glutathione peroxidase activity",-1.39150499473034,0.6264750243989,11
"CTLvPHE","GO_MF","SNARE binding",1.38805222252165,0.543715399084651,56
"CTLvPHE","GO_MF","apolipoprotein binding",1.38388618540467,0.651918122954815,7
"CTLvPHE","GO_MF","transcription regulator inhibitor activity",-1.38219794168543,0.679076354103272,8
"CTLvPHE","GO_MF","structural constituent of muscle",1.37058510226989,0.709967530192249,10
"CTLvPHE","GO_MF","extracellular matrix structural constituent",1.37051391884951,0.631992273870943,23
"CTLvPHE","GO_MF","lysophospholipid acyltransferase activity",-1.36730945645706,0.681396287328491,9
"CTLvPHE","GO_MF","Arp2/3 complex binding",1.36458089647337,0.679076354103272,8
"CTLvPHE","GO_MF","aminoacyltransferase activity",-1.3630646678909,0.49627021956121,135
"CTLvPHE","GO_MF","RNA endonuclease activity producing 5'-phosphomonoesters, hydrolytic mechanism",1.36168505475591,0.612686528227069,5
"CTLvPHE","GO_MF","chromatin-protein adaptor activity",-1.35621381903293,0.587080223880597,27
"CTLvPHE","GO_MF","GDP-dissociation inhibitor activity",1.3537189357097,0.73724594388801,9
"CTLvPHE","GO_MF","cargo adaptor activity",-1.35175450375414,0.612686528227069,18
"CTLvPHE","GO_MF","oxidoreductase activity, acting on paired donors, with incorporation or reduction of molecular oxygen, reduced flavin or flavoprotein as one donor, and incorporation of one atom of oxygen",-1.34904116539926,0.709967530192249,4
"CTLvPHE","GO_MF","snRNP binding",-1.34757079557197,0.709967530192249,11
"CTLvPHE","GO_MF","protein kinase B binding",1.34455313614591,0.698879614337365,8
"CTLvPHE","GO_MF","neurotrophin receptor binding",-1.34392918123734,0.709967530192249,4
"CTLvPHE","GO_MF","adrenergic receptor binding",1.33365393491995,0.744317607839176,10
"CTLvPHE","GO_MF","histone reader activity",-1.33275215594715,0.612686528227069,21
"CTLvPHE","GO_MF","lipoprotein particle binding",1.32928386322357,0.73724594388801,7
"CTLvPHE","GO_MF","ferric iron binding",1.32766377826284,0.610337972166998,2
"CTLvPHE","GO_MF","alpha-actinin binding",1.32754117790632,0.744317607839176,9
"CTLvPHE","GO_MF","voltage-gated potassium channel activity",-1.32631736474729,0.4130376783013,1
"CTLvPHE","GO_MF","nuclear androgen receptor binding",1.31418912348551,0.681396287328491,12
"CTLvPHE","GO_MF","molecular condensate scaffold activity",1.31370818577807,0.681396287328491,21
"CTLvPHE","GO_MF","structural constituent of eye lens",-1.31357098011583,0.744317607839176,6
"CTLvPHE","GO_MF","ABC-type transporter activity",-1.31199913346756,0.744317607839176,4
"CTLvPHE","GO_MF","protein folding chaperone",1.31042244298724,0.579983719108544,48
"CTLvPHE","GO_MF","phosphatidylinositol 3-kinase regulator activity",-1.30864998258739,0.744317607839176,5
"CTLvPHE","GO_MF","aldehyde dehydrogenase (NAD+) activity",-1.30752603601063,0.744317607839176,11
"CTLvPHE","GO_MF","nuclear steroid receptor activity",1.30712507973862,0.543715399084651,1
"CTLvPHE","GO_MF","channel activator activity",1.3042830979705,0.744317607839176,8
"CTLvPHE","GO_MF","peptide receptor activity",-1.29981305585094,0.76619398752127,6
"CTLvPHE","GO_MF","alanine transmembrane transporter activity",1.2985244609103,0.770551689860835,6
"CTLvPHE","GO_MF","triacylglycerol lipase activity",1.29744965307412,0.73724594388801,3
"CTLvPHE","GO_MF","sphingolipid binding",1.28997468042746,0.770551689860835,10
"CTLvPHE","GO_MF","poly(U) RNA binding",1.2893997232147,0.73724594388801,16
"CTLvPHE","GO_MF","C-C chemokine receptor activity",-1.28864582167115,0.579983719108544,1
"CTLvPHE","GO_MF","C-C chemokine binding",-1.28864582167115,0.579983719108544,1
"CTLvPHE","GO_MF","protein-hormone receptor activity",1.28175602608755,0.770551689860835,4
"CTLvPHE","GO_MF","ubiquitin binding",1.27783662864534,0.689149053736704,58
"CTLvPHE","GO_MF","phosphatidylinositol 3-kinase regulatory subunit binding",1.27696896570366,0.744317607839176,3
"CTLvPHE","GO_MF","SNAP receptor activity",1.27520824833731,0.711679632433561,26
"CTLvPHE","GO_MF","carbohydrate binding",-1.27194979078166,0.55043827875978,85
"CTLvPHE","GO_MF","poly(A) binding",1.271935334661,0.744317607839176,17
"CTLvPHE","GO_MF","protein tyrosine kinase activator activity",1.26611035904196,0.770551689860835,7
"CTLvPHE","GO_MF","receptor serine/threonine kinase binding",1.264498102546,0.770551689860835,9
"CTLvPHE","GO_MF","SH2 domain binding",1.26327360641995,0.745492120898993,17
"CTLvPHE","GO_MF","threonine-type peptidase activity",-1.26183075539113,0.784005376344086,5
"CTLvPHE","GO_MF","steroid binding",1.25845997381537,0.744317607839176,30
"CTLvPHE","GO_MF","neuropilin binding",1.25688188325611,0.784005376344086,4
"CTLvPHE","GO_MF","JUN kinase binding",1.25422297332954,0.779693335021204,5
"CTLvPHE","GO_MF","ATP-dependent chromatin remodeler activity",-1.25132947376516,0.78839239856189,9
"CTLvPHE","GO_MF","translation initiation factor activity",-1.24681107511654,0.73724594388801,41
"CTLvPHE","GO_MF","protein kinase A catalytic subunit binding",1.24081887318049,0.791068713894801,9
"CTLvPHE","GO_MF","protein serine/threonine kinase inhibitor activity",1.24017899496055,0.744317607839176,26
"CTLvPHE","GO_MF","D-glucose transmembrane transporter activity",1.23946696991321,0.770551689860835,2
"CTLvPHE","GO_MF","long-chain fatty acyl-CoA hydrolase activity",1.23945874506994,0.791068713894801,7
"CTLvPHE","GO_MF","clathrin-cargo adaptor activity",-1.23689195789012,0.770551689860835,14
"CTLvPHE","GO_MF","calcium channel regulator activity",1.23680440445202,0.784005376344086,15
"CTLvPHE","GO_MF","small GTPase binding",1.23612463210592,0.610337972166998,155
"CTLvPHE","GO_MF","phosphatidylglycerol binding",-1.2347657319422,0.791068713894801,4
"CTLvPHE","GO_MF","sulfur compound binding",1.23421653461776,0.676498008305789,80
"CTLvPHE","GO_MF","transcription coactivator binding",1.2333179429188,0.770551689860835,14
"CTLvPHE","GO_MF","phosphatase binding",1.23206052250909,0.651804670912951,102
"CTLvPHE","GO_MF","NAD binding",-1.22647141476581,0.744317607839176,37
"CTLvPHE","GO_MF","phosphatidylethanolamine binding",-1.22467922626186,0.791068713894801,7
"CTLvPHE","GO_MF","semaphorin receptor binding",1.22448989800482,0.791068713894801,3
"CTLvPHE","GO_MF","NAD(P)H oxidase H2O2-forming activity",1.22188332037192,0.791068713894801,5
"CTLvPHE","GO_MF","hydrolase activity, hydrolyzing O-glycosyl compounds",-1.2215148184386,0.770551689860835,31
"CTLvPHE","GO_MF","damaged DNA binding",-1.21809269730023,0.76619398752127,24
"CTLvPHE","GO_MF","beta-tubulin binding",1.21572031849475,0.784005376344086,25
"CTLvPHE","GO_MF","quinone binding",-1.21444728712797,0.791068713894801,9
"CTLvPHE","GO_MF","enzyme-substrate adaptor activity",-1.21085904842588,0.770551689860835,29
"CTLvPHE","GO_MF","steroid hydroxylase activity",-1.2041445374414,0.791068713894801,2
"CTLvPHE","GO_MF","exonuclease activity",-1.20203887180381,0.791068713894801,30
"CTLvPHE","GO_MF","oxygen binding",1.20172628572402,0.791068713894801,2
"CTLvPHE","GO_MF","translation initiation factor binding",1.20167125717878,0.791068713894801,24
"CTLvPHE","GO_MF","MHC class II protein complex binding",1.20162220584298,0.779693335021204,1
"CTLvPHE","GO_MF","aminopeptidase activity",-1.20140195930123,0.791068713894801,21
"CTLvPHE","GO_MF","phosphatidylinositol-5-phosphate binding",1.19525817255316,0.791068713894801,12
"CTLvPHE","GO_MF","structural constituent of skin epidermis",1.1927377533044,0.78839239856189,1
"CTLvPHE","GO_MF","bicarbonate:monoatomic anion antiporter activity",1.17746760050372,0.791068713894801,1
"CTLvPHE","GO_MF","chloride:bicarbonate antiporter activity",1.17746760050372,0.791068713894801,1
"CTLvPHE","GO_MF","beta-2-microglobulin binding",1.17691232222005,0.79432159243799,1
"CTLvPHE","GO_MF","phosphatidylserine binding",1.17084665592364,0.791068713894801,29
"CTLvPHE","GO_MF","protein kinase C binding",1.16570666312667,0.791068713894801,29
"CTLvPHE","GO_MF","protein heterodimerization activity",1.16554649172306,0.770551689860835,91
"CTLvPHE","GO_MF","nucleic acid conformation isomerase activity",-1.16015647216194,0.770551689860835,64
"CTLvPHE","GO_MF","transcription corepressor activity",1.15134364014499,0.791068713894801,60
"CTLvPHE","GO_MF","SMAD binding",1.15037415718926,0.791068713894801,35
"CTLvPHE","GO_MF","alcohol binding",-1.14762438013199,0.791068713894801,25
"CTLvPHE","GO_MF","structural constituent of cytoskeleton",-1.14465503341569,0.791068713894801,39
"CTLvPHE","GO_MF","transcription coactivator activity",1.12648074696848,0.791068713894801,108
"CTLvPHE","GO_MF",NA,NA,NA,NA
"CTLvPHE","GO_MF",NA,NA,NA,NA
"CTLvPHE","GO_MF",NA,NA,NA,NA
"CTLvPHE","GO_MF",NA,NA,NA,NA
"CTLvPHE","GO_MF",NA,NA,NA,NA
"CTLvPHE","GO_MF",NA,NA,NA,NA
"CTLvPHE","GO_MF",NA,NA,NA,NA
"CTLvPHE","GO_MF",NA,NA,NA,NA
"CTLvPHE","GO_MF",NA,NA,NA,NA
"CTLvPHE","GO_MF",NA,NA,NA,NA
"CTLvPHE","GO_MF",NA,NA,NA,NA
"CTLvPHE","GO_MF",NA,NA,NA,NA
"CTLvPHE","GO_MF",NA,NA,NA,NA
"CTLvPHE","GO_MF",NA,NA,NA,NA
"CTLvPHE","GO_MF",NA,NA,NA,NA
"CTLvPHE","GO_MF",NA,NA,NA,NA
"CTLvPHE","GO_MF",NA,NA,NA,NA
"CTLvPHE","GO_MF",NA,NA,NA,NA
"CTLvPHE","GO_MF",NA,NA,NA,NA
"CTLvPHE","GO_MF",NA,NA,NA,NA
"CTLvPHE","GO_MF",NA,NA,NA,NA
"CTLvPHE","GO_MF",NA,NA,NA,NA
"CTLvPHE","GO_MF",NA,NA,NA,NA
"CTLvPHE","GO_MF",NA,NA,NA,NA
"CTLvPHE","GO_MF",NA,NA,NA,NA
"CTLvPHE","GO_MF",NA,NA,NA,NA
"CTLvPHE","GO_MF",NA,NA,NA,NA
"CTLvPHE","GO_MF",NA,NA,NA,NA
"CTLvPHE","GO_MF",NA,NA,NA,NA
"CTLvPHE","GO_MF",NA,NA,NA,NA
"CTLvPHE","GO_MF",NA,NA,NA,NA
"CTLvPHE","GO_MF",NA,NA,NA,NA
"CTLvPHE","GO_MF",NA,NA,NA,NA
"CTLvPHE","GO_MF",NA,NA,NA,NA
"CTLvPHE","GO_MF",NA,NA,NA,NA
"CTLvPHE","GO_MF",NA,NA,NA,NA
"CTLvPHE","GO_MF",NA,NA,NA,NA
"CTLvPHE","GO_MF",NA,NA,NA,NA
"CTLvPHE","GO_MF",NA,NA,NA,NA
"CTLvPHE","GO_MF",NA,NA,NA,NA
"CTLvPHE","GO_MF",NA,NA,NA,NA
"CTLvPHE","GO_MF",NA,NA,NA,NA
"CTLvPHE","GO_MF",NA,NA,NA,NA
"CTLvPHE","GO_MF",NA,NA,NA,NA
"CTLvMITO","GO_BP","artery morphogenesis",-2.04339639696797,0.107338028859079,19
"CTLvMITO","GO_BP","positive regulation of mitophagy",1.98662840462037,0.107338028859079,14
"CTLvMITO","GO_BP","heterotypic cell-cell adhesion",1.96095203969218,0.192506377625373,16
"CTLvMITO","GO_BP","regulation of protein processing",1.9066849246867,0.179445785588876,21
"CTLvMITO","GO_BP","ATP biosynthetic process",1.8818447762913,0.237116931868018,35
"CTLvMITO","GO_BP","tricarboxylic acid cycle",1.87889559991287,0.244874810689987,23
"CTLvMITO","GO_BP","regulation of vascular endothelial growth factor receptor signaling pathway",-1.87620306870304,0.244874810689987,11
"CTLvMITO","GO_BP","behavioral fear response",1.86554090781065,0.244874810689987,10
"CTLvMITO","GO_BP","fear response",1.86554090781065,0.244874810689987,10
"CTLvMITO","GO_BP","negative regulation of extrinsic apoptotic signaling pathway via death domain receptors",-1.84891228359232,0.244874810689987,14
"CTLvMITO","GO_BP","actin filament-based movement",1.84416431414496,0.244874810689987,52
"CTLvMITO","GO_BP","zymogen activation",1.84084673953071,0.272187735610028,15
"CTLvMITO","GO_BP","NAD+ metabolic process",1.83450522770677,0.244874810689987,21
"CTLvMITO","GO_BP","regulation of receptor recycling",-1.79286608631254,0.244874810689987,15
"CTLvMITO","GO_BP","collagen fibril organization",-1.78712468136052,0.253042205768718,34
"CTLvMITO","GO_BP","mitochondrial transmembrane transport",1.78560480140891,0.244874810689987,8
"CTLvMITO","GO_BP","positive regulation of lipid catabolic process",-1.78400222675773,0.272187735610028,8
"CTLvMITO","GO_BP","response to hydroperoxide",-1.78037718894465,0.282433175597536,7
"CTLvMITO","GO_BP","vesicle coating",-1.77993232887371,0.303771743370897,14
"CTLvMITO","GO_BP","amyloid-beta clearance",-1.77911437540389,0.303771743370897,14
"CTLvMITO","GO_BP","negative regulation of mononuclear cell migration",1.77477743747697,0.394679419728895,9
"CTLvMITO","GO_BP","carboxylic acid catabolic process",1.77412529947067,0.107338028859079,105
"CTLvMITO","GO_BP","L-glutamine family amino acid biosynthetic process",1.76306286102716,0.369928929778027,11
"CTLvMITO","GO_BP","small molecule catabolic process",1.76217911578849,0.107338028859079,153
"CTLvMITO","GO_BP","morphogenesis of a branching structure",1.74598028429586,0.244874810689987,49
"CTLvMITO","GO_BP","acetyl-CoA metabolic process",1.74554595904522,0.244874810689987,28
"CTLvMITO","GO_BP","phosphatidylglycerol metabolic process",1.73911799586148,0.282433175597536,8
"CTLvMITO","GO_BP","negative regulation of epithelial to mesenchymal transition",-1.73786005543861,0.367687875443805,8
"CTLvMITO","GO_BP","ganglion development",-1.70724109400439,0.415659374019283,8
"CTLvMITO","GO_BP","photoperiodism",1.7002190954831,0.367687875443805,8
"CTLvMITO","GO_BP","transcytosis",-1.69832818557689,0.458546753531882,12
"CTLvMITO","GO_BP","peptidyl-proline modification",-1.69776190633649,0.458546753531882,12
"CTLvMITO","GO_BP","muscle organ morphogenesis",-1.69746938601585,0.415659374019283,21
"CTLvMITO","GO_BP","cellular response to lipoprotein particle stimulus",-1.68895831358241,0.431236276086805,14
"CTLvMITO","GO_BP","astrocyte activation",-1.6873123527747,0.415659374019283,8
"CTLvMITO","GO_BP","mitochondrial transport",1.68706046946898,0.415659374019283,13
"CTLvMITO","GO_BP","mitochondrial calcium ion transmembrane transport",1.68576201002206,0.415659374019283,14
"CTLvMITO","GO_BP","collagen-activated signaling pathway",-1.68176846225922,0.416025542127138,8
"CTLvMITO","GO_BP","prostate gland epithelium morphogenesis",1.67236144421359,0.272187735610028,4
"CTLvMITO","GO_BP","acute-phase response",1.67225081027935,0.458546753531882,7
"CTLvMITO","GO_BP","copper ion transport",-1.6687577605959,0.431236276086805,8
"CTLvMITO","GO_BP","L-amino acid catabolic process",1.66752391750966,0.412433604475068,38
"CTLvMITO","GO_BP","positive regulation of transforming growth factor beta production",1.66472679690466,0.415659374019283,6
"CTLvMITO","GO_BP","cellular response to zinc ion starvation",-1.6618911101494,0.272187735610028,4
"CTLvMITO","GO_BP","response to zinc ion starvation",-1.6618911101494,0.272187735610028,4
"CTLvMITO","GO_BP","response to metal ion starvation",-1.6618911101494,0.272187735610028,4
"CTLvMITO","GO_BP","nucleosome disassembly",1.65882616619092,0.4984020571327,9
"CTLvMITO","GO_BP","response to folic acid",-1.65795336452051,0.320489560969297,5
"CTLvMITO","GO_BP","mismatch repair",-1.65741297455975,0.4984020571327,9
"CTLvMITO","GO_BP","androgen receptor signaling pathway",-1.65714770282165,0.4984020571327,19
"CTLvMITO","GO_BP","monosaccharide biosynthetic process",1.65644030971569,0.39875700427395,40
"CTLvMITO","GO_BP","protein-DNA complex disassembly",1.65277252446508,0.4984020571327,10
"CTLvMITO","GO_BP","negative regulation of programmed necrotic cell death",-1.64620567882309,0.4984020571327,12
"CTLvMITO","GO_BP","morphogenesis of a branching epithelium",1.64517460474493,0.305118425661488,45
"CTLvMITO","GO_BP","spermatid nucleus differentiation",-1.64459956451921,0.465564506353952,8
"CTLvMITO","GO_BP","inflammatory response to antigenic stimulus",-1.64339744167818,0.477262256272822,17
"CTLvMITO","GO_BP","entrainment of circadian clock by photoperiod",1.64269788979923,0.4984020571327,7
"CTLvMITO","GO_BP","biological process involved in interaction with host",-1.64195313559972,0.369928929778027,58
"CTLvMITO","GO_BP","sister chromatid cohesion",1.64169384903592,0.4984020571327,22
"CTLvMITO","GO_BP","cellular response to low-density lipoprotein particle stimulus",-1.6409172908979,0.415659374019283,13
"CTLvMITO","GO_BP","inositol phosphate biosynthetic process",-1.636290338069,0.485513390752112,8
"CTLvMITO","GO_BP","intracellular zinc ion homeostasis",-1.63488416949111,0.485513390752112,8
"CTLvMITO","GO_BP","cell cycle checkpoint signaling",1.63311939272758,0.431236276086805,52
"CTLvMITO","GO_BP","negative regulation of lipoprotein particle clearance",-1.62925608792493,0.415659374019283,5
"CTLvMITO","GO_BP","phosphatidylcholine catabolic process",-1.62875348452307,0.402604612418483,4
"CTLvMITO","GO_BP","regulation of modification of postsynaptic structure",-1.62633483698969,0.504555830735661,19
"CTLvMITO","GO_BP","ubiquitin-dependent protein catabolic process via the multivesicular body sorting pathway",-1.62533034263736,0.415659374019283,24
"CTLvMITO","GO_BP","receptor metabolic process",-1.62524413958019,0.415659374019283,40
"CTLvMITO","GO_BP","cholesterol import",-1.62438949890086,0.415659374019283,6
"CTLvMITO","GO_BP","SNARE complex assembly",-1.62419589158244,0.4984020571327,10
"CTLvMITO","GO_BP","monoatomic anion transmembrane transport",1.62344589524478,0.4984020571327,23
"CTLvMITO","GO_BP","ATP metabolic process",1.62238327219426,0.27616953047696,92
"CTLvMITO","GO_BP","positive regulation of inflammatory response to antigenic stimulus",-1.62219777953229,0.272187735610028,3
"CTLvMITO","GO_BP","regulation of chondrocyte differentiation",1.62112141730368,0.539690293703562,9
"CTLvMITO","GO_BP","vesicle transport along microtubule",-1.62052902672481,0.465234465959792,27
"CTLvMITO","GO_BP","dopamine biosynthetic process",-1.62007506368506,0.415659374019283,5
"CTLvMITO","GO_BP","regulation of mitotic metaphase/anaphase transition",1.61901190635436,0.4984020571327,23
"CTLvMITO","GO_BP","regulation of microglial cell activation",-1.61754662895042,0.415659374019283,4
"CTLvMITO","GO_BP","antigen processing and presentation of exogenous antigen",-1.61598325734329,0.4984020571327,7
"CTLvMITO","GO_BP","mitochondrial translation",1.61545753578529,0.431236276086805,32
"CTLvMITO","GO_BP","cardiac muscle contraction",1.61500722042297,0.415659374019283,47
"CTLvMITO","GO_BP","V(D)J recombination",-1.61190885147436,0.4984020571327,10
"CTLvMITO","GO_BP","proteinogenic amino acid catabolic process",1.60657832664453,0.458546753531882,35
"CTLvMITO","GO_BP","presynapse assembly",1.60537607764349,0.4984020571327,12
"CTLvMITO","GO_BP","regulation of amyloid fibril formation",-1.60167520749239,0.609211535820133,11
"CTLvMITO","GO_BP","positive regulation of calcium ion import",1.6010968112962,0.458744432179586,5
"CTLvMITO","GO_BP","lysosomal lumen acidification",1.60003564225274,0.4984020571327,12
"CTLvMITO","GO_BP","diol metabolic process",1.59490284016186,0.504555830735661,12
"CTLvMITO","GO_BP","positive regulation of cellular respiration",-1.59470643185841,0.4984020571327,8
"CTLvMITO","GO_BP","negative regulation of reactive oxygen species biosynthetic process",-1.59457160999093,0.630547271996227,11
"CTLvMITO","GO_BP","negative regulation of steroid biosynthetic process",1.59407758715619,0.477262256272822,5
"CTLvMITO","GO_BP","negative regulation of steroid metabolic process",1.59407758715619,0.477262256272822,5
"CTLvMITO","GO_BP","sensory perception of sound",-1.5936811127828,0.415659374019283,36
"CTLvMITO","GO_BP","branched-chain amino acid metabolic process",1.59333379339587,0.511056512620778,20
"CTLvMITO","GO_BP","cardioblast differentiation",-1.59154512921259,0.458744432179586,4
"CTLvMITO","GO_BP","intrinsic apoptotic signaling pathway by p53 class mediator",1.59086388570062,0.511056512620778,30
"CTLvMITO","GO_BP","response to gravity",-1.58878971780593,0.4984020571327,8
"CTLvMITO","GO_BP","tooth mineralization",-1.58849772159864,0.477262256272822,6
"CTLvMITO","GO_BP","regulation of cAMP/PKA signal transduction",-1.58778792506668,0.4984020571327,14
"CTLvMITO","GO_BP","regulation of protein polyubiquitination",-1.58763111279499,0.64874901239589,11
"CTLvMITO","GO_BP","proton transmembrane transport",1.58690246803809,0.415659374019283,58
"CTLvMITO","GO_BP","glial cell activation",-1.58605541071616,0.579991816750816,12
"CTLvMITO","GO_BP","regulation of protein exit from endoplasmic reticulum",-1.58582338658621,0.504555830735661,8
"CTLvMITO","GO_BP","positive regulation of transcription by RNA polymerase III",1.58510963147768,0.4984020571327,8
"CTLvMITO","GO_BP","negative regulation of microtubule polymerization",-1.58158247937869,0.594529586321297,12
"CTLvMITO","GO_BP","myeloid dendritic cell activation",-1.57867408252243,0.504555830735661,8
"CTLvMITO","GO_BP","hexose catabolic process",1.57607793454095,0.521080383739725,30
"CTLvMITO","GO_BP","response to cold",1.57369037807257,0.539690293703562,18
"CTLvMITO","GO_BP","sympathetic nervous system development",-1.57217949530244,0.440030411296513,3
"CTLvMITO","GO_BP","cellular response to peptide",1.56952516072911,0.4984020571327,8
"CTLvMITO","GO_BP","ether lipid metabolic process",1.56803910517349,0.579991816750816,7
"CTLvMITO","GO_BP","neurotransmitter receptor transport",-1.56685412509112,0.521080383739725,17
"CTLvMITO","GO_BP","regulation of triglyceride catabolic process",-1.56661767860404,0.4984020571327,4
"CTLvMITO","GO_BP","dicarboxylic acid metabolic process",1.5660162577402,0.471504118623834,44
"CTLvMITO","GO_BP","response to forskolin",1.5643924959091,0.641249683710037,10
"CTLvMITO","GO_BP","respiratory burst",1.56427505228849,0.593184726394919,7
"CTLvMITO","GO_BP","regulation of protein localization to cell surface",1.56295700321794,0.576722172678818,22
"CTLvMITO","GO_BP","nuclear RNA surveillance",1.56228693322013,0.506117743219539,14
"CTLvMITO","GO_BP","miRNA metabolic process",-1.56147302342726,0.4984020571327,34
"CTLvMITO","GO_BP","negative regulation of DNA biosynthetic process",1.55959457894213,0.56530638498611,13
"CTLvMITO","GO_BP","regulation of morphogenesis of a branching structure",1.55901832360433,0.660653808845565,10
"CTLvMITO","GO_BP","cellular response to forskolin",1.55887479800322,0.603917704909276,7
"CTLvMITO","GO_BP","catechol-containing compound biosynthetic process",-1.55886252651773,0.4984020571327,6
"CTLvMITO","GO_BP","positive regulation of T cell mediated cytotoxicity",-1.55741156757148,0.521080383739725,8
"CTLvMITO","GO_BP","cell recognition",1.55734991096784,0.458546753531882,40
"CTLvMITO","GO_BP","positive regulation of cardiocyte differentiation",-1.55593075434855,0.4984020571327,4
"CTLvMITO","GO_BP","cranial nerve morphogenesis",-1.55483894141474,0.4984020571327,5
"CTLvMITO","GO_BP","ventral spinal cord development",-1.55201156146356,0.531178338203507,8
"CTLvMITO","GO_BP","protein localization to site of double-strand break",-1.55166173094168,0.689462670919731,7
"CTLvMITO","GO_BP","negative regulation of microtubule polymerization or depolymerization",-1.55097105253619,0.4984020571327,29
"CTLvMITO","GO_BP","positive regulation of triglyceride metabolic process",-1.55043804034081,0.4984020571327,6
"CTLvMITO","GO_BP","mammary gland alveolus development",1.54765348331679,0.4984020571327,3
"CTLvMITO","GO_BP","plasma lipoprotein particle organization",1.54582279667844,0.521080383739725,5
"CTLvMITO","GO_BP","neurotransmitter receptor transport to plasma membrane",-1.54533620331106,0.4984020571327,15
"CTLvMITO","GO_BP","B cell receptor signaling pathway",-1.54181400984978,0.688450282929908,12
"CTLvMITO","GO_BP","cellular response to thyroid hormone stimulus",-1.53893317122021,0.737014296215737,7
"CTLvMITO","GO_BP","pyruvate metabolic process",1.53879114052333,0.431236276086805,61
"CTLvMITO","GO_BP","striated muscle contraction",1.53790903595024,0.415659374019283,65
"CTLvMITO","GO_BP","monoatomic anion transport",1.53712113390371,0.477262256272822,29
"CTLvMITO","GO_BP","proteinogenic amino acid metabolic process",1.53570684341486,0.504555830735661,60
"CTLvMITO","GO_BP","positive regulation of muscle contraction",1.53552049371787,0.521080383739725,14
"CTLvMITO","GO_BP","detection of mechanical stimulus involved in sensory perception of sound",-1.53512360791541,0.517710532884106,4
"CTLvMITO","GO_BP","macrophage derived foam cell differentiation",1.53421305561852,0.563278022775463,5
"CTLvMITO","GO_BP","regulation of cytokine production involved in immune response",-1.53319470318336,0.649076612008828,16
"CTLvMITO","GO_BP","vascular endothelial growth factor receptor signaling pathway",-1.53096004267847,0.521080383739725,18
"CTLvMITO","GO_BP","myeloid leukocyte mediated immunity",-1.52594376129162,0.576722172678818,31
"CTLvMITO","GO_BP","growth hormone secretion",-1.52176244970671,0.74678495003428,9
"CTLvMITO","GO_BP","regulation of chromosome separation",1.51845120478794,0.4984020571327,29
"CTLvMITO","GO_BP","pancreas development",-1.51645345476323,0.521080383739725,15
"CTLvMITO","GO_BP","dopamine metabolic process",-1.51499980479198,0.739921745973686,12
"CTLvMITO","GO_BP","microautophagy",-1.5106372824999,0.746855548803414,14
"CTLvMITO","GO_BP","regulation of calcineurin-mediated signaling",-1.51025837326526,0.521080383739725,13
"CTLvMITO","GO_BP","microvillus organization",-1.51019987586205,0.74860646599777,7
"CTLvMITO","GO_BP","positive regulation of macrophage differentiation",-1.51018860232652,0.541604941815832,3
"CTLvMITO","GO_BP","regulation of mast cell activation",-1.50919115522048,0.545546694031266,3
"CTLvMITO","GO_BP","zinc ion transmembrane transport",-1.50806186305712,0.746855548803414,10
"CTLvMITO","GO_BP","protein localization to vacuole",-1.5074170766855,0.4984020571327,45
"CTLvMITO","GO_BP","dendrite extension",1.50724362893884,0.746855548803414,19
"CTLvMITO","GO_BP","symbiont entry into host cell",-1.50637114144531,0.4984020571327,36
"CTLvMITO","GO_BP","organic cation transport",-1.50631960380529,0.594529586321297,21
"CTLvMITO","GO_BP","sphingosine metabolic process",1.5062330863357,0.613189260278269,8
"CTLvMITO","GO_BP","angiogenesis involved in wound healing",-1.50607312499718,0.746855548803414,5
"CTLvMITO","GO_BP","trabecula morphogenesis",-1.50578755995062,0.545546694031266,15
"CTLvMITO","GO_BP","sodium ion export across plasma membrane",1.50564856298777,0.641249683710037,5
"CTLvMITO","GO_BP","regulation of granulocyte chemotaxis",1.50456037341812,0.746855548803414,12
"CTLvMITO","GO_BP","relaxation of smooth muscle",-1.50445242003332,0.746855548803414,5
"CTLvMITO","GO_BP","defense response to bacterium",-1.50403768519756,0.4984020571327,46
"CTLvMITO","GO_BP","negative regulation of supramolecular fiber organization",-1.50399972709005,0.415659374019283,89
"CTLvMITO","GO_BP","vesicle targeting, to, from or within Golgi",-1.49721648479616,0.746855548803414,14
"CTLvMITO","GO_BP","leukocyte activation involved in inflammatory response",-1.4970332642166,0.746855548803414,8
"CTLvMITO","GO_BP","L-amino acid metabolic process",1.49631381456378,0.492729103302074,68
"CTLvMITO","GO_BP","negative regulation of striated muscle cell apoptotic process",-1.49550636103142,0.739921745973686,18
"CTLvMITO","GO_BP","blastoderm segmentation",-1.49425107371811,0.749244398124023,5
"CTLvMITO","GO_BP","negative regulation of NLRP3 inflammasome complex assembly",1.4925999260652,0.641249683710037,4
"CTLvMITO","GO_BP","vascular endothelial growth factor production",1.49074125853661,0.739921745973686,8
"CTLvMITO","GO_BP","sterol biosynthetic process",1.49052782071362,0.4984020571327,29
"CTLvMITO","GO_BP","positive regulation of DNA replication",1.48962044195014,0.74860646599777,17
"CTLvMITO","GO_BP","humoral immune response mediated by circulating immunoglobulin",-1.48906395762155,0.603917704909276,3
"CTLvMITO","GO_BP","regulation of brown fat cell differentiation",1.48849701199334,0.746855548803414,6
"CTLvMITO","GO_BP","pyramidal neuron differentiation",1.48838785970291,0.746855548803414,6
"CTLvMITO","GO_BP","regulation of neuron migration",-1.48696389000719,0.739921745973686,16
"CTLvMITO","GO_BP","regulation of postsynaptic neurotransmitter receptor internalization",1.48618745708248,0.538981463737265,21
"CTLvMITO","GO_BP","negative regulation of Notch signaling pathway",1.48530143782071,0.660061309401359,4
"CTLvMITO","GO_BP","programmed necrotic cell death",-1.48525545616026,0.521080383739725,24
"CTLvMITO","GO_BP","trabecula formation",-1.48422332361597,0.749244398124023,9
"CTLvMITO","GO_BP","glycosylceramide metabolic process",1.48323582799083,0.660061309401359,4
"CTLvMITO","GO_BP","embryonic camera-type eye morphogenesis",-1.48313597502052,0.244874810689987,2
"CTLvMITO","GO_BP","transcription by RNA polymerase III",1.48143945526419,0.744148974711977,16
"CTLvMITO","GO_BP","regulation of proton transport",1.48037747583721,0.749244398124023,6
"CTLvMITO","GO_BP","glycoside metabolic process",1.47864722528165,0.739921745973686,7
"CTLvMITO","GO_BP","secondary palate development",-1.47804329488315,0.746855548803414,8
"CTLvMITO","GO_BP","fatty acid transport",1.47712593811706,0.56530638498611,27
"CTLvMITO","GO_BP","protein import into nucleus",1.47653503767482,0.4984020571327,93
"CTLvMITO","GO_BP","diol biosynthetic process",1.47407119166404,0.749244398124023,10
"CTLvMITO","GO_BP","Arp2/3 complex-mediated actin nucleation",-1.47022084207719,0.739921745973686,24
"CTLvMITO","GO_BP","midbody abscission",-1.46967950467091,0.656635758478676,15
"CTLvMITO","GO_BP","metabolic compound salvage",1.46906203757385,0.74678495003428,23
"CTLvMITO","GO_BP","myeloid cell activation involved in immune response",-1.46811222196041,0.4984020571327,28
"CTLvMITO","GO_BP","primary alcohol biosynthetic process",-1.4681060956557,0.737014296215737,3
"CTLvMITO","GO_BP","positive regulation of steroid hormone secretion",-1.46539364026901,0.73890845881107,3
"CTLvMITO","GO_BP","negative regulation of D-glucose transmembrane transport",-1.46495625374355,0.74860646599777,11
"CTLvMITO","GO_BP","regulation of immunoglobulin production",1.4642935560818,0.739921745973686,14
"CTLvMITO","GO_BP","regulation of pH",1.46338126428951,0.594529586321297,32
"CTLvMITO","GO_BP","aggrephagy",-1.46250569179755,0.754897276636407,11
"CTLvMITO","GO_BP","PERK-mediated unfolded protein response",1.46201944862737,0.739921745973686,14
"CTLvMITO","GO_BP","proteinogenic amino acid biosynthetic process",1.45959396152692,0.74678495003428,28
"CTLvMITO","GO_BP","tetrahydrofolate interconversion",1.45731906087402,0.74860646599777,7
"CTLvMITO","GO_BP","positive regulation of B cell differentiation",1.45699036760133,0.244874810689987,2
"CTLvMITO","GO_BP","regulation of myelination",1.45668322473883,0.746855548803414,15
"CTLvMITO","GO_BP","negative regulation of vasoconstriction",1.4541307539278,0.746855548803414,5
"CTLvMITO","GO_BP","atrial cardiac muscle tissue development",1.45317246008526,0.74860646599777,3
"CTLvMITO","GO_BP","positive regulation of lipid storage",1.45283280189135,0.74678495003428,4
"CTLvMITO","GO_BP","negative regulation of epithelial cell differentiation",-1.45251650658554,0.755739795918367,7
"CTLvMITO","GO_BP","positive regulation of cAMP/PKA signal transduction",-1.45052129783181,0.750486474749246,6
"CTLvMITO","GO_BP","nuclear membrane reassembly",-1.44988281917244,0.746855548803414,16
"CTLvMITO","GO_BP","establishment of spindle orientation",-1.44942515928849,0.739921745973686,19
"CTLvMITO","GO_BP","regulation of nucleobase-containing compound transport",1.44833958512421,0.755739795918367,12
"CTLvMITO","GO_BP","regulation of RNA export from nucleus",1.44833958512421,0.755739795918367,12
"CTLvMITO","GO_BP","cholesterol storage",1.44762041534428,0.74860646599777,7
"CTLvMITO","GO_BP","plasma lipoprotein particle assembly",1.44726185503087,0.746855548803414,4
"CTLvMITO","GO_BP","positive regulation of cell adhesion mediated by integrin",-1.44696534841341,0.746855548803414,4
"CTLvMITO","GO_BP","pseudouridine synthesis",1.44682374001668,0.755739795918367,3
"CTLvMITO","GO_BP","cellular response to sterol depletion",1.44427880742651,0.755739795918367,6
"CTLvMITO","GO_BP","lysosome organization",1.44284788069022,0.539913078460884,45
"CTLvMITO","GO_BP","regulation of viral transcription",1.44246105671837,0.74860646599777,7
"CTLvMITO","GO_BP","negative regulation of response to wounding",1.4422997862766,0.746855548803414,22
"CTLvMITO","GO_BP","morphogenesis of an epithelial bud",1.4410232176961,0.27616953047696,2
"CTLvMITO","GO_BP","monosaccharide metabolic process",1.44084741288847,0.412433604475068,116
"CTLvMITO","GO_BP","negative regulation of chromosome segregation",1.43979996742728,0.755739795918367,13
"CTLvMITO","GO_BP","pyridine-containing compound metabolic process",1.43679755524673,0.4984020571327,84
"CTLvMITO","GO_BP","positive regulation of DNA recombination",1.43648917004199,0.746855548803414,17
"CTLvMITO","GO_BP","neuromuscular process controlling balance",-1.4361967854492,0.746855548803414,24
"CTLvMITO","GO_BP","aminoglycan biosynthetic process",1.43583583199404,0.755739795918367,11
"CTLvMITO","GO_BP","regulation of hepatic stellate cell activation",-1.43467351977744,0.755739795918367,5
"CTLvMITO","GO_BP","membrane repolarization",1.4339728125441,0.755739795918367,19
"CTLvMITO","GO_BP","regulation of calcium ion-dependent exocytosis",1.43333879330311,0.755739795918367,10
"CTLvMITO","GO_BP","positive regulation of cytokine production involved in inflammatory response",1.43141929955268,0.755739795918367,5
"CTLvMITO","GO_BP","immunological memory process",-1.43102046091264,0.755739795918367,3
"CTLvMITO","GO_BP","hematopoietic stem cell homeostasis",-1.43099962227748,0.755739795918367,11
"CTLvMITO","GO_BP","response to sterol depletion",1.43017668131302,0.755739795918367,7
"CTLvMITO","GO_BP","vascular associated smooth muscle cell migration",-1.4299910752279,0.746855548803414,19
"CTLvMITO","GO_BP","positive regulation of ruffle assembly",1.4298874943366,0.755739795918367,8
"CTLvMITO","GO_BP","CD8-positive, alpha-beta T cell activation",1.42840269865642,0.74860646599777,4
"CTLvMITO","GO_BP","CD8-positive, alpha-beta T cell differentiation",1.42840269865642,0.74860646599777,4
"CTLvMITO","GO_BP","regulation of CD8-positive, alpha-beta T cell activation",1.42840269865642,0.74860646599777,4
"CTLvMITO","GO_BP","regulation of chromatin organization",1.42706061764269,0.755739795918367,8
"CTLvMITO","GO_BP","postsynaptic actin cytoskeleton organization",1.42605427365337,0.755739795918367,16
"CTLvMITO","GO_BP","C21-steroid hormone biosynthetic process",-1.4255870464242,0.4984020571327,2
"CTLvMITO","GO_BP","regulation of protein-containing complex disassembly",-1.4254470048323,0.54893469274655,64
"CTLvMITO","GO_BP","regulation of blood circulation",1.42493316449883,0.4984020571327,73
"CTLvMITO","GO_BP","negative regulation of stem cell proliferation",-1.42341693568667,0.4984020571327,2
"CTLvMITO","GO_BP","negative regulation of cAMP/PKA signal transduction",-1.42315674604865,0.755739795918367,7
"CTLvMITO","GO_BP","spongiotrophoblast layer development",1.42274377970739,0.755739795918367,6
"CTLvMITO","GO_BP","mammary gland epithelial cell differentiation",-1.42261595704417,0.501061734773877,2
"CTLvMITO","GO_BP","somatic diversification of immune receptors",-1.42225536338919,0.746855548803414,23
"CTLvMITO","GO_BP","photoreceptor cell maintenance",-1.4210081931644,0.755739795918367,5
"CTLvMITO","GO_BP","carbohydrate derivative catabolic process",1.42046895025088,0.4984020571327,97
"CTLvMITO","GO_BP","liver regeneration",-1.42032624756795,0.746855548803414,30
"CTLvMITO","GO_BP","hyaluronan metabolic process",-1.4198856338605,0.755739795918367,10
"CTLvMITO","GO_BP","microvillus assembly",-1.41928768192317,0.755739795918367,6
"CTLvMITO","GO_BP","proteoglycan biosynthetic process",1.41854182489418,0.750486474749246,14
"CTLvMITO","GO_BP","positive regulation of macrophage migration",1.41849711575352,0.755739795918367,7
"CTLvMITO","GO_BP","protein exit from endoplasmic reticulum",-1.41742561982066,0.746855548803414,21
"CTLvMITO","GO_BP","mRNA export from nucleus",1.41662508114763,0.739921745973686,33
"CTLvMITO","GO_BP","regulation of keratinocyte proliferation",-1.41415752229187,0.755739795918367,9
"CTLvMITO","GO_BP","olefinic compound biosynthetic process",-1.41282660726018,0.755739795918367,5
"CTLvMITO","GO_BP","positive regulation of vascular associated smooth muscle cell proliferation",-1.41231214438704,0.755739795918367,17
"CTLvMITO","GO_BP","dentate gyrus development",-1.41130299330637,0.755739795918367,8
"CTLvMITO","GO_BP","response to 2,3,7,8-tetrachlorodibenzodioxine",1.41020447803741,0.754804542476523,4
"CTLvMITO","GO_BP","polyamine biosynthetic process",1.40938594369907,0.74860646599777,3
"CTLvMITO","GO_BP","mucosal immune response",-1.40932321877741,0.521080383739725,2
"CTLvMITO","GO_BP","regulation of AMPA receptor activity",1.4093135654394,0.755739795918367,15
"CTLvMITO","GO_BP","metanephric nephron development",-1.40927975429982,0.74860646599777,4
"CTLvMITO","GO_BP","positive regulation of T cell apoptotic process",-1.40829571770321,0.754804542476523,3
"CTLvMITO","GO_BP","negative regulation of cytoplasmic pattern recognition receptor signaling pathway",1.40787733380342,0.746855548803414,27
"CTLvMITO","GO_BP","cellular response to hepatocyte growth factor stimulus",-1.40701131480424,0.755739795918367,9
"CTLvMITO","GO_BP","protein stabilization",1.40653411001887,0.4984020571327,106
"CTLvMITO","GO_BP","amyloid fibril formation",-1.40631637266613,0.755739795918367,22
"CTLvMITO","GO_BP","negative regulation of cell maturation",-1.4059937440554,0.755739795918367,3
"CTLvMITO","GO_BP","T cell costimulation",-1.40579107929485,0.755739795918367,6
"CTLvMITO","GO_BP","lactone metabolic process",1.40569776905762,0.755739795918367,6
"CTLvMITO","GO_BP","synapse pruning",1.40475403050582,0.755739795918367,5
"CTLvMITO","GO_BP","positive regulation of dendrite development",-1.40420376259195,0.755739795918367,8
"CTLvMITO","GO_BP","peptide catabolic process",1.40144616536436,0.755739795918367,12
"CTLvMITO","GO_BP","female sex differentiation",1.40080214717666,0.746855548803414,44
"CTLvMITO","GO_BP","somatic stem cell division",-1.40044009566315,0.755739795918367,4
"CTLvMITO","GO_BP","cardiac muscle hypertrophy in response to stress",1.39820670153693,0.755739795918367,9
"CTLvMITO","GO_BP","negative regulation of growth",-1.39758082040025,0.521080383739725,75
"CTLvMITO","GO_BP","layer formation in cerebral cortex",-1.39305438894112,0.761288017615578,6
"CTLvMITO","GO_BP","RNA polymerase II transcription initiation surveillance",1.39185167670718,0.755739795918367,8
"CTLvMITO","GO_BP","endothelial cell chemotaxis",-1.3914414819569,0.755739795918367,12
"CTLvMITO","GO_BP","negative regulation of cold-induced thermogenesis",-1.39131043734706,0.755739795918367,11
"CTLvMITO","GO_BP","establishment of skin barrier",1.3912881968306,0.755739795918367,6
"CTLvMITO","GO_BP","negative regulation of type I interferon-mediated signaling pathway",1.39094611237718,0.755739795918367,8
"CTLvMITO","GO_BP","axon guidance",-1.39045685484004,0.639817066527888,61
"CTLvMITO","GO_BP","smooth muscle tissue development",-1.38773695928472,0.755739795918367,9
"CTLvMITO","GO_BP","positive regulation of nervous system process",1.38694621887122,0.755739795918367,10
"CTLvMITO","GO_BP","odontoblast differentiation",-1.38612958606028,0.755739795918367,7
"CTLvMITO","GO_BP","establishment of protein localization to postsynaptic membrane",-1.38554523593416,0.755739795918367,15
"CTLvMITO","GO_BP","seminiferous tubule development",-1.38553810842655,0.762462879119809,5
"CTLvMITO","GO_BP","response to laminar fluid shear stress",-1.38553687225045,0.755739795918367,3
"CTLvMITO","GO_BP","response to erythropoietin",-1.38545582816315,0.755739795918367,4
"CTLvMITO","GO_BP","negative regulation of T cell mediated immunity",1.38387284804859,0.755739795918367,5
"CTLvMITO","GO_BP","negative regulation of systemic arterial blood pressure",1.38379198312236,0.755739795918367,5
"CTLvMITO","GO_BP","endoplasmic reticulum tubular network organization",1.38336157946978,0.755739795918367,17
"CTLvMITO","GO_BP","import into nucleus",1.38302708124235,0.4984020571327,97
"CTLvMITO","GO_BP","protein localization to cell-cell junction",1.38287239460855,0.755739795918367,12
"CTLvMITO","GO_BP","ectoderm development",-1.38247649076861,0.755739795918367,9
"CTLvMITO","GO_BP","regulation of animal organ morphogenesis",1.38165747137122,0.755739795918367,9
"CTLvMITO","GO_BP","positive regulation of fibroblast migration",-1.3816325872762,0.755739795918367,13
"CTLvMITO","GO_BP","integrated stress response signaling",1.38132501785599,0.755739795918367,20
"CTLvMITO","GO_BP","response to ether",1.38014291642527,0.757227578715048,16
"CTLvMITO","GO_BP","luteolysis",1.37893831027637,0.755739795918367,5
"CTLvMITO","GO_BP","response to lead ion",1.3783961908532,0.755739795918367,22
"CTLvMITO","GO_BP","amyloid-beta metabolic process",-1.37807697842039,0.755739795918367,26
"CTLvMITO","GO_BP","regulation of hydrogen peroxide-mediated programmed cell death",-1.37688631865371,0.755739795918367,12
"CTLvMITO","GO_BP","regulation of protein folding",-1.37631714756892,0.755739795918367,14
"CTLvMITO","GO_BP","negative regulation of glycogen metabolic process",-1.37572530373763,0.755739795918367,4
"CTLvMITO","GO_BP","regulation of myeloid leukocyte mediated immunity",-1.37546619277769,0.755739795918367,15
"CTLvMITO","GO_BP","regulation of vacuole organization",1.37471676819518,0.755739795918367,31
"CTLvMITO","GO_BP","embryonic hemopoiesis",1.37462991487961,0.755739795918367,7
"CTLvMITO","GO_BP","negative regulation of lymphocyte apoptotic process",-1.37383784296839,0.755739795918367,9
"CTLvMITO","GO_BP","response to corticosteroid",1.37345950106246,0.579241399492913,91
"CTLvMITO","GO_BP","purine nucleoside metabolic process",1.37215786008316,0.755739795918367,12
"CTLvMITO","GO_BP","type B pancreatic cell proliferation",-1.37195372925984,0.77176979282279,6
"CTLvMITO","GO_BP","chemokine-mediated signaling pathway",1.37136443350045,0.758993258993259,7
"CTLvMITO","GO_BP","epithelial cell differentiation involved in kidney development",-1.37126292075625,0.755739795918367,11
"CTLvMITO","GO_BP","dendritic cell differentiation",-1.37074699263166,0.758993258993259,7
"CTLvMITO","GO_BP","negative regulation of oligodendrocyte differentiation",1.37072500262327,0.562501311675804,2
"CTLvMITO","GO_BP","maternal process involved in female pregnancy",1.37047556592668,0.755739795918367,29
"CTLvMITO","GO_BP","negative regulation of calcium ion transmembrane transport",1.37007156499554,0.758993258993259,18
"CTLvMITO","GO_BP","Schwann cell migration",-1.36988274732429,0.789743866853993,5
"CTLvMITO","GO_BP","peptide antigen assembly with MHC protein complex",-1.36879416415592,0.755739795918367,3
"CTLvMITO","GO_BP","response to fructose",1.3679704716089,0.579991816750816,2
"CTLvMITO","GO_BP","regulation of mast cell degranulation",-1.36758614605619,0.758993258993259,9
"CTLvMITO","GO_BP","vacuolar transport",-1.36726030227652,0.504555830735661,102
"CTLvMITO","GO_BP","intracellular sodium ion homeostasis",1.36650637324756,0.764586420099639,6
"CTLvMITO","GO_BP","amino-acid betaine metabolic process",1.36626022702171,0.755739795918367,9
"CTLvMITO","GO_BP","negative regulation of inflammasome-mediated signaling pathway",1.36603519515095,0.755739795918367,5
"CTLvMITO","GO_BP","positive regulation of adaptive immune response",-1.36529197417226,0.755739795918367,25
"CTLvMITO","GO_BP","plasma membrane phospholipid scrambling",1.36509654301781,0.758993258993259,10
"CTLvMITO","GO_BP","regulation of membrane lipid distribution",1.36509654301781,0.758993258993259,10
"CTLvMITO","GO_BP","mesenchymal stem cell differentiation",-1.36481615381913,0.758993258993259,4
"CTLvMITO","GO_BP","bicellular tight junction assembly",1.36455926534517,0.755739795918367,24
"CTLvMITO","GO_BP","cellular response to interleukin-4",1.36382002475426,0.758993258993259,13
"CTLvMITO","GO_BP","negative regulation of DNA recombination",-1.36317527050274,0.755739795918367,16
"CTLvMITO","GO_BP","metencephalon development",1.36212752045662,0.746855548803414,51
"CTLvMITO","GO_BP","protein import into mitochondrial matrix",1.36144544675089,0.765168800931315,15
"CTLvMITO","GO_BP","protein folding",-1.36135588237112,0.576722172678818,136
"CTLvMITO","GO_BP","fibrinolysis",1.36109872953292,0.74678495003428,2
"CTLvMITO","GO_BP","chondroitin sulfate proteoglycan metabolic process",1.36051618908436,0.765168800931315,11
"CTLvMITO","GO_BP","negative regulation of insulin secretion involved in cellular response to glucose stimulus",-1.36032386865954,0.795929676086847,5
"CTLvMITO","GO_BP","regulation of cell proliferation involved in heart morphogenesis",-1.36001527796019,0.755739795918367,3
"CTLvMITO","GO_BP","trophoblast cell migration",-1.35972809997826,0.77176979282279,8
"CTLvMITO","GO_BP","embryonic skeletal system development",-1.35909556466779,0.755739795918367,23
"CTLvMITO","GO_BP","positive regulation of monocyte chemotactic protein-1 production",-1.35872714145739,0.755739795918367,2
"CTLvMITO","GO_BP","metanephric nephron epithelium development",-1.35869647849935,0.758993258993259,4
"CTLvMITO","GO_BP","centrosome cycle",-1.35660783050887,0.755739795918367,41
"CTLvMITO","GO_BP","lymph node development",-1.35626635574439,0.758993258993259,4
"CTLvMITO","GO_BP","phosphate ion homeostasis",-1.35458918342764,0.755739795918367,2
"CTLvMITO","GO_BP","binding of sperm to zona pellucida",1.35377645586554,0.758993258993259,13
"CTLvMITO","GO_BP","facultative heterochromatin formation",1.35341406306862,0.755739795918367,4
"CTLvMITO","GO_BP","limb development",-1.35220135823141,0.749244398124023,47
"CTLvMITO","GO_BP","cell maturation",1.35214362217319,0.755739795918367,48
"CTLvMITO","GO_BP","negative regulation of release of cytochrome c from mitochondria",-1.35154850447411,0.755739795918367,11
"CTLvMITO","GO_BP","positive regulation of synaptic vesicle recycling",-1.35141149897023,0.775840301349449,8
"CTLvMITO","GO_BP","bicarbonate transport",-1.35120221126092,0.755739795918367,3
"CTLvMITO","GO_BP","post-anal tail morphogenesis",1.3511870574013,0.755739795918367,3
"CTLvMITO","GO_BP","G protein-coupled acetylcholine receptor signaling pathway",1.3511839327977,0.77176979282279,7
"CTLvMITO","GO_BP","male sex determination",-1.35053957252825,0.755739795918367,2
"CTLvMITO","GO_BP","negative regulation of intrinsic apoptotic signaling pathway by p53 class mediator",1.35046317228819,0.755739795918367,5
"CTLvMITO","GO_BP","toll-like receptor 2 signaling pathway",-1.35021046059966,0.755739795918367,2
"CTLvMITO","GO_BP","retinal cone cell development",1.34971027300428,0.272187735610028,1
"CTLvMITO","GO_BP","positive regulation of cation channel activity",1.34941062313143,0.77176979282279,10
"CTLvMITO","GO_BP","cellular response to radiation",-1.34905826554551,0.739921745973686,61
"CTLvMITO","GO_BP","production of molecular mediator involved in inflammatory response",1.34832569883677,0.755739795918367,28
"CTLvMITO","GO_BP","catechol-containing compound metabolic process",-1.34829038964828,0.765168800931315,14
"CTLvMITO","GO_BP","regulation of gluconeogenesis",1.3477023950147,0.77176979282279,18
"CTLvMITO","GO_BP","glucocorticoid metabolic process",1.34736233529382,0.775840301349449,6
"CTLvMITO","GO_BP","regulation of circadian sleep/wake cycle, sleep",-1.34582163923453,0.755739795918367,2
"CTLvMITO","GO_BP","antiviral innate immune response",1.34516360891969,0.755739795918367,28
"CTLvMITO","GO_BP","negative regulation of chromosome organization",1.34501311258862,0.755739795918367,30
"CTLvMITO","GO_BP","actin filament capping",-1.34397541553841,0.755739795918367,20
"CTLvMITO","GO_BP","protein-containing complex localization",-1.34238082530486,0.749244398124023,60
"CTLvMITO","GO_BP","homotypic cell-cell adhesion",-1.34174104197792,0.755739795918367,30
"CTLvMITO","GO_BP","cortical actin cytoskeleton organization",-1.3412696651728,0.755739795918367,27
"CTLvMITO","GO_BP","negative regulation of appetite",-1.33988918536228,0.755739795918367,2
"CTLvMITO","GO_BP","positive regulation of p38MAPK cascade",-1.33981412391574,0.775840301349449,7
"CTLvMITO","GO_BP","glycoprotein catabolic process",1.33933489767458,0.778357894736842,18
"CTLvMITO","GO_BP","positive regulation of Rho protein signal transduction",-1.33731377694117,0.785376769945342,10
"CTLvMITO","GO_BP","late endosome to vacuole transport",-1.33723530451454,0.755739795918367,15
"CTLvMITO","GO_BP","calcium ion transport",1.33720136470293,0.519105504084951,118
"CTLvMITO","GO_BP","negative regulation of small molecule metabolic process",1.33589783086106,0.755739795918367,31
"CTLvMITO","GO_BP","serotonin secretion",1.3353396625819,0.521080383739725,1
"CTLvMITO","GO_BP","serotonin transport",1.3353396625819,0.521080383739725,1
"CTLvMITO","GO_BP","eosinophil chemotaxis",1.3353396625819,0.521080383739725,1
"CTLvMITO","GO_BP","eosinophil migration",1.3353396625819,0.521080383739725,1
"CTLvMITO","GO_BP","regulation of amyloid-beta clearance",-1.33448220847414,0.775840301349449,4
"CTLvMITO","GO_BP","reactive oxygen species metabolic process",1.33379035621678,0.744148974711977,88
"CTLvMITO","GO_BP","positive regulation of release of sequestered calcium ion into cytosol",1.33263402116549,0.77176979282279,9
"CTLvMITO","GO_BP","L-arginine transmembrane transport",-1.33263208795707,0.755739795918367,2
"CTLvMITO","GO_BP","extracellular matrix constituent secretion",1.33249284810695,0.765168800931315,5
"CTLvMITO","GO_BP","positive regulation of type 2 immune response",-1.33225225833174,0.415659374019283,1
"CTLvMITO","GO_BP","CD4-positive, alpha-beta T cell cytokine production",-1.33225225833174,0.415659374019283,1
"CTLvMITO","GO_BP","positive regulation of alpha-beta T cell proliferation",-1.33225225833174,0.415659374019283,1
"CTLvMITO","GO_BP","fibroblast activation",-1.33194446930757,0.758993258993259,11
"CTLvMITO","GO_BP","response to lithium ion",-1.33178924249013,0.77176979282279,9
"CTLvMITO","GO_BP","cellular response to lithium ion",-1.33178924249013,0.77176979282279,9
"CTLvMITO","GO_BP","response to hepatocyte growth factor",-1.33177036522091,0.758993258993259,11
"CTLvMITO","GO_BP","alpha-beta T cell proliferation",-1.33088212458347,0.801294996254902,6
"CTLvMITO","GO_BP","regulation of alpha-beta T cell proliferation",-1.33088212458347,0.801294996254902,6
"CTLvMITO","GO_BP","keratinocyte proliferation",-1.32954632813217,0.778357894736842,13
"CTLvMITO","GO_BP","membrane hyperpolarization",1.32950096496187,0.793639125747329,6
"CTLvMITO","GO_BP","regulation of translational fidelity",-1.32832129340179,0.758993258993259,11
"CTLvMITO","GO_BP","regulation of eating behavior",1.32819472743038,0.755739795918367,3
"CTLvMITO","GO_BP","cholesterol homeostasis",-1.3270695272435,0.755739795918367,25
"CTLvMITO","GO_BP","regulation of relaxation of muscle",-1.32558984055061,0.771916493690488,9
"CTLvMITO","GO_BP","dephosphorylation",1.3243263883991,0.746855548803414,61
"CTLvMITO","GO_BP","positive regulation of tyrosine phosphorylation of STAT protein",-1.32425088954806,0.755739795918367,2
"CTLvMITO","GO_BP","mitochondrial ribosome assembly",1.32408055860634,0.795929676086847,6
"CTLvMITO","GO_BP","lung cell differentiation",-1.32313812287087,0.765168800931315,11
"CTLvMITO","GO_BP","positive regulation of SMAD protein signal transduction",-1.32308381780709,0.785376769945342,12
"CTLvMITO","GO_BP","detoxification of inorganic compound",-1.32269118584597,0.807331986697701,6
"CTLvMITO","GO_BP","response to catecholamine",-1.32228660748474,0.755739795918367,25
"CTLvMITO","GO_BP","olfactory bulb interneuron differentiation",1.32224340682776,0.755739795918367,3
"CTLvMITO","GO_BP","sperm flagellum assembly",1.32160144815598,0.755739795918367,3
"CTLvMITO","GO_BP","lipid modification",1.32114620182271,0.749244398124023,73
"CTLvMITO","GO_BP","negative regulation of coagulation",1.32007055081675,0.795929676086847,6
"CTLvMITO","GO_BP","negative regulation of hemostasis",1.32007055081675,0.795929676086847,6
"CTLvMITO","GO_BP","iron ion transmembrane transport",-1.31867129011422,0.775840301349449,3
"CTLvMITO","GO_BP","negative regulation of nuclear division",1.31859033375388,0.795929676086847,15
"CTLvMITO","GO_BP","regulation of mitochondrial fusion",1.31703348544638,0.775840301349449,9
"CTLvMITO","GO_BP","negative regulation of ERK1 and ERK2 cascade",-1.31654118462893,0.761519182571814,23
"CTLvMITO","GO_BP","negative regulation of phagocytosis",-1.31598163582729,0.793639125747329,13
"CTLvMITO","GO_BP","sodium ion homeostasis",1.31588270897707,0.79688943057427,8
"CTLvMITO","GO_BP","mesenchymal stem cell proliferation",-1.31546211469663,0.775840301349449,3
"CTLvMITO","GO_BP","monocarboxylic acid transport",1.31372729574404,0.755739795918367,32
"CTLvMITO","GO_BP","negative regulation of ossification",-1.31289425929018,0.801294996254902,7
"CTLvMITO","GO_BP","fusion of sperm to egg plasma membrane involved in single fertilization",-1.31092350491724,0.77176979282279,2
"CTLvMITO","GO_BP","plasma membrane fusion",-1.31092350491724,0.77176979282279,2
"CTLvMITO","GO_BP","relaxation of cardiac muscle",1.31026559006063,0.79688943057427,10
"CTLvMITO","GO_BP","magnesium ion homeostasis",-1.31017642331526,0.77176979282279,2
"CTLvMITO","GO_BP","neuronal ion channel clustering",-1.31017642331526,0.77176979282279,2
"CTLvMITO","GO_BP","regulation of microvillus organization",-1.30962724679824,0.784137067464802,3
"CTLvMITO","GO_BP","positive regulation of vascular associated smooth muscle cell migration",-1.30873546534532,0.795929676086847,12
"CTLvMITO","GO_BP","positive regulation of epidermal growth factor receptor signaling pathway",1.30667404806153,0.784137067464802,12
"CTLvMITO","GO_BP","sleep",-1.30656614623829,0.789743866853993,3
"CTLvMITO","GO_BP","regulation of podosome assembly",-1.30604278308928,0.785889194980104,9
"CTLvMITO","GO_BP","regulation of nuclear-transcribed mRNA poly(A) tail shortening",1.30506049717076,0.801294996254902,7
"CTLvMITO","GO_BP","lysosome localization",-1.30390864786336,0.755739795918367,37
"CTLvMITO","GO_BP","vacuolar localization",-1.30390864786336,0.755739795918367,37
"CTLvMITO","GO_BP","protein heterotetramerization",1.30363322504322,0.801294996254902,8
"CTLvMITO","GO_BP","endothelial cell morphogenesis",1.30281963492873,0.80142779232303,4
"CTLvMITO","GO_BP","sulfation",1.3022796627008,0.80142779232303,4
"CTLvMITO","GO_BP","regulation of membrane permeability",1.3022571524901,0.777788152297956,28
"CTLvMITO","GO_BP","regulation of mitochondrial membrane permeability",1.30212114442729,0.765168800931315,23
"CTLvMITO","GO_BP","regulation of sensory perception of pain",-1.30132149056876,0.739921745973686,1
"CTLvMITO","GO_BP","lymphoid progenitor cell differentiation",1.30075033139606,0.80142779232303,4
"CTLvMITO","GO_BP","walking behavior",-1.30007716230868,0.77176979282279,16
"CTLvMITO","GO_BP","keratinization",-1.2999282127416,0.746855548803414,1
"CTLvMITO","GO_BP","trans-synaptic signaling, modulating synaptic transmission",1.29950574502484,0.795929676086847,5
"CTLvMITO","GO_BP","endothelium development",-1.29940586777086,0.755739795918367,50
"CTLvMITO","GO_BP","lipid catabolic process",1.29894904701328,0.746855548803414,120
"CTLvMITO","GO_BP","positive regulation of branching involved in ureteric bud morphogenesis",-1.29658434595641,0.746855548803414,1
"CTLvMITO","GO_BP","zymosterol metabolic process",1.29411554683786,0.77176979282279,14
"CTLvMITO","GO_BP","white fat cell differentiation",-1.29378623499578,0.811005241417613,7
"CTLvMITO","GO_BP","face morphogenesis",-1.29247057490671,0.793639125747329,11
"CTLvMITO","GO_BP","gastrulation",1.29229664546962,0.755739795918367,62
"CTLvMITO","GO_BP","brown fat cell differentiation",1.29219796762252,0.79688943057427,13
"CTLvMITO","GO_BP","activin receptor signaling pathway",-1.2920720158666,0.807331986697701,8
"CTLvMITO","GO_BP","antigen processing and presentation via MHC class Ib",-1.29206921913359,0.801294996254902,3
"CTLvMITO","GO_BP","glycolipid biosynthetic process",1.29201304789798,0.793639125747329,16
"CTLvMITO","GO_BP","inner dynein arm assembly",-1.29073257908233,0.749244398124023,1
"CTLvMITO","GO_BP","positive regulation of release of cytochrome c from mitochondria",-1.2907172798333,0.807331986697701,8
"CTLvMITO","GO_BP","mitochondrial outer membrane permeabilization",1.29029802487755,0.801294996254902,15
"CTLvMITO","GO_BP","protein localization to microtubule",-1.29024050118589,0.801294996254902,12
"CTLvMITO","GO_BP","synaptic vesicle transport",-1.28955879898115,0.77176979282279,30
"CTLvMITO","GO_BP","negative regulation of cell fate commitment",-1.28873209139325,0.785616661906899,2
"CTLvMITO","GO_BP","negative regulation of Rho protein signal transduction",1.28842065470973,0.800644850818094,9
"CTLvMITO","GO_BP","growth plate cartilage development",1.28725146856358,0.810016760327319,7
"CTLvMITO","GO_BP","hormone transport",-1.28662074879078,0.746855548803414,101
"CTLvMITO","GO_BP","response to cAMP",1.28562971321691,0.755739795918367,54
"CTLvMITO","GO_BP","canonical Wnt signaling pathway",-1.28551143875609,0.755739795918367,93
"CTLvMITO","GO_BP","regulation of amine metabolic process",-1.28515380506103,0.807643913180245,10
"CTLvMITO","GO_BP","vesicle organization",-1.28442374145546,0.612133429791642,191
"CTLvMITO","GO_BP","basic amino acid transport",-1.28390654026254,0.814601739828607,4
"CTLvMITO","GO_BP","dense core granule exocytosis",-1.28387291948575,0.835598809859712,5
"CTLvMITO","GO_BP","cell adhesion molecule production",-1.2837519181621,0.801294996254902,3
"CTLvMITO","GO_BP","negative regulation of signaling receptor activity",-1.28368782799141,0.814601739828607,7
"CTLvMITO","GO_BP","negative regulation of vascular endothelial cell proliferation",-1.28320887881566,0.755739795918367,1
"CTLvMITO","GO_BP","regulation of intestinal absorption",1.28310241850865,0.77176979282279,2
"CTLvMITO","GO_BP","wound healing",-1.28310129675537,0.746855548803414,135
"CTLvMITO","GO_BP","positive regulation of mesenchymal cell proliferation",-1.28234606958145,0.81759300051785,6
"CTLvMITO","GO_BP","negative regulation of fatty acid metabolic process",1.28181080501062,0.811005241417613,7
"CTLvMITO","GO_BP","early endosome to late endosome transport",-1.28163861778227,0.77310692744573,34
"CTLvMITO","GO_BP","lipoprotein metabolic process",-1.28080428459352,0.775840301349449,31
"CTLvMITO","GO_BP","trachea development",1.27969312095644,0.811005241417613,5
"CTLvMITO","GO_BP","positive regulation of alcohol biosynthetic process",-1.2792390272333,0.801294996254902,9
"CTLvMITO","GO_BP","memory",-1.27919198676821,0.765168800931315,47
"CTLvMITO","GO_BP","chromosome separation",1.27890859311986,0.765168800931315,32
"CTLvMITO","GO_BP","antigen processing and presentation of endogenous antigen",-1.27701315170758,0.807331986697701,3
"CTLvMITO","GO_BP","regulation of autophagosome maturation",-1.27648839215364,0.817744916820702,4
"CTLvMITO","GO_BP","sulfate transmembrane transport",1.27588478416772,0.755739795918367,1
"CTLvMITO","GO_BP","viral release from host cell",-1.27583148566093,0.801294996254902,18
"CTLvMITO","GO_BP","regulation of ketone biosynthetic process",-1.27405087084615,0.818883490500845,6
"CTLvMITO","GO_BP","ribose phosphate metabolic process",1.27398668140239,0.73890845881107,152
"CTLvMITO","GO_BP","dopamine uptake",-1.27377814521319,0.810218637825742,3
"CTLvMITO","GO_BP","innate immune response in mucosa",-1.27373458959096,0.755739795918367,1
"CTLvMITO","GO_BP","positive regulation of dendritic spine morphogenesis",-1.27335526695716,0.793639125747329,20
"CTLvMITO","GO_BP","negative regulation of intracellular estrogen receptor signaling pathway",1.27303142815524,0.801294996254902,9
"CTLvMITO","GO_BP","alanine transport",-1.27255230552274,0.818883490500845,6
"CTLvMITO","GO_BP","export across plasma membrane",1.27242773930737,0.800644850818094,16
"CTLvMITO","GO_BP","mitochondrial large ribosomal subunit assembly",1.27201303379948,0.81759300051785,4
"CTLvMITO","GO_BP","Rho protein signal transduction",-1.27188463347072,0.755739795918367,52
"CTLvMITO","GO_BP","lipid droplet organization",-1.27174143756314,0.793639125747329,20
"CTLvMITO","GO_BP","digestive tract development",-1.27062174045469,0.77176979282279,26
"CTLvMITO","GO_BP","mineralocorticoid metabolic process",-1.27011206724034,0.755739795918367,1
"CTLvMITO","GO_BP","aldosterone metabolic process",-1.27011206724034,0.755739795918367,1
"CTLvMITO","GO_BP","tertiary alcohol metabolic process",1.27007810511156,0.817744916820702,4
"CTLvMITO","GO_BP","maintenance of postsynaptic density structure",1.26910823356887,0.778357894736842,2
"CTLvMITO","GO_BP","mesodermal cell differentiation",1.26883141205703,0.814601739828607,5
"CTLvMITO","GO_BP","rRNA processing",1.26816363465178,0.755739795918367,74
"CTLvMITO","GO_BP","action potential",1.26793414476666,0.789743866853993,33
"CTLvMITO","GO_BP","positive regulation of type I interferon-mediated signaling pathway",-1.26751441743293,0.814601739828607,8
"CTLvMITO","GO_BP","mast cell degranulation",-1.26717284664639,0.811005241417613,14
"CTLvMITO","GO_BP","mitochondrial respiratory chain complex III assembly",-1.26673021807493,0.840643274853801,5
"CTLvMITO","GO_BP","dosage compensation by inactivation of X chromosome",1.26661150175153,0.814601739828607,6
"CTLvMITO","GO_BP","ganglioside biosynthetic process",1.26376773533893,0.795929676086847,2
"CTLvMITO","GO_BP","response to manganese ion",1.26256796383124,0.812974342228951,15
"CTLvMITO","GO_BP","neutrophil extravasation",-1.26201047220747,0.809380866982374,2
"CTLvMITO","GO_BP","skeletal muscle tissue regeneration",-1.26119111043571,0.801294996254902,24
"CTLvMITO","GO_BP","protein K48-linked ubiquitination",-1.26113400465023,0.77176979282279,43
"CTLvMITO","GO_BP","regulation of establishment of cell polarity",1.26110965873702,0.812974342228951,11
"CTLvMITO","GO_BP","synaptic vesicle localization",-1.26030574273735,0.775840301349449,33
"CTLvMITO","GO_BP","miRNA-mediated gene silencing by mRNA destabilization",1.26029035460829,0.801294996254902,3
"CTLvMITO","GO_BP","synapse maturation",1.2601157083639,0.817585886891331,18
"CTLvMITO","GO_BP","regulation of receptor internalization",1.25731620888336,0.771916493690488,43
"CTLvMITO","GO_BP","oxidative phosphorylation",1.25632509284541,0.765168800931315,69
"CTLvMITO","GO_BP","mitochondrion organization",1.25577311747914,0.744148974711977,200
"CTLvMITO","GO_BP","regulation of macrophage derived foam cell differentiation",1.25384583018289,0.807331986697701,3
"CTLvMITO","GO_BP","reactive nitrogen species metabolic process",1.25380833907417,0.775840301349449,39
"CTLvMITO","GO_BP","response to cholesterol",-1.25316379649151,0.81759300051785,10
"CTLvMITO","GO_BP","pre-B cell differentiation",-1.25255676661811,0.765168800931315,1
"CTLvMITO","GO_BP","receptor localization to synapse",-1.25229454992856,0.765168800931315,50
"CTLvMITO","GO_BP","negative regulation of synaptic transmission",1.25222515615793,0.81759300051785,15
"CTLvMITO","GO_BP","interleukin-1 alpha production",1.25221554347203,0.759486984448952,1
"CTLvMITO","GO_BP","regulation of interleukin-1 alpha production",1.25221554347203,0.759486984448952,1
"CTLvMITO","GO_BP","regulation of endopeptidase activity",-1.2512442302067,0.81759300051785,3
"CTLvMITO","GO_BP","regulation of regulatory ncRNA processing",1.25082166383723,0.8397494828775,4
"CTLvMITO","GO_BP","dolichol-linked oligosaccharide biosynthetic process",-1.25037348421898,0.848287264881389,5
"CTLvMITO","GO_BP","vitamin D metabolic process",-1.24978411944599,0.814601739828607,2
"CTLvMITO","GO_BP","somatic stem cell population maintenance",-1.24927375890365,0.840643274853801,7
"CTLvMITO","GO_BP","negative regulation of interleukin-10 production",1.24911600004759,0.765168800931315,1
"CTLvMITO","GO_BP","negative regulation of multicellular organism growth",-1.24852335429598,0.817744916820702,3
"CTLvMITO","GO_BP","thymocyte apoptotic process",-1.2485124330124,0.848803580372579,5
"CTLvMITO","GO_BP","production of molecular mediator of immune response",-1.24840495924279,0.773183679790749,44
"CTLvMITO","GO_BP","negative regulation of T-helper 17 type immune response",-1.24754096644033,0.77176979282279,1
"CTLvMITO","GO_BP","negative regulation of T-helper 17 cell differentiation",-1.24754096644033,0.77176979282279,1
"CTLvMITO","GO_BP","regulation of gonad development",-1.2468828636166,0.814601739828607,2
"CTLvMITO","GO_BP","plasma lipoprotein particle clearance",-1.24571861787163,0.814601739828607,14
"CTLvMITO","GO_BP","receptor catabolic process",-1.24511542471851,0.812974342228951,16
"CTLvMITO","GO_BP","response to aldosterone",-1.24443149303408,0.833515328949698,8
"CTLvMITO","GO_BP","tight junction organization",1.24394715000663,0.817585886891331,28
"CTLvMITO","GO_BP","response to selenium ion",1.24259857059454,0.820881920114741,9
"CTLvMITO","GO_BP","visual perception",-1.24246145493968,0.812974342228951,19
"CTLvMITO","GO_BP","regulation of muscle adaptation",-1.24199041518563,0.765168800931315,61
"CTLvMITO","GO_BP","positive regulation of membrane depolarization",-1.24198456086638,0.840643274853801,6
"CTLvMITO","GO_BP","locomotor rhythm",1.24173570395694,0.84416995689499,4
"CTLvMITO","GO_BP","myoblast proliferation",-1.24084358173604,0.846329469617141,7
"CTLvMITO","GO_BP","negative regulation of mitotic nuclear division",1.2400125084945,0.811005241417613,14
"CTLvMITO","GO_BP","striated muscle cell apoptotic process",-1.23934222538597,0.810353699955402,32
"CTLvMITO","GO_BP","intestinal absorption",-1.2391326959557,0.817744916820702,9
"CTLvMITO","GO_BP","negative regulation of neuron projection development",-1.23897692453544,0.765168800931315,57
"CTLvMITO","GO_BP","regulation of transmembrane transporter activity",1.23894983210416,0.77176979282279,54
"CTLvMITO","GO_BP","modified amino acid biosynthetic process",1.23858285118819,0.814601739828607,20
"CTLvMITO","GO_BP","lactation",1.2376784633537,0.801294996254902,31
"CTLvMITO","GO_BP","collagen catabolic process",1.2376182808261,0.835925503878356,9
"CTLvMITO","GO_BP","sphingomyelin metabolic process",-1.23675946149401,0.825985582479089,12
"CTLvMITO","GO_BP","positive regulation of endocytosis",1.23621032898244,0.771916493690488,74
"CTLvMITO","GO_BP","regulation of morphogenesis of an epithelium",1.23544303895663,0.835763609918784,10
"CTLvMITO","GO_BP","negative regulation of activated T cell proliferation",1.23522643356178,0.848803580372579,4
"CTLvMITO","GO_BP","negative regulation of RNA splicing",1.23507489282677,0.801294996254902,25
"CTLvMITO","GO_BP","cytoplasmic pattern recognition receptor signaling pathway",1.23439186707977,0.757227578715048,68
"CTLvMITO","GO_BP","regulation of cell killing",-1.23420113809625,0.814601739828607,23
"CTLvMITO","GO_BP","presynapse organization",1.23289491967538,0.814601739828607,24
"CTLvMITO","GO_BP","regulation of generation of precursor metabolites and energy",-1.2322242801266,0.775840301349449,52
"CTLvMITO","GO_BP","vascular associated smooth muscle cell differentiation",1.23099220160667,0.835978835978836,7
"CTLvMITO","GO_BP","calcineurin-mediated signaling",-1.22977168849226,0.814601739828607,18
"CTLvMITO","GO_BP","positive regulation of osteoblast proliferation",-1.22925643029848,0.840643274853801,8
"CTLvMITO","GO_BP","response to auditory stimulus",-1.2285911726799,0.833789052028523,12
"CTLvMITO","GO_BP","smooth muscle cell proliferation",-1.22797281661204,0.755739795918367,71
"CTLvMITO","GO_BP","forebrain morphogenesis",1.22747585497125,0.817744916820702,3
"CTLvMITO","GO_BP","aldehyde metabolic process",1.22701492585683,0.837216286952418,28
"CTLvMITO","GO_BP","positive regulation of mitotic cell cycle",-1.22602821695265,0.775840301349449,62
"CTLvMITO","GO_BP","negative chemotaxis",1.22601969026951,0.840643274853801,8
"CTLvMITO","GO_BP","regulation of dendritic spine development",-1.22550428704489,0.795929676086847,41
"CTLvMITO","GO_BP","response to organophosphorus",1.22319106382366,0.758993258993259,68
"CTLvMITO","GO_BP","negative regulation of microtubule depolymerization",-1.22318287814598,0.817585886891331,18
"CTLvMITO","GO_BP","regulation of toll-like receptor 4 signaling pathway",-1.22283481746676,0.840643274853801,8
"CTLvMITO","GO_BP","ventricular cardiac muscle tissue morphogenesis",-1.22117107766513,0.818883490500845,13
"CTLvMITO","GO_BP","protein monoubiquitination",-1.22083940108739,0.81759300051785,24
"CTLvMITO","GO_BP","regulation of autophagosome assembly",1.22081912247325,0.811005241417613,27
"CTLvMITO","GO_BP","regulation of myotube differentiation",1.22010229092725,0.835925503878356,13
"CTLvMITO","GO_BP","regulation of substrate adhesion-dependent cell spreading",-1.22007702442743,0.801294996254902,34
"CTLvMITO","GO_BP","gastric acid secretion",1.21981122585293,0.801294996254902,1
"CTLvMITO","GO_BP","peptide secretion",-1.21943226407921,0.755739795918367,83
"CTLvMITO","GO_BP","regulation of synapse structure or activity",-1.21933621399948,0.755739795918367,146
"CTLvMITO","GO_BP","very-low-density lipoprotein particle remodeling",1.21868411915313,0.801294996254902,1
"CTLvMITO","GO_BP","vocalization behavior",-1.21828213206994,0.811005241417613,1
"CTLvMITO","GO_BP","negative regulation of bone mineralization",-1.21800347650451,0.811005241417613,1
"CTLvMITO","GO_BP","circadian regulation of gene expression",1.21715902873469,0.817585886891331,21
"CTLvMITO","GO_BP","cellular response to toxic substance",1.21656436911205,0.793960157546955,64
"CTLvMITO","GO_BP","regulation of macroautophagy",1.21619083985537,0.77176979282279,82
"CTLvMITO","GO_BP","canonical glycolysis",1.21616813251002,0.814601739828607,17
"CTLvMITO","GO_BP","positive regulation of stem cell population maintenance",-1.21567949432472,0.840720383580868,2
"CTLvMITO","GO_BP","podosome assembly",-1.21528727567891,0.840720383580868,12
"CTLvMITO","GO_BP","renal system process",-1.21464834757594,0.817744916820702,29
"CTLvMITO","GO_BP","resolution of meiotic recombination intermediates",1.21433464365051,0.81759300051785,2
"CTLvMITO","GO_BP","ceramide catabolic process",1.2142939262244,0.840643274853801,10
"CTLvMITO","GO_BP","meiosis I cell cycle process",1.21423237492527,0.817744916820702,19
"CTLvMITO","GO_BP","positive regulation of apoptotic signaling pathway",-1.2139752383885,0.775840301349449,64
"CTLvMITO","GO_BP","positive regulation of extracellular matrix organization",-1.21177409921896,0.835925503878356,14
"CTLvMITO","GO_BP","L-amino acid biosynthetic process",1.21128580813153,0.812974342228951,26
"CTLvMITO","GO_BP","suckling behavior",1.21027319590822,0.840643274853801,6
"CTLvMITO","GO_BP","cell migration involved in sprouting angiogenesis",1.21018267156427,0.81759300051785,23
"CTLvMITO","GO_BP","calcium ion transmembrane import into cytosol",1.20805140890928,0.812974342228951,49
"CTLvMITO","GO_BP","synaptic vesicle membrane organization",-1.20751528889514,0.840643274853801,11
"CTLvMITO","GO_BP","positive regulation of endothelial cell apoptotic process",1.20525052033329,0.848803580372579,7
"CTLvMITO","GO_BP","nuclear pore organization",1.20516004605706,0.840720383580868,13
"CTLvMITO","GO_BP","nucleotide catabolic process",1.2033200868355,0.791720469481758,61
"CTLvMITO","GO_BP","pore complex assembly",1.20302642970582,0.840720383580868,13
"CTLvMITO","GO_BP","ribosome biogenesis",1.20146457413416,0.755739795918367,125
"CTLvMITO","GO_BP","cardiac muscle cell proliferation",-1.20106328495347,0.840643274853801,19
"CTLvMITO","GO_BP","response to axon injury",1.20031257647924,0.809380866982374,47
"CTLvMITO","GO_BP","regulation of polysaccharide metabolic process",-1.20005760095858,0.835925503878356,18
"CTLvMITO","GO_BP","negative regulation of viral process",-1.19958657173725,0.835925503878356,23
"CTLvMITO","GO_BP","cellular response to oxygen levels",1.19925581943712,0.784137067464802,103
"CTLvMITO","GO_BP","regulation of postsynaptic density assembly",-1.19766162022795,0.835763609918784,1
"CTLvMITO","GO_BP","negative regulation of cell division",-1.19236716448474,0.840272727272727,1
"CTLvMITO","GO_BP","RNA localization",1.19233041391521,0.801294996254902,96
"CTLvMITO","GO_BP","endothelial cell differentiation",-1.19184011638464,0.81759300051785,40
"CTLvMITO","GO_BP","endothelial cell migration",-1.19116768764393,0.795929676086847,89
"CTLvMITO","GO_BP","negative regulation of cholesterol efflux",1.19022467498332,0.81759300051785,1
"CTLvMITO","GO_BP","negative regulation of response to external stimulus",1.19016887116489,0.784137067464802,101
"CTLvMITO","GO_BP","neuron apoptotic process",-1.18976582957549,0.755739795918367,138
"CTLvMITO","GO_BP","cellular response to aldehyde",-1.18940289604566,0.84232777538845,14
"CTLvMITO","GO_BP","T-helper 2 cell differentiation",1.18909756828352,0.817744916820702,1
"CTLvMITO","GO_BP","regulation of endothelial cell migration",-1.18810163429477,0.811005241417613,63
"CTLvMITO","GO_BP","nephron tubule formation",1.18807691723291,0.848287264881389,2
"CTLvMITO","GO_BP","regulation of neuronal synaptic plasticity",-1.18769943945787,0.840643274853801,22
"CTLvMITO","GO_BP","negative regulation of alcohol biosynthetic process",1.1875799647799,0.848803580372579,2
"CTLvMITO","GO_BP","regulation of leukocyte cell-cell adhesion",1.18666701260897,0.800644850818094,78
"CTLvMITO","GO_BP","T cell mediated cytotoxicity",-1.18588581259955,0.840720383580868,15
"CTLvMITO","GO_BP","cAMP/PKA signal transduction",-1.18460078048763,0.848803580372579,19
"CTLvMITO","GO_BP","muscle cell differentiation",1.18430753242012,0.755739795918367,168
"CTLvMITO","GO_BP","amino acid import across plasma membrane",-1.18368266237018,0.840720383580868,15
"CTLvMITO","GO_BP","positive regulation of intracellular transport",-1.18364663964216,0.800644850818094,77
"CTLvMITO","GO_BP","positive regulation of humoral immune response",1.18289848143465,0.835763609918784,1
"CTLvMITO","GO_BP","cardiac ventricle development",1.18197691036451,0.814601739828607,42
"CTLvMITO","GO_BP","inner ear development",-1.1818861559932,0.812974342228951,54
"CTLvMITO","GO_BP","T cell differentiation in thymus",-1.18173683114541,0.840643274853801,23
"CTLvMITO","GO_BP","apoptotic mitochondrial changes",1.18132399301823,0.814601739828607,53
"CTLvMITO","GO_BP","glucan metabolic process",-1.18085678073567,0.814601739828607,44
"CTLvMITO","GO_BP","regulation of receptor clustering",-1.17512314666919,0.840720383580868,17
"CTLvMITO","GO_BP","negative regulation of cell growth",-1.17418068876534,0.811005241417613,64
"CTLvMITO","GO_BP","insulin secretion involved in cellular response to glucose stimulus",-1.17406943014115,0.840643274853801,32
"CTLvMITO","GO_BP","amine metabolic process",-1.17233388930604,0.848803580372579,23
"CTLvMITO","GO_BP","positive regulation of secretion by cell",-1.17139775991573,0.795929676086847,115
"CTLvMITO","GO_BP","bile acid and bile salt transport",1.16768254098742,0.840720383580868,1
"CTLvMITO","GO_BP","membrane biogenesis",-1.16758541516692,0.848803580372579,39
"CTLvMITO","GO_BP","cell-matrix adhesion",1.16734971893589,0.80142779232303,97
"CTLvMITO","GO_BP","response to unfolded protein",1.16225093845485,0.835763609918784,58
"CTLvMITO","GO_BP","sodium ion transport",1.16166304139175,0.840643274853801,45
"CTLvMITO","GO_BP","adaptive thermogenesis",-1.16154578747908,0.829016141540466,38
"CTLvMITO","GO_BP","actin filament depolymerization",-1.16151061651492,0.840720383580868,30
"CTLvMITO","GO_BP","bone development",-1.1614081623238,0.81759300051785,74
"CTLvMITO","GO_BP","autophagosome organization",1.15713413442843,0.817744916820702,70
"CTLvMITO","GO_BP","regulation of cardiac muscle cell contraction",1.15640440575649,0.848803580372579,16
"CTLvMITO","GO_BP","skeletal muscle tissue development",1.15570561933977,0.825985582479089,56
"CTLvMITO","GO_BP","response to virus",1.15483711971692,0.78536292989418,123
"CTLvMITO","GO_BP","myeloid leukocyte differentiation",-1.15387662335075,0.814601739828607,71
"CTLvMITO","GO_BP","regulation of muscle hypertrophy",-1.15259016780273,0.819895842659743,46
"CTLvMITO","GO_BP","substrate adhesion-dependent cell spreading",-1.1498972360415,0.835925503878356,55
"CTLvMITO","GO_BP","glycogen metabolic process",-1.14662102748238,0.840720383580868,43
"CTLvMITO","GO_BP","neuron projection organization",-1.14508298674465,0.840643274853801,55
"CTLvMITO","GO_BP","leukocyte cell-cell adhesion",1.14352866559496,0.81759300051785,86
"CTLvMITO","GO_BP","intracellular monoatomic cation homeostasis",1.14090998706842,0.807331986697701,146
"CTLvMITO","GO_BP","positive regulation of establishment of protein localization",-1.14002402770855,0.814601739828607,126
"CTLvMITO","GO_BP","negative regulation of cell adhesion",1.13235958360187,0.840643274853801,86
"CTLvMITO","GO_BP","receptor-mediated endocytosis",-1.12797579366499,0.811021459227468,120
"CTLvMITO","GO_BP","leukocyte proliferation",1.12747218436688,0.838272597131878,79
"CTLvMITO","GO_BP","regulation of kinase activity",-1.12554155439153,0.81759300051785,119
"CTLvMITO","GO_BP","cellular response to topologically incorrect protein",1.11742230895301,0.848803580372579,55
"CTLvMITO","GO_BP","regulation of cell-substrate adhesion",-1.11209028427851,0.837477989781485,102
"CTLvMITO","GO_BP","protein secretion",-1.1113412357339,0.840720383580868,137
"CTLvMITO","GO_BP","protein localization to extracellular region",-1.1113412357339,0.840720383580868,137
"CTLvMITO","GO_BP","regulation of transferase activity",-1.11009591502092,0.840643274853801,131
"CTLvMITO","GO_BP","establishment of protein localization to extracellular region",-1.10375762949121,0.840643274853801,138
"CTLvMITO","GO_BP","actin filament organization",-1.0859127784869,0.835763609918784,221
"CTLvMITO","GO_BP",NA,NA,NA,NA
"CTLvMITO","GO_BP",NA,NA,NA,NA
"CTLvMITO","GO_BP",NA,NA,NA,NA
"CTLvMITO","GO_BP",NA,NA,NA,NA
"CTLvMITO","GO_BP",NA,NA,NA,NA
"CTLvMITO","GO_BP",NA,NA,NA,NA
"CTLvMITO","GO_BP",NA,NA,NA,NA
"CTLvMITO","GO_BP",NA,NA,NA,NA
"CTLvMITO","GO_BP",NA,NA,NA,NA
"CTLvMITO","GO_BP",NA,NA,NA,NA
"CTLvMITO","GO_BP",NA,NA,NA,NA
"CTLvMITO","GO_BP",NA,NA,NA,NA
"CTLvMITO","GO_BP",NA,NA,NA,NA
"CTLvMITO","GO_BP",NA,NA,NA,NA
"CTLvMITO","GO_BP",NA,NA,NA,NA
"CTLvMITO","GO_BP",NA,NA,NA,NA
"CTLvMITO","GO_BP",NA,NA,NA,NA
"CTLvMITO","GO_BP",NA,NA,NA,NA
"CTLvMITO","GO_BP",NA,NA,NA,NA
"CTLvMITO","GO_BP",NA,NA,NA,NA
"CTLvMITO","GO_BP",NA,NA,NA,NA
"CTLvMITO","GO_BP",NA,NA,NA,NA
"CTLvMITO","GO_BP",NA,NA,NA,NA
"CTLvMITO","GO_BP",NA,NA,NA,NA
"CTLvMITO","GO_BP",NA,NA,NA,NA
"CTLvMITO","GO_BP",NA,NA,NA,NA
"CTLvMITO","GO_BP",NA,NA,NA,NA
"CTLvMITO","GO_BP",NA,NA,NA,NA
"CTLvMITO","GO_BP",NA,NA,NA,NA
"CTLvMITO","GO_BP",NA,NA,NA,NA
"CTLvMITO","GO_BP",NA,NA,NA,NA
"CTLvMITO","GO_BP",NA,NA,NA,NA
"CTLvMITO","GO_BP",NA,NA,NA,NA
"CTLvMITO","GO_BP",NA,NA,NA,NA
"CTLvMITO","GO_BP",NA,NA,NA,NA
"CTLvMITO","GO_BP",NA,NA,NA,NA
"CTLvMITO","GO_BP",NA,NA,NA,NA
"CTLvMITO","GO_BP",NA,NA,NA,NA
"CTLvMITO","GO_BP",NA,NA,NA,NA
"CTLvMITO","GO_BP",NA,NA,NA,NA
"CTLvMITO","GO_BP",NA,NA,NA,NA
"CTLvMITO","GO_BP",NA,NA,NA,NA
"CTLvMITO","GO_BP",NA,NA,NA,NA
"CTLvMITO","GO_BP",NA,NA,NA,NA
"CTLvMITO","GO_BP",NA,NA,NA,NA
"CTLvMITO","GO_BP",NA,NA,NA,NA
"CTLvMITO","GO_BP",NA,NA,NA,NA
"CTLvMITO","GO_BP",NA,NA,NA,NA
"CTLvMITO","GO_BP",NA,NA,NA,NA
"CTLvMITO","GO_BP",NA,NA,NA,NA
"CTLvMITO","GO_CC","mitochondrial matrix",2.13105134674548,5.93e-08,217
"CTLvMITO","GO_CC","pore complex",2.11114993909741,0.00260365198649211,11
"CTLvMITO","GO_CC","nucleoid",2.02764554133651,0.013721600920828,28
"CTLvMITO","GO_CC","myosin complex",1.95598969575364,0.0433097905382937,22
"CTLvMITO","GO_CC","dendritic shaft",-1.94105777342499,0.0408988026390798,21
"CTLvMITO","GO_CC","collagenous component of interstitial matrix",-1.89983276264398,0.0338165255769495,9
"CTLvMITO","GO_CC","proteasome core complex",1.85568735258665,0.0645189336090557,16
"CTLvMITO","GO_CC","acetyltransferase complex",1.82338586271225,0.0823920158694744,30
"CTLvMITO","GO_CC","complex of collagen trimers",-1.80639679092916,0.110144890979435,13
"CTLvMITO","GO_CC","collagen trimer",-1.79194650804104,0.0823920158694744,14
"CTLvMITO","GO_CC","organellar ribosome",1.76701903380354,0.0544788382908877,57
"CTLvMITO","GO_CC","plasma lipoprotein particle",-1.75736825266413,0.121683314061772,8
"CTLvMITO","GO_CC","lipoprotein particle",-1.75736825266413,0.121683314061772,8
"CTLvMITO","GO_CC","presynaptic active zone",1.75352684791909,0.0993038936674413,40
"CTLvMITO","GO_CC","mitochondrial protein-containing complex",1.73689762088375,0.0164176659644966,117
"CTLvMITO","GO_CC","alpha-ketoacid dehydrogenase complex",1.72403879978438,0.121683314061772,12
"CTLvMITO","GO_CC","presynaptic active zone membrane",1.70602984517183,0.174441772823259,15
"CTLvMITO","GO_CC","interstitial matrix",-1.70389256536728,0.153264733393103,18
"CTLvMITO","GO_CC","neuron projection membrane",1.68690630732851,0.176986335480724,18
"CTLvMITO","GO_CC","H4 histone acetyltransferase complex",1.68166170023667,0.161722427414766,9
"CTLvMITO","GO_CC","autolysosome",1.65577739729094,0.21090203372964,10
"CTLvMITO","GO_CC","organelle inner membrane",1.65147147880181,0.0102942772169849,226
"CTLvMITO","GO_CC","phosphatase complex",1.63493623586988,0.21090203372964,28
"CTLvMITO","GO_CC","sno(s)RNA-containing ribonucleoprotein complex",1.62831439127678,0.21090203372964,9
"CTLvMITO","GO_CC","solid phase of interstitial matrix",-1.62594426973034,0.221639392803506,17
"CTLvMITO","GO_CC","membrane raft",1.62345766214654,0.0364793756479135,133
"CTLvMITO","GO_CC","myosin filament",1.60911616720854,0.234038423737139,10
"CTLvMITO","GO_CC","proton-transporting ATP synthase complex",1.60469489489742,0.221639392803506,13
"CTLvMITO","GO_CC","A band",1.60445291414488,0.21090203372964,20
"CTLvMITO","GO_CC","axon initial segment",-1.59935847230718,0.171761900347363,5
"CTLvMITO","GO_CC","ciliary rootlet",-1.57201027370295,0.272257288481074,7
"CTLvMITO","GO_CC","catenin complex",-1.5606944456122,0.327190258077677,8
"CTLvMITO","GO_CC","cell pole",-1.5563571378268,0.219549617120168,6
"CTLvMITO","GO_CC","phagophore assembly site",-1.55523105495367,0.310838155296785,27
"CTLvMITO","GO_CC","acrosomal vesicle",1.54792460550639,0.221639392803506,32
"CTLvMITO","GO_CC","neuronal cell body membrane",1.54565541120821,0.264158479237759,4
"CTLvMITO","GO_CC","clathrin-coated pit",-1.53495964243887,0.219549617120168,45
"CTLvMITO","GO_CC","SWI/SNF complex",1.52714420996511,0.280953613428764,9
"CTLvMITO","GO_CC","transcription repressor complex",-1.52566481258498,0.219549617120168,20
"CTLvMITO","GO_CC","cytosolic large ribosomal subunit",-1.51900020826657,0.221639392803506,45
"CTLvMITO","GO_CC","aggresome",-1.51197595816026,0.370569095179607,7
"CTLvMITO","GO_CC","outer membrane",1.49330635161885,0.116763741433981,117
"CTLvMITO","GO_CC","cytochrome complex",1.49198601966858,0.360179786200194,17
"CTLvMITO","GO_CC","sarcolemma",1.4870754358001,0.171761900347363,77
"CTLvMITO","GO_CC","dendritic spine head",1.47449717199762,0.387581699346405,5
"CTLvMITO","GO_CC","synapse-associated extracellular matrix",1.46935290109672,0.370569095179607,4
"CTLvMITO","GO_CC","specialized extracellular matrix",1.46935290109672,0.370569095179607,4
"CTLvMITO","GO_CC","melanosome",1.4682380005248,0.234038423737139,67
"CTLvMITO","GO_CC","postsynaptic cytosol",-1.45361753913705,0.301220837504548,28
"CTLvMITO","GO_CC","ATPase complex",1.45036609660673,0.30726064020189,45
"CTLvMITO","GO_CC","plasma membrane signaling receptor complex",1.45036540594403,0.378962167689162,29
"CTLvMITO","GO_CC","cytoplasmic dynein complex",-1.44638370725385,0.360179786200194,15
"CTLvMITO","GO_CC","ciliary base",-1.44506511244103,0.389935404015008,10
"CTLvMITO","GO_CC","RNA polymerase II, core complex",1.43712150546929,0.427324958613302,9
"CTLvMITO","GO_CC","U5 snRNP",1.43044995434141,0.49446098868374,10
"CTLvMITO","GO_CC","glial cell projection",1.42250307214451,0.463239167953493,11
"CTLvMITO","GO_CC","protein complex involved in cell adhesion",1.40926572261483,0.49446098868374,13
"CTLvMITO","GO_CC","spliceosomal complex",1.39957044044028,0.207783386992568,120
"CTLvMITO","GO_CC","lipid droplet",1.39261424219752,0.381826230431808,43
"CTLvMITO","GO_CC","PML body",-1.38955179807988,0.452302398183624,25
"CTLvMITO","GO_CC","microvillus membrane",-1.38837349207886,0.498073122529644,8
"CTLvMITO","GO_CC","early phagosome",-1.37998177077443,0.49495860042735,4
"CTLvMITO","GO_CC","DNA polymerase complex",-1.37541510546123,0.498073122529644,4
"CTLvMITO","GO_CC","endoribonuclease complex",1.36828823214203,0.554235206152532,8
"CTLvMITO","GO_CC","endonuclease complex",1.36828823214203,0.554235206152532,8
"CTLvMITO","GO_CC","respiratory chain complex",1.36041256496514,0.3811666398843,64
"CTLvMITO","GO_CC","synaptic cleft",-1.36013243342631,0.548610922151778,3
"CTLvMITO","GO_CC","oxidoreductase complex",1.35976250438498,0.370569095179607,66
"CTLvMITO","GO_CC","early endosome",-1.35786637982086,0.219549617120168,178
"CTLvMITO","GO_CC","phosphatidylinositol 3-kinase complex",-1.34947404975999,0.550182830322545,3
"CTLvMITO","GO_CC","smooth endoplasmic reticulum",-1.34167273407222,0.519735251450677,22
"CTLvMITO","GO_CC","cluster of actin-based cell projections",1.33144330380961,0.438974738595355,55
"CTLvMITO","GO_CC","pericentriolar material",1.32015307297358,0.559850931677019,7
"CTLvMITO","GO_CC","actin-based cell projection",1.31061153070675,0.370569095179607,87
"CTLvMITO","GO_CC","nuclear cyclin-dependent protein kinase holoenzyme complex",-1.30478319704038,0.558579429735234,8
"CTLvMITO","GO_CC","postsynaptic density, intracellular component",-1.3019731873216,0.550182830322545,22
"CTLvMITO","GO_CC","endoplasmic reticulum-Golgi intermediate compartment membrane",1.2963932112103,0.548610922151778,23
"CTLvMITO","GO_CC","nuclear ribonucleoprotein granule",1.28965792568674,0.275304233677184,168
"CTLvMITO","GO_CC","RNA polymerase III complex",1.28828050082956,0.650674697670075,5
"CTLvMITO","GO_CC","presynaptic cytosol",-1.28090057347548,0.562044327792359,22
"CTLvMITO","GO_CC","basolateral plasma membrane",-1.27953081254665,0.519735251450677,74
"CTLvMITO","GO_CC","INTAC complex",1.27856481954003,0.655944134078212,7
"CTLvMITO","GO_CC","lumenal side of endoplasmic reticulum membrane",1.2761423045363,0.558579429735234,2
"CTLvMITO","GO_CC","postsynaptic endocytic zone",-1.27125583754494,0.577229271684339,14
"CTLvMITO","GO_CC","external side of plasma membrane",1.26866414436256,0.522927689594356,57
"CTLvMITO","GO_CC","sperm principal piece",-1.26540190968836,0.671559411111478,11
"CTLvMITO","GO_CC","CCR4-NOT complex",1.26387348261129,0.682268817204301,10
"CTLvMITO","GO_CC","cortical actin cytoskeleton",1.26250072710486,0.522927689594356,48
"CTLvMITO","GO_CC","cleavage furrow",1.25329999934589,0.577229271684339,23
"CTLvMITO","GO_CC","leading edge membrane",1.25276316530888,0.522927689594356,65
"CTLvMITO","GO_CC","stereocilium",1.24785000292847,0.642702312138728,15
"CTLvMITO","GO_CC","trans-Golgi network membrane",-1.24539074954877,0.619131624423963,19
"CTLvMITO","GO_CC","preribosome, large subunit precursor",-1.23983578977893,0.694650527137837,4
"CTLvMITO","GO_CC","pronucleus",-1.23528931340466,0.684559884559885,8
"CTLvMITO","GO_CC","cell division site",1.23442570505124,0.642423804708941,31
"CTLvMITO","GO_CC","SNARE complex",-1.23182867312294,0.65764804352375,32
"CTLvMITO","GO_CC","apicolateral plasma membrane",-1.22273910892918,0.694650527137837,8
"CTLvMITO","GO_CC","extrinsic component of cytoplasmic side of plasma membrane",1.21132798202451,0.682268817204301,18
"CTLvMITO","GO_CC","dendrite cytoplasm",1.21081194578171,0.694650527137837,17
"CTLvMITO","GO_CC","postsynaptic density membrane",1.20800930949128,0.671395271395271,27
"CTLvMITO","GO_CC","Cul4-RING E3 ubiquitin ligase complex",1.20717874304358,0.703273244781784,12
"CTLvMITO","GO_CC","9+0 non-motile cilium",-1.19849240802615,0.639298271405295,23
"CTLvMITO","GO_CC","basement membrane",-1.17544300120156,0.646673936750273,45
"CTLvMITO","GO_CC","clathrin vesicle coat",-1.1680191545515,0.682809092016253,23
"CTLvMITO","GO_CC","intercalated disc",1.16421539651359,0.698026077508149,34
"CTLvMITO","GO_CC","cell cortex",1.16108551196463,0.548610922151778,170
"CTLvMITO","GO_CC","apical junction complex",-1.15560238843582,0.694650527137837,49
"CTLvMITO","GO_CC","clathrin coat",-1.15231329655419,0.703273244781784,34
"CTLvMITO","GO_CC","focal adhesion",-1.13252564981551,0.655140802030934,104
"CTLvMITO","GO_CC","basal part of cell",-1.11537690218997,0.703273244781784,89
"CTLvMITO","GO_CC",NA,NA,NA,NA
"CTLvMITO","GO_CC",NA,NA,NA,NA
"CTLvMITO","GO_CC",NA,NA,NA,NA
"CTLvMITO","GO_CC",NA,NA,NA,NA
"CTLvMITO","GO_CC",NA,NA,NA,NA
"CTLvMITO","GO_CC",NA,NA,NA,NA
"CTLvMITO","GO_MF","sphingolipid binding",2.02570412820038,0.00736344546813438,10
"CTLvMITO","GO_MF","voltage-gated monoatomic ion channel activity",1.98551892548894,0.00736344546813438,12
"CTLvMITO","GO_MF","cis-trans isomerase activity",-1.93391184814166,0.0347712959478348,27
"CTLvMITO","GO_MF","phosphatidylethanolamine binding",1.90991416485015,0.00883653059078386,7
"CTLvMITO","GO_MF","extracellular matrix structural constituent",-1.89548676732947,0.0582194367861326,23
"CTLvMITO","GO_MF","phosphatidylcholine binding",1.89161833549766,0.0617610972449223,9
"CTLvMITO","GO_MF","S-acyltransferase activity",1.87603052709402,0.069271186435479,9
"CTLvMITO","GO_MF","damaged DNA binding",-1.87525805454757,0.0582194367861326,24
"CTLvMITO","GO_MF","nuclear androgen receptor binding",-1.80510358124564,0.0829109009724075,13
"CTLvMITO","GO_MF","microfilament motor activity",1.78870036012234,0.131701989281379,15
"CTLvMITO","GO_MF","pentosyltransferase activity",1.77193454125078,0.131274298140166,19
"CTLvMITO","GO_MF","ATP hydrolysis activity",1.75769455581753,0.00883653059078386,149
"CTLvMITO","GO_MF","oxidoreductase activity, acting on the aldehyde or oxo group of donors, NAD or NADP as acceptor",1.75232429283138,0.143718576997675,17
"CTLvMITO","GO_MF","transaminase activity",1.73411023193531,0.131274298140166,10
"CTLvMITO","GO_MF","NAD binding",1.70881105628793,0.124280880432159,37
"CTLvMITO","GO_MF","quaternary ammonium group binding",1.70804580555955,0.131274298140166,11
"CTLvMITO","GO_MF","cargo receptor activity",-1.69932487736149,0.166783504706556,15
"CTLvMITO","GO_MF","laminin binding",1.68994960334291,0.166321564055266,16
"CTLvMITO","GO_MF","histone H3 reader activity",-1.68580877641629,0.24900645665493,14
"CTLvMITO","GO_MF","vitamin B6 binding",1.68569472640765,0.166321564055266,22
"CTLvMITO","GO_MF","metallopeptidase activity",1.68502866325359,0.069271186435479,54
"CTLvMITO","GO_MF","ADP binding",1.68141873434218,0.166321564055266,27
"CTLvMITO","GO_MF","oxidoreductase activity, acting on the CH-CH group of donors",1.68092491108489,0.131274298140166,38
"CTLvMITO","GO_MF","oxidoreductase activity, acting on the CH-OH group of donors, NAD or NADP as acceptor",1.66187341244405,0.0827279252209364,54
"CTLvMITO","GO_MF","insulin-like growth factor binding",-1.64243370591093,0.192236031522425,8
"CTLvMITO","GO_MF","steroid binding",1.63429534896867,0.288588617564602,30
"CTLvMITO","GO_MF","monoatomic anion transmembrane transporter activity",1.62725196162858,0.21879742978391,22
"CTLvMITO","GO_MF","protein tyrosine kinase activator activity",-1.62340572519847,0.227800338951714,7
"CTLvMITO","GO_MF","extracellular matrix binding",1.6211843827174,0.257483881463951,26
"CTLvMITO","GO_MF","exogenous protein binding",-1.61646100781888,0.3126362194838,14
"CTLvMITO","GO_MF","spectrin binding",-1.61078531124634,0.21879742978391,11
"CTLvMITO","GO_MF","ligase activity, forming carbon-sulfur bonds",1.60648674456145,0.248133645639773,22
"CTLvMITO","GO_MF","cell-cell adhesion mediator activity",1.60433388089249,0.29041335367755,9
"CTLvMITO","GO_MF","P-type ion transporter activity",1.59925629141242,0.266375599138133,13
"CTLvMITO","GO_MF","P-type transmembrane transporter activity",1.59925629141242,0.266375599138133,13
"CTLvMITO","GO_MF","vitamin binding",1.5901473934845,0.22428006028619,46
"CTLvMITO","GO_MF","metal ion transmembrane transporter activity",1.58878745914873,0.166321564055266,59
"CTLvMITO","GO_MF","tumor necrosis factor receptor binding",-1.57918767091407,0.257483881463951,8
"CTLvMITO","GO_MF","ubiquitin binding",-1.57813477585093,0.166321564055266,58
"CTLvMITO","GO_MF","adenine nucleotide transmembrane transporter activity",1.57126266955118,0.3126362194838,6
"CTLvMITO","GO_MF","bHLH transcription factor binding",-1.5684286782513,0.257483881463951,11
"CTLvMITO","GO_MF","phosphatidylinositol 3-kinase regulator activity",-1.56142921402708,0.316091287747826,5
"CTLvMITO","GO_MF","muscle alpha-actinin binding",-1.55864157743761,0.29041335367755,7
"CTLvMITO","GO_MF","flavin adenine dinucleotide binding",1.55245847093721,0.259016069813974,42
"CTLvMITO","GO_MF","frizzled binding",1.5509481179689,0.29795636665632,7
"CTLvMITO","GO_MF","structural constituent of postsynapse",1.5304232549167,0.3207003506239,10
"CTLvMITO","GO_MF","modification-dependent protein binding",-1.52889310999287,0.255257332711896,41
"CTLvMITO","GO_MF","modified amino acid binding",1.52111021853124,0.29041335367755,43
"CTLvMITO","GO_MF","phospholipid scramblase activity",1.520819636613,0.493392857142857,9
"CTLvMITO","GO_MF","guanyl ribonucleotide binding",1.51955208812155,0.0582194367861326,168
"CTLvMITO","GO_MF","peptidase regulator activity",-1.5133671092692,0.29795636665632,61
"CTLvMITO","GO_MF","glycosaminoglycan binding",-1.51276884378438,0.270725668475163,53
"CTLvMITO","GO_MF","lipase inhibitor activity",1.51225715129815,0.408753658968763,6
"CTLvMITO","GO_MF","GTP binding",1.51200404690667,0.0829109009724075,162
"CTLvMITO","GO_MF","metal cation:monoatomic cation antiporter activity",1.50223287992927,0.408753658968763,6
"CTLvMITO","GO_MF","WW domain binding",-1.49890677495322,0.408753658968763,5
"CTLvMITO","GO_MF","protein-membrane adaptor activity",-1.49847504544926,0.332607365252456,32
"CTLvMITO","GO_MF","active monoatomic ion transmembrane transporter activity",1.49093316625803,0.3126362194838,42
"CTLvMITO","GO_MF","phosphatidylinositol-3,4,5-trisphosphate binding",-1.47717717639738,0.407190968563403,19
"CTLvMITO","GO_MF","dynein intermediate chain binding",-1.4748566588479,0.462262375305854,14
"CTLvMITO","GO_MF","four-way junction DNA binding",-1.4742159201708,0.405934310043899,5
"CTLvMITO","GO_MF","lipoprotein particle binding",-1.47089273059851,0.495905007509848,7
"CTLvMITO","GO_MF","SH3 domain binding",-1.46904613559598,0.291099391419458,56
"CTLvMITO","GO_MF","ubiquitin-like protein conjugating enzyme binding",-1.46825196448719,0.487301587301587,15
"CTLvMITO","GO_MF","oxidoreductase activity, acting on the CH-NH2 group of donors",1.46578114066419,0.393869265657464,5
"CTLvMITO","GO_MF","protein heterodimerization activity",1.46369500024185,0.227224906419672,91
"CTLvMITO","GO_MF","choline transmembrane transporter activity",-1.46303610444016,0.29795636665632,3
"CTLvMITO","GO_MF","heparan sulfate proteoglycan binding",1.46250477835534,0.498174442190669,6
"CTLvMITO","GO_MF","alcohol binding",1.46214382426615,0.434173373015857,25
"CTLvMITO","GO_MF","ATPase-coupled monoatomic cation transmembrane transporter activity",1.46186448320807,0.419398907103825,26
"CTLvMITO","GO_MF","diacylglycerol-dependent serine/threonine kinase activity",-1.45537698535193,0.517429250829653,7
"CTLvMITO","GO_MF","collagen binding",-1.44983367513511,0.405934310043899,29
"CTLvMITO","GO_MF","nuclear import signal receptor activity",1.44914288565313,0.462262375305854,16
"CTLvMITO","GO_MF","hydrolase activity, acting on glycosyl bonds",1.44670411862768,0.333163730321278,37
"CTLvMITO","GO_MF","tRNA-specific ribonuclease activity",1.42671926450756,0.341863837815906,3
"CTLvMITO","GO_MF","amino acid binding",1.42441367163219,0.497352615773668,21
"CTLvMITO","GO_MF","alkali metal ion binding",1.42304177207994,0.551787768404908,6
"CTLvMITO","GO_MF","nuclear localization sequence binding",1.41984400218439,0.551787768404908,18
"CTLvMITO","GO_MF","14-3-3 protein binding",-1.41736989576484,0.498174442190669,16
"CTLvMITO","GO_MF","S-adenosyl-L-methionine binding",1.41549902872181,0.393869265657464,3
"CTLvMITO","GO_MF","polypeptide conformation or assembly isomerase activity",1.41214959154863,0.462262375305854,36
"CTLvMITO","GO_MF","protein serine/threonine kinase binding",-1.4064911874484,0.493392857142857,26
"CTLvMITO","GO_MF","protease binding",-1.40437238441631,0.353983663747069,58
"CTLvMITO","GO_MF","antigen binding",1.40234756525022,0.582681656952021,9
"CTLvMITO","GO_MF","protein kinase C binding",-1.40049940733769,0.493392857142857,29
"CTLvMITO","GO_MF","Hsp70 protein binding",-1.39668973059465,0.462262375305854,32
"CTLvMITO","GO_MF","amyloid-beta binding",-1.38873858804465,0.56162030987493,16
"CTLvMITO","GO_MF","G protein activity",1.38635970854907,0.419398907103825,56
"CTLvMITO","GO_MF","SNAP receptor activity",-1.38634987744415,0.506542342964583,26
"CTLvMITO","GO_MF","nuclear retinoic acid receptor binding",1.38333254350205,0.582681656952021,10
"CTLvMITO","GO_MF","alanine transmembrane transporter activity",-1.38261172685007,0.582681656952021,6
"CTLvMITO","GO_MF","transmembrane receptor protein tyrosine kinase activity",-1.37914289861979,0.569716825513197,12
"CTLvMITO","GO_MF","oxidoreductase activity, acting on metal ions",-1.37533030485459,0.582681656952021,7
"CTLvMITO","GO_MF","serine-type endopeptidase inhibitor activity",-1.37385540421411,0.565345982142857,16
"CTLvMITO","GO_MF","monocarboxylic acid transmembrane transporter activity",-1.36476824182688,0.582681656952021,13
"CTLvMITO","GO_MF","BMP binding",1.36336911405497,0.565345982142857,3
"CTLvMITO","GO_MF","retinoic acid binding",-1.36277611334772,0.506542342964583,3
"CTLvMITO","GO_MF","retinoid binding",-1.36277611334772,0.506542342964583,3
"CTLvMITO","GO_MF","immunoglobulin binding",1.36105107203364,0.424423963133641,2
"CTLvMITO","GO_MF","regulatory RNA binding",1.36008948088043,0.565345982142857,21
"CTLvMITO","GO_MF","histone H3K9me2/3 reader activity",-1.35842479610688,0.582681656952021,5
"CTLvMITO","GO_MF","histone methyltransferase binding",-1.35534290957647,0.603477822580645,4
"CTLvMITO","GO_MF","GTPase activity",1.3471519131726,0.257483881463951,136
"CTLvMITO","GO_MF","clathrin binding",-1.34052457493763,0.56162030987493,25
"CTLvMITO","GO_MF","antiporter activity",1.33405125880381,0.565345982142857,27
"CTLvMITO","GO_MF","polysaccharide binding",-1.32340605194321,0.582681656952021,3
"CTLvMITO","GO_MF","xenobiotic transmembrane transporter activity",1.31798792197252,0.628289798904554,3
"CTLvMITO","GO_MF","structural constituent of skin epidermis",-1.31786292683819,0.493392857142857,1
"CTLvMITO","GO_MF","sulfotransferase activity",1.31670207731619,0.640284740717531,3
"CTLvMITO","GO_MF","low-density lipoprotein particle receptor binding",-1.31620844890612,0.657393836724594,13
"CTLvMITO","GO_MF","peptide receptor activity",-1.3161313188002,0.67658705273154,6
"CTLvMITO","GO_MF","bicarbonate transmembrane transporter activity",-1.31451496035263,0.591539966882433,3
"CTLvMITO","GO_MF","DNA damage sensor activity",-1.31147684873897,0.657393836724594,4
"CTLvMITO","GO_MF","transmembrane transporter binding",1.31015378200253,0.446053618297713,71
"CTLvMITO","GO_MF","deacetylase activity",1.30891947322875,0.67658705273154,11
"CTLvMITO","GO_MF","basic amino acid transmembrane transporter activity",-1.30752306331421,0.551787768404908,2
"CTLvMITO","GO_MF","L-arginine transmembrane transporter activity",-1.30752306331421,0.551787768404908,2
"CTLvMITO","GO_MF","pre-mRNA branch point binding",-1.3034554221718,0.47209407507915,1
"CTLvMITO","GO_MF","histone H4 acetyltransferase activity",1.30103953066025,0.653557422969188,3
"CTLvMITO","GO_MF","GTPase activator activity",-1.30094398775024,0.422698662470496,83
"CTLvMITO","GO_MF","PDZ domain binding",-1.2994502960991,0.565345982142857,38
"CTLvMITO","GO_MF","oxidoreductase activity, acting on paired donors, with incorporation or reduction of molecular oxygen",1.29856597761708,0.565345982142857,41
"CTLvMITO","GO_MF","3',5'-cyclic-AMP phosphodiesterase activity",-1.298543418549,0.565345982142857,2
"CTLvMITO","GO_MF","TBP-class protein binding",1.29598119938988,0.658810213690692,16
"CTLvMITO","GO_MF","U6 snRNA binding",1.29475342808038,0.67658705273154,8
"CTLvMITO","GO_MF","G protein-coupled peptide receptor activity",-1.29430513352525,0.721581196581197,5
"CTLvMITO","GO_MF","DNA-binding transcription repressor activity",-1.29085049989341,0.614,28
"CTLvMITO","GO_MF","ATP-dependent protein folding chaperone",1.28594114565042,0.663987167240416,16
"CTLvMITO","GO_MF","SMAD binding",-1.28573277233487,0.582681656952021,36
"CTLvMITO","GO_MF","aminopeptidase activity",1.28484319936982,0.658810213690692,21
"CTLvMITO","GO_MF","disordered domain specific binding",1.28313992110542,0.663987167240416,18
"CTLvMITO","GO_MF","phosphatidylinositol 3-kinase regulatory subunit binding",-1.2819280275301,0.658810213690692,3
"CTLvMITO","GO_MF","peptide hormone binding",-1.28125449636959,0.72718105065666,5
"CTLvMITO","GO_MF","phosphatidylglycerol binding",1.27674618711588,0.67658705273154,4
"CTLvMITO","GO_MF","ATP-dependent DNA damage sensor activity",-1.27541765764949,0.663987167240416,3
"CTLvMITO","GO_MF","hydrolase activity, acting on carbon-nitrogen (but not peptide) bonds, in cyclic amidines",-1.27524917673291,0.695595723014257,4
"CTLvMITO","GO_MF","K63-linked polyubiquitin modification-dependent protein binding",-1.26457634854147,0.72954540053706,8
"CTLvMITO","GO_MF","unfolded protein binding",-1.25754247848083,0.582681656952021,60
"CTLvMITO","GO_MF","cyclin-dependent protein serine/threonine kinase activity",1.25694514987539,0.78867339381596,10
"CTLvMITO","GO_MF","chromatin-protein adaptor activity",-1.25597258676454,0.658810213690692,27
"CTLvMITO","GO_MF","glycolipid binding",1.25468375400734,0.67658705273154,14
"CTLvMITO","GO_MF","signaling receptor complex adaptor activity",-1.25255449011444,0.67658705273154,14
"CTLvMITO","GO_MF","serine hydrolase activity",1.2519945950314,0.658810213690692,28
"CTLvMITO","GO_MF","cell adhesion molecule binding",1.2515973213789,0.525934025879351,114
"CTLvMITO","GO_MF","plus-end-directed microtubule motor activity",-1.24523478824149,0.763392222801118,4
"CTLvMITO","GO_MF","sulfate transmembrane transporter activity",1.24295862135562,0.592621720168728,1
"CTLvMITO","GO_MF","DNA-directed DNA polymerase activity",-1.23861355806163,0.74140859583169,3
"CTLvMITO","GO_MF","S100 protein binding",1.23584125521172,0.809682193145687,10
"CTLvMITO","GO_MF","transporter regulator activity",1.23554933792974,0.609854223310224,55
"CTLvMITO","GO_MF","oxygen binding",1.23496754204872,0.751836734693878,2
"CTLvMITO","GO_MF","calcium channel regulator activity",1.23342082250852,0.74140859583169,15
"CTLvMITO","GO_MF","protein tag activity",-1.23333399173312,0.809682193145687,6
"CTLvMITO","GO_MF","molecular tag activity",-1.23333399173312,0.809682193145687,6
"CTLvMITO","GO_MF","protein phosphatase regulator activity",1.22889088892065,0.673245614035088,42
"CTLvMITO","GO_MF","integrin binding",1.22485200452903,0.603477822580645,65
"CTLvMITO","GO_MF","cholesterol transfer activity",-1.22385127835678,0.812587309756636,5
"CTLvMITO","GO_MF","protein tyrosine phosphatase activity",-1.22371918811494,0.725591920546453,25
"CTLvMITO","GO_MF","chemorepellent activity",1.22252642328467,0.804738556191824,4
"CTLvMITO","GO_MF","snoRNA binding",1.21496021880019,0.788037799282177,12
"CTLvMITO","GO_MF","adrenergic receptor binding",-1.20127543473477,0.812587309756636,10
"CTLvMITO","GO_MF","ferric iron binding",-1.200793585749,0.809682193145687,2
"CTLvMITO","GO_MF","tubulin binding",-1.1997036979282,0.551787768404908,145
"CTLvMITO","GO_MF","chemokine activity",1.19931232701031,0.74140859583169,1
"CTLvMITO","GO_MF","bile acid binding",-1.19497538703656,0.791451831750339,1
"CTLvMITO","GO_MF","protein phosphorylated amino acid binding",1.1844466523363,0.803767560664112,27
"CTLvMITO","GO_MF","SNARE binding",-1.18296872093493,0.703584869246357,56
"CTLvMITO","GO_MF","sulfur compound binding",-1.18117351356302,0.658358749523447,81
"CTLvMITO","GO_MF","histone reader activity",-1.17216608395152,0.806528566251963,21
"CTLvMITO","GO_MF","actin filament binding",1.15876253474746,0.663987167240416,113
"CTLvMITO","GO_MF","protein methyltransferase activity",-1.1522769510412,0.812587309756636,29
"CTLvMITO","GO_MF","histone deacetylase binding",1.14824482355437,0.809682193145687,35
"CTLvMITO","GO_MF","ubiquitin protein ligase binding",1.12660951221328,0.72954540053706,146
"CTLvMITO","GO_MF","macromolecular conformation isomerase activity",1.11245206360959,0.78867339381596,100
"CTLvMITO","GO_MF",NA,NA,NA,NA
"CTLvMITO","GO_MF",NA,NA,NA,NA
"CTLvMITO","GO_MF",NA,NA,NA,NA
"CTLvMITO","GO_MF",NA,NA,NA,NA
"CTLvMITO","GO_MF",NA,NA,NA,NA
"CTLvMITO","GO_MF",NA,NA,NA,NA
"CTLvMITO","GO_MF",NA,NA,NA,NA
"CTLvMITO","GO_MF",NA,NA,NA,NA
"CTLvMITO","GO_MF",NA,NA,NA,NA
"CTLvMITO","GO_MF",NA,NA,NA,NA
"CTLvMITO","GO_MF",NA,NA,NA,NA
"CTLvMITO","GO_MF",NA,NA,NA,NA
"CTLvMITO","GO_MF",NA,NA,NA,NA
"CTLvMITO","GO_MF",NA,NA,NA,NA
"CTLvMITO","GO_MF",NA,NA,NA,NA
"CTLvMITO","GO_MF",NA,NA,NA,NA
"CTLvMITO","GO_MF",NA,NA,NA,NA
"CTLvMITO","GO_MF",NA,NA,NA,NA
"CTLvMITO","GO_MF",NA,NA,NA,NA
"CTLvMITO","GO_MF",NA,NA,NA,NA
"CTLvMITO","GO_MF",NA,NA,NA,NA
"CTLvMITO","GO_MF",NA,NA,NA,NA
"CTLvMITO","GO_MF",NA,NA,NA,NA
"CTLvMITO","GO_MF",NA,NA,NA,NA
"CTLvMITO","GO_MF",NA,NA,NA,NA
"CTLvMITO","GO_MF",NA,NA,NA,NA
"CTLvMITO","GO_MF",NA,NA,NA,NA
"CTLvMITO","GO_MF",NA,NA,NA,NA
"CTLvMITO","GO_MF",NA,NA,NA,NA
"CTLvMITO","GO_MF",NA,NA,NA,NA
"CTLvMITO","GO_MF",NA,NA,NA,NA
"CTLvMITO","GO_MF",NA,NA,NA,NA
"CTLvMITO","GO_MF",NA,NA,NA,NA
"CTLvMITO","GO_MF",NA,NA,NA,NA
"CTLvMITO","GO_MF",NA,NA,NA,NA
"CTLvMITO","GO_MF",NA,NA,NA,NA
"CTLvMITO","GO_MF",NA,NA,NA,NA
"CTLvMITO","GO_MF",NA,NA,NA,NA
"CTLvMITO","GO_MF",NA,NA,NA,NA
"CTLvMITO","GO_MF",NA,NA,NA,NA
"CTLvMITO","GO_MF",NA,NA,NA,NA
"CTLvMITO","GO_MF",NA,NA,NA,NA
"CTLvMITO","GO_MF",NA,NA,NA,NA
"CTLvMITO","GO_MF",NA,NA,NA,NA
"PHEvPHE_MITO","GO_BP","ATP biosynthetic process",2.28575635957245,0.000196263631493538,35
"PHEvPHE_MITO","GO_BP","proton transmembrane transport",2.2779754371864,0.000165707758069847,58
"PHEvPHE_MITO","GO_BP","small molecule catabolic process",2.24429043259633,1.712e-07,153
"PHEvPHE_MITO","GO_BP","cellular respiration",2.18990585089193,1.712e-07,178
"PHEvPHE_MITO","GO_BP","L-amino acid catabolic process",2.15673122896538,0.000666908656291055,38
"PHEvPHE_MITO","GO_BP","artery morphogenesis",-2.11065552564525,0.00334991763847099,19
"PHEvPHE_MITO","GO_BP","carboxylic acid catabolic process",2.10915066483494,4.63391893072149e-05,105
"PHEvPHE_MITO","GO_BP","proteinogenic amino acid catabolic process",2.09221990966948,0.00311243744134671,35
"PHEvPHE_MITO","GO_BP","heterotypic cell-cell adhesion",2.05720516544712,0.00547863581946632,16
"PHEvPHE_MITO","GO_BP","monosaccharide metabolic process",2.01918700159295,0.000292203507454154,117
"PHEvPHE_MITO","GO_BP","ATP metabolic process",2.00190057683966,0.000866618050201748,92
"PHEvPHE_MITO","GO_BP","L-amino acid metabolic process",1.9996709727269,0.00289780223345335,68
"PHEvPHE_MITO","GO_BP","zymogen activation",1.99288599192929,0.0243040766328422,15
"PHEvPHE_MITO","GO_BP","sphingosine metabolic process",1.98755759055922,0.00428612975821998,8
"PHEvPHE_MITO","GO_BP","alternative mRNA splicing, via spliceosome",-1.97740987132231,0.00477695795855155,50
"PHEvPHE_MITO","GO_BP","muscle tissue morphogenesis",-1.96808717463131,0.0210945653356196,19
"PHEvPHE_MITO","GO_BP","dicarboxylic acid metabolic process",1.96431468296297,0.0121534579684476,44
"PHEvPHE_MITO","GO_BP","mitochondrial transmembrane transport",1.95622144999251,0.0070379194727519,8
"PHEvPHE_MITO","GO_BP","proteinogenic amino acid metabolic process",1.9528100620882,0.00510887090277427,60
"PHEvPHE_MITO","GO_BP","fatty acid transport",1.95004661862512,0.00999508903770747,27
"PHEvPHE_MITO","GO_BP","NAD+ metabolic process",1.9305325004744,0.035295158106284,21
"PHEvPHE_MITO","GO_BP","negative regulation of extrinsic apoptotic signaling pathway via death domain receptors",-1.92791238844118,0.0324783062234449,14
"PHEvPHE_MITO","GO_BP","hexose catabolic process",1.91814839191106,0.0210945653356196,30
"PHEvPHE_MITO","GO_BP","negative regulation of protein-containing complex disassembly",-1.9085248895842,0.0164060794988918,43
"PHEvPHE_MITO","GO_BP","pyruvate metabolic process",1.89948464046024,0.00537254946265737,62
"PHEvPHE_MITO","GO_BP","DNA recombination",-1.89916380412968,0.00377303512283415,91
"PHEvPHE_MITO","GO_BP","amino-acid betaine metabolic process",1.89577496009047,0.0260754463097046,9
"PHEvPHE_MITO","GO_BP","purine nucleotide metabolic process",1.89184513927081,0.000392420959611345,172
"PHEvPHE_MITO","GO_BP","protein depolymerization",-1.89161319195879,0.0219518504286513,63
"PHEvPHE_MITO","GO_BP","somatic diversification of immune receptors",-1.88171672653603,0.0746800604251925,23
"PHEvPHE_MITO","GO_BP","fatty acid metabolic process",1.87343651965984,0.000697567843013501,155
"PHEvPHE_MITO","GO_BP","pyridine-containing compound metabolic process",1.87013792223556,0.00598340994479723,84
"PHEvPHE_MITO","GO_BP","response to gravity",-1.85877986401548,0.0317968506581228,8
"PHEvPHE_MITO","GO_BP","smooth muscle tissue development",-1.85308427695212,0.0511695626813943,9
"PHEvPHE_MITO","GO_BP","ventricular cardiac muscle tissue development",-1.8520644205459,0.0690261348797032,16
"PHEvPHE_MITO","GO_BP","mitochondrial transport",1.85031559714209,0.0461609530409451,13
"PHEvPHE_MITO","GO_BP","heart valve development",-1.83865384380626,0.0846069338388339,20
"PHEvPHE_MITO","GO_BP","monocarboxylic acid transport",1.83456871252821,0.069523122137589,32
"PHEvPHE_MITO","GO_BP","microtubule depolymerization",-1.83299176601226,0.0399009986601807,26
"PHEvPHE_MITO","GO_BP","branched-chain amino acid metabolic process",1.82970082514443,0.0784816763633284,20
"PHEvPHE_MITO","GO_BP","cellular response to low-density lipoprotein particle stimulus",-1.82884815370074,0.0653552836476257,13
"PHEvPHE_MITO","GO_BP","negative regulation of actin filament depolymerization",-1.82712785148323,0.108887758283652,23
"PHEvPHE_MITO","GO_BP","response to manganese ion",1.81175091400879,0.106377993182005,15
"PHEvPHE_MITO","GO_BP","regulation of mRNA metabolic process",-1.80502944336001,0.00179439878136385,161
"PHEvPHE_MITO","GO_BP","negative regulation of interleukin-6 production",1.79991244885577,0.0680931584760006,7
"PHEvPHE_MITO","GO_BP","cellular response to lipoprotein particle stimulus",-1.7929110268497,0.103057999876551,14
"PHEvPHE_MITO","GO_BP","amyloid fibril formation",-1.7855547580932,0.122497920016131,22
"PHEvPHE_MITO","GO_BP","sensory perception of sound",-1.7853528006129,0.0653552836476257,36
"PHEvPHE_MITO","GO_BP","interferon-alpha production",-1.78477780370188,0.0746800604251925,11
"PHEvPHE_MITO","GO_BP","positive regulation of interferon-alpha production",-1.78477780370188,0.0746800604251925,11
"PHEvPHE_MITO","GO_BP","ribose phosphate metabolic process",1.77944928505026,0.00334991763847099,152
"PHEvPHE_MITO","GO_BP","lactation",1.77793087069229,0.0691144137772118,31
"PHEvPHE_MITO","GO_BP","negative regulation of supramolecular fiber organization",-1.77619316581941,0.00825443902879163,88
"PHEvPHE_MITO","GO_BP","endothelial cell chemotaxis",-1.77289136702662,0.134400875059195,12
"PHEvPHE_MITO","GO_BP","glial cell activation",-1.77000441573024,0.135146374282197,12
"PHEvPHE_MITO","GO_BP","cellular response to toxic substance",1.7692726550919,0.0618703900928405,64
"PHEvPHE_MITO","GO_BP","negative regulation of microtubule depolymerization",-1.76296868755981,0.131317047940366,18
"PHEvPHE_MITO","GO_BP","production of molecular mediator involved in inflammatory response",1.75528144537222,0.0653552836476257,28
"PHEvPHE_MITO","GO_BP","glycosaminoglycan biosynthetic process",1.75407155193998,0.107401253519005,10
"PHEvPHE_MITO","GO_BP","meiotic nuclear division",1.75367454027802,0.0855633419909931,35
"PHEvPHE_MITO","GO_BP","behavioral fear response",1.75239434962989,0.107401253519005,10
"PHEvPHE_MITO","GO_BP","fear response",1.75239434962989,0.107401253519005,10
"PHEvPHE_MITO","GO_BP","single fertilization",1.74314804183639,0.101282031235811,37
"PHEvPHE_MITO","GO_BP","triglyceride catabolic process",-1.74301646066767,0.0697894944494907,6
"PHEvPHE_MITO","GO_BP","regulation of keratinocyte proliferation",-1.7374514221879,0.13882999749016,9
"PHEvPHE_MITO","GO_BP","keratinocyte proliferation",-1.73659286793031,0.131317047940366,13
"PHEvPHE_MITO","GO_BP","cell surface toll-like receptor signaling pathway",-1.7353517564584,0.163977805011942,21
"PHEvPHE_MITO","GO_BP","positive regulation of leukocyte adhesion to vascular endothelial cell",-1.73380620736506,0.0697894944494907,7
"PHEvPHE_MITO","GO_BP","pyridine-containing compound catabolic process",1.73330130877066,0.0921793296980517,44
"PHEvPHE_MITO","GO_BP","lipid modification",1.73027797733399,0.0653552836476257,73
"PHEvPHE_MITO","GO_BP","protein N-linked glycosylation",1.72948500992223,0.135146374282197,32
"PHEvPHE_MITO","GO_BP","cell differentiation in hindbrain",-1.72926218158114,0.112454286943348,8
"PHEvPHE_MITO","GO_BP","carbohydrate derivative catabolic process",1.7255009408616,0.0386550525323575,97
"PHEvPHE_MITO","GO_BP","nucleotide catabolic process",1.72493818806895,0.0520313582762986,61
"PHEvPHE_MITO","GO_BP","metabolic compound salvage",1.71543940396387,0.122497920016131,23
"PHEvPHE_MITO","GO_BP","cellular component assembly involved in morphogenesis",-1.71160367035832,0.0797762834150316,48
"PHEvPHE_MITO","GO_BP","cell surface pattern recognition receptor signaling pathway",-1.71119423751948,0.171667224609395,22
"PHEvPHE_MITO","GO_BP","microglial cell activation",-1.70606104634865,0.134400875059195,8
"PHEvPHE_MITO","GO_BP","leukocyte activation involved in inflammatory response",-1.70606104634865,0.134400875059195,8
"PHEvPHE_MITO","GO_BP","astrocyte activation",-1.70340783496579,0.136001175228544,8
"PHEvPHE_MITO","GO_BP","negative regulation of cytoskeleton organization",-1.70146289381448,0.0500334801978212,82
"PHEvPHE_MITO","GO_BP","olefinic compound metabolic process",1.69872569374475,0.163977805011942,29
"PHEvPHE_MITO","GO_BP","collagen-activated signaling pathway",-1.69620104551858,0.143136723374769,8
"PHEvPHE_MITO","GO_BP","relaxation of smooth muscle",-1.69584043632068,0.066528595573854,5
"PHEvPHE_MITO","GO_BP","regulation of necroptotic process",-1.69486961494707,0.156365353989006,13
"PHEvPHE_MITO","GO_BP","phagocytosis, recognition",1.69374519093549,0.0966953333589519,5
"PHEvPHE_MITO","GO_BP","regulation of lipid catabolic process",-1.69367322447479,0.182848871642057,16
"PHEvPHE_MITO","GO_BP","proteinogenic amino acid biosynthetic process",1.69333252726459,0.0924422099965605,28
"PHEvPHE_MITO","GO_BP","necroptotic process",-1.69198250583903,0.146666511609503,17
"PHEvPHE_MITO","GO_BP","respiratory burst",1.69047762292888,0.171667224609395,7
"PHEvPHE_MITO","GO_BP","carbohydrate biosynthetic process",1.68617231053501,0.0592116650682956,71
"PHEvPHE_MITO","GO_BP","extracellular matrix assembly",-1.68518848193212,0.176458089865433,18
"PHEvPHE_MITO","GO_BP","glycoside metabolic process",1.68375922340179,0.172827390619871,7
"PHEvPHE_MITO","GO_BP","trabecula morphogenesis",-1.68108928742503,0.172827390619871,15
"PHEvPHE_MITO","GO_BP","regulation of calcium-mediated signaling",-1.68031653258879,0.141078850208554,27
"PHEvPHE_MITO","GO_BP","positive regulation of adaptive immune response based on somatic recombination of immune receptors built from immunoglobulin superfamily domains",-1.67853351779315,0.19586870487845,23
"PHEvPHE_MITO","GO_BP","glycolytic process",1.67818858059599,0.12120011632469,43
"PHEvPHE_MITO","GO_BP","positive regulation of neutrophil chemotaxis",1.67744857058864,0.134400875059195,6
"PHEvPHE_MITO","GO_BP","regulation of mitophagy",1.67159882821716,0.176458089865433,22
"PHEvPHE_MITO","GO_BP","endothelial cell apoptotic process",-1.66997275260802,0.19586870487845,14
"PHEvPHE_MITO","GO_BP","regulation of endothelial cell apoptotic process",-1.66997275260802,0.19586870487845,14
"PHEvPHE_MITO","GO_BP","detoxification",1.66802574022867,0.0855633419909931,60
"PHEvPHE_MITO","GO_BP","diol biosynthetic process",1.66689032645698,0.172827390619871,10
"PHEvPHE_MITO","GO_BP","peptide catabolic process",1.66517365440867,0.19586870487845,12
"PHEvPHE_MITO","GO_BP","negative regulation of angiogenesis",-1.66208035984216,0.142750100238617,33
"PHEvPHE_MITO","GO_BP","regulation of isotype switching",-1.66174680211492,0.14714971996736,6
"PHEvPHE_MITO","GO_BP","intracellular mRNA localization",-1.66022463394891,0.1769877012186,13
"PHEvPHE_MITO","GO_BP","regulation of telomere capping",-1.65794797856872,0.142091838522294,7
"PHEvPHE_MITO","GO_BP","myofibril assembly",-1.65387316737656,0.157326591552854,34
"PHEvPHE_MITO","GO_BP","cellular response to interleukin-4",1.65320963033046,0.176458089865433,13
"PHEvPHE_MITO","GO_BP","aldehyde metabolic process",1.65156492655306,0.112454286943348,28
"PHEvPHE_MITO","GO_BP","sulfur compound metabolic process",1.65152503393615,0.0500792630861078,121
"PHEvPHE_MITO","GO_BP","nucleotide-sugar metabolic process",1.64498145252098,0.134400875059195,27
"PHEvPHE_MITO","GO_BP","protein localization to cytoskeleton",-1.64430882017808,0.130572847388725,28
"PHEvPHE_MITO","GO_BP","L-amino acid biosynthetic process",1.6434710268017,0.142091838522294,26
"PHEvPHE_MITO","GO_BP","positive regulation of heart contraction",-1.64339883744341,0.222927624430022,12
"PHEvPHE_MITO","GO_BP","spermatid nucleus differentiation",-1.64281679435349,0.2011428151444,8
"PHEvPHE_MITO","GO_BP","lipid catabolic process",1.63930317650703,0.0480405298631439,120
"PHEvPHE_MITO","GO_BP","midbrain development",1.63534985601213,0.179146480763971,8
"PHEvPHE_MITO","GO_BP","inner ear development",-1.63402380722628,0.136925999327813,54
"PHEvPHE_MITO","GO_BP","motor neuron axon guidance",1.63316151643909,0.201821835604794,10
"PHEvPHE_MITO","GO_BP","positive regulation of cytoplasmic translation",-1.63307707366798,0.212771499549424,15
"PHEvPHE_MITO","GO_BP","cell recognition",1.62619124882217,0.167628285645852,41
"PHEvPHE_MITO","GO_BP","actin filament organization",-1.62303216236469,0.00865360463230936,221
"PHEvPHE_MITO","GO_BP","establishment of epithelial cell apical/basal polarity",-1.62228430687094,0.217985179286085,8
"PHEvPHE_MITO","GO_BP","type II interferon-mediated signaling pathway",-1.62209130155133,0.12939544403074,5
"PHEvPHE_MITO","GO_BP","acute-phase response",1.62204964237299,0.221860048350676,7
"PHEvPHE_MITO","GO_BP","alcohol metabolic process",1.62096401131569,0.0556064613966513,113
"PHEvPHE_MITO","GO_BP","establishment of monopolar cell polarity",-1.61996531677424,0.210890217451569,13
"PHEvPHE_MITO","GO_BP","myofibroblast differentiation",-1.61870759325877,0.122497920016131,4
"PHEvPHE_MITO","GO_BP","regulation of triglyceride catabolic process",-1.61792496825187,0.122497920016131,4
"PHEvPHE_MITO","GO_BP","apoptotic cell clearance",1.61388092540642,0.245010476632448,12
"PHEvPHE_MITO","GO_BP","regulation of B cell receptor signaling pathway",-1.61282977887117,0.129543461789551,4
"PHEvPHE_MITO","GO_BP","positive regulation of meiotic cell cycle",1.60343899694696,0.19586870487845,11
"PHEvPHE_MITO","GO_BP","cartilage condensation",-1.60134218512064,0.201821835604794,6
"PHEvPHE_MITO","GO_BP","protein-containing complex localization",-1.60044132961815,0.122497920016131,60
"PHEvPHE_MITO","GO_BP","negative regulation of regulated secretory pathway",1.59968993752639,0.19586870487845,11
"PHEvPHE_MITO","GO_BP","secondary palate development",-1.5963910364776,0.19646182940062,7
"PHEvPHE_MITO","GO_BP","calcium ion import across plasma membrane",-1.59526452074512,0.142091838522294,4
"PHEvPHE_MITO","GO_BP","regulation of proton transport",1.59526442913796,0.211228472973784,6
"PHEvPHE_MITO","GO_BP","cellular response to vitamin",-1.59171981287719,0.273121738288121,16
"PHEvPHE_MITO","GO_BP","cellular response to hepatocyte growth factor stimulus",-1.58939585877412,0.277716579313746,9
"PHEvPHE_MITO","GO_BP","mesenchyme development",-1.58516465820419,0.110277877904668,79
"PHEvPHE_MITO","GO_BP","muscle contraction",-1.58512639507457,0.0653552836476257,107
"PHEvPHE_MITO","GO_BP","membrane protein proteolysis",1.58493994188153,0.201821835604794,19
"PHEvPHE_MITO","GO_BP","regulation of vascular permeability",-1.58471281600696,0.255656178768053,14
"PHEvPHE_MITO","GO_BP","intraciliary transport",-1.58401497499623,0.23602465611238,11
"PHEvPHE_MITO","GO_BP","regulation of mitochondrial membrane permeability",1.58300764933556,0.208185071706418,23
"PHEvPHE_MITO","GO_BP","positive regulation of immunoglobulin mediated immune response",-1.58128330987022,0.160987716182919,4
"PHEvPHE_MITO","GO_BP","quaternary ammonium group transport",1.58109327156053,0.134400875059195,3
"PHEvPHE_MITO","GO_BP","negative regulation of canonical Wnt signaling pathway",-1.5809313518743,0.173125085408094,35
"PHEvPHE_MITO","GO_BP","cellular response to peptide",1.57934881071748,0.245522223717942,8
"PHEvPHE_MITO","GO_BP","estrogen metabolic process",1.57927226708306,0.245522223717942,8
"PHEvPHE_MITO","GO_BP","positive regulation of fibroblast migration",-1.57808249324444,0.250118713681055,13
"PHEvPHE_MITO","GO_BP","apoptotic mitochondrial changes",1.57797474197906,0.167628285645852,53
"PHEvPHE_MITO","GO_BP","neuroblast division",-1.57508695148633,0.177791045848686,5
"PHEvPHE_MITO","GO_BP","RNA catabolic process",-1.57466135618995,0.0369741117979463,159
"PHEvPHE_MITO","GO_BP","retinol metabolic process",1.57461871805126,0.290620898586478,7
"PHEvPHE_MITO","GO_BP","MyD88-dependent toll-like receptor signaling pathway",-1.57335654308269,0.177791045848686,5
"PHEvPHE_MITO","GO_BP","megakaryocyte development",-1.57121920783388,0.22540530900884,7
"PHEvPHE_MITO","GO_BP","regulation of stem cell population maintenance",-1.57081642560441,0.29028128463493,9
"PHEvPHE_MITO","GO_BP","mitophagy",1.57035454272805,0.159314909631785,49
"PHEvPHE_MITO","GO_BP","regulation of macrophage differentiation",-1.5696600113829,0.185309494678135,5
"PHEvPHE_MITO","GO_BP","face morphogenesis",-1.56942437444144,0.249954599550004,11
"PHEvPHE_MITO","GO_BP","regulation of stem cell proliferation",-1.56775266751436,0.312871792960766,12
"PHEvPHE_MITO","GO_BP","cholesterol import",-1.56307583838311,0.256701679017716,6
"PHEvPHE_MITO","GO_BP","positive regulation of mitochondrial fission",1.56233544984673,0.30279319453434,10
"PHEvPHE_MITO","GO_BP","RNA-templated DNA biosynthetic process",1.56137769405083,0.162037744751777,28
"PHEvPHE_MITO","GO_BP","homophilic cell-cell adhesion",-1.56067769483196,0.331294261892572,21
"PHEvPHE_MITO","GO_BP","positive regulation of peptidyl-threonine phosphorylation",1.55950812613667,0.198999026645914,4
"PHEvPHE_MITO","GO_BP","cerebellar Purkinje cell differentiation",-1.55716681686411,0.195575084470425,5
"PHEvPHE_MITO","GO_BP","endothelial cell differentiation",-1.55698621533519,0.195575084470425,39
"PHEvPHE_MITO","GO_BP","positive regulation of Rho protein signal transduction",-1.55637452856281,0.27577600338037,10
"PHEvPHE_MITO","GO_BP","endothelium development",-1.55512265900058,0.163977805011942,49
"PHEvPHE_MITO","GO_BP","positive regulation of protein processing",1.55231620963848,0.427449740221886,14
"PHEvPHE_MITO","GO_BP","energy homeostasis",1.55175218656507,0.231922161013465,19
"PHEvPHE_MITO","GO_BP","detection of mechanical stimulus involved in sensory perception of sound",-1.54932445339377,0.19586870487845,4
"PHEvPHE_MITO","GO_BP","nucleosome assembly",-1.54914693721273,0.34438951661124,23
"PHEvPHE_MITO","GO_BP","regulation of respiratory burst",1.54756874571129,0.185309494678135,3
"PHEvPHE_MITO","GO_BP","sleep",-1.54741142285142,0.129543461789551,3
"PHEvPHE_MITO","GO_BP","mitochondrial calcium ion transmembrane transport",1.54687626981619,0.434438277194682,14
"PHEvPHE_MITO","GO_BP","cardioblast differentiation",-1.54312823111723,0.19586870487845,4
"PHEvPHE_MITO","GO_BP","regulation of microtubule polymerization",-1.54232094210053,0.258943480737524,38
"PHEvPHE_MITO","GO_BP","protein homotetramerization",1.54133219117103,0.24299339039099,26
"PHEvPHE_MITO","GO_BP","regulation of membrane permeability",1.54080780559498,0.182495968621419,28
"PHEvPHE_MITO","GO_BP","negative regulation of synapse organization",-1.54076460094928,0.277716579313746,7
"PHEvPHE_MITO","GO_BP","PERK-mediated unfolded protein response",1.53974920518303,0.439064162484753,14
"PHEvPHE_MITO","GO_BP","regulation of systemic arterial blood pressure by circulatory renin-angiotensin",1.53926093221404,0.291508654709777,6
"PHEvPHE_MITO","GO_BP","leukocyte adhesion to vascular endothelial cell",-1.53890975969682,0.277716579313746,11
"PHEvPHE_MITO","GO_BP","positive regulation of macrophage activation",1.53780353958086,0.291508654709777,6
"PHEvPHE_MITO","GO_BP","phagocytosis, engulfment",1.53601747855401,0.443170113340125,14
"PHEvPHE_MITO","GO_BP","reactive oxygen species metabolic process",1.53593425177951,0.160987716182919,88
"PHEvPHE_MITO","GO_BP","fibroblast activation",-1.53549922362689,0.282649846245941,11
"PHEvPHE_MITO","GO_BP","mitochondrion organization",1.53354988716314,0.0556064613966513,199
"PHEvPHE_MITO","GO_BP","positive regulation of ruffle assembly",1.53183543614051,0.307384319486278,8
"PHEvPHE_MITO","GO_BP","response to exogenous dsRNA",-1.53128646917436,0.356701414148005,15
"PHEvPHE_MITO","GO_BP","embryonic skeletal system development",-1.52925298438185,0.366908535582991,23
"PHEvPHE_MITO","GO_BP","microtubule polymerization or depolymerization",-1.52899990075059,0.167628285645852,69
"PHEvPHE_MITO","GO_BP","mammary gland alveolus development",1.52707022600043,0.215879123623776,3
"PHEvPHE_MITO","GO_BP","cellular response to catecholamine stimulus",-1.52675552745106,0.408365674122954,21
"PHEvPHE_MITO","GO_BP","polarized epithelial cell differentiation",-1.52340319534192,0.319769615505243,10
"PHEvPHE_MITO","GO_BP","ceramide biosynthetic process",1.52248447243114,0.337692935577665,21
"PHEvPHE_MITO","GO_BP","spliceosomal complex assembly",-1.51569615505477,0.242095978552652,33
"PHEvPHE_MITO","GO_BP","nucleic acid catabolic process",-1.51560479364154,0.0624121749362399,170
"PHEvPHE_MITO","GO_BP","positive regulation of mitotic cell cycle",-1.51527188736356,0.176458089865433,62
"PHEvPHE_MITO","GO_BP","positive regulation of carbohydrate metabolic process",1.51468945537277,0.198999026645914,28
"PHEvPHE_MITO","GO_BP","B cell activation involved in immune response",-1.51296128771529,0.264665764590058,19
"PHEvPHE_MITO","GO_BP","ketone metabolic process",1.50904974645145,0.195575084470425,70
"PHEvPHE_MITO","GO_BP","ruffle assembly",1.50822274127655,0.285875444104454,24
"PHEvPHE_MITO","GO_BP","negative regulation of cellular response to growth factor stimulus",-1.50724755182642,0.222450481505197,28
"PHEvPHE_MITO","GO_BP","positive regulation of SMAD protein signal transduction",-1.50534243015265,0.460008956560681,11
"PHEvPHE_MITO","GO_BP","cellular response to glucose starvation",-1.50466042612016,0.449672362575217,22
"PHEvPHE_MITO","GO_BP","mitochondrial DNA replication",-1.5035846854652,0.363698727926291,6
"PHEvPHE_MITO","GO_BP","macromolecule depalmitoylation",1.50339398412537,0.466710636239722,8
"PHEvPHE_MITO","GO_BP","regulation of hair cycle",-1.50263442683626,0.466710636239722,5
"PHEvPHE_MITO","GO_BP","regulation of body fluid levels",1.50069359349544,0.167805547586859,99
"PHEvPHE_MITO","GO_BP","regulation of cytokine production involved in inflammatory response",1.49752629554878,0.444166167959845,16
"PHEvPHE_MITO","GO_BP","visual perception",-1.49691589924457,0.439064162484753,19
"PHEvPHE_MITO","GO_BP","negative regulation of cell maturation",-1.49640515681312,0.226007538244339,3
"PHEvPHE_MITO","GO_BP","cellular response to copper ion",1.49466517751471,0.439064162484753,6
"PHEvPHE_MITO","GO_BP","body fluid secretion",1.49375280470316,0.250118713681055,48
"PHEvPHE_MITO","GO_BP","positive regulation of cardiocyte differentiation",-1.49253379017447,0.256701679017716,4
"PHEvPHE_MITO","GO_BP","positive regulation of lymphocyte apoptotic process",-1.49246866439969,0.256701679017716,4
"PHEvPHE_MITO","GO_BP","response to selenium ion",1.4923657477966,0.473809197878786,9
"PHEvPHE_MITO","GO_BP","positive regulation of fatty acid biosynthetic process",1.49234105124866,0.475422159887798,8
"PHEvPHE_MITO","GO_BP","protein insertion into membrane",1.4902742913867,0.250118713681055,42
"PHEvPHE_MITO","GO_BP","carbohydrate phosphorylation",1.48804287807671,0.475503522341831,10
"PHEvPHE_MITO","GO_BP","cellular response to interleukin-1",-1.48614971252082,0.314586174095977,36
"PHEvPHE_MITO","GO_BP","aggrephagy",-1.48517432563063,0.473809197878786,11
"PHEvPHE_MITO","GO_BP","positive regulation of ATP metabolic process",1.48506445855188,0.459273095801125,13
"PHEvPHE_MITO","GO_BP","regulation of amyloid fibril formation",-1.48411502686152,0.473809197878786,11
"PHEvPHE_MITO","GO_BP","regulation of microglial cell activation",-1.48135189188404,0.277716579313746,4
"PHEvPHE_MITO","GO_BP","regulation of B cell activation",-1.48104205711145,0.457822017530828,20
"PHEvPHE_MITO","GO_BP","negative regulation of multicellular organism growth",-1.48091328110758,0.261894675784544,3
"PHEvPHE_MITO","GO_BP","regulation of reactive oxygen species metabolic process",1.48071365959018,0.269622540664178,56
"PHEvPHE_MITO","GO_BP","renal filtration cell differentiation",-1.48062582491004,0.457822017530828,7
"PHEvPHE_MITO","GO_BP","podocyte differentiation",-1.48062582491004,0.457822017530828,7
"PHEvPHE_MITO","GO_BP","inflammatory response to antigenic stimulus",-1.48023049520519,0.431501588664896,17
"PHEvPHE_MITO","GO_BP","negative regulation of low-density lipoprotein particle clearance",-1.47955804340146,0.282649846245941,4
"PHEvPHE_MITO","GO_BP","regulation of T cell differentiation in thymus",-1.47917850724616,0.282649846245941,4
"PHEvPHE_MITO","GO_BP","purine ribonucleotide transport",1.47913820433642,0.497170641044788,9
"PHEvPHE_MITO","GO_BP","response to hydroperoxide",-1.47912427055354,0.457822017530828,7
"PHEvPHE_MITO","GO_BP","pseudopodium organization",-1.47842559660356,0.470397548763835,8
"PHEvPHE_MITO","GO_BP","regulation of hair follicle development",-1.47682133167639,0.288668203135809,4
"PHEvPHE_MITO","GO_BP","positive regulation of calcium ion import",1.47679582969478,0.473809197878786,5
"PHEvPHE_MITO","GO_BP","positive regulation of synaptic transmission, GABAergic",-1.47664715903199,0.270347935849965,3
"PHEvPHE_MITO","GO_BP","N-glycan processing",1.47661370962359,0.532579185520362,7
"PHEvPHE_MITO","GO_BP","negative regulation of D-glucose transmembrane transport",-1.47595881564155,0.481464437285882,11
"PHEvPHE_MITO","GO_BP","regulation of coagulation",1.47448311384085,0.456117759374792,14
"PHEvPHE_MITO","GO_BP","phosphatidylserine metabolic process",1.47350795914884,0.532579185520362,7
"PHEvPHE_MITO","GO_BP","intracellular zinc ion homeostasis",-1.47337237389169,0.470397548763835,8
"PHEvPHE_MITO","GO_BP","negative regulation of ferroptosis",1.47237155689936,0.475422159887798,12
"PHEvPHE_MITO","GO_BP","mammary gland epithelial cell proliferation",1.47133813761759,0.475422159887798,8
"PHEvPHE_MITO","GO_BP","retrograde vesicle-mediated transport, Golgi to endoplasmic reticulum",1.46979264985396,0.282757342206857,38
"PHEvPHE_MITO","GO_BP","positive regulation of cell adhesion mediated by integrin",-1.46881501543895,0.30901122915852,4
"PHEvPHE_MITO","GO_BP","regulation of heat generation",1.46819388698445,0.347443207680811,3
"PHEvPHE_MITO","GO_BP","intermediate filament-based process",-1.46627918211713,0.495938907036285,16
"PHEvPHE_MITO","GO_BP","response to interleukin-4",1.46602912349691,0.463174222406594,14
"PHEvPHE_MITO","GO_BP","glycolipid biosynthetic process",1.4658595287262,0.465326163198504,16
"PHEvPHE_MITO","GO_BP","positive regulation of dendrite development",-1.46580361511847,0.475422159887798,8
"PHEvPHE_MITO","GO_BP","regulation of protein-containing complex assembly",-1.4651632035203,0.100618551272054,199
"PHEvPHE_MITO","GO_BP","negative regulation of defense response",1.46285207499425,0.217985179286085,69
"PHEvPHE_MITO","GO_BP","cellular response to X-ray",-1.46235593815047,0.475422159887798,8
"PHEvPHE_MITO","GO_BP","receptor localization to synapse",-1.45860674159872,0.256701679017716,50
"PHEvPHE_MITO","GO_BP","embryonic digestive tract development",-1.45826132883206,0.307384319486278,3
"PHEvPHE_MITO","GO_BP","regulation of cell cycle G1/S phase transition",-1.45716533765711,0.208378745166675,57
"PHEvPHE_MITO","GO_BP","positive regulation of syncytium formation by plasma membrane fusion",1.4569903932656,0.523153017425168,9
"PHEvPHE_MITO","GO_BP","natural killer cell activation",1.45608565980977,0.467833782902276,14
"PHEvPHE_MITO","GO_BP","ovulation cycle process",-1.45583512477574,0.449672362575217,18
"PHEvPHE_MITO","GO_BP","Sertoli cell development",-1.45491489227477,0.495664761904762,11
"PHEvPHE_MITO","GO_BP","podosome assembly",-1.45399748765168,0.483856279276686,12
"PHEvPHE_MITO","GO_BP","regulation of cytokine production involved in immune response",-1.45351456500369,0.500292226767972,16
"PHEvPHE_MITO","GO_BP","miRNA metabolic process",-1.45246726719111,0.288668203135809,33
"PHEvPHE_MITO","GO_BP","positive regulation of meiotic nuclear division",1.45176618739568,0.480759859591163,4
"PHEvPHE_MITO","GO_BP","DNA conformation change",-1.45039885232995,0.481464437285882,7
"PHEvPHE_MITO","GO_BP","inner ear receptor cell stereocilium organization",-1.45026883931961,0.521421319796954,11
"PHEvPHE_MITO","GO_BP","fibrinolysis",1.44989830942627,0.142750100238617,2
"PHEvPHE_MITO","GO_BP","regulation of B cell proliferation",-1.4498741737829,0.481464437285882,10
"PHEvPHE_MITO","GO_BP","positive regulation of glycogen biosynthetic process",1.44675194796722,0.500910713203101,6
"PHEvPHE_MITO","GO_BP","cell adhesion mediated by integrin",-1.44595735386218,0.303179541807358,25
"PHEvPHE_MITO","GO_BP","regulation of smooth muscle cell differentiation",-1.44559445443694,0.497170641044788,7
"PHEvPHE_MITO","GO_BP","vascular endothelial growth factor receptor signaling pathway",-1.44515662946639,0.464448119057462,18
"PHEvPHE_MITO","GO_BP","regulation of protein secretion",1.44391540701567,0.200417596590836,90
"PHEvPHE_MITO","GO_BP","heterophilic cell-cell adhesion",-1.44384711227694,0.49705630917625,10
"PHEvPHE_MITO","GO_BP","regulation of muscle system process",-1.44346573589487,0.139249391940195,108
"PHEvPHE_MITO","GO_BP","cell aggregation",-1.44337141867039,0.497170641044788,7
"PHEvPHE_MITO","GO_BP","positive regulation of vascular associated smooth muscle cell apoptotic process",1.44310719962584,0.466710636239722,3
"PHEvPHE_MITO","GO_BP","regulation of small molecule metabolic process",1.44306671855377,0.19586870487845,119
"PHEvPHE_MITO","GO_BP","nucleosome organization",-1.44283570588679,0.355549285820888,32
"PHEvPHE_MITO","GO_BP","inner ear morphogenesis",-1.44199811610478,0.475503522341831,19
"PHEvPHE_MITO","GO_BP","response to muscle inactivity",-1.44165665158534,0.528531633209845,8
"PHEvPHE_MITO","GO_BP","antimicrobial humoral immune response mediated by antimicrobial peptide",1.44026698896081,0.528531633209845,9
"PHEvPHE_MITO","GO_BP","regulation of protein sumoylation",-1.43919757339419,0.528531633209845,8
"PHEvPHE_MITO","GO_BP","vascular associated smooth muscle cell apoptotic process",1.43890552222679,0.523153017425168,6
"PHEvPHE_MITO","GO_BP","pyrimidine ribonucleoside monophosphate metabolic process",1.43605648862427,0.523153017425168,8
"PHEvPHE_MITO","GO_BP","plasma lipoprotein particle assembly",1.43496200364435,0.523153017425168,4
"PHEvPHE_MITO","GO_BP","limb morphogenesis",-1.43432452085251,0.430746586988764,36
"PHEvPHE_MITO","GO_BP","mitochondrial respiratory chain complex IV assembly",-1.43300550308653,0.523153017425168,7
"PHEvPHE_MITO","GO_BP","response to ischemia",-1.42978656807886,0.292321036254547,43
"PHEvPHE_MITO","GO_BP","regulation of epithelial cell differentiation",-1.42923874633913,0.473809197878786,27
"PHEvPHE_MITO","GO_BP","osteoblast proliferation",-1.42919565174302,0.500910713203101,14
"PHEvPHE_MITO","GO_BP","regulation of osteoblast proliferation",-1.42919565174302,0.500910713203101,14
"PHEvPHE_MITO","GO_BP","microtubule polymerization",-1.42681562758168,0.35127211253145,48
"PHEvPHE_MITO","GO_BP","auditory receptor cell stereocilium organization",-1.42675197211681,0.528531633209845,6
"PHEvPHE_MITO","GO_BP","regulation of adipose tissue development",-1.42646834331684,0.528531633209845,7
"PHEvPHE_MITO","GO_BP","positive regulation of DNA replication",1.42437586067296,0.523153017425168,17
"PHEvPHE_MITO","GO_BP","regulation of T-helper 17 cell differentiation",-1.42421016887812,0.500910713203101,4
"PHEvPHE_MITO","GO_BP","cellular response to mineralocorticoid stimulus",-1.4241485677111,0.532636425860245,6
"PHEvPHE_MITO","GO_BP","regulation of oligodendrocyte progenitor proliferation",1.42390462255831,0.198999026645914,2
"PHEvPHE_MITO","GO_BP","peptidyl-lysine methylation",1.42305345640275,0.534844972471747,6
"PHEvPHE_MITO","GO_BP","negative regulation of vascular endothelial growth factor signaling pathway",-1.42222519591839,0.500910713203101,4
"PHEvPHE_MITO","GO_BP","negative regulation of lipid biosynthetic process",1.4220576921411,0.532636425860245,12
"PHEvPHE_MITO","GO_BP","melanosome organization",-1.42168666689294,0.528531633209845,7
"PHEvPHE_MITO","GO_BP","regulation of G1/S transition of mitotic cell cycle",-1.42162319593844,0.331436631189307,54
"PHEvPHE_MITO","GO_BP","phosphatidylcholine catabolic process",-1.4213758434061,0.500910713203101,4
"PHEvPHE_MITO","GO_BP","negative regulation of synaptic transmission",1.42122893297165,0.555602478941686,15
"PHEvPHE_MITO","GO_BP","polyamine metabolic process",1.42087248125632,0.528531633209845,5
"PHEvPHE_MITO","GO_BP","organophosphate catabolic process",1.42004410012651,0.23769651426456,95
"PHEvPHE_MITO","GO_BP","sister chromatid cohesion",1.41896708245306,0.473809197878786,22
"PHEvPHE_MITO","GO_BP","skin development",-1.41888671216288,0.216980354613858,81
"PHEvPHE_MITO","GO_BP","intermediate filament organization",-1.41820263744102,0.528531633209845,7
"PHEvPHE_MITO","GO_BP","protein localization to postsynaptic membrane",-1.41698955148945,0.462851625362086,37
"PHEvPHE_MITO","GO_BP","response to hepatocyte growth factor",-1.41513130116486,0.555602478941686,11
"PHEvPHE_MITO","GO_BP","regulation of ERAD pathway",-1.41490265157085,0.500910713203101,14
"PHEvPHE_MITO","GO_BP","cellular response to thyroid hormone stimulus",-1.41260284428177,0.544397334948516,7
"PHEvPHE_MITO","GO_BP","glandular epithelial cell differentiation",1.41245226003773,0.224538890296851,2
"PHEvPHE_MITO","GO_BP","regulation of mast cell activation",-1.41236316985691,0.457822017530828,3
"PHEvPHE_MITO","GO_BP","protein-lipid complex assembly",1.41222157315245,0.549425727175664,6
"PHEvPHE_MITO","GO_BP","metanephric glomerulus development",-1.4121311548082,0.198999026645914,2
"PHEvPHE_MITO","GO_BP","lactone metabolic process",1.41023302817373,0.549425727175664,6
"PHEvPHE_MITO","GO_BP","lymphangiogenesis",1.40961466665282,0.526586950670922,3
"PHEvPHE_MITO","GO_BP","regulation of circadian sleep/wake cycle, sleep",-1.40923016144482,0.208378745166675,2
"PHEvPHE_MITO","GO_BP","T cell costimulation",-1.40898108700955,0.555602478941686,6
"PHEvPHE_MITO","GO_BP","regulation of blood vessel endothelial cell proliferation involved in sprouting angiogenesis",1.40774327401762,0.526586950670922,3
"PHEvPHE_MITO","GO_BP","negative regulation of transporter activity",-1.40772470549625,0.528531633209845,13
"PHEvPHE_MITO","GO_BP","regulation of chromatin organization",1.40769791784512,0.565483071841453,9
"PHEvPHE_MITO","GO_BP","membraneless organelle assembly",-1.40749721076366,0.14714971996736,197
"PHEvPHE_MITO","GO_BP","Schwann cell migration",-1.40735567940159,0.558594812115939,5
"PHEvPHE_MITO","GO_BP","regulation of acute inflammatory response to antigenic stimulus",-1.40710431405173,0.216980354613858,2
"PHEvPHE_MITO","GO_BP","negative regulation of steroid metabolic process",1.40701061307462,0.561342688022151,5
"PHEvPHE_MITO","GO_BP","homeostasis of number of cells within a tissue",1.4065969486624,0.481464437285882,14
"PHEvPHE_MITO","GO_BP","positive regulation of glucose metabolic process",1.40571107482564,0.523153017425168,21
"PHEvPHE_MITO","GO_BP","positive regulation of leukocyte tethering or rolling",-1.40513396170126,0.460390714459211,3
"PHEvPHE_MITO","GO_BP","collagen biosynthetic process",-1.40311886070885,0.512579841096744,27
"PHEvPHE_MITO","GO_BP","glycogen biosynthetic process",1.40303763522162,0.532579185520362,20
"PHEvPHE_MITO","GO_BP","positive regulation of triglyceride metabolic process",-1.40135952791857,0.555602478941686,6
"PHEvPHE_MITO","GO_BP","eye development",-1.40026166069456,0.222927624430022,106
"PHEvPHE_MITO","GO_BP","mammary gland epithelial cell differentiation",-1.39839945093745,0.230627010617044,2
"PHEvPHE_MITO","GO_BP","wound healing",-1.39811472270358,0.222927624430022,135
"PHEvPHE_MITO","GO_BP","response to fructose",1.39770129960792,0.278283143485512,2
"PHEvPHE_MITO","GO_BP","response to muramyl dipeptide",-1.39711280248406,0.534844972471747,10
"PHEvPHE_MITO","GO_BP","positive regulation of inflammatory response to antigenic stimulus",-1.39698424573395,0.460390714459211,3
"PHEvPHE_MITO","GO_BP","regulation of protein localization to nucleus",-1.39640479954248,0.317547019786455,82
"PHEvPHE_MITO","GO_BP","negative regulation of synapse assembly",-1.39573807939447,0.569857730692637,5
"PHEvPHE_MITO","GO_BP","neutrophil mediated immunity",1.39548872483055,0.565483071841453,10
"PHEvPHE_MITO","GO_BP","negative regulation of type I interferon-mediated signaling pathway",1.39517042846558,0.565412232300973,8
"PHEvPHE_MITO","GO_BP","regulation of receptor clustering",-1.39498767632805,0.504136242426886,17
"PHEvPHE_MITO","GO_BP","ubiquinone biosynthetic process",1.39376669164591,0.573985049368306,5
"PHEvPHE_MITO","GO_BP","salivary gland morphogenesis",-1.39323592977371,0.555602478941686,12
"PHEvPHE_MITO","GO_BP","neurotransmitter receptor transport",-1.39319346894036,0.504136242426886,17
"PHEvPHE_MITO","GO_BP","response to cold",1.39300515754936,0.528531633209845,18
"PHEvPHE_MITO","GO_BP","lens fiber cell differentiation",-1.3929003850786,0.565483071841453,11
"PHEvPHE_MITO","GO_BP","cellular response to hydroperoxide",-1.39172626210535,0.473809197878786,3
"PHEvPHE_MITO","GO_BP","natural killer cell mediated immune response to tumor cell",-1.39078159401324,0.2501660705849,2
"PHEvPHE_MITO","GO_BP","cell-cell junction organization",-1.39066669967548,0.270347935849965,75
"PHEvPHE_MITO","GO_BP","miRNA processing",-1.39027621080342,0.549425727175664,16
"PHEvPHE_MITO","GO_BP","negative regulation of non-canonical NF-kappaB signal transduction",-1.38957209001327,0.555602478941686,12
"PHEvPHE_MITO","GO_BP","positive regulation of protein export from nucleus",-1.38763696589919,0.555602478941686,13
"PHEvPHE_MITO","GO_BP","positive regulation of leukocyte mediated immunity",-1.38693751584393,0.523153017425168,27
"PHEvPHE_MITO","GO_BP","motor neuron apoptotic process",-1.38614158246934,0.573434973434974,5
"PHEvPHE_MITO","GO_BP","regulation of neuron migration",-1.38561605079463,0.555602478941686,16
"PHEvPHE_MITO","GO_BP","face development",-1.3851136154995,0.527906259636139,18
"PHEvPHE_MITO","GO_BP","phosphatidylcholine biosynthetic process",1.38476404091825,0.56857836956856,8
"PHEvPHE_MITO","GO_BP","positive regulation of inflammasome-mediated signaling pathway",-1.38440134748738,0.546000584696888,10
"PHEvPHE_MITO","GO_BP","regulation of vascular endothelial growth factor receptor signaling pathway",-1.38354162902237,0.565483071841453,11
"PHEvPHE_MITO","GO_BP","microvillus organization",-1.383397749458,0.557818803675348,7
"PHEvPHE_MITO","GO_BP","polyamine biosynthetic process",1.38253675912047,0.555602478941686,3
"PHEvPHE_MITO","GO_BP","production of molecular mediator of immune response",-1.38197454398103,0.460228309187093,44
"PHEvPHE_MITO","GO_BP","response to macrophage colony-stimulating factor",1.38139214021119,0.34438951661124,2
"PHEvPHE_MITO","GO_BP","positive regulation of neurotransmitter transport",1.38108391877957,0.569857730692637,6
"PHEvPHE_MITO","GO_BP","peptidyl-tyrosine modification",1.37961016830617,0.384955269946795,54
"PHEvPHE_MITO","GO_BP","hepatocyte proliferation",-1.37953157265739,0.569857730692637,6
"PHEvPHE_MITO","GO_BP","fibroblast migration",-1.3786795060351,0.49205383106783,30
"PHEvPHE_MITO","GO_BP","regulation of microtubule-based process",-1.3786390729194,0.277716579313746,114
"PHEvPHE_MITO","GO_BP","fever generation",1.37840734472364,0.34438951661124,2
"PHEvPHE_MITO","GO_BP","constitutive heterochromatin formation",1.37816085058877,0.578761286324004,9
"PHEvPHE_MITO","GO_BP","negative regulation of response to external stimulus",1.37807987713755,0.252542907780743,101
"PHEvPHE_MITO","GO_BP","behavioral response to ethanol",1.37628905658568,0.561585991363886,4
"PHEvPHE_MITO","GO_BP","mesoderm morphogenesis",1.37594251093785,0.523153017425168,22
"PHEvPHE_MITO","GO_BP","regulation of centriole replication",-1.37409235676076,0.536227640726391,4
"PHEvPHE_MITO","GO_BP","response to mechanical stimulus",-1.37024097996698,0.291508654709777,110
"PHEvPHE_MITO","GO_BP","positive regulation of ossification",-1.36980634587406,0.562045171292215,14
"PHEvPHE_MITO","GO_BP","vascular process in circulatory system",-1.36886202887623,0.384955269946795,70
"PHEvPHE_MITO","GO_BP","catechol-containing compound biosynthetic process",-1.36700125000884,0.574009107647545,6
"PHEvPHE_MITO","GO_BP","catecholamine biosynthetic process",-1.36700125000884,0.574009107647545,6
"PHEvPHE_MITO","GO_BP","sterol biosynthetic process",1.36661004863485,0.523153017425168,29
"PHEvPHE_MITO","GO_BP","TORC2 signaling",-1.36218856538002,0.586395873629916,11
"PHEvPHE_MITO","GO_BP","regulation of reproductive process",1.3617098914727,0.481464437285882,43
"PHEvPHE_MITO","GO_BP","response to laminar fluid shear stress",-1.36151338184434,0.526586950670922,3
"PHEvPHE_MITO","GO_BP","response to 3-methylcholanthrene",1.360751032879,0.56857836956856,3
"PHEvPHE_MITO","GO_BP","cell cycle G1/S phase transition",-1.36037413904605,0.321756129175055,75
"PHEvPHE_MITO","GO_BP","positive regulation of neurotransmitter secretion",1.36006477644477,0.622928304207451,5
"PHEvPHE_MITO","GO_BP","cell migration involved in gastrulation",1.35973123217558,0.577584629460201,3
"PHEvPHE_MITO","GO_BP","sphingolipid catabolic process",1.3576835287689,0.555602478941686,14
"PHEvPHE_MITO","GO_BP","renal water homeostasis",1.35667889230449,0.445076797492489,2
"PHEvPHE_MITO","GO_BP","response to lithium ion",-1.35495763900179,0.572037890462383,9
"PHEvPHE_MITO","GO_BP","cellular response to lithium ion",-1.35495763900179,0.572037890462383,9
"PHEvPHE_MITO","GO_BP","sperm flagellum assembly",1.35441814280912,0.577584629460201,3
"PHEvPHE_MITO","GO_BP","regulation of intestinal absorption",1.35287070063549,0.452358187837912,2
"PHEvPHE_MITO","GO_BP","positive regulation of endocytosis",1.35270387498206,0.470397548763835,74
"PHEvPHE_MITO","GO_BP","synaptic vesicle transport",-1.35196048477637,0.520003847380491,30
"PHEvPHE_MITO","GO_BP","negative regulation of astrocyte differentiation",-1.35163984704104,0.500292226767972,2
"PHEvPHE_MITO","GO_BP","negative regulation of activated T cell proliferation",1.35061030914386,0.578761286324004,4
"PHEvPHE_MITO","GO_BP","response to lead ion",1.34986729893,0.54282234760865,22
"PHEvPHE_MITO","GO_BP","neuromuscular synaptic transmission",-1.34963907558645,0.607990529742527,5
"PHEvPHE_MITO","GO_BP","prostaglandin secretion",1.34864756705292,0.578761286324004,4
"PHEvPHE_MITO","GO_BP","positive regulation of cAMP/PKA signal transduction",-1.34804818464871,0.62578112481974,6
"PHEvPHE_MITO","GO_BP","ether lipid metabolic process",1.34664498483864,0.625184256338085,7
"PHEvPHE_MITO","GO_BP","cellular response to zinc ion",-1.34560478140409,0.555602478941686,4
"PHEvPHE_MITO","GO_BP","formation of cytoplasmic translation initiation complex",1.34556609265112,0.557818803675348,14
"PHEvPHE_MITO","GO_BP","negative regulation of immune response",1.3455178745959,0.523153017425168,47
"PHEvPHE_MITO","GO_BP","Rho protein signal transduction",-1.34547529706964,0.473809197878786,52
"PHEvPHE_MITO","GO_BP","cellular response to manganese ion",1.34390198317429,0.582962677953059,6
"PHEvPHE_MITO","GO_BP","cerebrospinal fluid circulation",-1.34374433758449,0.523153017425168,2
"PHEvPHE_MITO","GO_BP","regulation of protein targeting to membrane",1.34324792348002,0.586463667820069,15
"PHEvPHE_MITO","GO_BP","regulation of homotypic cell-cell adhesion",1.34298174848218,0.586395873629916,12
"PHEvPHE_MITO","GO_BP","vascular wound healing",-1.34207975629911,0.523153017425168,2
"PHEvPHE_MITO","GO_BP","lysosome organization",1.3401253943519,0.483856279276686,45
"PHEvPHE_MITO","GO_BP","response to tumor cell",-1.34002990064451,0.586395873629916,16
"PHEvPHE_MITO","GO_BP","xenobiotic metabolic process",1.3399863093652,0.569857730692637,24
"PHEvPHE_MITO","GO_BP","negative regulation of innate immune response",1.33925556088462,0.555602478941686,29
"PHEvPHE_MITO","GO_BP","store-operated calcium entry",-1.33908975538989,0.561585991363886,4
"PHEvPHE_MITO","GO_BP","morphogenesis of a branching epithelium",1.33814043430992,0.528531633209845,44
"PHEvPHE_MITO","GO_BP","positive regulation of vascular associated smooth muscle cell migration",-1.33813877079649,0.57877947295423,12
"PHEvPHE_MITO","GO_BP","NK T cell activation",1.33673919089392,0.589210428198583,4
"PHEvPHE_MITO","GO_BP","cAMP/PKA signal transduction",-1.33598949579551,0.557818803675348,19
"PHEvPHE_MITO","GO_BP","transforming growth factor beta receptor superfamily signaling pathway",-1.33513327747422,0.370002447971594,99
"PHEvPHE_MITO","GO_BP","dendritic cell differentiation",-1.33440590980059,0.609250741792829,7
"PHEvPHE_MITO","GO_BP","response to flavonoid",1.33420426066198,0.633303945202439,10
"PHEvPHE_MITO","GO_BP","regulation of miRNA transcription",-1.33253010356503,0.562455773831587,18
"PHEvPHE_MITO","GO_BP","mitotic cell cycle phase transition",-1.32963653161194,0.2501660705849,143
"PHEvPHE_MITO","GO_BP","protein folding",-1.32894266712232,0.361131676447195,137
"PHEvPHE_MITO","GO_BP","serotonin secretion",1.32693112370358,0.171998452896665,1
"PHEvPHE_MITO","GO_BP","serotonin transport",1.32693112370358,0.171998452896665,1
"PHEvPHE_MITO","GO_BP","eosinophil chemotaxis",1.32693112370358,0.171998452896665,1
"PHEvPHE_MITO","GO_BP","eosinophil migration",1.32693112370358,0.171998452896665,1
"PHEvPHE_MITO","GO_BP","retinoic acid metabolic process",1.32678570028125,0.523153017425168,2
"PHEvPHE_MITO","GO_BP","regulation of chondrocyte differentiation",1.32626603386894,0.633303945202439,9
"PHEvPHE_MITO","GO_BP","anterograde synaptic vesicle transport",-1.3261519200515,0.582552352866116,15
"PHEvPHE_MITO","GO_BP","retinal cone cell development",1.32582141755789,0.185855117831488,1
"PHEvPHE_MITO","GO_BP","response to potassium ion",-1.32558899463766,0.624043158124954,8
"PHEvPHE_MITO","GO_BP","cellular response to potassium ion",-1.32558899463766,0.624043158124954,8
"PHEvPHE_MITO","GO_BP","GABAergic neuron differentiation",1.32498913794863,0.19586870487845,1
"PHEvPHE_MITO","GO_BP","cytoplasm organization",-1.32456591840513,0.578761286324004,4
"PHEvPHE_MITO","GO_BP","positive regulation of B cell differentiation",1.32376452047375,0.523153017425168,2
"PHEvPHE_MITO","GO_BP","negative regulation of myotube differentiation",-1.32335951514139,0.122497920016131,1
"PHEvPHE_MITO","GO_BP","protein insertion into mitochondrial membrane",1.32089780900786,0.578761286324004,20
"PHEvPHE_MITO","GO_BP","positive regulation of cell migration involved in sprouting angiogenesis",1.3205415597383,0.637616387337058,7
"PHEvPHE_MITO","GO_BP","postsynaptic membrane organization",-1.32048008855723,0.572037890462383,19
"PHEvPHE_MITO","GO_BP","regulation of sulfur metabolic process",1.31949407044853,0.647085689087673,8
"PHEvPHE_MITO","GO_BP","adaptive immune response",-1.31895738175347,0.395579520331851,75
"PHEvPHE_MITO","GO_BP","copper ion transport",-1.31752741135191,0.626370762414547,8
"PHEvPHE_MITO","GO_BP","regulation of hydrogen peroxide-mediated programmed cell death",-1.31708524210385,0.610110815076281,12
"PHEvPHE_MITO","GO_BP","response to human chorionic gonadotropin",-1.31680607373839,0.626370762414547,5
"PHEvPHE_MITO","GO_BP","regulation of glial cell proliferation",-1.31678380319882,0.589210428198583,14
"PHEvPHE_MITO","GO_BP","cholesterol homeostasis",-1.31675387450941,0.555602478941686,25
"PHEvPHE_MITO","GO_BP","blood vessel remodeling",-1.31669924262761,0.572037890462383,19
"PHEvPHE_MITO","GO_BP","negative regulation of smooth muscle cell proliferation",-1.31609959562231,0.578761286324004,24
"PHEvPHE_MITO","GO_BP","negative regulation of DNA replication",-1.31535783865738,0.626370762414547,8
"PHEvPHE_MITO","GO_BP","cytoskeleton-dependent intracellular transport",-1.31458516275453,0.439064162484753,99
"PHEvPHE_MITO","GO_BP","protein exit from endoplasmic reticulum",-1.31397829660637,0.555602478941686,21
"PHEvPHE_MITO","GO_BP","protein K48-linked deubiquitination",-1.31315780050235,0.618721616802061,12
"PHEvPHE_MITO","GO_BP","amino acid import across plasma membrane",-1.31191422672721,0.598257816192856,15
"PHEvPHE_MITO","GO_BP","antigen processing and presentation of exogenous antigen",-1.31189520099095,0.626554248123784,7
"PHEvPHE_MITO","GO_BP","regulation of amyloid-beta clearance",-1.3109367865917,0.604044436379766,4
"PHEvPHE_MITO","GO_BP","protein-lipid complex remodeling",-1.31010106038731,0.277716579313746,1
"PHEvPHE_MITO","GO_BP","very-low-density lipoprotein particle remodeling",-1.31010106038731,0.277716579313746,1
"PHEvPHE_MITO","GO_BP","negative regulation of inflammasome-mediated signaling pathway",1.30936755510637,0.66051342929218,5
"PHEvPHE_MITO","GO_BP","mRNA 3'-end processing",-1.3093054766594,0.578761286324004,24
"PHEvPHE_MITO","GO_BP","maintenance of postsynaptic density structure",1.30917930028273,0.547821350762527,2
"PHEvPHE_MITO","GO_BP","regulation of response to nutrient levels",-1.30817338393328,0.652954691664369,6
"PHEvPHE_MITO","GO_BP","negative regulation of ion transmembrane transporter activity",-1.30794243455075,0.62578112481974,12
"PHEvPHE_MITO","GO_BP","interleukin-1 alpha production",1.30751126615408,0.394670100357073,1
"PHEvPHE_MITO","GO_BP","regulation of interleukin-1 alpha production",1.30751126615408,0.394670100357073,1
"PHEvPHE_MITO","GO_BP","bone growth",1.307402495549,0.65591339201739,10
"PHEvPHE_MITO","GO_BP","positive regulation of type 2 immune response",-1.30733888231355,0.30279319453434,1
"PHEvPHE_MITO","GO_BP","CD4-positive, alpha-beta T cell cytokine production",-1.30733888231355,0.30279319453434,1
"PHEvPHE_MITO","GO_BP","respiratory tube development",-1.30733558851242,0.475999138982564,84
"PHEvPHE_MITO","GO_BP","positive regulation of humoral immune response",1.30612413347197,0.398874242593267,1
"PHEvPHE_MITO","GO_BP","regulation of GTPase activity",1.306038725861,0.544397334948516,57
"PHEvPHE_MITO","GO_BP","mesoderm formation",1.30588992804734,0.609903811898824,21
"PHEvPHE_MITO","GO_BP","alanine transport",-1.3055498649568,0.652954691664369,6
"PHEvPHE_MITO","GO_BP","T-helper cell differentiation",-1.30553036488024,0.606520734566739,14
"PHEvPHE_MITO","GO_BP","mitochondrial large ribosomal subunit assembly",1.30518305720789,0.626833021263974,4
"PHEvPHE_MITO","GO_BP","regulation of cell communication by electrical coupling",1.3050783523537,0.64982728711193,8
"PHEvPHE_MITO","GO_BP","hyaluronan metabolic process",1.30500437241541,0.655929591737579,10
"PHEvPHE_MITO","GO_BP","regulation of viral genome replication",-1.30312902247999,0.586395873629916,31
"PHEvPHE_MITO","GO_BP","positive regulation of binding",1.30193016625769,0.65591339201739,7
"PHEvPHE_MITO","GO_BP","gastrulation with mouth forming second",1.30030444774078,0.633303945202439,3
"PHEvPHE_MITO","GO_BP","intracellular calcium ion homeostasis",1.30003784040166,0.495382944052146,73
"PHEvPHE_MITO","GO_BP","regulation of store-operated calcium entry",-1.29853198133545,0.610110815076281,3
"PHEvPHE_MITO","GO_BP","regulation of skeletal muscle cell proliferation",1.29727983134185,0.633303945202439,3
"PHEvPHE_MITO","GO_BP","positive regulation of cellular respiration",-1.29687972194141,0.652954691664369,8
"PHEvPHE_MITO","GO_BP","negative regulation of ERK1 and ERK2 cascade",-1.29663942448577,0.566680363420536,22
"PHEvPHE_MITO","GO_BP","synapse pruning",1.29623616143498,0.677957152474359,5
"PHEvPHE_MITO","GO_BP","B cell proliferation",-1.29604702571135,0.589210428198583,17
"PHEvPHE_MITO","GO_BP","somatic stem cell division",-1.29590659592385,0.62578112481974,4
"PHEvPHE_MITO","GO_BP","nucleus organization",-1.29587015820572,0.473809197878786,72
"PHEvPHE_MITO","GO_BP","cell-cell junction maintenance",-1.29569199515327,0.65591339201739,8
"PHEvPHE_MITO","GO_BP","cell differentiation involved in embryonic placenta development",-1.29567911489701,0.65591339201739,8
"PHEvPHE_MITO","GO_BP","regulation of peptidase activity",-1.29564025886779,0.626554248123784,12
"PHEvPHE_MITO","GO_BP","regulation of norepinephrine secretion",1.29474964547869,0.473809197878786,1
"PHEvPHE_MITO","GO_BP","regulation of postsynaptic density organization",-1.2947087543069,0.62578112481974,4
"PHEvPHE_MITO","GO_BP","fatty acid derivative metabolic process",1.29445354500171,0.569857730692637,28
"PHEvPHE_MITO","GO_BP","negative regulation of tissue remodeling",-1.29326571099744,0.62578112481974,4
"PHEvPHE_MITO","GO_BP","regulation of CD4-positive, alpha-beta T cell activation",-1.29276107272118,0.624043158124954,13
"PHEvPHE_MITO","GO_BP","negative regulation of toll-like receptor 4 signaling pathway",-1.29271944847939,0.618332672850127,3
"PHEvPHE_MITO","GO_BP","keratinization",-1.29269933852259,0.457822017530828,1
"PHEvPHE_MITO","GO_BP","cardiac muscle contraction",-1.29246610468351,0.563298582126384,47
"PHEvPHE_MITO","GO_BP","positive regulation of cell-substrate junction organization",1.2924157713803,0.607990529742527,24
"PHEvPHE_MITO","GO_BP","regulation of mitotic cell cycle spindle assembly checkpoint",1.29225986619942,0.66051342929218,6
"PHEvPHE_MITO","GO_BP","response to aldosterone",-1.29222727789689,0.655929591737579,8
"PHEvPHE_MITO","GO_BP","plasma membrane invagination",1.29048769368536,0.626554248123784,18
"PHEvPHE_MITO","GO_BP","neurotransmitter receptor transport to postsynaptic membrane",-1.2901462799474,0.626554248123784,14
"PHEvPHE_MITO","GO_BP","regulation of feeding behavior",1.29004816425262,0.677957152474359,5
"PHEvPHE_MITO","GO_BP","protein-DNA complex assembly",-1.2892357964861,0.557818803675348,36
"PHEvPHE_MITO","GO_BP","protein-DNA complex organization",-1.28857999565476,0.543660982135618,44
"PHEvPHE_MITO","GO_BP","positive regulation of axon extension",-1.28840139479878,0.589210428198583,26
"PHEvPHE_MITO","GO_BP","nucleoside catabolic process",1.28815592891965,0.652772602407342,4
"PHEvPHE_MITO","GO_BP","regulation of ketone metabolic process",1.28744373620477,0.555602478941686,45
"PHEvPHE_MITO","GO_BP","establishment of skin barrier",1.28739198495493,0.671334675305555,6
"PHEvPHE_MITO","GO_BP","macromolecule methylation",1.28623693372136,0.569857730692637,50
"PHEvPHE_MITO","GO_BP","positive regulation of cholesterol biosynthetic process",-1.28580645864595,0.660798580301686,6
"PHEvPHE_MITO","GO_BP","positive regulation of cholesterol metabolic process",-1.28580645864595,0.660798580301686,6
"PHEvPHE_MITO","GO_BP","nitric oxide biosynthetic process",1.28504255615112,0.577584629460201,35
"PHEvPHE_MITO","GO_BP","negative regulation of wound healing",1.28497334567513,0.646570585171037,16
"PHEvPHE_MITO","GO_BP","protein import into mitochondrial matrix",1.284795599093,0.652954691664369,15
"PHEvPHE_MITO","GO_BP","ruffle organization",1.28478869883806,0.586395873629916,30
"PHEvPHE_MITO","GO_BP","positive regulation of viral life cycle",1.28472482220205,0.65591339201739,11
"PHEvPHE_MITO","GO_BP","retinal metabolic process",1.28392086415743,0.65591339201739,3
"PHEvPHE_MITO","GO_BP","regulation of actin filament-based process",-1.28389783138877,0.262465519904416,183
"PHEvPHE_MITO","GO_BP","response to interleukin-7",-1.28352517566324,0.617445361284567,18
"PHEvPHE_MITO","GO_BP","establishment or maintenance of apical/basal cell polarity",-1.28335252183742,0.586395873629916,22
"PHEvPHE_MITO","GO_BP","mucosal immune response",-1.28235612407275,0.607990529742527,2
"PHEvPHE_MITO","GO_BP","respiratory system development",-1.28143151597949,0.475495175215846,86
"PHEvPHE_MITO","GO_BP","cellular response to transforming growth factor beta stimulus",-1.2805004928661,0.493968105431434,106
"PHEvPHE_MITO","GO_BP","synaptic vesicle lumen acidification",1.27966577219198,0.66006463407238,13
"PHEvPHE_MITO","GO_BP","positive regulation of ATP-dependent activity",-1.27892290161298,0.626554248123784,15
"PHEvPHE_MITO","GO_BP","regulation of adenylate cyclase activity",-1.27859673723995,0.677957152474359,8
"PHEvPHE_MITO","GO_BP","response to interleukin-1",-1.27742576802314,0.555602478941686,51
"PHEvPHE_MITO","GO_BP","immature B cell differentiation",-1.27731501657232,0.637616387337058,3
"PHEvPHE_MITO","GO_BP","positive regulation of lipid localization",1.2764647811901,0.621394126899079,24
"PHEvPHE_MITO","GO_BP","adaptive thermogenesis",1.27577909666748,0.589210428198583,38
"PHEvPHE_MITO","GO_BP","lipoprotein catabolic process",1.27547118356323,0.677957152474359,10
"PHEvPHE_MITO","GO_BP","neural tube development",-1.27531573298601,0.555602478941686,53
"PHEvPHE_MITO","GO_BP","positive regulation of lipid transport",1.27525873131843,0.647085689087673,21
"PHEvPHE_MITO","GO_BP","response to folic acid",-1.273856950624,0.659658755674361,5
"PHEvPHE_MITO","GO_BP","non-proteinogenic amino acid catabolic process",1.27385644131844,0.677957152474359,6
"PHEvPHE_MITO","GO_BP","complement-dependent cytotoxicity",1.27183832334429,0.668054110301769,3
"PHEvPHE_MITO","GO_BP","morphogenesis of a branching structure",1.27155610700829,0.586395873629916,48
"PHEvPHE_MITO","GO_BP","surfactant homeostasis",-1.26992486368126,0.651007474102889,4
"PHEvPHE_MITO","GO_BP","regulation of collagen biosynthetic process",-1.26960599701783,0.641374080716409,15
"PHEvPHE_MITO","GO_BP","phosphatidylinositol dephosphorylation",-1.26737656406193,0.647085689087673,13
"PHEvPHE_MITO","GO_BP","positive regulation of triglyceride biosynthetic process",-1.26728715953893,0.652772602407342,4
"PHEvPHE_MITO","GO_BP","post-anal tail morphogenesis",1.2672811177157,0.677957152474359,3
"PHEvPHE_MITO","GO_BP","norepinephrine transport",1.26688762842976,0.675800806773075,4
"PHEvPHE_MITO","GO_BP","positive regulation of inositol phosphate biosynthetic process",1.26669226120199,0.607990529742527,2
"PHEvPHE_MITO","GO_BP","kinetochore assembly",-1.26651417026374,0.663169617638039,5
"PHEvPHE_MITO","GO_BP","monocyte differentiation",-1.26638621008665,0.662223415596396,9
"PHEvPHE_MITO","GO_BP","methylation",1.26535933786683,0.555602478941686,66
"PHEvPHE_MITO","GO_BP","one-carbon metabolic process",1.26532335574933,0.655929591737579,15
"PHEvPHE_MITO","GO_BP","regulation of natural killer cell mediated cytotoxicity",1.26422340407855,0.659658755674361,12
"PHEvPHE_MITO","GO_BP","host-mediated suppression of symbiont invasion",-1.26294660032052,0.677957152474359,7
"PHEvPHE_MITO","GO_BP","cellular response to oxygen levels",1.26250504673868,0.526586950670922,102
"PHEvPHE_MITO","GO_BP","nervous system process involved in regulation of systemic arterial blood pressure",1.26117318699263,0.692641399099724,3
"PHEvPHE_MITO","GO_BP","glial cell apoptotic process",-1.26088400334554,0.657016279977916,12
"PHEvPHE_MITO","GO_BP","positive regulation of sodium ion transport",1.26088048560682,0.655929591737579,15
"PHEvPHE_MITO","GO_BP","sulfur compound transport",-1.26017845701156,0.657614097614098,11
"PHEvPHE_MITO","GO_BP","alpha-beta T cell proliferation",-1.25982425721274,0.683204035373368,7
"PHEvPHE_MITO","GO_BP","regulation of alpha-beta T cell proliferation",-1.25982425721274,0.683204035373368,7
"PHEvPHE_MITO","GO_BP","cellular response to exogenous dsRNA",-1.25931788145253,0.671334675305555,5
"PHEvPHE_MITO","GO_BP","tube closure",-1.25927996568544,0.586395873629916,33
"PHEvPHE_MITO","GO_BP","chromosome separation",1.25918525482456,0.618721616802061,32
"PHEvPHE_MITO","GO_BP","regulation of actin cytoskeleton organization",-1.25867382028324,0.475503522341831,162
"PHEvPHE_MITO","GO_BP","negative regulation of interleukin-1 beta production",1.25743550844217,0.692641399099724,5
"PHEvPHE_MITO","GO_BP","T cell lineage commitment",-1.25694153659232,0.676937962859588,10
"PHEvPHE_MITO","GO_BP","response to catecholamine",-1.25509407701671,0.6245376,25
"PHEvPHE_MITO","GO_BP","cellular response to tumor necrosis factor",-1.25313202258204,0.527479133893771,78
"PHEvPHE_MITO","GO_BP","negative regulation of response to biotic stimulus",1.2519640813451,0.600759619089558,43
"PHEvPHE_MITO","GO_BP","response to increased oxygen levels",1.25103021520049,0.633303945202439,25
"PHEvPHE_MITO","GO_BP","regulation of spindle checkpoint",1.25063880549421,0.690461786650534,7
"PHEvPHE_MITO","GO_BP","response to dietary excess",1.25061487979894,0.692641399099724,6
"PHEvPHE_MITO","GO_BP","neutrophil degranulation",1.25038355668092,0.686856718622867,4
"PHEvPHE_MITO","GO_BP","neutrophil mediated cytotoxicity",1.24997979312595,0.63231716723428,2
"PHEvPHE_MITO","GO_BP","neutrophil-mediated killing of symbiont cell",1.24997979312595,0.63231716723428,2
"PHEvPHE_MITO","GO_BP","cellular response to interleukin-7",-1.24921542691318,0.647506843356861,17
"PHEvPHE_MITO","GO_BP","response to fatty acid",1.24853069914109,0.63231716723428,33
"PHEvPHE_MITO","GO_BP","muscle cell differentiation",-1.24814290466228,0.475422159887798,166
"PHEvPHE_MITO","GO_BP","vitamin biosynthetic process",1.24738012639307,0.690690850893572,7
"PHEvPHE_MITO","GO_BP","viral gene expression",1.24728582881098,0.65036607266197,26
"PHEvPHE_MITO","GO_BP","protein desumoylation",-1.24715645087097,0.671334675305555,3
"PHEvPHE_MITO","GO_BP","negative regulation of establishment of protein localization",1.24708271106186,0.591592812423774,51
"PHEvPHE_MITO","GO_BP","segment specification",-1.24684718249807,0.586395873629916,1
"PHEvPHE_MITO","GO_BP","norepinephrine metabolic process",1.24601373481766,0.692641399099724,4
"PHEvPHE_MITO","GO_BP","positive regulation of systemic arterial blood pressure",-1.2456694865415,0.690461786650534,7
"PHEvPHE_MITO","GO_BP","neuronal ion channel clustering",-1.24404892201239,0.652954691664369,2
"PHEvPHE_MITO","GO_BP","alcohol catabolic process",1.24381021133808,0.692641399099724,11
"PHEvPHE_MITO","GO_BP","hydrogen peroxide catabolic process",1.24355649271285,0.677957152474359,12
"PHEvPHE_MITO","GO_BP","response to testosterone",1.24319942778656,0.624043158124954,30
"PHEvPHE_MITO","GO_BP","negative regulation of nervous system process",1.24274102810655,0.692641399099724,4
"PHEvPHE_MITO","GO_BP","calcium ion homeostasis",1.24165653253239,0.569857730692637,79
"PHEvPHE_MITO","GO_BP","vitamin metabolic process",1.24119435832833,0.692641399099724,10
"PHEvPHE_MITO","GO_BP","negative regulation of alcohol biosynthetic process",1.24057205458608,0.647085689087673,2
"PHEvPHE_MITO","GO_BP","type B pancreatic cell apoptotic process",-1.24014156081353,0.692641399099724,6
"PHEvPHE_MITO","GO_BP","connective tissue development",-1.23979419955242,0.562896364683373,79
"PHEvPHE_MITO","GO_BP","endoplasmic reticulum organization",1.23978227369864,0.576741679019,66
"PHEvPHE_MITO","GO_BP","regulation of neurogenesis",-1.23963745392411,0.523153017425168,143
"PHEvPHE_MITO","GO_BP","bile acid biosynthetic process",1.23947225946461,0.692641399099724,4
"PHEvPHE_MITO","GO_BP","regulation of establishment of cell polarity",1.23888094290223,0.693840744906127,11
"PHEvPHE_MITO","GO_BP","positive regulation of interleukin-1 beta production",-1.23870876867153,0.668054110301769,14
"PHEvPHE_MITO","GO_BP","kinetochore organization",-1.23852055202261,0.693840744906127,8
"PHEvPHE_MITO","GO_BP","dosage compensation by inactivation of X chromosome",-1.23717837351313,0.692641399099724,6
"PHEvPHE_MITO","GO_BP","intrinsic apoptotic signaling pathway in response to DNA damage",1.23633999425616,0.63231716723428,38
"PHEvPHE_MITO","GO_BP","response to UV-A",1.23579502857881,0.693840744906127,4
"PHEvPHE_MITO","GO_BP","response to transforming growth factor beta",-1.23577340025157,0.526586950670922,109
"PHEvPHE_MITO","GO_BP","positive regulation of alpha-beta T cell proliferation",-1.23558397090487,0.66006463407238,2
"PHEvPHE_MITO","GO_BP","cellular response to ether",-1.23540309112684,0.685383845498017,9
"PHEvPHE_MITO","GO_BP","positive regulation of type I interferon-mediated signaling pathway",-1.23531855232566,0.69614825559342,8
"PHEvPHE_MITO","GO_BP","oligopeptide transport",-1.23498736825947,0.687000792102701,3
"PHEvPHE_MITO","GO_BP","negative regulation of cell killing",1.23429215508589,0.692641399099724,9
"PHEvPHE_MITO","GO_BP","plasma membrane phospholipid scrambling",1.23378548935094,0.692641399099724,10
"PHEvPHE_MITO","GO_BP","regulation of membrane lipid distribution",1.23378548935094,0.692641399099724,10
"PHEvPHE_MITO","GO_BP","glycolipid catabolic process",1.23266768492982,0.692641399099724,10
"PHEvPHE_MITO","GO_BP","positive regulation of amyloid precursor protein catabolic process",-1.2315522865392,0.692641399099724,7
"PHEvPHE_MITO","GO_BP","negative regulation of epidermis development",-1.23137898528498,0.624043158124954,1
"PHEvPHE_MITO","GO_BP","ribosome disassembly",1.22946934557684,0.659658755674361,29
"PHEvPHE_MITO","GO_BP","hair follicle maturation",-1.22894638640956,0.68931501333736,5
"PHEvPHE_MITO","GO_BP","cerebellar granular layer morphogenesis",-1.2284971738586,0.693840744906127,6
"PHEvPHE_MITO","GO_BP","regulation of glial cell apoptotic process",-1.22829539166478,0.692641399099724,7
"PHEvPHE_MITO","GO_BP","nucleus localization",-1.22804533375775,0.65591339201739,25
"PHEvPHE_MITO","GO_BP","interferon-mediated signaling pathway",-1.22789309037033,0.64073266847192,21
"PHEvPHE_MITO","GO_BP","positive regulation of defense response to virus by host",-1.22702429079132,0.692641399099724,10
"PHEvPHE_MITO","GO_BP","non-motile cilium assembly",-1.22627419400509,0.677957152474359,13
"PHEvPHE_MITO","GO_BP","immunological memory process",-1.226064590096,0.692641399099724,3
"PHEvPHE_MITO","GO_BP","lymph node development",-1.22571001934469,0.688105454721384,4
"PHEvPHE_MITO","GO_BP","antifungal innate immune response",1.22509764995253,0.69614825559342,3
"PHEvPHE_MITO","GO_BP","notochord development",-1.22395908216416,0.691412337105679,5
"PHEvPHE_MITO","GO_BP","regulation of cellular pH",1.22372647910306,0.647085689087673,32
"PHEvPHE_MITO","GO_BP","nuclear membrane reassembly",-1.22357327504297,0.68000010591902,16
"PHEvPHE_MITO","GO_BP","lysosomal protein catabolic process",1.22254899891691,0.692641399099724,13
"PHEvPHE_MITO","GO_BP","protein localization to cell periphery",-1.2223372976067,0.495938907036285,199
"PHEvPHE_MITO","GO_BP","regulation of DNA-templated DNA replication",-1.22192852599617,0.69614825559342,8
"PHEvPHE_MITO","GO_BP","negative regulation of protein serine/threonine kinase activity",-1.22180944386355,0.65036607266197,21
"PHEvPHE_MITO","GO_BP","protein O-linked glycosylation via xylose",1.22127670688414,0.692641399099724,13
"PHEvPHE_MITO","GO_BP","regulation of embryonic development",1.22117950730658,0.686516290726817,21
"PHEvPHE_MITO","GO_BP","regulation of pH",1.22059339166383,0.663169617638039,33
"PHEvPHE_MITO","GO_BP","acylglycerol biosynthetic process",-1.2205359004366,0.675800806773075,14
"PHEvPHE_MITO","GO_BP","facultative heterochromatin formation",1.21961209423437,0.69614825559342,4
"PHEvPHE_MITO","GO_BP","regulation of receptor recycling",-1.21923892826321,0.677957152474359,15
"PHEvPHE_MITO","GO_BP","regulation of sensory perception of pain",-1.21894918395303,0.647085689087673,1
"PHEvPHE_MITO","GO_BP","protein polymerization",-1.21842933131161,0.54282234760865,143
"PHEvPHE_MITO","GO_BP","regulation of AMPA receptor activity",1.21840863274391,0.690461786650534,15
"PHEvPHE_MITO","GO_BP","cellular response to retinoic acid",-1.21775753304694,0.671334675305555,23
"PHEvPHE_MITO","GO_BP","positive regulation of circadian rhythm",-1.21756809491615,0.64982728711193,1
"PHEvPHE_MITO","GO_BP","response to morphine",-1.21697089313616,0.692641399099724,12
"PHEvPHE_MITO","GO_BP","secondary metabolic process",1.21614772140048,0.692641399099724,15
"PHEvPHE_MITO","GO_BP","positive regulation of collagen metabolic process",-1.21577193364626,0.692641399099724,11
"PHEvPHE_MITO","GO_BP","positive regulation of nervous system development",-1.21439747405228,0.569857730692637,117
"PHEvPHE_MITO","GO_BP","cell communication by electrical coupling",1.21324922522033,0.69614825559342,9
"PHEvPHE_MITO","GO_BP","synaptic vesicle localization",-1.21308327090239,0.624043158124954,33
"PHEvPHE_MITO","GO_BP","response to chemokine",-1.21285742435723,0.692641399099724,12
"PHEvPHE_MITO","GO_BP","cellular response to chemokine",-1.21285742435723,0.692641399099724,12
"PHEvPHE_MITO","GO_BP","response to erythropoietin",-1.21156320024042,0.692641399099724,4
"PHEvPHE_MITO","GO_BP","photoperiodism",1.2101770650101,0.693840744906127,8
"PHEvPHE_MITO","GO_BP","response to immobilization stress",1.20952133098167,0.693840744906127,12
"PHEvPHE_MITO","GO_BP","neuromuscular junction development",-1.20948007823008,0.626833021263974,39
"PHEvPHE_MITO","GO_BP","response to unfolded protein",1.20941909232296,0.631536968601282,57
"PHEvPHE_MITO","GO_BP","steroid metabolic process",1.20917277284935,0.586395873629916,84
"PHEvPHE_MITO","GO_BP","antigen processing and presentation of peptide antigen via MHC class II",-1.20787305134286,0.692641399099724,4
"PHEvPHE_MITO","GO_BP","response to nutrient",1.20626235193857,0.594120724818742,116
"PHEvPHE_MITO","GO_BP","DNA replication checkpoint signaling",-1.2062431648137,0.65907854441725,1
"PHEvPHE_MITO","GO_BP","RIG-I signaling pathway",1.20595284503796,0.685383845498017,16
"PHEvPHE_MITO","GO_BP","neural crest cell migration",-1.20593345834376,0.693840744906127,11
"PHEvPHE_MITO","GO_BP","morphogenesis of an epithelial bud",1.2051980640351,0.692641399099724,2
"PHEvPHE_MITO","GO_BP","neuromuscular process controlling balance",-1.20517138666973,0.677957152474359,24
"PHEvPHE_MITO","GO_BP","lipid storage",1.20473280138399,0.685383845498017,28
"PHEvPHE_MITO","GO_BP","nutrient storage",1.20473280138399,0.685383845498017,28
"PHEvPHE_MITO","GO_BP","negative regulation of amine transport",-1.2046404930208,0.69614825559342,3
"PHEvPHE_MITO","GO_BP","rRNA methylation",-1.20453099524594,0.69614825559342,5
"PHEvPHE_MITO","GO_BP","positive regulation of branching involved in ureteric bud morphogenesis",-1.20403342235469,0.661382558237322,1
"PHEvPHE_MITO","GO_BP","response to tumor necrosis factor",-1.20331007449735,0.624043158124954,89
"PHEvPHE_MITO","GO_BP","leukocyte proliferation",1.2031029816528,0.652418077124411,80
"PHEvPHE_MITO","GO_BP","regulation of short-term neuronal synaptic plasticity",-1.20119293930281,0.69614825559342,3
"PHEvPHE_MITO","GO_BP","positive regulation of focal adhesion assembly",1.20117642355999,0.690461786650534,19
"PHEvPHE_MITO","GO_BP","calcium-ion regulated exocytosis",1.20096803212171,0.67854204992447,20
"PHEvPHE_MITO","GO_BP","response to caloric restriction",-1.19996005497755,0.69614825559342,5
"PHEvPHE_MITO","GO_BP","fibroblast proliferation",-1.19904691746441,0.643801697987161,39
"PHEvPHE_MITO","GO_BP","integrated stress response signaling",1.198787984155,0.685211126676005,20
"PHEvPHE_MITO","GO_BP","host-mediated perturbation of viral transcription",-1.19742596554956,0.692641399099724,13
"PHEvPHE_MITO","GO_BP","regulation of endoplasmic reticulum unfolded protein response",1.19561835309192,0.692641399099724,15
"PHEvPHE_MITO","GO_BP","positive regulation of phosphorylation",1.19527145831481,0.578332406009061,121
"PHEvPHE_MITO","GO_BP","regulation of cAMP/PKA signal transduction",-1.19463802248243,0.692641399099724,14
"PHEvPHE_MITO","GO_BP","hematopoietic stem cell homeostasis",-1.19438337747941,0.69614825559342,11
"PHEvPHE_MITO","GO_BP","positive regulation of extracellular matrix organization",-1.19424592898723,0.692641399099724,13
"PHEvPHE_MITO","GO_BP","membrane raft organization",1.19392323309699,0.692641399099724,15
"PHEvPHE_MITO","GO_BP","endothelial cell migration",-1.19391867074389,0.625184256338085,89
"PHEvPHE_MITO","GO_BP","regulation of chromosome separation",1.19180034947991,0.685211126676005,29
"PHEvPHE_MITO","GO_BP","negative regulation of endothelial cell migration",-1.1905515271472,0.692641399099724,18
"PHEvPHE_MITO","GO_BP","stress granule assembly",-1.18969659555645,0.692641399099724,27
"PHEvPHE_MITO","GO_BP","regulation of cardiac muscle contraction",-1.18932001809293,0.690220181881112,29
"PHEvPHE_MITO","GO_BP","reactive nitrogen species metabolic process",1.18723424540686,0.693840744906127,39
"PHEvPHE_MITO","GO_BP","learning",1.18711503551022,0.65591339201739,59
"PHEvPHE_MITO","GO_BP","organelle membrane fusion",-1.18580425744623,0.610110815076281,70
"PHEvPHE_MITO","GO_BP","negative regulation of smooth muscle cell migration",-1.1857667079609,0.69614825559342,16
"PHEvPHE_MITO","GO_BP","regulation of intracellular steroid hormone receptor signaling pathway",-1.18549507060379,0.652954691664369,39
"PHEvPHE_MITO","GO_BP","positive regulation of nucleocytoplasmic transport",-1.1838368765021,0.652954691664369,39
"PHEvPHE_MITO","GO_BP","endothelial cell proliferation",-1.18382604426792,0.647085689087673,49
"PHEvPHE_MITO","GO_BP","regulation of cell size",-1.18277059063856,0.647828323900885,85
"PHEvPHE_MITO","GO_BP","axon extension",-1.18210456249446,0.659658755674361,47
"PHEvPHE_MITO","GO_BP","replacement ossification",-1.18205219504435,0.69614825559342,14
"PHEvPHE_MITO","GO_BP","muscle adaptation",-1.18054425674034,0.651879271619576,67
"PHEvPHE_MITO","GO_BP","regulation of peptide secretion",1.18044875822087,0.668179558773895,63
"PHEvPHE_MITO","GO_BP","sodium ion transport",1.17781528882229,0.687988095136615,45
"PHEvPHE_MITO","GO_BP","positive regulation of cell division",-1.17660017536362,0.692641399099724,26
"PHEvPHE_MITO","GO_BP","negative regulation of viral process",-1.17658544380707,0.693840744906127,23
"PHEvPHE_MITO","GO_BP","viral RNA genome replication",1.17575300807096,0.693840744906127,17
"PHEvPHE_MITO","GO_BP","mast cell activation",1.17511796021812,0.693840744906127,17
"PHEvPHE_MITO","GO_BP","regulation of cell adhesion molecule production",1.17462395520823,0.692641399099724,1
"PHEvPHE_MITO","GO_BP","membrane docking",-1.17423215380821,0.677957152474359,48
"PHEvPHE_MITO","GO_BP","cytoskeleton-dependent cytokinesis",1.17335651690607,0.680729827570111,62
"PHEvPHE_MITO","GO_BP","negative regulation of growth",-1.17283233826274,0.65591339201739,74
"PHEvPHE_MITO","GO_BP","blood coagulation",1.17267188894706,0.692641399099724,48
"PHEvPHE_MITO","GO_BP","modification of synaptic structure",-1.17258812768106,0.690220181881112,31
"PHEvPHE_MITO","GO_BP","positive regulation of response to cytokine stimulus",-1.17257147516528,0.69614825559342,22
"PHEvPHE_MITO","GO_BP","cytoplasmic translational elongation",1.17166518325465,0.690461786650534,29
"PHEvPHE_MITO","GO_BP","establishment of spindle orientation",-1.17140245319635,0.692641399099724,19
"PHEvPHE_MITO","GO_BP","cellular response to ketone",-1.17100633143041,0.65907854441725,67
"PHEvPHE_MITO","GO_BP","regulation of glial cell differentiation",-1.1708219314094,0.691412337105679,21
"PHEvPHE_MITO","GO_BP","positive regulation of phagocytosis",1.16913157867975,0.69614825559342,24
"PHEvPHE_MITO","GO_BP","coagulation",1.16722596413496,0.692641399099724,49
"PHEvPHE_MITO","GO_BP","developmental growth involved in morphogenesis",-1.16582626615374,0.649882838129159,96
"PHEvPHE_MITO","GO_BP","chemotaxis",-1.16555065560522,0.637214762218341,115
"PHEvPHE_MITO","GO_BP","endoplasmic reticulum to Golgi vesicle-mediated transport",1.16108540854653,0.655929591737579,83
"PHEvPHE_MITO","GO_BP","negative regulation of protein modification by small protein conjugation or removal",-1.15871085618327,0.677957152474359,40
"PHEvPHE_MITO","GO_BP","centrosome duplication",-1.15840452164809,0.692641399099724,21
"PHEvPHE_MITO","GO_BP","microtubule organizing center localization",-1.15661948623005,0.697068403908795,18
"PHEvPHE_MITO","GO_BP","protein transmembrane transport",1.1519549263205,0.692641399099724,44
"PHEvPHE_MITO","GO_BP","response to insulin",-1.15190011348232,0.601200557480073,154
"PHEvPHE_MITO","GO_BP","nuclear export",-1.14958787386098,0.671334675305555,88
"PHEvPHE_MITO","GO_BP","leukocyte mediated immunity",-1.14400352977912,0.685829451217498,87
"PHEvPHE_MITO","GO_BP","cardiac muscle hypertrophy",-1.13467138606903,0.69614825559342,59
"PHEvPHE_MITO","GO_BP","regulation of generation of precursor metabolites and energy",1.12832722024334,0.692641399099724,52
"PHEvPHE_MITO","GO_BP","positive regulation of secretion",1.12525776378158,0.690690850893572,121
"PHEvPHE_MITO","GO_BP","intracellular monoatomic cation homeostasis",1.12489498440235,0.680729827570111,145
"PHEvPHE_MITO","GO_BP","circadian rhythm",-1.12315913234665,0.69614825559342,68
"PHEvPHE_MITO","GO_BP","anatomical structure maturation",1.11612845903989,0.69614825559342,63
"PHEvPHE_MITO","GO_BP","canonical Wnt signaling pathway",-1.11208805994372,0.692641399099724,92
"PHEvPHE_MITO","GO_BP","regulation of synapse structure or activity",-1.11043351869232,0.676937962859588,146
"PHEvPHE_MITO","GO_BP","positive regulation of cytoskeleton organization",-1.09979412490038,0.69614825559342,100
"PHEvPHE_MITO","GO_BP","regulation of transferase activity",1.09954227095124,0.693840744906127,130
"PHEvPHE_MITO","GO_BP",NA,NA,NA,NA
"PHEvPHE_MITO","GO_BP",NA,NA,NA,NA
"PHEvPHE_MITO","GO_BP",NA,NA,NA,NA
"PHEvPHE_MITO","GO_BP",NA,NA,NA,NA
"PHEvPHE_MITO","GO_BP",NA,NA,NA,NA
"PHEvPHE_MITO","GO_BP",NA,NA,NA,NA
"PHEvPHE_MITO","GO_BP",NA,NA,NA,NA
"PHEvPHE_MITO","GO_BP",NA,NA,NA,NA
"PHEvPHE_MITO","GO_BP",NA,NA,NA,NA
"PHEvPHE_MITO","GO_BP",NA,NA,NA,NA
"PHEvPHE_MITO","GO_BP",NA,NA,NA,NA
"PHEvPHE_MITO","GO_BP",NA,NA,NA,NA
"PHEvPHE_MITO","GO_BP",NA,NA,NA,NA
"PHEvPHE_MITO","GO_BP",NA,NA,NA,NA
"PHEvPHE_MITO","GO_BP",NA,NA,NA,NA
"PHEvPHE_MITO","GO_BP",NA,NA,NA,NA
"PHEvPHE_MITO","GO_BP",NA,NA,NA,NA
"PHEvPHE_MITO","GO_BP",NA,NA,NA,NA
"PHEvPHE_MITO","GO_BP",NA,NA,NA,NA
"PHEvPHE_MITO","GO_BP",NA,NA,NA,NA
"PHEvPHE_MITO","GO_BP",NA,NA,NA,NA
"PHEvPHE_MITO","GO_BP",NA,NA,NA,NA
"PHEvPHE_MITO","GO_BP",NA,NA,NA,NA
"PHEvPHE_MITO","GO_BP",NA,NA,NA,NA
"PHEvPHE_MITO","GO_BP",NA,NA,NA,NA
"PHEvPHE_MITO","GO_BP",NA,NA,NA,NA
"PHEvPHE_MITO","GO_BP",NA,NA,NA,NA
"PHEvPHE_MITO","GO_BP",NA,NA,NA,NA
"PHEvPHE_MITO","GO_BP",NA,NA,NA,NA
"PHEvPHE_MITO","GO_BP",NA,NA,NA,NA
"PHEvPHE_MITO","GO_BP",NA,NA,NA,NA
"PHEvPHE_MITO","GO_BP",NA,NA,NA,NA
"PHEvPHE_MITO","GO_BP",NA,NA,NA,NA
"PHEvPHE_MITO","GO_BP",NA,NA,NA,NA
"PHEvPHE_MITO","GO_BP",NA,NA,NA,NA
"PHEvPHE_MITO","GO_BP",NA,NA,NA,NA
"PHEvPHE_MITO","GO_BP",NA,NA,NA,NA
"PHEvPHE_MITO","GO_BP",NA,NA,NA,NA
"PHEvPHE_MITO","GO_BP",NA,NA,NA,NA
"PHEvPHE_MITO","GO_BP",NA,NA,NA,NA
"PHEvPHE_MITO","GO_BP",NA,NA,NA,NA
"PHEvPHE_MITO","GO_BP",NA,NA,NA,NA
"PHEvPHE_MITO","GO_BP",NA,NA,NA,NA
"PHEvPHE_MITO","GO_BP",NA,NA,NA,NA
"PHEvPHE_MITO","GO_BP",NA,NA,NA,NA
"PHEvPHE_MITO","GO_BP",NA,NA,NA,NA
"PHEvPHE_MITO","GO_BP",NA,NA,NA,NA
"PHEvPHE_MITO","GO_BP",NA,NA,NA,NA
"PHEvPHE_MITO","GO_BP",NA,NA,NA,NA
"PHEvPHE_MITO","GO_CC","mitochondrial inner membrane",2.3547738134458,1.97666666666667e-08,202
"PHEvPHE_MITO","GO_CC","mitochondrial matrix",2.34823865131027,1.97666666666667e-08,219
"PHEvPHE_MITO","GO_CC","proton-transporting two-sector ATPase complex",2.28051106936946,4.70258141301418e-05,28
"PHEvPHE_MITO","GO_CC","proteasome core complex",2.1461906397587,0.00109729321558405,16
"PHEvPHE_MITO","GO_CC","respiratory chain complex",2.13713536332018,9.67222139630421e-05,64
"PHEvPHE_MITO","GO_CC","mitochondrial protein-containing complex",2.12648781447675,4.83973137135042e-06,117
"PHEvPHE_MITO","GO_CC","collagen trimer",-2.10541400078036,0.00460543341074526,14
"PHEvPHE_MITO","GO_CC","nucleoid",2.09765250049129,0.00136396303616612,28
"PHEvPHE_MITO","GO_CC","transmembrane transporter complex",2.0964285314981,9.99002005809232e-06,112
"PHEvPHE_MITO","GO_CC","interstitial matrix",-2.08223683920328,0.00460543341074526,18
"PHEvPHE_MITO","GO_CC","complex of collagen trimers",-2.04816626011032,0.00525075366088227,13
"PHEvPHE_MITO","GO_CC","solid phase of interstitial matrix",-1.98855403087783,0.00720614609892294,17
"PHEvPHE_MITO","GO_CC","collagenous component of interstitial matrix",-1.96992158507399,0.0027167354031446,9
"PHEvPHE_MITO","GO_CC","alpha-ketoacid dehydrogenase complex",1.89486830722923,0.0309325796717411,13
"PHEvPHE_MITO","GO_CC","oxidoreductase complex",1.84252771955422,0.00720614609892294,67
"PHEvPHE_MITO","GO_CC","outer membrane",1.8407060972093,0.00136396303616612,117
"PHEvPHE_MITO","GO_CC","acetyltransferase complex",1.79869120772001,0.0224305480529084,31
"PHEvPHE_MITO","GO_CC","organellar ribosome",1.7561182411653,0.0224305480529084,57
"PHEvPHE_MITO","GO_CC","actin cytoskeleton",-1.70199226234404,0.000405886253059127,260
"PHEvPHE_MITO","GO_CC","exocytic vesicle",1.67062218498734,0.00460543341074526,168
"PHEvPHE_MITO","GO_CC","centriolar satellite",-1.67033553620176,0.203740327271059,14
"PHEvPHE_MITO","GO_CC","contractile muscle fiber",-1.65149220820267,0.0090201851550016,124
"PHEvPHE_MITO","GO_CC","neuron spine",-1.65131243938564,0.0304086152049876,76
"PHEvPHE_MITO","GO_CC","presynaptic active zone membrane",1.64580465814516,0.177343643849221,15
"PHEvPHE_MITO","GO_CC","peptidase complex",1.62528534253902,0.0421341769209005,75
"PHEvPHE_MITO","GO_CC","microtubule end",-1.62496931348534,0.245518310814596,18
"PHEvPHE_MITO","GO_CC","glial cell projection",1.61687647678956,0.147640303836928,11
"PHEvPHE_MITO","GO_CC","dendritic spine",-1.59747728921292,0.0452360343722042,75
"PHEvPHE_MITO","GO_CC","cytoplasmic stress granule",-1.57055822382748,0.0793893253086574,62
"PHEvPHE_MITO","GO_CC","presynaptic active zone",1.57030067505441,0.173488088769043,40
"PHEvPHE_MITO","GO_CC","cytochrome complex",1.5276589416341,0.203740327271059,17
"PHEvPHE_MITO","GO_CC","phosphatase complex",1.52198273263946,0.200772537943854,28
"PHEvPHE_MITO","GO_CC","adherens junction",-1.50591815437822,0.10690106882402,75
"PHEvPHE_MITO","GO_CC","cell pole",-1.50173749611844,0.342554557124519,6
"PHEvPHE_MITO","GO_CC","exon-exon junction complex",-1.50004178406716,0.342554557124519,15
"PHEvPHE_MITO","GO_CC","focal adhesion",-1.4987528743329,0.0872808346988493,104
"PHEvPHE_MITO","GO_CC","nuclear speck",-1.49477049323594,0.049221557266257,143
"PHEvPHE_MITO","GO_CC","germ plasm",-1.48643298933242,0.342554557124519,6
"PHEvPHE_MITO","GO_CC","site of DNA damage",-1.48152994497518,0.195577458222876,47
"PHEvPHE_MITO","GO_CC","cytolytic granule",1.4814337042447,0.352242352242352,6
"PHEvPHE_MITO","GO_CC","BLOC complex",-1.47566078060061,0.342554557124519,12
"PHEvPHE_MITO","GO_CC","axon terminus",-1.45170331542293,0.207587493513024,63
"PHEvPHE_MITO","GO_CC","plasma lipoprotein particle",-1.45103328221462,0.423137441451991,8
"PHEvPHE_MITO","GO_CC","lipoprotein particle",-1.45103328221462,0.423137441451991,8
"PHEvPHE_MITO","GO_CC","H4 histone acetyltransferase complex",1.4442818469958,0.423541913455508,9
"PHEvPHE_MITO","GO_CC","pronucleus",-1.44308786298001,0.426373310324993,8
"PHEvPHE_MITO","GO_CC","dendritic shaft",-1.43019148946658,0.35964196833762,21
"PHEvPHE_MITO","GO_CC","synaptic cleft",-1.42929617746232,0.377361492264248,3
"PHEvPHE_MITO","GO_CC","Ino80 complex",1.41690203711893,0.471510742683133,5
"PHEvPHE_MITO","GO_CC","voltage-gated potassium channel complex",-1.40907757637737,0.423137441451991,3
"PHEvPHE_MITO","GO_CC","lipid droplet",1.40518954463189,0.337152853706538,43
"PHEvPHE_MITO","GO_CC","axonemal dynein complex",-1.40411712549052,0.203740327271059,2
"PHEvPHE_MITO","GO_CC","nuclear ribonucleoprotein granule",-1.40073080946512,0.113078056498872,167
"PHEvPHE_MITO","GO_CC","cytosolic translation preinitiation complex",1.39895661594216,0.423137441451991,17
"PHEvPHE_MITO","GO_CC","spindle pole centrosome",-1.39824786004056,0.478127358814246,9
"PHEvPHE_MITO","GO_CC","cortical cytoskeleton",-1.39645131178474,0.310266322626812,63
"PHEvPHE_MITO","GO_CC","protein phosphatase type 1 complex",1.39485182297116,0.499342600936609,9
"PHEvPHE_MITO","GO_CC","postsynaptic cytosol",-1.37345818675725,0.423137441451991,28
"PHEvPHE_MITO","GO_CC","membrane raft",1.37151369703069,0.149357213495087,133
"PHEvPHE_MITO","GO_CC","endoplasmic reticulum protein-containing complex",1.36574317055844,0.318472613593898,75
"PHEvPHE_MITO","GO_CC","postsynaptic endosome",-1.35691265224621,0.509985666507406,16
"PHEvPHE_MITO","GO_CC","cytosolic large ribosomal subunit",-1.35647653198853,0.489563703584056,45
"PHEvPHE_MITO","GO_CC","ciliary base",-1.35592902150218,0.552344124869457,10
"PHEvPHE_MITO","GO_CC","aggresome",-1.35590169073987,0.528395838247242,7
"PHEvPHE_MITO","GO_CC","presynaptic cytosol",-1.34601925084813,0.489563703584056,22
"PHEvPHE_MITO","GO_CC","GTPase complex",1.32497628942278,0.607581967213115,16
"PHEvPHE_MITO","GO_CC","gap junction",-1.32197651136317,0.542321034374014,6
"PHEvPHE_MITO","GO_CC","vacuolar membrane",1.31966484295443,0.241051877060469,143
"PHEvPHE_MITO","GO_CC","neuron projection terminus",-1.30643369687917,0.373175029367343,72
"PHEvPHE_MITO","GO_CC","cell leading edge",-1.29724229767355,0.177343643849221,230
"PHEvPHE_MITO","GO_CC","U4 snRNP",1.29442895226915,0.609500036708024,8
"PHEvPHE_MITO","GO_CC","Schmidt-Lanterman incisure",1.29080128373352,0.635465685132554,9
"PHEvPHE_MITO","GO_CC","other organism part",1.28265134521834,0.657804336935519,5
"PHEvPHE_MITO","GO_CC","exosome (RNase complex)",-1.2804022035,0.635465685132554,8
"PHEvPHE_MITO","GO_CC","solid phase of basement membrane",-1.27878876101782,0.635465685132554,8
"PHEvPHE_MITO","GO_CC","phagocytic cup",1.27626102073758,0.64025912679668,14
"PHEvPHE_MITO","GO_CC","exoribonuclease complex",-1.27424900500128,0.635465685132554,11
"PHEvPHE_MITO","GO_CC","COPII-coated ER to Golgi transport vesicle",1.27305716199823,0.557163866118358,42
"PHEvPHE_MITO","GO_CC","extrinsic component of postsynaptic membrane",-1.27091825643599,0.635465685132554,9
"PHEvPHE_MITO","GO_CC","axon initial segment",-1.26247340061482,0.684543142242223,5
"PHEvPHE_MITO","GO_CC","non-collagenous component of interstitial matrix",-1.25297111411744,0.665285282535031,8
"PHEvPHE_MITO","GO_CC","axon cytoplasm",-1.24361233190157,0.56610159685258,43
"PHEvPHE_MITO","GO_CC","extrinsic component of cytoplasmic side of plasma membrane",1.24352182712095,0.669136354442777,18
"PHEvPHE_MITO","GO_CC","lamellipodium",-1.24217647771792,0.423137441451991,120
"PHEvPHE_MITO","GO_CC","filopodium tip",1.2411200340938,0.688679802373875,8
"PHEvPHE_MITO","GO_CC","COPII vesicle coat",1.23636129486405,0.688679802373875,10
"PHEvPHE_MITO","GO_CC","postsynaptic specialization, intracellular component",-1.23531629824033,0.584346515570884,27
"PHEvPHE_MITO","GO_CC","transcription factor TFIID complex",1.23436947546165,0.688679802373875,7
"PHEvPHE_MITO","GO_CC","cytoplasmic side of endoplasmic reticulum membrane",1.23297330395824,0.606538539246389,37
"PHEvPHE_MITO","GO_CC","basolateral plasma membrane",-1.23130728535168,0.517466811627375,74
"PHEvPHE_MITO","GO_CC","TRAPP complex",1.21926124231426,0.693413651060814,10
"PHEvPHE_MITO","GO_CC","oligosaccharyltransferase complex",1.21840441262675,0.693413651060814,8
"PHEvPHE_MITO","GO_CC","basal part of cell",-1.21195471668753,0.559085041265973,89
"PHEvPHE_MITO","GO_CC","Golgi medial cisterna",1.21039410498484,0.699292452830189,9
"PHEvPHE_MITO","GO_CC","dystrophin-associated glycoprotein complex",-1.19080526268377,0.688679802373875,12
"PHEvPHE_MITO","GO_CC","glycoprotein complex",-1.19080526268377,0.688679802373875,12
"PHEvPHE_MITO","GO_CC","ATPase complex",1.17801175026092,0.67061264719614,45
"PHEvPHE_MITO","GO_CC","apical junction complex",-1.16974696191369,0.657804336935519,49
"PHEvPHE_MITO","GO_CC","cluster of actin-based cell projections",1.16737981922494,0.688679802373875,55
"PHEvPHE_MITO","GO_CC","postsynaptic density",-1.16373089563165,0.517466811627375,184
"PHEvPHE_MITO","GO_CC","extracellular exosome",1.15997944737219,0.688679802373875,39
"PHEvPHE_MITO","GO_CC","phagophore assembly site",-1.15820765107064,0.693413651060814,27
"PHEvPHE_MITO","GO_CC","preribosome",-1.14156227442262,0.693413651060814,38
"PHEvPHE_MITO","GO_CC",NA,NA,NA,NA
"PHEvPHE_MITO","GO_CC",NA,NA,NA,NA
"PHEvPHE_MITO","GO_CC",NA,NA,NA,NA
"PHEvPHE_MITO","GO_CC",NA,NA,NA,NA
"PHEvPHE_MITO","GO_CC",NA,NA,NA,NA
"PHEvPHE_MITO","GO_CC",NA,NA,NA,NA
"PHEvPHE_MITO","GO_MF","monoatomic cation channel activity",2.35133258766945,3.59274511007206e-05,40
"PHEvPHE_MITO","GO_MF","channel activity",2.22131041971865,8.45052300572478e-05,64
"PHEvPHE_MITO","GO_MF","extracellular matrix structural constituent",-2.19827226161549,0.00152750341237798,23
"PHEvPHE_MITO","GO_MF","oxidoreductase activity, acting on CH-OH group of donors",2.17321807716189,0.000149444448548241,58
"PHEvPHE_MITO","GO_MF","NAD binding",2.06820049564086,0.00554752796065466,37
"PHEvPHE_MITO","GO_MF","calcium-dependent phospholipid binding",2.05474461333232,0.0104757958787468,16
"PHEvPHE_MITO","GO_MF","metallopeptidase activity",2.02196138331335,0.00311006178375942,54
"PHEvPHE_MITO","GO_MF","actin binding",-1.94296548552606,1.34202914744939e-05,210
"PHEvPHE_MITO","GO_MF","sphingolipid binding",1.9352657363786,0.0131438641440478,10
"PHEvPHE_MITO","GO_MF","aminopeptidase activity",1.90511465296703,0.0387208170331652,21
"PHEvPHE_MITO","GO_MF","hydrolase activity, acting on glycosyl bonds",1.89485855542837,0.0229869254121463,37
"PHEvPHE_MITO","GO_MF","oxidoreductase activity, acting on the aldehyde or oxo group of donors",1.89451257715806,0.0413359938404828,21
"PHEvPHE_MITO","GO_MF","acid-thiol ligase activity",1.87105946795999,0.0413359938404828,13
"PHEvPHE_MITO","GO_MF","phosphatidylcholine binding",1.86612024482546,0.0314854876188038,9
"PHEvPHE_MITO","GO_MF","transaminase activity",1.85678527126001,0.0333281479783329,10
"PHEvPHE_MITO","GO_MF","active transmembrane transporter activity",1.85094919479656,0.00554752796065466,98
"PHEvPHE_MITO","GO_MF","mRNA 3'-UTR binding",-1.79345957817921,0.0103654483644164,70
"PHEvPHE_MITO","GO_MF","fatty acid ligase activity",1.78623990544574,0.0620757839147167,10
"PHEvPHE_MITO","GO_MF","fatty acid-CoA ligase activity",1.78623990544574,0.0620757839147167,10
"PHEvPHE_MITO","GO_MF","quaternary ammonium group binding",1.78213003861117,0.052604051462887,11
"PHEvPHE_MITO","GO_MF","thiolester hydrolase activity",1.77365282389361,0.09063540452281,21
"PHEvPHE_MITO","GO_MF","ATPase activity, coupled to transmembrane movement of ions, rotational mechanism",1.77232398625847,0.0886198500071951,13
"PHEvPHE_MITO","GO_MF","proton-transporting ATPase activity, rotational mechanism",1.77232398625847,0.0886198500071951,13
"PHEvPHE_MITO","GO_MF","vitamin binding",1.7677329336827,0.0300456461491713,46
"PHEvPHE_MITO","GO_MF","pyridoxal phosphate binding",1.76589802017165,0.101300944205397,20
"PHEvPHE_MITO","GO_MF","transferase activity, transferring alkyl or aryl (other than methyl) groups",1.76248103358273,0.0886198500071951,25
"PHEvPHE_MITO","GO_MF","monoatomic anion transmembrane transporter activity",1.75285793137267,0.0920838406729396,22
"PHEvPHE_MITO","GO_MF","flavin adenine dinucleotide binding",1.7451903999717,0.07929659426201,42
"PHEvPHE_MITO","GO_MF","modified amino acid binding",1.74511200336994,0.052604051462887,43
"PHEvPHE_MITO","GO_MF","lipoprotein particle binding",-1.74256453744766,0.0886876799727574,7
"PHEvPHE_MITO","GO_MF","guanyl ribonucleotide binding",1.73433390497728,0.00527730135877722,168
"PHEvPHE_MITO","GO_MF","cytokine activity",-1.72849217214051,0.101300944205397,13
"PHEvPHE_MITO","GO_MF","calmodulin binding",-1.72614871149232,0.0460543967418471,61
"PHEvPHE_MITO","GO_MF","GTP binding",1.72529061862726,0.00421620658815306,162
"PHEvPHE_MITO","GO_MF","ATPase-coupled transmembrane transporter activity",1.71715290886449,0.07929659426201,31
"PHEvPHE_MITO","GO_MF","spectrin binding",-1.67403235887741,0.127949492279178,11
"PHEvPHE_MITO","GO_MF","adrenergic receptor binding",-1.66823501878799,0.12249782602579,10
"PHEvPHE_MITO","GO_MF","modification-dependent protein binding",-1.66348550235062,0.104399368791197,41
"PHEvPHE_MITO","GO_MF","acyltransferase activity, transferring groups other than amino-acyl groups",1.65052431075655,0.0551771148547174,73
"PHEvPHE_MITO","GO_MF","pre-mRNA binding",-1.64933123747898,0.139264441018525,26
"PHEvPHE_MITO","GO_MF","protein tag activity",-1.63238592723504,0.102677351161578,6
"PHEvPHE_MITO","GO_MF","molecular tag activity",-1.63238592723504,0.102677351161578,6
"PHEvPHE_MITO","GO_MF","alcohol binding",1.62459523381069,0.166648828205101,25
"PHEvPHE_MITO","GO_MF","tumor necrosis factor receptor binding",-1.62185958945519,0.187665218608755,8
"PHEvPHE_MITO","GO_MF","damaged DNA binding",-1.62151448511242,0.166648828205101,24
"PHEvPHE_MITO","GO_MF","lipase inhibitor activity",1.61812728162204,0.142618359472999,6
"PHEvPHE_MITO","GO_MF","exogenous protein binding",-1.61072897120547,0.150581675239679,14
"PHEvPHE_MITO","GO_MF","ATP-dependent protein folding chaperone",1.61050371203005,0.258420177379856,16
"PHEvPHE_MITO","GO_MF","O-methyltransferase activity",1.6082527152378,0.249431638140427,9
"PHEvPHE_MITO","GO_MF","muscle alpha-actinin binding",-1.60084759609683,0.207529301738542,7
"PHEvPHE_MITO","GO_MF","ATP hydrolysis activity",1.5977148856656,0.0168267170415675,150
"PHEvPHE_MITO","GO_MF","steroid binding",1.59744047727336,0.181624284794484,30
"PHEvPHE_MITO","GO_MF","glycosaminoglycan binding",-1.59071745169636,0.0891047560187695,53
"PHEvPHE_MITO","GO_MF","cell-cell adhesion mediator activity",1.58655723739415,0.288593800333942,9
"PHEvPHE_MITO","GO_MF","phosphatidylinositol-4,5-bisphosphate binding",1.57246093346698,0.166648828205101,32
"PHEvPHE_MITO","GO_MF","nucleic acid conformation isomerase activity",-1.56936728024737,0.102677351161578,64
"PHEvPHE_MITO","GO_MF","steroid dehydrogenase activity",1.56130468123549,0.301736764708639,10
"PHEvPHE_MITO","GO_MF","diacylglycerol-dependent serine/threonine kinase activity",-1.56021684301843,0.249828611569829,7
"PHEvPHE_MITO","GO_MF","cargo receptor activity",-1.55852421580809,0.258420177379856,15
"PHEvPHE_MITO","GO_MF","DNA binding, bending",-1.54343971019089,0.308084269849847,7
"PHEvPHE_MITO","GO_MF","tubulin binding",-1.53497936278223,0.0413359938404828,145
"PHEvPHE_MITO","GO_MF","poly(A) binding",-1.53142668048921,0.238918299047231,17
"PHEvPHE_MITO","GO_MF","GABA receptor binding",-1.53084135929451,0.150581675239679,4
"PHEvPHE_MITO","GO_MF","protein kinase A binding",-1.50925990937637,0.227377286710696,27
"PHEvPHE_MITO","GO_MF","mannosyltransferase activity",1.50444535289167,0.207529301738542,4
"PHEvPHE_MITO","GO_MF","NAD(P)H oxidase H2O2-forming activity",-1.49702817602546,0.256690387959625,5
"PHEvPHE_MITO","GO_MF","transcription coactivator activity",-1.49680991532841,0.102417535288336,108
"PHEvPHE_MITO","GO_MF","protein tyrosine kinase activator activity",-1.49021297061714,0.33601258679071,7
"PHEvPHE_MITO","GO_MF","nuclear androgen receptor binding",-1.48643718333968,0.329575952764359,12
"PHEvPHE_MITO","GO_MF","nucleosome binding",-1.48619513384317,0.308084269849847,19
"PHEvPHE_MITO","GO_MF","channel activator activity",-1.48245190716168,0.317805383022774,8
"PHEvPHE_MITO","GO_MF","Hsp70 protein binding",-1.47897801234009,0.256912219159096,32
"PHEvPHE_MITO","GO_MF","nucleosomal DNA binding",-1.47849691338656,0.330662016438216,10
"PHEvPHE_MITO","GO_MF","protein phosphatase activator activity",1.47787122200907,0.383142578838427,12
"PHEvPHE_MITO","GO_MF","WW domain binding",-1.47564720237147,0.330662016438216,5
"PHEvPHE_MITO","GO_MF","antioxidant activity",1.47298253892605,0.249431638140427,34
"PHEvPHE_MITO","GO_MF","phosphotransferase activity, for other substituted phosphate groups",1.46975524279374,0.320985810306199,5
"PHEvPHE_MITO","GO_MF","ubiquitin binding",-1.46930225206846,0.177742679935089,58
"PHEvPHE_MITO","GO_MF","GTPase activity",1.46551178869073,0.104399368791197,136
"PHEvPHE_MITO","GO_MF","palmitoyl-(protein) hydrolase activity",1.46519672022896,0.398372065589241,8
"PHEvPHE_MITO","GO_MF","palmitoyl hydrolase activity",1.46519672022896,0.398372065589241,8
"PHEvPHE_MITO","GO_MF","oxidoreductase activity, acting on the CH-CH group of donors",1.4629632790922,0.249431638140427,38
"PHEvPHE_MITO","GO_MF","G protein-coupled glutamate receptor binding",-1.457594651557,0.179663398169881,3
"PHEvPHE_MITO","GO_MF","cytokine binding",-1.45553887298056,0.368755845455933,21
"PHEvPHE_MITO","GO_MF","phospholipid transporter activity",1.45317344345523,0.330662016438216,23
"PHEvPHE_MITO","GO_MF","Wnt-protein binding",1.4466980373877,0.359982252833736,7
"PHEvPHE_MITO","GO_MF","carbohydrate binding",1.44273718342757,0.150581675239679,85
"PHEvPHE_MITO","GO_MF","phosphatidylglycerol binding",1.43849502016538,0.320985810306199,4
"PHEvPHE_MITO","GO_MF","monosaccharide binding",1.43812207668604,0.308084269849847,36
"PHEvPHE_MITO","GO_MF","protease binding",-1.4335687236619,0.195491269883954,59
"PHEvPHE_MITO","GO_MF","14-3-3 protein binding",-1.42831835924332,0.361848635235732,16
"PHEvPHE_MITO","GO_MF","SMAD binding",-1.42673500554441,0.343123483651689,35
"PHEvPHE_MITO","GO_MF","apolipoprotein binding",-1.42427394560936,0.403681788297173,7
"PHEvPHE_MITO","GO_MF","oxidoreductase activity, acting on paired donors, with incorporation or reduction of molecular oxygen",1.41909974589605,0.3337836056932,41
"PHEvPHE_MITO","GO_MF","opsonin binding",1.4105393563059,0.361848635235732,4
"PHEvPHE_MITO","GO_MF","L-ascorbic acid binding",1.40770118673198,0.447087378640777,11
"PHEvPHE_MITO","GO_MF","complement binding",1.40360997910411,0.336070060207991,3
"PHEvPHE_MITO","GO_MF","ferric iron binding",-1.39410512279449,0.207529301738542,2
"PHEvPHE_MITO","GO_MF","bHLH transcription factor binding",-1.39132500804772,0.462921435199505,11
"PHEvPHE_MITO","GO_MF","ephrin receptor binding",1.39043506578681,0.462921435199505,13
"PHEvPHE_MITO","GO_MF","molecular sequestering activity",1.38921569848063,0.320985810306199,40
"PHEvPHE_MITO","GO_MF","myosin binding",-1.38789674577181,0.33601258679071,35
"PHEvPHE_MITO","GO_MF","phosphatase binding",-1.37917772721494,0.195491269883954,102
"PHEvPHE_MITO","GO_MF","steroid hydroxylase activity",1.37898881307416,0.317919149044977,2
"PHEvPHE_MITO","GO_MF","four-way junction DNA binding",-1.37796184476063,0.506550756045905,5
"PHEvPHE_MITO","GO_MF","oxygen binding",1.37412760795839,0.326340354821367,2
"PHEvPHE_MITO","GO_MF","sequence-specific mRNA binding",-1.370024212512,0.462921435199505,9
"PHEvPHE_MITO","GO_MF","heparan sulfate proteoglycan binding",-1.36915732520731,0.473962800499914,6
"PHEvPHE_MITO","GO_MF","deacylase activity",1.36728909578528,0.373339001819188,29
"PHEvPHE_MITO","GO_MF","protein N-acyltransferase activity",1.36362695141644,0.516117430578789,16
"PHEvPHE_MITO","GO_MF","LRR domain binding",-1.36328200932126,0.49938344483799,8
"PHEvPHE_MITO","GO_MF","amyloid-beta binding",-1.36056196132477,0.462921435199505,16
"PHEvPHE_MITO","GO_MF","nuclear import signal receptor activity",1.35316826084628,0.522172847073245,16
"PHEvPHE_MITO","GO_MF","oxidoreductase activity, acting on NAD(P)H, quinone or similar compound as acceptor",1.35276516956201,0.526824421965318,8
"PHEvPHE_MITO","GO_MF","catalytic activity, acting on DNA",-1.35227805557889,0.330662016438216,79
"PHEvPHE_MITO","GO_MF","miRNA binding",-1.35099725248629,0.473962800499914,16
"PHEvPHE_MITO","GO_MF","NF-kappaB binding",-1.34441400891134,0.455145078817585,24
"PHEvPHE_MITO","GO_MF","histone chaperone activity",-1.34096960827273,0.516117430578789,9
"PHEvPHE_MITO","GO_MF","cysteine-type endopeptidase regulator activity involved in apoptotic process",1.33684892887756,0.506550756045905,11
"PHEvPHE_MITO","GO_MF","G protein activity",1.33657694923265,0.361848635235732,56
"PHEvPHE_MITO","GO_MF","solute:monoatomic cation symporter activity",1.33236923793824,0.532639340707005,16
"PHEvPHE_MITO","GO_MF","DNA endonuclease activity",-1.330663101319,0.512397449098216,17
"PHEvPHE_MITO","GO_MF","cysteine-type endopeptidase inhibitor activity",-1.3267383923229,0.528072106784093,7
"PHEvPHE_MITO","GO_MF","triacylglycerol lipase activity",-1.32362691820119,0.473962800499914,3
"PHEvPHE_MITO","GO_MF","adenylate cyclase binding",-1.32039453465949,0.554932051803241,6
"PHEvPHE_MITO","GO_MF","clathrin binding",-1.3178492230279,0.478690228690229,25
"PHEvPHE_MITO","GO_MF","protein transporter activity",1.31460401514495,0.488409090909091,22
"PHEvPHE_MITO","GO_MF","filamin binding",-1.31453683878822,0.551093677282096,7
"PHEvPHE_MITO","GO_MF","transmembrane receptor protein tyrosine kinase activity",1.3132226556522,0.573247326430148,12
"PHEvPHE_MITO","GO_MF","carbonate dehydratase activity",-1.30480429570456,0.411177789775323,2
"PHEvPHE_MITO","GO_MF","structural constituent of skin epidermis",-1.30444357780276,0.335312990647826,1
"PHEvPHE_MITO","GO_MF","membrane insertase activity",1.3041514055225,0.536529857702106,14
"PHEvPHE_MITO","GO_MF","triplet codon-amino acid adaptor activity",-1.30361981613541,0.416553595658073,2
"PHEvPHE_MITO","GO_MF","alanine transmembrane transporter activity",-1.29815168366582,0.601409664346398,6
"PHEvPHE_MITO","GO_MF","phosphoric diester hydrolase activity",1.29513772182254,0.532639340707005,19
"PHEvPHE_MITO","GO_MF","immunoglobulin binding",1.29295874360489,0.493451601381117,2
"PHEvPHE_MITO","GO_MF","acyl-CoA binding",1.28818236944437,0.581029929577465,14
"PHEvPHE_MITO","GO_MF","peroxidase activity",1.28281946731784,0.522172847073245,23
"PHEvPHE_MITO","GO_MF","receptor serine/threonine kinase binding",-1.28270901827002,0.578859804791482,9
"PHEvPHE_MITO","GO_MF","protein-folding chaperone binding",-1.28264149012896,0.382686980609418,83
"PHEvPHE_MITO","GO_MF","transcription coactivator binding",-1.28244507009491,0.516117430578789,14
"PHEvPHE_MITO","GO_MF","oxidoreductase activity, acting on other nitrogenous compounds as donors",1.28157455961637,0.578859804791482,7
"PHEvPHE_MITO","GO_MF","amino acid binding",1.28151219746911,0.526824421965318,21
"PHEvPHE_MITO","GO_MF","histone H3 acetyltransferase activity",-1.27935812438347,0.442810637551961,1
"PHEvPHE_MITO","GO_MF","RNA endonuclease activity producing 5'-phosphomonoesters, hydrolytic mechanism",-1.27645560279052,0.601601772173469,5
"PHEvPHE_MITO","GO_MF","glutathione binding",1.27314624819772,0.585505403687222,7
"PHEvPHE_MITO","GO_MF","oligopeptide binding",1.27314624819772,0.585505403687222,7
"PHEvPHE_MITO","GO_MF","nucleoside monophosphate kinase activity",-1.26926535229359,0.604830471372282,6
"PHEvPHE_MITO","GO_MF","S-adenosyl-L-methionine binding",1.26820472435711,0.590661756441365,4
"PHEvPHE_MITO","GO_MF","ubiquitin-like protein conjugating enzyme binding",-1.26813096061684,0.556366171003717,15
"PHEvPHE_MITO","GO_MF","bicarbonate transmembrane transporter activity",-1.26412145619084,0.597201305220883,3
"PHEvPHE_MITO","GO_MF","cyclin-dependent protein serine/threonine kinase activity",1.25687439792168,0.604830471372282,10
"PHEvPHE_MITO","GO_MF","metal cation:monoatomic cation antiporter activity",1.25464873301307,0.604830471372282,6
"PHEvPHE_MITO","GO_MF","histone binding",-1.25402968073836,0.49938344483799,55
"PHEvPHE_MITO","GO_MF","endopeptidase activator activity",-1.25349961935836,0.604830471372282,12
"PHEvPHE_MITO","GO_MF","protein kinase C binding",-1.25117921670153,0.516117430578789,29
"PHEvPHE_MITO","GO_MF","NADH dehydrogenase (ubiquinone) activity",1.25052331173796,0.604830471372282,10
"PHEvPHE_MITO","GO_MF","deacetylase activity",1.24555359109523,0.604830471372282,11
"PHEvPHE_MITO","GO_MF","histone H3 methyltransferase activity",1.24462352203616,0.609181155231447,8
"PHEvPHE_MITO","GO_MF","quaternary ammonium group transmembrane transporter activity",1.24443535118454,0.473962800499914,1
"PHEvPHE_MITO","GO_MF","magnesium ion binding",1.24201234483707,0.398372065589241,103
"PHEvPHE_MITO","GO_MF","phosphatidylcholine lysophospholipase A1 activity",1.24099969029315,0.604830471372282,10
"PHEvPHE_MITO","GO_MF","lysophospholipase A1 activity",1.24099969029315,0.604830471372282,10
"PHEvPHE_MITO","GO_MF","antigen binding",-1.24017936905484,0.609181155231447,9
"PHEvPHE_MITO","GO_MF","ADP binding",1.23882275817918,0.604830471372282,27
"PHEvPHE_MITO","GO_MF","double-stranded RNA binding",-1.23549441272597,0.526468833880107,37
"PHEvPHE_MITO","GO_MF","S100 protein binding",1.23455173196289,0.609181155231447,10
"PHEvPHE_MITO","GO_MF","protein phosphorylated amino acid binding",1.23446919427266,0.604830471372282,27
"PHEvPHE_MITO","GO_MF","protein-membrane adaptor activity",-1.22913316764532,0.581029929577465,32
"PHEvPHE_MITO","GO_MF","Hsp90 protein binding",-1.22827857796146,0.56551639444922,24
"PHEvPHE_MITO","GO_MF","methyl-CpG binding",1.22527652628131,0.609181155231447,7
"PHEvPHE_MITO","GO_MF","deSUMOylase activity",-1.22354273061509,0.609181155231447,3
"PHEvPHE_MITO","GO_MF","transcription corepressor binding",-1.22246274484862,0.604830471372282,19
"PHEvPHE_MITO","GO_MF","transmembrane transporter binding",1.22104814085571,0.559091746185484,71
"PHEvPHE_MITO","GO_MF","bicarbonate:monoatomic anion antiporter activity",-1.21971049069762,0.581029929577465,1
"PHEvPHE_MITO","GO_MF","chloride:bicarbonate antiporter activity",-1.21971049069762,0.581029929577465,1
"PHEvPHE_MITO","GO_MF","electron transfer activity",1.21864854876134,0.604830471372282,28
"PHEvPHE_MITO","GO_MF","oxidoreductase activity, acting on the CH-NH2 group of donors, oxygen as acceptor",-1.21696102447549,0.604830471372282,4
"PHEvPHE_MITO","GO_MF","macromolecular conformation isomerase activity",-1.21693034907898,0.522172847073245,100
"PHEvPHE_MITO","GO_MF","protein transmembrane transporter activity",1.21530090702829,0.604830471372282,15
"PHEvPHE_MITO","GO_MF","immunoglobulin receptor binding",1.21496938361168,0.613329007581449,2
"PHEvPHE_MITO","GO_MF","cyclase activity",1.21424846563414,0.613329007581449,3
"PHEvPHE_MITO","GO_MF","transporter regulator activity",1.21418114581275,0.526824421965318,55
"PHEvPHE_MITO","GO_MF","oxidoreductase activity, acting on the CH-NH group of donors",1.21201921112069,0.609181155231447,13
"PHEvPHE_MITO","GO_MF","histone H3K9me2/3 reader activity",-1.21036356585097,0.613329007581449,5
"PHEvPHE_MITO","GO_MF","histone H3 demethylase activity",-1.20550526837294,0.613329007581449,4
"PHEvPHE_MITO","GO_MF","laminin binding",1.20461329468574,0.613329007581449,16
"PHEvPHE_MITO","GO_MF","lipid kinase activity",1.20291045059846,0.613329007581449,13
"PHEvPHE_MITO","GO_MF","fatty acid derivative binding",1.19866209908129,0.613329007581449,14
"PHEvPHE_MITO","GO_MF","lipid transmembrane transporter activity",1.19355486005906,0.616803652968037,7
"PHEvPHE_MITO","GO_MF","basic amino acid transmembrane transporter activity",-1.19240343531587,0.613329007581449,2
"PHEvPHE_MITO","GO_MF","L-arginine transmembrane transporter activity",-1.19240343531587,0.613329007581449,2
"PHEvPHE_MITO","GO_MF","neuropilin binding",-1.19060720142696,0.613329007581449,4
"PHEvPHE_MITO","GO_MF","serine hydrolase activity",1.19056272228672,0.604830471372282,28
"PHEvPHE_MITO","GO_MF","protein phosphatase inhibitor activity",1.18562010927202,0.617046667922869,16
"PHEvPHE_MITO","GO_MF","extracellular matrix binding",1.17794371532629,0.604830471372282,26
"PHEvPHE_MITO","GO_MF","peptidase regulator activity",-1.17512803782001,0.578859804791482,61
"PHEvPHE_MITO","GO_MF","beta-catenin binding",-1.16940588288861,0.604830471372282,39
"PHEvPHE_MITO","GO_MF","copper ion binding",-1.16107408809868,0.613329007581449,23
"PHEvPHE_MITO","GO_MF","single-stranded DNA binding",-1.15016109990739,0.604830471372282,56
"PHEvPHE_MITO","GO_MF","SH3 domain binding",-1.13541589764718,0.613329007581449,56
"PHEvPHE_MITO","GO_MF","transcription corepressor activity",-1.12241691692375,0.613329007581449,60
"PHEvPHE_MITO","GO_MF","translation factor activity",1.11327532243018,0.617878375030964,61
"PHEvPHE_MITO","GO_MF",NA,NA,NA,NA
"PHEvPHE_MITO","GO_MF",NA,NA,NA,NA
"PHEvPHE_MITO","GO_MF",NA,NA,NA,NA
"PHEvPHE_MITO","GO_MF",NA,NA,NA,NA
"PHEvPHE_MITO","GO_MF",NA,NA,NA,NA
"PHEvPHE_MITO","GO_MF",NA,NA,NA,NA
"PHEvPHE_MITO","GO_MF",NA,NA,NA,NA
"PHEvPHE_MITO","GO_MF",NA,NA,NA,NA
"PHEvPHE_MITO","GO_MF",NA,NA,NA,NA
"PHEvPHE_MITO","GO_MF",NA,NA,NA,NA
"PHEvPHE_MITO","GO_MF",NA,NA,NA,NA
"PHEvPHE_MITO","GO_MF",NA,NA,NA,NA
"PHEvPHE_MITO","GO_MF",NA,NA,NA,NA
"PHEvPHE_MITO","GO_MF",NA,NA,NA,NA
"PHEvPHE_MITO","GO_MF",NA,NA,NA,NA
"PHEvPHE_MITO","GO_MF",NA,NA,NA,NA
"PHEvPHE_MITO","GO_MF",NA,NA,NA,NA
"PHEvPHE_MITO","GO_MF",NA,NA,NA,NA
"PHEvPHE_MITO","GO_MF",NA,NA,NA,NA
"PHEvPHE_MITO","GO_MF",NA,NA,NA,NA
"PHEvPHE_MITO","GO_MF",NA,NA,NA,NA
"PHEvPHE_MITO","GO_MF",NA,NA,NA,NA
"PHEvPHE_MITO","GO_MF",NA,NA,NA,NA
"PHEvPHE_MITO","GO_MF",NA,NA,NA,NA
"PHEvPHE_MITO","GO_MF",NA,NA,NA,NA
"PHEvPHE_MITO","GO_MF",NA,NA,NA,NA
"PHEvPHE_MITO","GO_MF",NA,NA,NA,NA
"PHEvPHE_MITO","GO_MF",NA,NA,NA,NA
"PHEvPHE_MITO","GO_MF",NA,NA,NA,NA
"PHEvPHE_MITO","GO_MF",NA,NA,NA,NA
"PHEvPHE_MITO","GO_MF",NA,NA,NA,NA
"PHEvPHE_MITO","GO_MF",NA,NA,NA,NA
"PHEvPHE_MITO","GO_MF",NA,NA,NA,NA
"PHEvPHE_MITO","GO_MF",NA,NA,NA,NA
"PHEvPHE_MITO","GO_MF",NA,NA,NA,NA
"PHEvPHE_MITO","GO_MF",NA,NA,NA,NA
"PHEvPHE_MITO","GO_MF",NA,NA,NA,NA
"PHEvPHE_MITO","GO_MF",NA,NA,NA,NA
"PHEvPHE_MITO","GO_MF",NA,NA,NA,NA
"PHEvPHE_MITO","GO_MF",NA,NA,NA,NA
"PHEvPHE_MITO","GO_MF",NA,NA,NA,NA
"PHEvPHE_MITO","GO_MF",NA,NA,NA,NA
"PHEvPHE_MITO","GO_MF",NA,NA,NA,NA
"PHEvPHE_MITO","GO_MF",NA,NA,NA,NA
"Interaction","GO_BP","alternative mRNA splicing, via spliceosome",-2.12878804963594,0.00184703820749285,50
"Interaction","GO_BP","actin filament-based movement",-2.12558527323131,0.00305365200554973,52
"Interaction","GO_BP","regulation of mRNA metabolic process",-2.09191850558574,2.48998739484974e-05,161
"Interaction","GO_BP","polysaccharide biosynthetic process",2.05790749404031,0.0492665459504259,24
"Interaction","GO_BP","muscle contraction",-1.98214428537505,0.00184703820749285,107
"Interaction","GO_BP","miRNA processing",-1.96290283726655,0.0778326240458511,16
"Interaction","GO_BP","glycogen biosynthetic process",1.93776273420374,0.0818756917046206,20
"Interaction","GO_BP","protein N-linked glycosylation",1.92864301015942,0.0907408659099003,32
"Interaction","GO_BP","cardiac muscle contraction",-1.88822682504133,0.061194408005051,47
"Interaction","GO_BP","regulation of polysaccharide biosynthetic process",1.88362518392326,0.230036864257118,15
"Interaction","GO_BP","integrin activation",-1.86481104131355,0.257935814891152,11
"Interaction","GO_BP","cell surface pattern recognition receptor signaling pathway",-1.85185847050725,0.140087766858402,21
"Interaction","GO_BP","mitochondrial transport",1.82886793821195,0.310663829916948,13
"Interaction","GO_BP","nucleus localization",-1.82413168005135,0.209079153152343,25
"Interaction","GO_BP","regulation of collagen biosynthetic process",-1.82374806097408,0.165122232927048,15
"Interaction","GO_BP","cardiac ventricle development",-1.82062609968184,0.140087766858402,41
"Interaction","GO_BP","cell surface toll-like receptor signaling pathway",-1.81944176408193,0.199890995292222,20
"Interaction","GO_BP","negative regulation of cellular response to vascular endothelial growth factor stimulus",-1.80361961156091,0.0907408659099003,5
"Interaction","GO_BP","nucleosome disassembly",-1.79868896448205,0.305093986681285,9
"Interaction","GO_BP","glycosaminoglycan biosynthetic process",1.79500923708716,0.257935814891152,10
"Interaction","GO_BP","toll-like receptor 4 signaling pathway",-1.78846199442875,0.209079153152343,19
"Interaction","GO_BP","regulation of muscle contraction",-1.77736868522951,0.142668967621792,54
"Interaction","GO_BP","melanosome organization",-1.76554639415666,0.257935814891152,7
"Interaction","GO_BP","negative regulation of vascular permeability",-1.76190765580523,0.265684858571432,7
"Interaction","GO_BP","regulation of cardiac muscle contraction",-1.7564010727893,0.328084934955065,29
"Interaction","GO_BP","negative regulation of cell killing",1.75571420989487,0.36490096879421,9
"Interaction","GO_BP","RNA catabolic process",-1.75242337021983,0.0195203006966391,159
"Interaction","GO_BP","glycosaminoglycan metabolic process",1.74665929003276,0.305093986681285,19
"Interaction","GO_BP","positive regulation of long-term synaptic potentiation",-1.73887193441526,0.356593825539722,12
"Interaction","GO_BP","macromolecule deacylation",1.73649809932538,0.356593825539722,21
"Interaction","GO_BP","receptor catabolic process",1.73332616220853,0.348164676385905,16
"Interaction","GO_BP","muscle cell differentiation",-1.72739770936849,0.0195203006966391,166
"Interaction","GO_BP","regulation of glycogen biosynthetic process",1.72579679990518,0.36490096879421,12
"Interaction","GO_BP","intrinsic apoptotic signaling pathway by p53 class mediator",-1.71548317691372,0.29273135799917,30
"Interaction","GO_BP","cellular respiration",1.71181923131893,0.0230154918616626,177
"Interaction","GO_BP","nuclear migration",-1.71077305207482,0.328084934955065,20
"Interaction","GO_BP","protein-DNA complex disassembly",-1.71027819021672,0.265684858571432,10
"Interaction","GO_BP","nucleosome organization",-1.70678451197462,0.257935814891152,32
"Interaction","GO_BP","mRNA 3'-end processing",-1.70032850616337,0.36490096879421,24
"Interaction","GO_BP","positive regulation of biomineral tissue development",-1.69136562856908,0.457685650439545,13
"Interaction","GO_BP","synapse maturation",-1.68323071059125,0.488377107856372,18
"Interaction","GO_BP","negative regulation of vascular endothelial growth factor signaling pathway",-1.68276072597229,0.0907408659099003,4
"Interaction","GO_BP","nucleic acid catabolic process",-1.68076983635811,0.0364164757601672,170
"Interaction","GO_BP","cell proliferation in forebrain",-1.67722640518452,0.36490096879421,14
"Interaction","GO_BP","myofibril assembly",-1.67721661436561,0.393074366658006,34
"Interaction","GO_BP","regulation of action potential",-1.67258404474277,0.36490096879421,19
"Interaction","GO_BP","regulation of cardiac muscle cell proliferation",1.6691057558652,0.513213904392266,13
"Interaction","GO_BP","glycosyl compound catabolic process",1.66242790454592,0.461245610164567,8
"Interaction","GO_BP","negative regulation of leukocyte mediated cytotoxicity",1.6592696055657,0.461245610164567,8
"Interaction","GO_BP","extracellular matrix constituent secretion",-1.65804242100014,0.393074366658006,5
"Interaction","GO_BP","ketone biosynthetic process",1.65628130219439,0.523608539338432,13
"Interaction","GO_BP","cilium movement",1.65572033676815,0.461245610164567,23
"Interaction","GO_BP","cellular detoxification",1.65418492707365,0.32319943050676,55
"Interaction","GO_BP","actomyosin structure organization",-1.64833287937252,0.135028105585755,104
"Interaction","GO_BP","seminiferous tubule development",1.64794942163755,0.340649733018185,4
"Interaction","GO_BP","establishment of endothelial barrier",-1.64666176960688,0.393074366658006,20
"Interaction","GO_BP","organic cation transport",1.64597794293457,0.431473806244987,21
"Interaction","GO_BP","regulation of actin filament-based movement",-1.64572817848451,0.488377107856372,22
"Interaction","GO_BP","negative regulation of protein processing",-1.64229489873136,0.431473806244987,5
"Interaction","GO_BP","embryonic hemopoiesis",-1.6405608297532,0.441977398037611,6
"Interaction","GO_BP","protein targeting to vacuole",1.63709267219739,0.36490096879421,25
"Interaction","GO_BP","apoptotic process involved in development",-1.63263686627014,0.615365879217233,11
"Interaction","GO_BP","retinal ganglion cell axon guidance",-1.62906699682771,0.488377107856372,7
"Interaction","GO_BP","maturation of SSU-rRNA",-1.62363336642954,0.431473806244987,15
"Interaction","GO_BP","intermediate filament-based process",-1.61911081502339,0.461245610164567,16
"Interaction","GO_BP","intracellular mRNA localization",-1.61793289650342,0.545812197338435,13
"Interaction","GO_BP","positive regulation of interleukin-1 beta production",-1.61739182806628,0.545812197338435,13
"Interaction","GO_BP","regulation of cardiac muscle cell contraction",-1.61671295924956,0.461245610164567,16
"Interaction","GO_BP","ovulation cycle process",-1.61236095672582,0.548255271903097,18
"Interaction","GO_BP","regulation of generation of precursor metabolites and energy",1.61189742929819,0.300573602050455,52
"Interaction","GO_BP","lung epithelial cell differentiation",1.6080359745771,0.531964722231906,10
"Interaction","GO_BP","myofibroblast differentiation",-1.60719795135465,0.356593825539722,4
"Interaction","GO_BP","regulation of transcription by RNA polymerase III",-1.60611653686602,0.656381020554249,11
"Interaction","GO_BP","regulation of circadian rhythm",-1.60565862233319,0.433674069591124,28
"Interaction","GO_BP","negative regulation of natural killer cell mediated cytotoxicity",1.60553764250094,0.49841930993676,7
"Interaction","GO_BP","intermediate filament cytoskeleton organization",-1.60489428876941,0.441977398037611,15
"Interaction","GO_BP","regulation of intrinsic apoptotic signaling pathway by p53 class mediator",-1.60352698903697,0.523608539338432,12
"Interaction","GO_BP","cellular response to prostaglandin stimulus",-1.60254272826311,0.441977398037611,10
"Interaction","GO_BP","morphogenesis of a branching structure",-1.59880366600743,0.370749547538954,48
"Interaction","GO_BP","proton motive force-driven mitochondrial ATP synthesis",1.59821913104671,0.545812197338435,17
"Interaction","GO_BP","collagen biosynthetic process",-1.59730669638599,0.493490641223279,27
"Interaction","GO_BP","mitochondrial transmembrane transport",1.59234505828041,0.545812197338435,8
"Interaction","GO_BP","cerebral cortex neuron differentiation",1.59219038861254,0.555801973031888,6
"Interaction","GO_BP","dosage compensation by inactivation of X chromosome",-1.59044973413314,0.513213904392266,6
"Interaction","GO_BP","peptidyl-lysine methylation",1.59016942360081,0.457685650439545,5
"Interaction","GO_BP","regulation of integrin activation",-1.58725003045546,0.517988229099631,6
"Interaction","GO_BP","pituitary gland development",1.58706897543206,0.204073911681056,3
"Interaction","GO_BP","negative regulation of immune effector process",1.58599480112459,0.441977398037611,28
"Interaction","GO_BP","response to dietary excess",1.58539154247521,0.567327809470448,6
"Interaction","GO_BP","establishment of epithelial cell polarity",-1.5832664376887,0.595916675432471,13
"Interaction","GO_BP","energy homeostasis",1.58083978596302,0.501757085119444,19
"Interaction","GO_BP","regulation of cytosolic calcium ion concentration",-1.57979809845259,0.488377107856372,19
"Interaction","GO_BP","negative regulation of interleukin-6 production",1.57979717097176,0.527932094020689,7
"Interaction","GO_BP","erythrocyte maturation",1.57664554918421,0.488377107856372,5
"Interaction","GO_BP","lipoprotein catabolic process",1.57329959964224,0.579920718714458,10
"Interaction","GO_BP","small molecule catabolic process",1.57191323150641,0.106079572927379,153
"Interaction","GO_BP","mitochondrial ribosome assembly",-1.57079537448592,0.533281631627765,6
"Interaction","GO_BP","glycolytic process",1.57064197646218,0.493490641223279,43
"Interaction","GO_BP","modified amino acid catabolic process",1.56857118684063,0.533281631627765,12
"Interaction","GO_BP","purine nucleoside triphosphate biosynthetic process",1.56791722406064,0.527932094020689,41
"Interaction","GO_BP","ventricular cardiac muscle cell membrane repolarization",-1.56779905005501,0.481685215298296,10
"Interaction","GO_BP","protein localization to mitochondrion",1.56619113457308,0.393074366658006,60
"Interaction","GO_BP","L-amino acid metabolic process",1.56433145583446,0.36490096879421,68
"Interaction","GO_BP","sphingosine metabolic process",1.56339376746074,0.600278330345916,8
"Interaction","GO_BP","transcription by RNA polymerase III",-1.56304049590024,0.522042308083385,16
"Interaction","GO_BP","mitochondrial respiratory chain complex III assembly",1.56085872767584,0.522042308083385,5
"Interaction","GO_BP","non-proteinogenic amino acid metabolic process",1.56040797060748,0.611881028590005,27
"Interaction","GO_BP","positive regulation of translation",-1.55972767486702,0.29273135799917,95
"Interaction","GO_BP","spliceosomal complex assembly",-1.55935465234785,0.461245610164567,33
"Interaction","GO_BP","response to ischemia",-1.5586826600724,0.507051559161709,43
"Interaction","GO_BP","retrograde axonal transport",-1.55638861007443,0.600278330345916,12
"Interaction","GO_BP","interferon-alpha production",-1.55400565180871,0.668789248401904,11
"Interaction","GO_BP","antigen processing and presentation of endogenous antigen",1.55253048736252,0.354489039242727,3
"Interaction","GO_BP","telomere capping",-1.55136491050586,0.497414028657151,10
"Interaction","GO_BP","regulation of monocyte chemotaxis",-1.55124260426815,0.650114722096744,8
"Interaction","GO_BP","regulation of RNA export from nucleus",-1.55082993378019,0.648322567938145,11
"Interaction","GO_BP","defense response to protozoan",1.55062034593303,0.533281631627765,5
"Interaction","GO_BP","negative regulation of cyclin-dependent protein serine/threonine kinase activity",-1.54579103567976,0.595916675432471,6
"Interaction","GO_BP","regulation of blood circulation",-1.54533247954683,0.37431774868811,73
"Interaction","GO_BP","cartilage condensation",-1.54499463375973,0.600278330345916,6
"Interaction","GO_BP","norepinephrine transport",1.54133635679007,0.533281631627765,4
"Interaction","GO_BP","cell aggregation",-1.54056818318383,0.659055623408616,7
"Interaction","GO_BP","keratinocyte proliferation",-1.53971075133087,0.648322567938145,13
"Interaction","GO_BP","developmental growth involved in morphogenesis",-1.53952445275793,0.314175101716942,96
"Interaction","GO_BP","positive regulation of epidermal growth factor receptor signaling pathway",-1.53306374684749,0.652003880280152,12
"Interaction","GO_BP","pyruvate metabolic process",1.53265146547051,0.457685650439545,61
"Interaction","GO_BP","xenobiotic metabolic process",1.53252590712855,0.643156509352726,24
"Interaction","GO_BP","ketone metabolic process",1.53231723520071,0.41061044880345,69
"Interaction","GO_BP","musculoskeletal movement",-1.53133501957946,0.488377107856372,31
"Interaction","GO_BP","primary alcohol metabolic process",1.53086374434079,0.579920718714458,20
"Interaction","GO_BP","positive regulation of striated muscle tissue development",1.53065028941942,0.659055623408616,6
"Interaction","GO_BP","positive regulation of muscle tissue development",1.53065028941942,0.659055623408616,6
"Interaction","GO_BP","regulation of trophoblast cell migration",1.53047104264059,0.659055623408616,6
"Interaction","GO_BP","regulation of bone resorption",-1.52763746672365,0.648322567938145,6
"Interaction","GO_BP","hexose metabolic process",1.52622633347421,0.259674434512923,107
"Interaction","GO_BP","glucocorticoid metabolic process",-1.52455285140279,0.648322567938145,6
"Interaction","GO_BP","spongiotrophoblast layer development",-1.52414192908622,0.648322567938145,6
"Interaction","GO_BP","regulation of axon regeneration",-1.52413152488043,0.55874806592715,16
"Interaction","GO_BP","amino acid catabolic process",1.5241154687972,0.449796946515451,49
"Interaction","GO_BP","negative regulation of hydrogen peroxide-mediated programmed cell death",1.52385811205955,0.656381020554249,8
"Interaction","GO_BP","pyridine-containing compound catabolic process",1.521751895682,0.513213904392266,44
"Interaction","GO_BP","neutrophil mediated immunity",1.52173297247598,0.659055623408616,10
"Interaction","GO_BP","cholesterol storage",-1.52167975235371,0.668789248401904,7
"Interaction","GO_BP","cell differentiation in hindbrain",-1.52101382393111,0.656381020554249,8
"Interaction","GO_BP","positive regulation of immunoglobulin mediated immune response",-1.52062121576374,0.513213904392266,4
"Interaction","GO_BP","positive regulation of ossification",-1.5205821764384,0.562009424696267,14
"Interaction","GO_BP","microtubule depolymerization",-1.51947363024369,0.541844761771265,26
"Interaction","GO_BP","purine ribonucleotide catabolic process",1.51785372235112,0.431473806244987,54
"Interaction","GO_BP","response to BMP",-1.51536588878162,0.463162081282673,39
"Interaction","GO_BP","cellular response to BMP stimulus",-1.51536588878162,0.463162081282673,39
"Interaction","GO_BP","antibacterial innate immune response",1.51498882547554,0.447356699151658,3
"Interaction","GO_BP","branching morphogenesis of an epithelial tube",-1.51285809382105,0.464177994036466,39
"Interaction","GO_BP","mitochondrial membrane organization",1.51260873019899,0.551482661938416,40
"Interaction","GO_BP","cellular response to tumor necrosis factor",-1.51232172321306,0.464177994036466,78
"Interaction","GO_BP","regulation of protein localization to mitochondrion",1.50988217425837,0.656381020554249,7
"Interaction","GO_BP","olefinic compound metabolic process",1.50908682036743,0.587259766188519,29
"Interaction","GO_BP","response to morphine",-1.50901335790768,0.659055623408616,12
"Interaction","GO_BP","response to toxic substance",1.50805027109627,0.297114693587108,107
"Interaction","GO_BP","membrane protein ectodomain proteolysis",1.50803342284693,0.553455653388835,16
"Interaction","GO_BP","response to prostaglandin E",-1.50700600697359,0.659055623408616,12
"Interaction","GO_BP","negative regulation of transporter activity",-1.50520984489656,0.659055623408616,13
"Interaction","GO_BP","chromosome condensation",-1.50505723317709,0.533281631627765,20
"Interaction","GO_BP","vascular associated smooth muscle cell differentiation",-1.50461415283981,0.668789248401904,7
"Interaction","GO_BP","negative regulation of endoplasmic reticulum unfolded protein response",1.50455693771312,0.656381020554249,12
"Interaction","GO_BP","establishment of blood-brain barrier",-1.50444487143615,0.648322567938145,6
"Interaction","GO_BP","regulation of embryonic development",1.50339162332641,0.564698815076695,21
"Interaction","GO_BP","negative regulation of muscle cell apoptotic process",1.50264713055532,0.513213904392266,30
"Interaction","GO_BP","receptor clustering",-1.50062847992002,0.493490641223279,32
"Interaction","GO_BP","sleep",-1.49937465546917,0.393074366658006,3
"Interaction","GO_BP","negative regulation of response to cytokine stimulus",-1.49866573757983,0.562009424696267,25
"Interaction","GO_BP","dentate gyrus development",-1.49789882165539,0.659055623408616,8
"Interaction","GO_BP","regulation of glial cell apoptotic process",-1.49757610537846,0.668789248401904,7
"Interaction","GO_BP","vitamin metabolic process",1.49575647290556,0.656381020554249,10
"Interaction","GO_BP","estrogen metabolic process",1.49567017079068,0.656381020554249,8
"Interaction","GO_BP","response to pH",1.4953377077495,0.589234109761876,16
"Interaction","GO_BP","RNA localization",-1.49526722644144,0.393074366658006,93
"Interaction","GO_BP","negative regulation of calcium ion transmembrane transporter activity",-1.49345896368067,0.656381020554249,6
"Interaction","GO_BP","nuclear body organization",-1.49287260467645,0.668789248401904,7
"Interaction","GO_BP","DNA recombination",-1.49147894203824,0.41061044880345,91
"Interaction","GO_BP","cytoplasmic microtubule organization",-1.49094507198387,0.601640499397207,34
"Interaction","GO_BP","regulation of mast cell activation",1.49072648104708,0.493490641223279,3
"Interaction","GO_BP","anterior/posterior pattern specification",1.48978865467056,0.589234109761876,34
"Interaction","GO_BP","establishment of spindle orientation",1.48919021362657,0.656381020554249,19
"Interaction","GO_BP","regulation of adipose tissue development",-1.48806613358207,0.668789248401904,7
"Interaction","GO_BP","cellular response to mineralocorticoid stimulus",-1.48761942154455,0.656381020554249,6
"Interaction","GO_BP","regulation of peptide secretion",1.48754664594151,0.448440210482771,63
"Interaction","GO_BP","regulation of peptide hormone secretion",1.48754664594151,0.448440210482771,63
"Interaction","GO_BP","protein insertion into mitochondrial membrane",1.48749134299845,0.656381020554249,20
"Interaction","GO_BP","sulfur compound metabolic process",1.48741572497627,0.393074366658006,120
"Interaction","GO_BP","regulation of isotype switching",-1.48417565045857,0.656381020554249,6
"Interaction","GO_BP","phosphatidylinositol dephosphorylation",-1.48214529104527,0.656381020554249,13
"Interaction","GO_BP","cerebellar granular layer morphogenesis",-1.48212033628572,0.656381020554249,6
"Interaction","GO_BP","lipid droplet organization",1.47887026191628,0.656381020554249,20
"Interaction","GO_BP","L-amino acid catabolic process",1.47877617987515,0.529181184720879,38
"Interaction","GO_BP","polysaccharide metabolic process",1.47876385617212,0.541844761771265,48
"Interaction","GO_BP","positive regulation of interferon-beta production",-1.47818815545107,0.659055623408616,15
"Interaction","GO_BP","intracellular lipid transport",1.47777315160987,0.659055623408616,24
"Interaction","GO_BP","opsonization",-1.47677673285064,0.461245610164567,3
"Interaction","GO_BP","regulation of protein depolymerization",-1.47670304795633,0.522042308083385,48
"Interaction","GO_BP","phosphatidylinositol-3-phosphate biosynthetic process",1.47664472762601,0.668789248401904,6
"Interaction","GO_BP","regulation of small molecule metabolic process",1.47664168666756,0.340649733018185,118
"Interaction","GO_BP","collagen metabolic process",-1.47578922324806,0.600278330345916,43
"Interaction","GO_BP","mRNA modification",-1.47558762750095,0.656381020554249,6
"Interaction","GO_BP","regulation of actomyosin structure organization",-1.47514840157665,0.497614942198274,53
"Interaction","GO_BP","negative regulation of intrinsic apoptotic signaling pathway in response to DNA damage",-1.47451415686706,0.656381020554249,10
"Interaction","GO_BP","striated muscle cell proliferation",1.47450647240645,0.604692503943445,26
"Interaction","GO_BP","positive regulation of macrophage differentiation",1.47416661024862,0.533908644821039,3
"Interaction","GO_BP","response to ether",-1.47370910177201,0.656381020554249,16
"Interaction","GO_BP","non-proteinogenic amino acid catabolic process",1.46959065446894,0.668789248401904,6
"Interaction","GO_BP","neuronal stem cell population maintenance",-1.46824217116428,0.672616216141686,7
"Interaction","GO_BP","proteinogenic amino acid metabolic process",1.46796287523171,0.513921181337375,60
"Interaction","GO_BP","endolysosomal toll-like receptor signaling pathway",-1.46677605911325,0.672623502994012,12
"Interaction","GO_BP","regulation of B cell activation",-1.46658158432303,0.656381020554249,20
"Interaction","GO_BP","response to forskolin",-1.46556578577287,0.659055623408616,10
"Interaction","GO_BP","respiratory burst",1.46532080054891,0.668789248401904,7
"Interaction","GO_BP","chondrocyte differentiation",-1.46370523955126,0.636061398814832,28
"Interaction","GO_BP","disruption of anatomical structure in another organism",1.46321902167098,0.668789248401904,6
"Interaction","GO_BP","monocyte chemotaxis",-1.46287969252153,0.679110892791355,12
"Interaction","GO_BP","regulation of circadian sleep/wake cycle, sleep",-1.46284962107193,0.36490096879421,2
"Interaction","GO_BP","regulation of sphingolipid biosynthetic process",-1.46272600421032,0.659055623408616,6
"Interaction","GO_BP","negative regulation of chemotaxis",-1.46267695475174,0.656381020554249,14
"Interaction","GO_BP","negative regulation of toll-like receptor 4 signaling pathway",-1.46086892497947,0.49302379681416,3
"Interaction","GO_BP","negative regulation of actin filament depolymerization",-1.46071830674668,0.656381020554249,23
"Interaction","GO_BP","protein localization to cell-cell junction",-1.45985386127959,0.679110892791355,12
"Interaction","GO_BP","protein-containing complex localization",-1.45874442714967,0.533281631627765,60
"Interaction","GO_BP","cellular response to low-density lipoprotein particle stimulus",-1.45821941939807,0.659055623408616,13
"Interaction","GO_BP","inflammatory response to wounding",1.45484897519857,0.668789248401904,6
"Interaction","GO_BP","negative regulation of leukocyte chemotaxis",-1.45471016761602,0.659055623408616,4
"Interaction","GO_BP","pancreas development",1.45426402752252,0.668789248401904,15
"Interaction","GO_BP","cellular response to forskolin",-1.4526635406706,0.679110892791355,7
"Interaction","GO_BP","alcohol catabolic process",1.4525580112433,0.668789248401904,11
"Interaction","GO_BP","regulation of anoikis",-1.45248148503064,0.659055623408616,10
"Interaction","GO_BP","response to misfolded protein",-1.45105537960959,0.668789248401904,11
"Interaction","GO_BP","cellular response to misfolded protein",-1.45105537960959,0.668789248401904,11
"Interaction","GO_BP","negative regulation of digestive system process",1.44950464531898,0.601629463666314,3
"Interaction","GO_BP","organic hydroxy compound transport",1.44786136310632,0.553455653388835,61
"Interaction","GO_BP","vitamin D metabolic process",1.44623900324834,0.344542218785115,2
"Interaction","GO_BP","regulation of extent of cell growth",-1.44475855472197,0.656381020554249,43
"Interaction","GO_BP","circadian rhythm",-1.44474881658171,0.522963549559445,68
"Interaction","GO_BP","receptor metabolic process",1.44453192500272,0.652199322101264,40
"Interaction","GO_BP","regulation of skeletal muscle cell differentiation",-1.44376486494239,0.668789248401904,6
"Interaction","GO_BP","regulation of cytokine production involved in inflammatory response",1.44303436686573,0.668789248401904,16
"Interaction","GO_BP","myeloid dendritic cell activation",1.44084754676477,0.668789248401904,8
"Interaction","GO_BP","cellular component assembly involved in morphogenesis",-1.43976327565984,0.549681634921985,48
"Interaction","GO_BP","protein catabolic process in the vacuole",1.43690890776398,0.668789248401904,15
"Interaction","GO_BP","protein localization to ciliary membrane",-1.43603052516161,0.700016631359109,8
"Interaction","GO_BP","positive regulation of stem cell population maintenance",-1.43575298589585,0.488377107856372,2
"Interaction","GO_BP","thymocyte apoptotic process",1.43567588764319,0.656381020554249,5
"Interaction","GO_BP","positive regulation of meiotic cell cycle",1.43520545901297,0.668789248401904,11
"Interaction","GO_BP","intracellular sodium ion homeostasis",-1.43326146422552,0.668789248401904,6
"Interaction","GO_BP","Golgi to endosome transport",1.43111295662647,0.668789248401904,9
"Interaction","GO_BP","protein branched polyubiquitination",-1.43109905008068,0.672616216141686,11
"Interaction","GO_BP","meiotic sister chromatid cohesion",1.4304880052878,0.656381020554249,4
"Interaction","GO_BP","muscle organ development",-1.43016736489994,0.441977398037611,103
"Interaction","GO_BP","reproductive behavior",-1.42997598592049,0.668789248401904,15
"Interaction","GO_BP","metanephros development",-1.42975078760647,0.700016631359109,12
"Interaction","GO_BP","cellular response to cold",-1.42903474307339,0.700016631359109,5
"Interaction","GO_BP","regulation of insulin receptor signaling pathway",1.42771444132961,0.659055623408616,47
"Interaction","GO_BP","positive regulation of reproductive process",1.42712058178832,0.668789248401904,19
"Interaction","GO_BP","regulation of T cell differentiation in thymus",-1.42415246011966,0.659055623408616,4
"Interaction","GO_BP","heparan sulfate proteoglycan biosynthetic process",1.42260190669651,0.700492052019663,6
"Interaction","GO_BP","flagellated sperm motility",1.42249023754011,0.668789248401904,18
"Interaction","GO_BP","cell killing",1.42204256112714,0.656381020554249,35
"Interaction","GO_BP","bone mineralization involved in bone maturation",1.42022782386847,0.451819835980666,2
"Interaction","GO_BP","positive regulation of myelination",-1.41787014397651,0.700492052019663,7
"Interaction","GO_BP","amino sugar metabolic process",1.41615621141288,0.672616216141686,18
"Interaction","GO_BP","regulation of triglyceride metabolic process",1.41569430166129,0.700016631359109,11
"Interaction","GO_BP","positive regulation of leukocyte mediated immunity",-1.41514550735186,0.668789248401904,27
"Interaction","GO_BP","fatty acid derivative metabolic process",1.41298538923131,0.66651865008881,28
"Interaction","GO_BP","regulation of respiratory burst",1.41255952277788,0.656381020554249,3
"Interaction","GO_BP","proton transmembrane transport",1.41130186728557,0.656381020554249,58
"Interaction","GO_BP","behavioral response to pain",-1.4105796369731,0.700669801022656,7
"Interaction","GO_BP","axonal transport of mitochondrion",-1.40983949970701,0.668789248401904,10
"Interaction","GO_BP","collagen fibril organization",1.40969546995459,0.656381020554249,34
"Interaction","GO_BP","diol biosynthetic process",1.40967733433547,0.689916162086632,10
"Interaction","GO_BP","embryonic camera-type eye morphogenesis",1.4092515883791,0.493490641223279,2
"Interaction","GO_BP","positive regulation of microtubule polymerization",-1.40923255129712,0.672616216141686,18
"Interaction","GO_BP","negative regulation of macroautophagy",1.40749889554009,0.674027548147817,18
"Interaction","GO_BP","regulation of epidermis development",-1.40676008474305,0.668789248401904,10
"Interaction","GO_BP","face development",-1.40499624251058,0.672616216141686,18
"Interaction","GO_BP","glycoside metabolic process",1.40457071184432,0.700016631359109,7
"Interaction","GO_BP","detection of biotic stimulus",-1.40311769574771,0.700016631359109,6
"Interaction","GO_BP","negative regulation of calcineurin-mediated signaling",1.40274643819067,0.700016631359109,8
"Interaction","GO_BP","cellular response to ether",-1.40265778231176,0.700492052019663,9
"Interaction","GO_BP","plasma lipoprotein particle clearance",-1.40221283203154,0.672616216141686,14
"Interaction","GO_BP","mesenchymal stem cell differentiation",1.40032127046746,0.668789248401904,4
"Interaction","GO_BP","gastrulation with mouth forming second",1.39991025613609,0.656381020554249,3
"Interaction","GO_BP","aldehyde metabolic process",1.39953226233355,0.668789248401904,28
"Interaction","GO_BP","regulation of supramolecular fiber organization",-1.39940934753485,0.356593825539722,199
"Interaction","GO_BP","chemotaxis",-1.39910891973026,0.553455653388835,115
"Interaction","GO_BP","mitotic DNA replication",-1.39836538875889,0.700669801022656,7
"Interaction","GO_BP","protein localization to chromatin",-1.39524820951573,0.718195438102417,12
"Interaction","GO_BP","transposable element silencing",1.3949372560516,0.679110892791355,5
"Interaction","GO_BP","retrotransposition",1.3949372560516,0.679110892791355,5
"Interaction","GO_BP","negative regulation of exocytosis",1.39410692490196,0.685330675943803,15
"Interaction","GO_BP","regulation of dephosphorylation",-1.39383865143191,0.674027548147817,14
"Interaction","GO_BP","hematopoietic stem cell proliferation",1.39365039729641,0.700016631359109,9
"Interaction","GO_BP","fatty acid metabolic process",1.39158564273327,0.36490096879421,154
"Interaction","GO_BP","type B pancreatic cell proliferation",1.39091079317309,0.730863942381744,6
"Interaction","GO_BP","regulation of nucleocytoplasmic transport",-1.38848996584204,0.600278330345916,71
"Interaction","GO_BP","regulation of phospholipid metabolic process",-1.38797808494224,0.692665023619967,16
"Interaction","GO_BP","phosphatidylserine metabolic process",1.38740906095543,0.700492052019663,7
"Interaction","GO_BP","hepatocyte proliferation",-1.38708163890976,0.700369692401565,6
"Interaction","GO_BP","modified amino acid metabolic process",1.38668920502502,0.600278330345916,73
"Interaction","GO_BP","negative T cell selection",1.38638944249803,0.659055623408616,3
"Interaction","GO_BP","nucleoside catabolic process",1.38588554937432,0.668789248401904,4
"Interaction","GO_BP","regulation of myoblast fusion",1.385220819417,0.730863942381744,6
"Interaction","GO_BP","blastocyst growth",1.38488306694048,0.700492052019663,12
"Interaction","GO_BP","negative regulation of T cell mediated immunity",-1.38424968836392,0.730863942381744,5
"Interaction","GO_BP","mRNA transport",-1.38234651272046,0.648322567938145,61
"Interaction","GO_BP","vesicle targeting, to, from or within Golgi",1.38209827357576,0.700492052019663,14
"Interaction","GO_BP","negative regulation of GTPase activity",-1.3815530218452,0.710764789297356,9
"Interaction","GO_BP","sphingolipid biosynthetic process",1.38000071257949,0.700016631359109,29
"Interaction","GO_BP","cell-substrate junction assembly",-1.37932618597135,0.656381020554249,55
"Interaction","GO_BP","actin filament depolymerization",-1.37924877047496,0.668789248401904,30
"Interaction","GO_BP","negative regulation of sprouting angiogenesis",-1.37755653418317,0.732202394682212,5
"Interaction","GO_BP","tight junction organization",-1.37713872402383,0.674027548147817,28
"Interaction","GO_BP","synaptic vesicle lumen acidification",1.37705972812277,0.730863942381744,13
"Interaction","GO_BP","fibroblast migration",-1.37678414410016,0.668789248401904,30
"Interaction","GO_BP","response to 2,3,7,8-tetrachlorodibenzodioxine",-1.37676772545797,0.700492052019663,4
"Interaction","GO_BP","plasma membrane phospholipid scrambling",1.3767599660495,0.700492052019663,10
"Interaction","GO_BP","regulation of membrane lipid distribution",1.3767599660495,0.700492052019663,10
"Interaction","GO_BP","positive regulation of response to biotic stimulus",-1.37669595430397,0.497414028657151,131
"Interaction","GO_BP","regulation of mast cell degranulation",1.37626342343548,0.700492052019663,9
"Interaction","GO_BP","negative regulation of endothelial cell proliferation",-1.37577680926843,0.700492052019663,17
"Interaction","GO_BP","carbohydrate catabolic process",1.37538743894623,0.548255271903097,83
"Interaction","GO_BP","regulation of epithelial cell differentiation involved in kidney development",1.37538667041417,0.668789248401904,3
"Interaction","GO_BP","protein insertion into membrane",1.37526820448002,0.668789248401904,42
"Interaction","GO_BP","negative regulation of cell migration involved in sprouting angiogenesis",-1.37508701890051,0.700669801022656,6
"Interaction","GO_BP","pyridine-containing compound metabolic process",1.37443861673181,0.527932094020689,84
"Interaction","GO_BP","mammary gland involution",1.37199634074846,0.723171002744019,7
"Interaction","GO_BP","regulation of fibroblast migration",-1.37081295568225,0.700492052019663,20
"Interaction","GO_BP","regulation of voltage-gated calcium channel activity",-1.37079535390389,0.706838651493396,7
"Interaction","GO_BP","triglyceride catabolic process",-1.3707369545949,0.705632417041813,6
"Interaction","GO_BP","mitochondrial large ribosomal subunit assembly",-1.37049030848934,0.700492052019663,4
"Interaction","GO_BP","postsynaptic membrane organization",-1.37003347907194,0.674027548147817,19
"Interaction","GO_BP","response to acetylcholine",-1.36877006960235,0.700492052019663,15
"Interaction","GO_BP","purine nucleoside triphosphate metabolic process",1.36857902614151,0.491129183919058,111
"Interaction","GO_BP","neural tube patterning",1.36771105771222,0.723171002744019,7
"Interaction","GO_BP","production of molecular mediator involved in inflammatory response",1.36752398673486,0.678311954670282,28
"Interaction","GO_BP","zymosterol metabolic process",-1.36718217151913,0.700016631359109,14
"Interaction","GO_BP","zymosterol biosynthetic process",-1.36718217151913,0.700016631359109,14
"Interaction","GO_BP","response to chemokine",-1.36656247926402,0.732838589981447,12
"Interaction","GO_BP","regulation of actin filament-based process",-1.36614756374041,0.384777926359004,183
"Interaction","GO_BP","vitamin biosynthetic process",1.36524010000012,0.730863942381744,7
"Interaction","GO_BP","vitamin catabolic process",1.36516380124222,0.656381020554249,2
"Interaction","GO_BP","leukocyte adhesion to vascular endothelial cell",-1.36331332690624,0.730863942381744,11
"Interaction","GO_BP","regulation of body fluid levels",1.36301051024898,0.493490641223279,99
"Interaction","GO_BP","carbohydrate phosphorylation",1.36300278421987,0.723171002744019,10
"Interaction","GO_BP","muscle cell apoptotic process",1.36289786825631,0.659055623408616,50
"Interaction","GO_BP","adaptive thermogenesis",1.36132425347213,0.685330675943803,38
"Interaction","GO_BP","homophilic cell-cell adhesion",-1.36128850179624,0.700669801022656,21
"Interaction","GO_BP","humoral immune response",1.36118781892354,0.700016631359109,18
"Interaction","GO_BP","positive regulation of fat cell differentiation",-1.3610999186326,0.700492052019663,15
"Interaction","GO_BP","peptide catabolic process",1.35911776776176,0.710764789297356,12
"Interaction","GO_BP","multicellular organismal-level water homeostasis",1.35797274345881,0.668789248401904,3
"Interaction","GO_BP","regulation of catecholamine metabolic process",1.35780779733128,0.732202394682212,7
"Interaction","GO_BP","regulation of microtubule depolymerization",-1.35691320208025,0.700492052019663,20
"Interaction","GO_BP","ventral spinal cord development",1.35575790217572,0.732202394682212,8
"Interaction","GO_BP","RNA polymerase II transcription initiation surveillance",-1.3554006624489,0.737286586957657,8
"Interaction","GO_BP","acid secretion",-1.35464390247422,0.700016631359109,3
"Interaction","GO_BP","regulation of cytoplasmic pattern recognition receptor signaling pathway",-1.35385097661136,0.659055623408616,52
"Interaction","GO_BP","cellular response to lipoprotein particle stimulus",-1.35328072543804,0.700492052019663,14
"Interaction","GO_BP","bile acid biosynthetic process",1.35127076420684,0.700016631359109,4
"Interaction","GO_BP","layer formation in cerebral cortex",1.35116927894907,0.737286586957657,6
"Interaction","GO_BP","positive regulation of receptor-mediated endocytosis",-1.35054156788841,0.686111312151697,24
"Interaction","GO_BP","cellular response to zinc ion starvation",1.35039485767687,0.700016631359109,4
"Interaction","GO_BP","response to zinc ion starvation",1.35039485767687,0.700016631359109,4
"Interaction","GO_BP","response to metal ion starvation",1.35039485767687,0.700016631359109,4
"Interaction","GO_BP","negative regulation of vasoconstriction",-1.3486118310047,0.737286586957657,5
"Interaction","GO_BP","relaxation of smooth muscle",-1.34779695980772,0.737286586957657,5
"Interaction","GO_BP","ribosome biogenesis",-1.34767521699219,0.611881028590005,125
"Interaction","GO_BP","proteinogenic amino acid catabolic process",1.34754056939066,0.697690217391304,35
"Interaction","GO_BP","protein-lipid complex remodeling",-1.34726845784734,0.204073911681056,1
"Interaction","GO_BP","very-low-density lipoprotein particle remodeling",-1.34726845784734,0.204073911681056,1
"Interaction","GO_BP","negative regulation of insulin secretion involved in cellular response to glucose stimulus",1.34720836382634,0.723171002744019,5
"Interaction","GO_BP","regulation of axonogenesis",-1.34516450142322,0.668789248401904,61
"Interaction","GO_BP","cardiac neural crest cell development involved in heart development",-1.34357283569169,0.737286586957657,5
"Interaction","GO_BP","negative regulation of myotube differentiation",-1.3427606587412,0.356593825539722,1
"Interaction","GO_BP","negative regulation of D-glucose import across plasma membrane",1.34251637771452,0.723171002744019,9
"Interaction","GO_BP","mammary gland epithelium development",-1.3423523827245,0.723171002744019,18
"Interaction","GO_BP","detection of mechanical stimulus involved in sensory perception",-1.34234623171425,0.737286586957657,12
"Interaction","GO_BP","response to prostaglandin",-1.34162890206518,0.710764789297356,15
"Interaction","GO_BP","myeloid leukocyte differentiation",1.34135632705295,0.668789248401904,70
"Interaction","GO_BP","keratinocyte migration",1.34116850140112,0.732838589981447,8
"Interaction","GO_BP","regulation of keratinocyte migration",1.34116850140112,0.732838589981447,8
"Interaction","GO_BP","response to electrical stimulus",-1.34089081529547,0.700369692401565,26
"Interaction","GO_BP","platelet aggregation",1.340493264446,0.705632417041813,19
"Interaction","GO_BP","lipoprotein metabolic process",1.33929011470121,0.697690217391304,31
"Interaction","GO_BP","response to X-ray",-1.33788031132003,0.723171002744019,18
"Interaction","GO_BP","negative regulation of epithelial to mesenchymal transition",1.33755823087853,0.735780099394203,8
"Interaction","GO_BP","interleukin-1 beta production",-1.3365441148079,0.719950906800573,20
"Interaction","GO_BP","establishment of protein localization to chromosome",-1.33543650195417,0.739174101233653,8
"Interaction","GO_BP","developmental cell growth",-1.33503894400946,0.648322567938145,109
"Interaction","GO_BP","meiotic spindle assembly",1.33462890633303,0.745482669524114,6
"Interaction","GO_BP","peptidyl-tyrosine dephosphorylation",1.33401666001702,0.735528835922537,7
"Interaction","GO_BP","negative regulation of response to oxidative stress",-1.33279220124077,0.735528835922537,6
"Interaction","GO_BP","rRNA metabolic process",-1.33093244312199,0.656381020554249,83
"Interaction","GO_BP","positive regulation of macrophage migration",-1.33027245141696,0.732202394682212,7
"Interaction","GO_BP","regulation of adenylate cyclase activity",-1.32966011429887,0.745482669524114,8
"Interaction","GO_BP","B cell proliferation",-1.32909248941804,0.732838589981447,17
"Interaction","GO_BP","response to mineralocorticoid",-1.32889984411909,0.725906707745527,27
"Interaction","GO_BP","regulation of keratinocyte proliferation",-1.32854133404702,0.732202394682212,9
"Interaction","GO_BP","positive regulation of blood vessel endothelial cell proliferation involved in sprouting angiogenesis",1.32834453492451,0.431473806244987,1
"Interaction","GO_BP","regulation of systemic arterial blood pressure by circulatory renin-angiotensin",1.32812756543177,0.745482669524114,6
"Interaction","GO_BP","forelimb morphogenesis",1.32809220688827,0.745482669524114,6
"Interaction","GO_BP","cellular response to ketone",-1.3275653776402,0.668789248401904,67
"Interaction","GO_BP","synaptonemal complex assembly",-1.32755877028922,0.700492052019663,2
"Interaction","GO_BP","ATP metabolic process",1.32719476742407,0.595561216346374,92
"Interaction","GO_BP","B cell receptor signaling pathway",1.32699664881939,0.732838589981447,12
"Interaction","GO_BP","anoikis",-1.32664121302066,0.732202394682212,14
"Interaction","GO_BP","protein import into nucleus",-1.32622255755762,0.659055623408616,93
"Interaction","GO_BP","retrograde vesicle-mediated transport, Golgi to endoplasmic reticulum",1.32531432978234,0.700167599352328,38
"Interaction","GO_BP","regulation of endothelial cell chemotaxis",-1.32479824565189,0.735528835922537,7
"Interaction","GO_BP","response to tumor necrosis factor",-1.32387075372165,0.656381020554249,89
"Interaction","GO_BP","behavioral fear response",1.32343885696244,0.737286586957657,10
"Interaction","GO_BP","fear response",1.32343885696244,0.737286586957657,10
"Interaction","GO_BP","negative regulation of response to wounding",-1.32305803887445,0.722541382775004,22
"Interaction","GO_BP","endothelial cell proliferation",-1.32260223898807,0.685330675943803,49
"Interaction","GO_BP","negative regulation of mitochondrial membrane permeability",1.32240440054348,0.737286586957657,10
"Interaction","GO_BP","bone remodeling",1.3208412196782,0.723171002744019,21
"Interaction","GO_BP","negative regulation of mononuclear cell migration",-1.31900545487869,0.732838589981447,9
"Interaction","GO_BP","negative regulation of focal adhesion assembly",-1.31844195039628,0.739174101233653,12
"Interaction","GO_BP","negative regulation of cell-substrate junction organization",-1.31844195039628,0.739174101233653,12
"Interaction","GO_BP","ureteric bud development",-1.3177824876489,0.730863942381744,20
"Interaction","GO_BP","negative regulation of bone mineralization",1.31688123752777,0.522042308083385,1
"Interaction","GO_BP","cellular response to zinc ion",-1.3168092333849,0.737286586957657,4
"Interaction","GO_BP","cellular response to estradiol stimulus",-1.31575110369772,0.737286586957657,11
"Interaction","GO_BP","establishment of protein localization to vacuole",1.31485906380312,0.700016631359109,31
"Interaction","GO_BP","regulation of norepinephrine secretion",1.31436490395287,0.528108368356722,1
"Interaction","GO_BP","negative regulation of immune response",1.31373918764489,0.689539411843695,47
"Interaction","GO_BP","ubiquitin-dependent protein catabolic process via the C-end degron rule pathway",1.31338314365235,0.745482669524114,5
"Interaction","GO_BP","mitochondrial tRNA processing",1.31330968040699,0.745482669524114,5
"Interaction","GO_BP","cytokine production involved in immune response",1.31284755571527,0.735528835922537,16
"Interaction","GO_BP","regulation of cytokine production involved in immune response",1.31284755571527,0.735528835922537,16
"Interaction","GO_BP","regulation of cell cycle phase transition",-1.3124957189067,0.600278330345916,133
"Interaction","GO_BP","response to human chorionic gonadotropin",-1.31237909293937,0.746123355186683,5
"Interaction","GO_BP","regulation of skeletal muscle cell proliferation",1.31207298466977,0.732838589981447,3
"Interaction","GO_BP","cellular response to pH",1.31204549882313,0.745482669524114,8
"Interaction","GO_BP","negative regulation of organelle organization",-1.31190443768864,0.600278330345916,148
"Interaction","GO_BP","regulation of glycoprotein metabolic process",-1.31184289022317,0.732838589981447,16
"Interaction","GO_BP","phosphate ion homeostasis",1.31102582403939,0.700369692401565,2
"Interaction","GO_BP","atrial cardiac muscle tissue development",-1.31098255284553,0.732838589981447,3
"Interaction","GO_BP","inner ear receptor cell stereocilium organization",-1.31092291003926,0.745482669524114,11
"Interaction","GO_BP","response to interleukin-1",-1.31044134092474,0.700016631359109,50
"Interaction","GO_BP","centrosome localization",-1.3102887152403,0.735780099394203,17
"Interaction","GO_BP","bicellular tight junction assembly",-1.30728275974242,0.71475797752027,24
"Interaction","GO_BP","retinol metabolic process",1.30705048668883,0.745482669524114,7
"Interaction","GO_BP","purine ribonucleotide transport",1.3070450157514,0.738576254506572,9
"Interaction","GO_BP","positive regulation of lamellipodium assembly",1.30512727604032,0.745482669524114,15
"Interaction","GO_BP","positive regulation of nitric oxide biosynthetic process",-1.3049660004886,0.732838589981447,16
"Interaction","GO_BP","positive regulation of hormone metabolic process",1.30444695546201,0.735528835922537,4
"Interaction","GO_BP","positive regulation of hormone biosynthetic process",1.30444695546201,0.735528835922537,4
"Interaction","GO_BP","response to amyloid-beta",-1.30414677168573,0.737352862055678,18
"Interaction","GO_BP","connective tissue development",-1.30385729362202,0.668789248401904,79
"Interaction","GO_BP","heterochromatin formation",-1.30263814017493,0.689539411843695,44
"Interaction","GO_BP","cellular response to hydroperoxide",-1.30120608377635,0.735780099394203,3
"Interaction","GO_BP","positive regulation of epithelial cell proliferation",1.3003645170896,0.700016631359109,54
"Interaction","GO_BP","mitotic cell cycle phase transition",-1.30003237022699,0.650114722096744,142
"Interaction","GO_BP","intracellular iron ion homeostasis",1.29894616823666,0.710764789297356,27
"Interaction","GO_BP","vascular wound healing",-1.29810578993054,0.737286586957657,2
"Interaction","GO_BP","transcytosis",1.29799332321288,0.737286586957657,12
"Interaction","GO_BP","gastric acid secretion",-1.2968374553474,0.668789248401904,1
"Interaction","GO_BP","negative regulation of plasma membrane bounded cell projection assembly",-1.29644982140576,0.731907333427017,19
"Interaction","GO_BP","negative regulation of neuroinflammatory response",1.29536805450239,0.737352862055678,4
"Interaction","GO_BP","regulation of microtubule polymerization or depolymerization",-1.29515278490684,0.700016631359109,55
"Interaction","GO_BP","regulation of T cell tolerance induction",-1.29398446750859,0.737286586957657,3
"Interaction","GO_BP","regulation of protein ubiquitination",1.29394529836792,0.668789248401904,78
"Interaction","GO_BP","cellular response to amyloid-beta",-1.29390182964116,0.737286586957657,16
"Interaction","GO_BP","regulation of autophagosome maturation",1.29380636837853,0.737352862055678,4
"Interaction","GO_BP","olfactory behavior",1.29286520012851,0.739174101233653,3
"Interaction","GO_BP","positive regulation of cholesterol transport",1.29171107277647,0.749759790499636,7
"Interaction","GO_BP","neural tube closure",-1.29085385445652,0.704826264100529,33
"Interaction","GO_BP","tube closure",-1.29085385445652,0.704826264100529,33
"Interaction","GO_BP","regulation of neurogenesis",-1.29078035682933,0.650114722096744,143
"Interaction","GO_BP","positive regulation of syncytium formation by plasma membrane fusion",1.28978226058689,0.745482669524114,9
"Interaction","GO_BP","secretion by tissue",1.28826000066474,0.745482669524114,15
"Interaction","GO_BP","actin filament severing",-1.28810982285285,0.74802614328306,12
"Interaction","GO_BP","positive regulation of excitatory postsynaptic potential",1.28787615739644,0.750114259597806,10
"Interaction","GO_BP","wound healing, spreading of epidermal cells",-1.28674057856561,0.745482669524114,10
"Interaction","GO_BP","response to 3-methylcholanthrene",1.28662359225113,0.745482669524114,3
"Interaction","GO_BP","regulation of ketone biosynthetic process",1.28654893727718,0.765146803493223,6
"Interaction","GO_BP","fusion of sperm to egg plasma membrane involved in single fertilization",1.28647823650223,0.723171002744019,2
"Interaction","GO_BP","plasma membrane fusion",1.28647823650223,0.723171002744019,2
"Interaction","GO_BP","positive regulation of leukocyte adhesion to vascular endothelial cell",-1.28611020563646,0.749759790499636,7
"Interaction","GO_BP","establishment of skin barrier",1.28566920072672,0.765146803493223,6
"Interaction","GO_BP","craniofacial suture morphogenesis",-1.28525609267458,0.755826453388373,5
"Interaction","GO_BP","regulation of Rho protein signal transduction",-1.28514167522341,0.730863942381744,32
"Interaction","GO_BP","cerebellar Purkinje cell differentiation",-1.28431552141345,0.755826453388373,5
"Interaction","GO_BP","anatomical structure arrangement",1.28426322336921,0.765146803493223,6
"Interaction","GO_BP","negative regulation of inflammatory response to antigenic stimulus",1.28418332266166,0.745482669524114,4
"Interaction","GO_BP","regulation of synaptic vesicle exocytosis",-1.28391356624862,0.737286586957657,23
"Interaction","GO_BP","negative regulation of calcium ion transport",-1.28314171811209,0.732404546751181,26
"Interaction","GO_BP","digestive tract morphogenesis",1.28211145243465,0.752752682100508,8
"Interaction","GO_BP","negative regulation of macrophage activation",1.2804681244163,0.745482669524114,3
"Interaction","GO_BP","viral gene expression",1.28016910064902,0.735528835922537,26
"Interaction","GO_BP","body fluid secretion",1.27993604027791,0.700492052019663,48
"Interaction","GO_BP","regulation of sulfur metabolic process",1.27955620474948,0.751379800723395,7
"Interaction","GO_BP","SCF-dependent proteasomal ubiquitin-dependent protein catabolic process",1.27905974633596,0.750114259597806,10
"Interaction","GO_BP","inflammatory response to antigenic stimulus",1.27847996931409,0.745482669524114,17
"Interaction","GO_BP","mitotic intra-S DNA damage checkpoint signaling",-1.27763093519978,0.739174101233653,2
"Interaction","GO_BP","hepatocyte differentiation",-1.27646740708276,0.739174101233653,2
"Interaction","GO_BP","protein transmembrane transport",1.27624565525774,0.723171002744019,44
"Interaction","GO_BP","collagen catabolic process",-1.27605346204912,0.746123355186683,9
"Interaction","GO_BP","norepinephrine metabolic process",1.27532589993546,0.746123355186683,4
"Interaction","GO_BP","protein processing",1.27511949338803,0.668789248401904,72
"Interaction","GO_BP","platelet formation",-1.27426415441179,0.750114259597806,7
"Interaction","GO_BP","platelet morphogenesis",-1.27426415441179,0.750114259597806,7
"Interaction","GO_BP","innervation",-1.27417634980147,0.769867007337526,5
"Interaction","GO_BP","ephrin receptor signaling pathway",1.27309661191312,0.745482669524114,16
"Interaction","GO_BP","vesicle coating",1.27294516506218,0.750114259597806,14
"Interaction","GO_BP","regulation of protein exit from endoplasmic reticulum",1.27186120421338,0.755826453388373,8
"Interaction","GO_BP","2-oxoglutarate metabolic process",1.27161529600118,0.755826453388373,9
"Interaction","GO_BP","natural killer cell mediated cytotoxicity",1.27157311549974,0.745482669524114,18
"Interaction","GO_BP","venous blood vessel development",-1.27153596116332,0.771038014998815,5
"Interaction","GO_BP","protein-lipid complex assembly",1.2706976817593,0.774979378465654,6
"Interaction","GO_BP","regulation of response to drug",-1.27035413559884,0.700016631359109,1
"Interaction","GO_BP","megakaryocyte development",-1.27030345092627,0.751667326377738,7
"Interaction","GO_BP","snRNA 3'-end processing",-1.27005609431402,0.772545865850423,5
"Interaction","GO_BP","regulation of ERK1 and ERK2 cascade",-1.26934716535699,0.700492052019663,82
"Interaction","GO_BP","steroid catabolic process",1.26910821828012,0.750114259597806,3
"Interaction","GO_BP","spindle localization",1.26896105334485,0.735528835922537,28
"Interaction","GO_BP","protein-DNA complex organization",-1.26891396468761,0.700016631359109,44
"Interaction","GO_BP","negative regulation of response to endoplasmic reticulum stress",1.26885640703938,0.732838589981447,25
"Interaction","GO_BP","aldehyde biosynthetic process",1.26762708840045,0.774979378465654,6
"Interaction","GO_BP","positive regulation of meiotic nuclear division",1.26722336935561,0.74802614328306,4
"Interaction","GO_BP","negative regulation of gene expression via chromosomal CpG island methylation",1.26645936079663,0.74802614328306,4
"Interaction","GO_BP","regulation of membrane permeability",1.2660531120487,0.735528835922537,28
"Interaction","GO_BP","negative regulation of ferroptosis",1.26596453909245,0.745482669524114,12
"Interaction","GO_BP","prostate gland epithelium morphogenesis",-1.26546863708116,0.755826453388373,4
"Interaction","GO_BP","testosterone biosynthetic process",1.26529436929575,0.737286586957657,2
"Interaction","GO_BP","regulation of proteasomal protein catabolic process",1.26481117115241,0.668789248401904,102
"Interaction","GO_BP","positive regulation of osteoblast proliferation",-1.2646693263486,0.775204038307308,8
"Interaction","GO_BP","positive regulation of amine transport",1.26453168844434,0.751640419947507,15
"Interaction","GO_BP","maintenance of blood-brain barrier",-1.26439737155659,0.755826453388373,7
"Interaction","GO_BP","acylglycerol metabolic process",1.26431191831322,0.732404546751181,39
"Interaction","GO_BP","tumor necrosis factor production",-1.26415663970491,0.723171002744019,45
"Interaction","GO_BP","intraciliary transport",-1.26413536138248,0.755826453388373,11
"Interaction","GO_BP","dendritic cell differentiation",1.26409771079664,0.766209983722192,7
"Interaction","GO_BP","skeletal muscle tissue regeneration",1.26388816172626,0.737286586957657,24
"Interaction","GO_BP","mitophagy",1.26343958781779,0.700492052019663,49
"Interaction","GO_BP","response to exogenous dsRNA",-1.26339498255545,0.749723526926613,14
"Interaction","GO_BP","spermatid differentiation",-1.26322663573811,0.735528835922537,48
"Interaction","GO_BP","establishment or maintenance of epithelial cell apical/basal polarity",-1.26237977494968,0.739174101233653,19
"Interaction","GO_BP","pre-B cell differentiation",1.2623606767384,0.703838370748435,1
"Interaction","GO_BP","isotype switching",-1.26058183724652,0.762435040831477,12
"Interaction","GO_BP","granulocyte macrophage colony-stimulating factor production",1.26040352840237,0.710764789297356,1
"Interaction","GO_BP","regulation of immunoglobulin production",-1.2603466817436,0.750114259597806,14
"Interaction","GO_BP","negative regulation of cell-matrix adhesion",-1.25990134514668,0.755826453388373,17
"Interaction","GO_BP","positive regulation of binding",1.2598185272555,0.772545865850423,7
"Interaction","GO_BP","lactation",1.25969439776326,0.730863942381744,31
"Interaction","GO_BP","glial cell apoptotic process",-1.2596143193712,0.765146803493223,12
"Interaction","GO_BP","leukocyte mediated cytotoxicity",1.25950936240588,0.730863942381744,31
"Interaction","GO_BP","sprouting angiogenesis",-1.25919571018011,0.730863942381744,46
"Interaction","GO_BP","V(D)J recombination",1.2590145334847,0.765336092091074,10
"Interaction","GO_BP","response to epinephrine",1.25782971198206,0.774979378465654,7
"Interaction","GO_BP","transforming growth factor beta receptor superfamily signaling pathway",-1.25731565743762,0.700016631359109,99
"Interaction","GO_BP","heterophilic cell-cell adhesion",-1.25698835956648,0.755826453388373,10
"Interaction","GO_BP","ribose phosphate metabolic process",1.25696186686012,0.662153449387492,152
"Interaction","GO_BP","negative regulation of nervous system process",1.25651357722842,0.751667326377738,4
"Interaction","GO_BP","cellular response to X-ray",-1.25637323900862,0.77656478912226,8
"Interaction","GO_BP","ectodermal placode development",1.25575097548543,0.779511491034877,5
"Interaction","GO_BP","resolution of meiotic recombination intermediates",-1.25526609387848,0.750114259597806,2
"Interaction","GO_BP","retina vasculature development in camera-type eye",1.25479777739346,0.77656478912226,6
"Interaction","GO_BP","mRNA export from nucleus",-1.25395611496362,0.739174101233653,30
"Interaction","GO_BP","toxin metabolic process",1.25174698559234,0.77656478912226,6
"Interaction","GO_BP","regulation of viral genome replication",-1.2514858537364,0.745482669524114,31
"Interaction","GO_BP","hair follicle development",-1.25141305648454,0.745482669524114,28
"Interaction","GO_BP","hair cycle process",-1.25141305648454,0.745482669524114,28
"Interaction","GO_BP","sympathetic nervous system development",1.25132929496689,0.769519977508063,3
"Interaction","GO_BP","regulation of transferase activity",1.25105420264544,0.659055623408616,130
"Interaction","GO_BP","interferon-mediated signaling pathway",-1.24990960205204,0.745482669524114,21
"Interaction","GO_BP","single fertilization",1.24965904545267,0.735528835922537,36
"Interaction","GO_BP","negative regulation of cell development",-1.24867156591612,0.732838589981447,62
"Interaction","GO_BP","biogenic amine catabolic process",1.24822591193517,0.78201418553036,5
"Interaction","GO_BP","cardiac cell development",-1.24634749348557,0.735528835922537,49
"Interaction","GO_BP","postsynaptic density organization",-1.24629949231927,0.770995902167616,13
"Interaction","GO_BP","cellular response to vitamin",-1.24557818380501,0.750114259597806,16
"Interaction","GO_BP","aromatic amino acid family catabolic process",1.24545017967249,0.749723526926613,2
"Interaction","GO_BP","positive regulation of dendritic spine development",1.24524078496046,0.737352862055678,34
"Interaction","GO_BP","positive regulation of catecholamine secretion",1.24385820979523,0.772545865850423,4
"Interaction","GO_BP","hormone transport",1.24372342607928,0.679110892791355,100
"Interaction","GO_BP","protein desumoylation",-1.24232909021965,0.774979378465654,3
"Interaction","GO_BP","synaptonemal complex organization",-1.24198785483608,0.776522492365516,4
"Interaction","GO_BP","endocrine process",1.24136892835419,0.749759790499636,23
"Interaction","GO_BP","leukocyte degranulation",1.241361526427,0.746123355186683,24
"Interaction","GO_BP","cytoplasmic translational elongation",1.24135754271523,0.745482669524114,29
"Interaction","GO_BP","Golgi to plasma membrane protein transport",-1.2413384558195,0.746123355186683,28
"Interaction","GO_BP","N-glycan processing",1.24070352695099,0.779511491034877,7
"Interaction","GO_BP","chemokine (C-X-C motif) ligand 2 production",-1.24062163566685,0.765336092091074,10
"Interaction","GO_BP","regulation of chemokine (C-X-C motif) ligand 2 production",-1.24062163566685,0.765336092091074,10
"Interaction","GO_BP","regulation of viral transcription",-1.24061464397562,0.77656478912226,7
"Interaction","GO_BP","neural precursor cell proliferation",-1.24040011084079,0.735528835922537,53
"Interaction","GO_BP","positive regulation of protein sumoylation",-1.2397618273105,0.779511491034877,5
"Interaction","GO_BP","renal system process",1.2390537114949,0.745482669524114,29
"Interaction","GO_BP","stem cell development",-1.23888077592855,0.769519977508063,20
"Interaction","GO_BP","inner dynein arm assembly",1.23831571146719,0.737286586957657,1
"Interaction","GO_BP","regulation of cell size",-1.23819620119602,0.697690217391304,85
"Interaction","GO_BP","cotranslational protein targeting to membrane",1.23722479204396,0.755826453388373,12
"Interaction","GO_BP","regulation of Golgi organization",-1.23667007101643,0.770226465302449,14
"Interaction","GO_BP","regulation of behavioral fear response",1.23634573088916,0.755775123889025,2
"Interaction","GO_BP","positive regulation of cellular respiration",1.2356688999518,0.777724466436978,8
"Interaction","GO_BP","heterochromatin organization",-1.23467845287652,0.745482669524114,48
"Interaction","GO_BP","gamma-aminobutyric acid secretion",-1.23457348019386,0.735528835922537,1
"Interaction","GO_BP","positive regulation of actin filament polymerization",1.23442830800679,0.737286586957657,32
"Interaction","GO_BP","leukocyte tethering or rolling",-1.23407649581505,0.77656478912226,7
"Interaction","GO_BP","somitogenesis",1.2334023651908,0.77656478912226,15
"Interaction","GO_BP","negative regulation of amine transport",-1.23287230833419,0.776289532563343,3
"Interaction","GO_BP","synaptic transmission, dopaminergic",1.23062586390219,0.779511491034877,6
"Interaction","GO_BP","negative regulation of myeloid cell apoptotic process",1.23046960485725,0.77994809748646,3
"Interaction","GO_BP","calcium ion import across plasma membrane",-1.22884552224392,0.779511491034877,4
"Interaction","GO_BP","calcium ion transmembrane transport",-1.2282340559553,0.723171002744019,90
"Interaction","GO_BP","negative regulation of microtubule polymerization",1.22795299080257,0.765336092091074,12
"Interaction","GO_BP","response to antibiotic",-1.22723947995246,0.77414145747075,19
"Interaction","GO_BP","antimicrobial humoral immune response mediated by antimicrobial peptide",1.22716079008325,0.777724466436978,9
"Interaction","GO_BP","negative regulation of endothelial cell apoptotic process",-1.22698448964955,0.77994809748646,7
"Interaction","GO_BP","ERAD pathway",1.22584992018723,0.732838589981447,53
"Interaction","GO_BP","amyloid fibril formation",-1.22550579662263,0.750114259597806,22
"Interaction","GO_BP","renal sodium ion absorption",1.22534150490384,0.789692509111496,3
"Interaction","GO_BP","regulation of leukocyte degranulation",1.22493957596123,0.777724466436978,13
"Interaction","GO_BP","vascular process in circulatory system",-1.22472211804612,0.732838589981447,70
"Interaction","GO_BP","magnesium ion homeostasis",1.22462533264527,0.765146803493223,2
"Interaction","GO_BP","negative regulation of lymphocyte apoptotic process",1.22425966641718,0.779511491034877,9
"Interaction","GO_BP","T-helper cell differentiation",-1.22376154890218,0.786710651494372,13
"Interaction","GO_BP","acute-phase response",-1.22370516781368,0.77994809748646,7
"Interaction","GO_BP","protein secretion",1.22369943560292,0.700016631359109,137
"Interaction","GO_BP","protein localization to extracellular region",1.22369943560292,0.700016631359109,137
"Interaction","GO_BP","triglyceride homeostasis",-1.2236559861434,0.77700705669396,10
"Interaction","GO_BP","cellular response to type II interferon",-1.22088228458834,0.737286586957657,43
"Interaction","GO_BP","nucleotide-sugar metabolic process",1.2200081631306,0.745482669524114,27
"Interaction","GO_BP","mesoderm morphogenesis",1.21922448806629,0.77118217639363,22
"Interaction","GO_BP","regulation of coagulation",1.2174036621761,0.779763827572593,14
"Interaction","GO_BP","extracellular transport",1.21703635944201,0.79933672138147,6
"Interaction","GO_BP","protein import into mitochondrial matrix",1.21528164045815,0.796428314250738,15
"Interaction","GO_BP","regulation of cell shape",-1.21332867719652,0.735780099394203,52
"Interaction","GO_BP","parturition",-1.21287969699556,0.747675248017171,1
"Interaction","GO_BP","vesicle localization",1.21130096354873,0.700016631359109,108
"Interaction","GO_BP","mucus secretion",1.21127229692366,0.79933672138147,8
"Interaction","GO_BP","L-amino acid biosynthetic process",1.21043490786233,0.762435040831477,26
"Interaction","GO_BP","monocarboxylic acid transport",1.21020726524299,0.745482669524114,32
"Interaction","GO_BP","response to mechanical stimulus",-1.21015669468069,0.718195438102417,110
"Interaction","GO_BP","negative regulation of phosphatidylinositol 3-kinase/protein kinase B signal transduction",1.2082359616799,0.769881556683587,21
"Interaction","GO_BP","bile acid metabolic process",1.20799526627295,0.805334636382018,6
"Interaction","GO_BP","microtubule organizing center localization",-1.20741697963272,0.78058961323764,18
"Interaction","GO_BP","methylation",1.20431688641828,0.732838589981447,65
"Interaction","GO_BP","virion assembly",1.20315389766225,0.772545865850423,19
"Interaction","GO_BP","protein homotetramerization",1.20230230819608,0.769519977508063,26
"Interaction","GO_BP","cell-substrate adhesion",-1.20205481114574,0.732476843814225,148
"Interaction","GO_BP","regulation of reactive oxygen species metabolic process",1.20159321192982,0.745482669524114,56
"Interaction","GO_BP","proteinogenic amino acid biosynthetic process",1.20080166776401,0.755826453388373,28
"Interaction","GO_BP","regulation of cytokine-mediated signaling pathway",-1.19932312494267,0.745482669524114,46
"Interaction","GO_BP","renal filtration cell differentiation",-1.19763438203336,0.80432265441537,7
"Interaction","GO_BP","cellular response to fatty acid",-1.19722783556024,0.79933672138147,18
"Interaction","GO_BP","regulation of intestinal absorption",1.19360017971759,0.79933672138147,2
"Interaction","GO_BP","somite development",1.19307473478974,0.786710651494372,18
"Interaction","GO_BP","coagulation",1.19245225314961,0.745482669524114,49
"Interaction","GO_BP","negative regulation of cell junction assembly",-1.19232359124266,0.77994809748646,21
"Interaction","GO_BP","Wnt signaling pathway",-1.1917412009825,0.723171002744019,144
"Interaction","GO_BP","vacuolar transport",1.19083696021962,0.735528835922537,102
"Interaction","GO_BP","cellular response to UV",1.18914927088192,0.765336092091074,30
"Interaction","GO_BP","establishment of protein localization to extracellular region",1.18888025687167,0.735528835922537,138
"Interaction","GO_BP","pinocytosis",-1.18731322371631,0.782533841139339,16
"Interaction","GO_BP","Rac protein signal transduction",1.18331953839235,0.774979378465654,36
"Interaction","GO_BP","positive regulation of humoral immune response",1.18295637281953,0.78646196421404,1
"Interaction","GO_BP","response to vitamin D",-1.18191809677604,0.791407792708183,17
"Interaction","GO_BP","homeostasis of number of cells",1.18164245045277,0.732838589981447,122
"Interaction","GO_BP","positive regulation of cell morphogenesis",1.18089572804932,0.776289532563343,35
"Interaction","GO_BP","segment specification",-1.18076162836432,0.77994809748646,1
"Interaction","GO_BP","cellular pigmentation",-1.1805332446899,0.78058961323764,21
"Interaction","GO_BP","negative regulation of defense response",1.17977853580389,0.745482669524114,69
"Interaction","GO_BP","positive regulation of nervous system development",-1.17942676849536,0.745482669524114,117
"Interaction","GO_BP","homotypic cell-cell adhesion",1.17791986218319,0.779511491034877,30
"Interaction","GO_BP","regulation of receptor internalization",-1.17648534367361,0.750114259597806,43
"Interaction","GO_BP","mesoderm formation",1.17635062656194,0.789930555555556,21
"Interaction","GO_BP","regulation of defense response to virus",-1.17473461040786,0.78058961323764,22
"Interaction","GO_BP","presynapse organization",-1.17269815821497,0.777724466436978,24
"Interaction","GO_BP","cellular response to cAMP",-1.17118041745731,0.77925002355838,29
"Interaction","GO_BP","substrate-dependent cell migration",-1.17116826176897,0.80432265441537,14
"Interaction","GO_BP","apoptotic cell clearance",1.17079427333908,0.80432265441537,12
"Interaction","GO_BP","cellular response to alcohol",-1.16779542998805,0.777724466436978,51
"Interaction","GO_BP","endocytic recycling",1.16630413490904,0.746123355186683,60
"Interaction","GO_BP","chromosome localization",-1.16569818240551,0.756947879025003,52
"Interaction","GO_BP","cell-substrate junction organization",-1.16405875909134,0.762435040831477,61
"Interaction","GO_BP","autophagosome maturation",1.16192163620768,0.775204038307308,32
"Interaction","GO_BP","cardiac muscle cell development",-1.16169227269222,0.788665335585931,48
"Interaction","GO_BP","response to arsenic-containing substance",1.15870241452678,0.79933672138147,24
"Interaction","GO_BP","apoptotic mitochondrial changes",1.15727464474075,0.755826453388373,53
"Interaction","GO_BP","signal release from synapse",-1.1558502908207,0.779511491034877,50
"Interaction","GO_BP","liver regeneration",1.15524564754937,0.79933672138147,30
"Interaction","GO_BP","Golgi to plasma membrane transport",-1.14641542225922,0.779511491034877,47
"Interaction","GO_BP","membraneless organelle assembly",-1.14641439161041,0.735528835922537,197
"Interaction","GO_BP","negative regulation of cell adhesion",-1.146136636313,0.755826453388373,86
"Interaction","GO_BP","negative regulation of endocytosis",1.14599682693932,0.79933672138147,35
"Interaction","GO_BP","response to light stimulus",-1.14422155423439,0.775204038307308,90
"Interaction","GO_BP","response to endoplasmic reticulum stress",1.14364409138855,0.739174101233653,139
"Interaction","GO_BP","response to amino acid",-1.14130780465752,0.774979378465654,91
"Interaction","GO_BP","endoplasmic reticulum to Golgi vesicle-mediated transport",1.1411821551852,0.755826453388373,83
"Interaction","GO_BP","regulation of cell-substrate adhesion",-1.13435085932196,0.77656478912226,102
"Interaction","GO_BP","response to retinoic acid",-1.12773155734939,0.78201418553036,36
"Interaction","GO_BP","regulation of adaptive immune response based on somatic recombination of immune receptors built from immunoglobulin superfamily domains",-1.12054711602605,0.80221647527075,36
"Interaction","GO_BP","organophosphate catabolic process",1.12005224191756,0.793653046676382,95
"Interaction","GO_BP","response to acid chemical",-1.1130853007789,0.777724466436978,95
"Interaction","GO_BP","defense response to virus",-1.11053754658082,0.79933672138147,86
"Interaction","GO_BP","positive regulation of secretion",1.10820792434543,0.779511491034877,121
"Interaction","GO_BP","positive regulation of protein-containing complex assembly",-1.1037015688122,0.796326058760503,95
"Interaction","GO_BP",NA,NA,NA,NA
"Interaction","GO_BP",NA,NA,NA,NA
"Interaction","GO_BP",NA,NA,NA,NA
"Interaction","GO_BP",NA,NA,NA,NA
"Interaction","GO_BP",NA,NA,NA,NA
"Interaction","GO_BP",NA,NA,NA,NA
"Interaction","GO_BP",NA,NA,NA,NA
"Interaction","GO_BP",NA,NA,NA,NA
"Interaction","GO_BP",NA,NA,NA,NA
"Interaction","GO_BP",NA,NA,NA,NA
"Interaction","GO_BP",NA,NA,NA,NA
"Interaction","GO_BP",NA,NA,NA,NA
"Interaction","GO_BP",NA,NA,NA,NA
"Interaction","GO_BP",NA,NA,NA,NA
"Interaction","GO_BP",NA,NA,NA,NA
"Interaction","GO_BP",NA,NA,NA,NA
"Interaction","GO_BP",NA,NA,NA,NA
"Interaction","GO_BP",NA,NA,NA,NA
"Interaction","GO_BP",NA,NA,NA,NA
"Interaction","GO_BP",NA,NA,NA,NA
"Interaction","GO_BP",NA,NA,NA,NA
"Interaction","GO_BP",NA,NA,NA,NA
"Interaction","GO_BP",NA,NA,NA,NA
"Interaction","GO_BP",NA,NA,NA,NA
"Interaction","GO_BP",NA,NA,NA,NA
"Interaction","GO_BP",NA,NA,NA,NA
"Interaction","GO_BP",NA,NA,NA,NA
"Interaction","GO_BP",NA,NA,NA,NA
"Interaction","GO_BP",NA,NA,NA,NA
"Interaction","GO_BP",NA,NA,NA,NA
"Interaction","GO_BP",NA,NA,NA,NA
"Interaction","GO_BP",NA,NA,NA,NA
"Interaction","GO_BP",NA,NA,NA,NA
"Interaction","GO_BP",NA,NA,NA,NA
"Interaction","GO_BP",NA,NA,NA,NA
"Interaction","GO_BP",NA,NA,NA,NA
"Interaction","GO_BP",NA,NA,NA,NA
"Interaction","GO_BP",NA,NA,NA,NA
"Interaction","GO_BP",NA,NA,NA,NA
"Interaction","GO_BP",NA,NA,NA,NA
"Interaction","GO_BP",NA,NA,NA,NA
"Interaction","GO_BP",NA,NA,NA,NA
"Interaction","GO_BP",NA,NA,NA,NA
"Interaction","GO_BP",NA,NA,NA,NA
"Interaction","GO_BP",NA,NA,NA,NA
"Interaction","GO_BP",NA,NA,NA,NA
"Interaction","GO_BP",NA,NA,NA,NA
"Interaction","GO_BP",NA,NA,NA,NA
"Interaction","GO_BP",NA,NA,NA,NA
"Interaction","GO_BP",NA,NA,NA,NA
"Interaction","GO_CC","actin cytoskeleton",-2.05299137526928,6.09126188843882e-08,260
"Interaction","GO_CC","myofibril",-2.01149501545288,0.000119251042017574,117
"Interaction","GO_CC","nuclear ribonucleoprotein granule",-1.99815772427749,1.08352688486718e-05,167
"Interaction","GO_CC","spliceosomal complex",-1.98861567897203,8.02473557985378e-05,120
"Interaction","GO_CC","myosin filament",-1.97178787699289,0.00400127680603166,10
"Interaction","GO_CC","cortical cytoskeleton",-1.91452928006649,0.00305850270309242,63
"Interaction","GO_CC","nuclear speck",-1.91084765831958,0.00012568189194448,143
"Interaction","GO_CC","sno(s)RNA-containing ribonucleoprotein complex",-1.86097892389463,0.027994863148559,9
"Interaction","GO_CC","U2 snRNP",-1.83305727649729,0.076089274471739,17
"Interaction","GO_CC","respiratory chain complex",1.82121412658599,0.00978560452557791,64
"Interaction","GO_CC","mitochondrial inner membrane",1.74628247523382,0.000554786535214578,202
"Interaction","GO_CC","cytoplasmic ribonucleoprotein granule",-1.72883489647093,0.00251320285918627,129
"Interaction","GO_CC","dystrophin-associated glycoprotein complex",-1.71201289149373,0.145755203771174,12
"Interaction","GO_CC","glycoprotein complex",-1.71201289149373,0.145755203771174,12
"Interaction","GO_CC","SWI/SNF superfamily-type complex",-1.7033699718775,0.0978950278398842,28
"Interaction","GO_CC","neuron projection membrane",-1.69274481635373,0.151676903272987,18
"Interaction","GO_CC","vesicle coat",1.67287314402491,0.0970204380412764,45
"Interaction","GO_CC","BLOC-1 complex",-1.64759691016536,0.248464530544371,11
"Interaction","GO_CC","proton-transporting two-sector ATPase complex",1.63563694581785,0.156979586647068,28
"Interaction","GO_CC","female germ cell nucleus",1.62897823833233,0.234052256425055,6
"Interaction","GO_CC","specialized extracellular matrix",-1.61050444504622,0.145755203771174,4
"Interaction","GO_CC","oxidoreductase complex",1.59259799866534,0.104555804204302,66
"Interaction","GO_CC","postsynaptic density membrane",-1.57109700971875,0.203186929187507,27
"Interaction","GO_CC","dendritic spine head",-1.55506784857947,0.22492287975072,5
"Interaction","GO_CC","inhibitory synapse",1.55409752389366,0.215775924772128,4
"Interaction","GO_CC","clathrin adaptor complex",1.54508473999135,0.248464530544371,17
"Interaction","GO_CC","mitochondria-associated endoplasmic reticulum membrane contact site",1.53642372678066,0.261325938221129,20
"Interaction","GO_CC","extracellular matrix",-1.52922641863003,0.123869798349678,87
"Interaction","GO_CC","cytoplasmic side of endoplasmic reticulum membrane",1.51721842274271,0.248464530544371,37
"Interaction","GO_CC","cell cortex",-1.51590973161096,0.0416916646858715,169
"Interaction","GO_CC","kinesin complex",1.51146371451122,0.345025022967754,18
"Interaction","GO_CC","mitochondrial protein-containing complex",1.51131054703472,0.076089274471739,117
"Interaction","GO_CC","nuclear cyclin-dependent protein kinase holoenzyme complex",1.49756940448743,0.362691131498471,8
"Interaction","GO_CC","Cul2-RING ubiquitin ligase complex",1.49619321379899,0.367410161090458,7
"Interaction","GO_CC","non-collagenous component of interstitial matrix",-1.49601772433841,0.386478882194916,8
"Interaction","GO_CC","pericentriolar material",-1.49200024036796,0.357470100308642,7
"Interaction","GO_CC","extrinsic component of presynaptic membrane",1.4908030822669,0.362691131498471,9
"Interaction","GO_CC","uropod",-1.47743952390893,0.369264983876348,7
"Interaction","GO_CC","cell trailing edge",-1.47743952390893,0.369264983876348,7
"Interaction","GO_CC","proteasome core complex",1.46741944085888,0.386478882194916,16
"Interaction","GO_CC","transcription repressor complex",1.4670925239658,0.362691131498471,20
"Interaction","GO_CC","axon cytoplasm",-1.46201789982643,0.248464530544371,43
"Interaction","GO_CC","nuclear DNA-directed RNA polymerase complex",1.45950238867637,0.357470100308642,26
"Interaction","GO_CC","transmembrane transporter complex",1.45942504094764,0.145755203771174,112
"Interaction","GO_CC","NuA4 histone acetyltransferase complex",-1.45100007437978,0.396125584502338,8
"Interaction","GO_CC","germ plasm",-1.44307888413943,0.362691131498471,6
"Interaction","GO_CC","focal adhesion",-1.43128402282094,0.212393224954791,104
"Interaction","GO_CC","DNA-directed RNA polymerase complex",1.42647446804705,0.396125584502338,27
"Interaction","GO_CC","outer membrane",1.42530453734269,0.145755203771174,117
"Interaction","GO_CC","microtubule end",-1.4219825190497,0.362691131498471,18
"Interaction","GO_CC","lumenal side of membrane",-1.42183831731049,0.369264983876348,6
"Interaction","GO_CC","dendritic shaft",1.4001264133654,0.386478882194916,21
"Interaction","GO_CC","sperm head",1.39533120206185,0.44887145609689,8
"Interaction","GO_CC","neuron spine",-1.38397391071675,0.251247237303513,76
"Interaction","GO_CC","endosome membrane",1.38264533222909,0.0882411362966249,211
"Interaction","GO_CC","high-density lipoprotein particle",1.37998245324667,0.386478882194916,3
"Interaction","GO_CC","cyclin-dependent protein kinase holoenzyme complex",1.37450997091813,0.396125584502338,21
"Interaction","GO_CC","INTAC complex",-1.37414365751831,0.420141700404858,7
"Interaction","GO_CC","sarcolemma",-1.37235990570182,0.257722703851856,77
"Interaction","GO_CC","alpha-ketoacid dehydrogenase complex",1.36638510418892,0.446169630642955,12
"Interaction","GO_CC","voltage-gated calcium channel complex",-1.35968887081621,0.420752593462517,5
"Interaction","GO_CC","ciliary rootlet",1.35945087022805,0.440474360944624,7
"Interaction","GO_CC","dendritic spine membrane",-1.35510323870043,0.461951619516195,6
"Interaction","GO_CC","chromosome, telomeric region",-1.35248522778895,0.367410161090458,41
"Interaction","GO_CC","preribosome",-1.35139024775189,0.396125584502338,38
"Interaction","GO_CC","main axon",-1.35014560623646,0.415728789794564,21
"Interaction","GO_CC","organellar large ribosomal subunit",1.3491126377921,0.396125584502338,39
"Interaction","GO_CC","mitochondrial large ribosomal subunit",1.3491126377921,0.396125584502338,39
"Interaction","GO_CC","endoribonuclease complex",-1.33853454346246,0.47876040243448,8
"Interaction","GO_CC","endonuclease complex",-1.33853454346246,0.47876040243448,8
"Interaction","GO_CC","protein complex involved in cell adhesion",-1.33132244505861,0.471304518471275,13
"Interaction","GO_CC","mRNA cleavage and polyadenylation specificity factor complex",-1.32256377995423,0.465627311522048,10
"Interaction","GO_CC","filopodium membrane",-1.31852491773598,0.471304518471275,9
"Interaction","GO_CC","oligosaccharyltransferase complex",1.31768310432489,0.486473595848596,8
"Interaction","GO_CC","XY body",-1.3149614433159,0.486473595848596,8
"Interaction","GO_CC","solid phase of interstitial matrix",-1.30003465000744,0.446169630642955,17
"Interaction","GO_CC","vacuolar membrane",1.2921663474709,0.33162500339554,143
"Interaction","GO_CC","presynaptic endocytic zone",1.28384297735986,0.47876040243448,13
"Interaction","GO_CC","platelet alpha granule",1.28362006099123,0.519394394394394,8
"Interaction","GO_CC","sperm midpiece",1.2655458813998,0.492376672305888,14
"Interaction","GO_CC","GABA-ergic synapse",-1.26385586556913,0.446169630642955,46
"Interaction","GO_CC","coated membrane",1.26363301487323,0.421610996486924,65
"Interaction","GO_CC","transport vesicle",1.26328344943384,0.231305000045702,216
"Interaction","GO_CC","adherens junction",-1.25907800623606,0.446169630642955,75
"Interaction","GO_CC","cell-cell contact zone",-1.25700796743386,0.45395727867638,46
"Interaction","GO_CC","neuronal cell body membrane",-1.25534338939338,0.546448495716278,4
"Interaction","GO_CC","protein acetyltransferase complex",1.25047831426725,0.505354484316443,26
"Interaction","GO_CC","voltage-gated potassium channel complex",-1.24359729270819,0.543334501880298,3
"Interaction","GO_CC","cleavage furrow",-1.2384051061758,0.486473595848596,23
"Interaction","GO_CC","phosphatidylinositol 3-kinase complex",1.23369623272426,0.584939805825243,3
"Interaction","GO_CC","Golgi cisterna",1.22937437506544,0.465627311522048,40
"Interaction","GO_CC","presynaptic active zone cytoplasmic component",1.22778347306136,0.549074074074074,9
"Interaction","GO_CC","endoplasmic reticulum protein-containing complex",1.22051396975499,0.45395727867638,75
"Interaction","GO_CC","leading edge membrane",-1.21657627376241,0.465627311522048,65
"Interaction","GO_CC","axonemal doublet microtubule",1.21642647227418,0.530275932549821,2
"Interaction","GO_CC","axonemal microtubule doublet inner sheath",1.21642647227418,0.530275932549821,2
"Interaction","GO_CC","connexin complex",1.20836490739603,0.505354484316443,1
"Interaction","GO_CC","nuclear pore",-1.20580226636845,0.47876040243448,40
"Interaction","GO_CC","mitochondrial matrix",1.20521149481857,0.362691131498471,217
"Interaction","GO_CC","TRAPP complex",1.20345699522347,0.584939805825243,10
"Interaction","GO_CC","lysosomal lumen",1.2010073024926,0.514533622559653,20
"Interaction","GO_CC","axon terminus",-1.19907190366872,0.47876040243448,63
"Interaction","GO_CC","cell leading edge",-1.19478050065213,0.396125584502338,230
"Interaction","GO_CC","secretory granule lumen",1.18683190626909,0.546448495716278,1
"Interaction","GO_CC","ATPase complex",-1.1861032607655,0.530275932549821,45
"Interaction","GO_CC","mitotic spindle pole",1.18468457835467,0.577537739607774,14
"Interaction","GO_CC","protein-DNA complex",1.17749242471278,0.519751324908276,47
"Interaction","GO_CC","neuron projection terminus",-1.15470716937074,0.543334501880298,72
"Interaction","GO_CC",NA,NA,NA,NA
"Interaction","GO_CC",NA,NA,NA,NA
"Interaction","GO_CC",NA,NA,NA,NA
"Interaction","GO_CC",NA,NA,NA,NA
"Interaction","GO_CC",NA,NA,NA,NA
"Interaction","GO_CC",NA,NA,NA,NA
"Interaction","GO_MF","mRNA 3'-UTR binding",-2.14376667447625,0.000152230886104805,70
"Interaction","GO_MF","nucleosome binding",-2.11605290239131,0.00789403006968205,19
"Interaction","GO_MF","microfilament motor activity",-2.04618650469736,0.00789403006968205,15
"Interaction","GO_MF","actin binding",-2.01768316217225,1.24881900253033e-06,210
"Interaction","GO_MF","heparan sulfate proteoglycan binding",-1.86827994325659,0.00789403006968205,6
"Interaction","GO_MF","pre-mRNA binding",-1.85916458518857,0.0716116555783781,26
"Interaction","GO_MF","miRNA binding",-1.83742193357758,0.0999279188030473,16
"Interaction","GO_MF","nucleosomal DNA binding",-1.83450625358282,0.106484115850368,10
"Interaction","GO_MF","calmodulin binding",-1.80522479158513,0.0716116555783781,61
"Interaction","GO_MF","heparin binding",-1.7699900143486,0.0716116555783781,39
"Interaction","GO_MF","double-stranded RNA binding",-1.74900027144834,0.106484115850368,37
"Interaction","GO_MF","transmembrane receptor protein tyrosine kinase activity",1.73863530741026,0.303506231457506,12
"Interaction","GO_MF","growth factor activity",-1.73128026286419,0.29333720001892,17
"Interaction","GO_MF","RNA polymerase II general transcription initiation factor binding",-1.72561917848122,0.292844267552292,13
"Interaction","GO_MF","poly(A) binding",-1.70939225618558,0.303506231457506,17
"Interaction","GO_MF","carbon-oxygen lyase activity",1.70918272216097,0.19994826572543,33
"Interaction","GO_MF","palmitoyl-(protein) hydrolase activity",1.69664044325907,0.402155419581645,8
"Interaction","GO_MF","palmitoyl hydrolase activity",1.69664044325907,0.402155419581645,8
"Interaction","GO_MF","protein-cysteine S-palmitoyltransferase activity",-1.68795854100197,0.0716116555783781,4
"Interaction","GO_MF","phosphatidylinositol monophosphate phosphatase activity",-1.65620931416203,0.374728736280941,10
"Interaction","GO_MF","glutathione transferase activity",1.63962712992407,0.439629680951585,9
"Interaction","GO_MF","macromolecular conformation isomerase activity",-1.63502107099019,0.0795859377565125,100
"Interaction","GO_MF","hydrolase activity, hydrolyzing O-glycosyl compounds",1.62287606555897,0.29333720001892,31
"Interaction","GO_MF","R-SMAD binding",-1.60050139013422,0.402155419581645,13
"Interaction","GO_MF","aminopeptidase activity",1.60033377683664,0.402155419581645,21
"Interaction","GO_MF","polypeptide conformation or assembly isomerase activity",-1.59608685660468,0.333425302800595,36
"Interaction","GO_MF","isoprenoid binding",1.59289489749685,0.389085302319299,5
"Interaction","GO_MF","RNA endonuclease activity producing 5'-phosphomonoesters, hydrolytic mechanism",-1.58943692104195,0.303506231457506,5
"Interaction","GO_MF","serine-type endopeptidase inhibitor activity",1.5731181764712,0.402155419581645,16
"Interaction","GO_MF","phospholipid scramblase activity",1.56959788752964,0.60183434852622,9
"Interaction","GO_MF","phosphatidylinositol 3-kinase regulator activity",1.55966401580963,0.439629680951585,5
"Interaction","GO_MF","cytokine binding",-1.55643899450925,0.439629680951585,21
"Interaction","GO_MF","low-density lipoprotein particle receptor binding",1.53993408326843,0.609281970383187,13
"Interaction","GO_MF","fibronectin binding",-1.5339415120984,0.60183434852622,11
"Interaction","GO_MF","molecular condensate scaffold activity",-1.5272990330961,0.485746782858803,21
"Interaction","GO_MF","solute:proton symporter activity",1.52683378413129,0.509240083864056,3
"Interaction","GO_MF","histone binding",-1.51241863822252,0.402155419581645,55
"Interaction","GO_MF","alpha-tubulin binding",1.50428446628093,0.60183434852622,19
"Interaction","GO_MF","nuclear retinoic acid receptor binding",-1.50276864437394,0.60183434852622,10
"Interaction","GO_MF","transcription coactivator activity",-1.49353495345145,0.29333720001892,108
"Interaction","GO_MF","voltage-gated calcium channel activity",-1.49116659509535,0.402155419581645,3
"Interaction","GO_MF","tRNA-specific ribonuclease activity",-1.48963893867537,0.402155419581645,3
"Interaction","GO_MF","protein heterodimerization activity",-1.47761651386931,0.364080911992389,91
"Interaction","GO_MF","ATP-dependent activity, acting on DNA",-1.47650885306402,0.509240083864056,44
"Interaction","GO_MF","monoatomic ion channel activity",1.47572233423228,0.402155419581645,55
"Interaction","GO_MF","complement binding",1.46966155786681,0.643428740790922,3
"Interaction","GO_MF","peroxisome proliferator activated receptor binding",-1.46468881738651,0.665372983870968,7
"Interaction","GO_MF","antigen binding",-1.46087291287455,0.655492687092986,9
"Interaction","GO_MF","Wnt-protein binding",1.45928764733732,0.665372983870968,7
"Interaction","GO_MF","channel activity",1.45348621235889,0.402155419581645,64
"Interaction","GO_MF","nucleic acid conformation isomerase activity",-1.44540592273809,0.406444964187037,64
"Interaction","GO_MF","lamin binding",-1.44263208644339,0.643428740790922,11
"Interaction","GO_MF","sterol transfer activity",1.43902977773368,0.655492687092986,6
"Interaction","GO_MF","acid-amino acid ligase activity",-1.43743987599713,0.665372983870968,6
"Interaction","GO_MF","proton transmembrane transporter activity",1.434724646459,0.427590726176978,52
"Interaction","GO_MF","ephrin receptor binding",1.42451091213996,0.665372983870968,13
"Interaction","GO_MF","amine binding",1.42171084627335,0.643428740790922,3
"Interaction","GO_MF","ubiquitin-protein transferase activity",1.42060214025497,0.29333720001892,124
"Interaction","GO_MF","proton-transporting ATPase activity, rotational mechanism",1.41960596778173,0.665372983870968,13
"Interaction","GO_MF","C2H2 zinc finger domain binding",-1.41580007121352,0.665372983870968,4
"Interaction","GO_MF","lncRNA binding",-1.41457504154103,0.643428740790922,24
"Interaction","GO_MF","cis-trans isomerase activity",1.41141043389347,0.622898550724638,27
"Interaction","GO_MF","structural constituent of postsynapse",-1.41026794559125,0.665372983870968,10
"Interaction","GO_MF","triacylglycerol lipase activity",-1.40908244074371,0.635305183946488,3
"Interaction","GO_MF","P-type ion transporter activity",-1.4084242443013,0.665372983870968,13
"Interaction","GO_MF","P-type transmembrane transporter activity",-1.4084242443013,0.665372983870968,13
"Interaction","GO_MF","polysaccharide binding",1.40776855936075,0.665372983870968,3
"Interaction","GO_MF","snoRNA binding",-1.40759779790315,0.655492687092986,12
"Interaction","GO_MF","quaternary ammonium group binding",1.4067087895117,0.68736092875406,11
"Interaction","GO_MF","oxidoreductase activity, acting on the aldehyde or oxo group of donors",1.40354770901343,0.665372983870968,21
"Interaction","GO_MF","signaling receptor inhibitor activity",-1.40257218691023,0.665372983870968,6
"Interaction","GO_MF","NAD+-protein mono-ADP-ribosyltransferase activity",-1.39635786063045,0.683273412086971,4
"Interaction","GO_MF","protein phosphatase binding",-1.39584113461824,0.538207108771051,85
"Interaction","GO_MF","sequence-specific mRNA binding",-1.39531981225868,0.68736092875406,9
"Interaction","GO_MF","plus-end-directed microtubule motor activity",1.39500943814745,0.710896701441235,4
"Interaction","GO_MF","RNA stem-loop binding",-1.39455889974919,0.694233564852205,8
"Interaction","GO_MF","structural constituent of chromatin",-1.39398262270123,0.672272587920992,6
"Interaction","GO_MF","aminoacyltransferase activity",1.39363785284437,0.303506231457506,134
"Interaction","GO_MF","oxidoreductase activity, acting on the CH-NH2 group of donors, oxygen as acceptor",-1.38576196502021,0.68736092875406,4
"Interaction","GO_MF","SH3 domain binding",1.3848145318569,0.60183434852622,56
"Interaction","GO_MF","beta-tubulin binding",-1.378905877107,0.665372983870968,25
"Interaction","GO_MF","transcription coregulator binding",1.37685952149081,0.620701182793837,40
"Interaction","GO_MF","ADP binding",-1.36976015614631,0.665372983870968,27
"Interaction","GO_MF","general transcription initiation factor binding",-1.36657190326379,0.665372983870968,28
"Interaction","GO_MF","hexosyltransferase activity",1.36339325240982,0.609281970383187,49
"Interaction","GO_MF","thiolester hydrolase activity",1.36324811478028,0.68736092875406,21
"Interaction","GO_MF","transcription corepressor activity",-1.36146465163073,0.60183434852622,60
"Interaction","GO_MF","exonuclease activity",1.35540111414349,0.68736092875406,30
"Interaction","GO_MF","nuclear localization sequence binding",-1.35539688205633,0.710896701441235,18
"Interaction","GO_MF","exogenous protein binding",-1.35474579012931,0.710896701441235,14
"Interaction","GO_MF","DNA binding, bending",-1.35284473047614,0.724956500124285,7
"Interaction","GO_MF","protein-lysine-acetyltransferase activity",1.35022640663234,0.724956500124285,10
"Interaction","GO_MF","choline transmembrane transporter activity",1.34863590752793,0.694233564852205,3
"Interaction","GO_MF","methyltransferase activity",1.34534633765865,0.665372983870968,53
"Interaction","GO_MF","potassium ion transmembrane transporter activity",-1.3389478961403,0.713145511942343,11
"Interaction","GO_MF","glutathione binding",1.33835795779603,0.724956500124285,7
"Interaction","GO_MF","oligopeptide binding",1.33835795779603,0.724956500124285,7
"Interaction","GO_MF","oxidoreductase activity, acting on paired donors, with incorporation or reduction of molecular oxygen, reduced flavin or flavoprotein as one donor, and incorporation of one atom of oxygen",1.33551771861572,0.724956500124285,4
"Interaction","GO_MF","mRNA 5'-UTR binding",-1.33501686386485,0.68736092875406,22
"Interaction","GO_MF","ligand-gated sodium channel activity",1.33080856537845,0.303506231457506,1
"Interaction","GO_MF","channel activator activity",-1.32956462064881,0.724956500124285,8
"Interaction","GO_MF","structural constituent of muscle",-1.32804182313367,0.724956500124285,10
"Interaction","GO_MF","protein disulfide isomerase activity",1.32801657544349,0.724956500124285,11
"Interaction","GO_MF","Wnt receptor activity",1.32609326802948,0.724956500124285,3
"Interaction","GO_MF","filamin binding",-1.31772426671714,0.724956500124285,7
"Interaction","GO_MF","D-mannose binding",1.31745898943098,0.724956500124285,6
"Interaction","GO_MF","amino acid:monoatomic cation symporter activity",1.31680649475507,0.724956500124285,5
"Interaction","GO_MF","retinoic acid binding",1.31236486682708,0.724956500124285,3
"Interaction","GO_MF","glutathione peroxidase activity",1.31044589868823,0.724956500124285,11
"Interaction","GO_MF","U6 snRNA binding",-1.30815130050459,0.739777800324675,8
"Interaction","GO_MF","RNA polymerase binding",1.30633496302019,0.705116753859895,31
"Interaction","GO_MF","U4atac snRNA binding",-1.30574298934205,0.724956500124285,3
"Interaction","GO_MF","histone chaperone activity",-1.29892897840172,0.724956500124285,9
"Interaction","GO_MF","GABA receptor binding",-1.2978294301434,0.726889556850431,4
"Interaction","GO_MF","carbohydrate derivative transmembrane transporter activity",1.29410318811392,0.744224736191653,9
"Interaction","GO_MF","GDP binding",1.29324866915206,0.68736092875406,50
"Interaction","GO_MF","adenylate cyclase binding",-1.29315608491503,0.724956500124285,6
"Interaction","GO_MF","ribonucleoprotein complex binding",-1.29244801934902,0.622898550724638,122
"Interaction","GO_MF","steroid dehydrogenase activity",1.29184156818605,0.724956500124285,10
"Interaction","GO_MF","microtubule plus-end binding",-1.29054543107816,0.724956500124285,13
"Interaction","GO_MF","antioxidant activity",1.28835893202531,0.724956500124285,34
"Interaction","GO_MF","DNA endonuclease activity, producing 5'-phosphomonoesters",-1.28730778024662,0.710896701441235,2
"Interaction","GO_MF","phosphate transmembrane transporter activity",1.28650402887064,0.744224736191653,4
"Interaction","GO_MF","coreceptor activity",-1.28639419900053,0.744224736191653,8
"Interaction","GO_MF","oxidoreductase activity, acting on single donors with incorporation of molecular oxygen, incorporation of two atoms of oxygen",1.28375633367633,0.726889556850431,6
"Interaction","GO_MF","protein kinase A binding",-1.28114826527997,0.724956500124285,27
"Interaction","GO_MF","oxidoreductase activity, acting on CH-OH group of donors",1.28091598043197,0.683273412086971,58
"Interaction","GO_MF","phosphatidylcholine lysophospholipase A1 activity",1.28020529032581,0.724956500124285,10
"Interaction","GO_MF","lysophospholipase A1 activity",1.28020529032581,0.724956500124285,10
"Interaction","GO_MF","calcium-dependent phospholipid binding",1.27302555337651,0.724956500124285,16
"Interaction","GO_MF","histone H3 methyltransferase activity",1.27256060114449,0.737643020594966,8
"Interaction","GO_MF","cytoskeletal anchor activity",1.27062689199291,0.744224736191653,9
"Interaction","GO_MF","deSUMOylase activity",-1.26868945594332,0.744224736191653,3
"Interaction","GO_MF","bicarbonate:monoatomic anion antiporter activity",-1.2668488758656,0.68736092875406,1
"Interaction","GO_MF","chloride:bicarbonate antiporter activity",-1.2668488758656,0.68736092875406,1
"Interaction","GO_MF","opsonin binding",1.26679445215832,0.744224736191653,4
"Interaction","GO_MF","scavenger receptor activity",1.26499670206405,0.744224736191653,4
"Interaction","GO_MF","potassium channel regulator activity",-1.26488447970663,0.724956500124285,20
"Interaction","GO_MF","RNA polymerase II-specific DNA-binding transcription factor binding",-1.26419976964269,0.655492687092986,120
"Interaction","GO_MF","DNA-directed DNA polymerase activity",1.26281375950887,0.744224736191653,3
"Interaction","GO_MF","transmembrane receptor protein serine/threonine kinase binding",-1.25893897806694,0.744224736191653,6
"Interaction","GO_MF","3',5'-cyclic-AMP phosphodiesterase activity",1.25728360610988,0.724956500124285,2
"Interaction","GO_MF","protein tag activity",-1.2548091957232,0.744224736191653,6
"Interaction","GO_MF","molecular tag activity",-1.2548091957232,0.744224736191653,6
"Interaction","GO_MF","protein folding chaperone",-1.24825125499974,0.724956500124285,47
"Interaction","GO_MF","protein phosphatase activator activity",1.24642869020936,0.744224736191653,12
"Interaction","GO_MF","protein kinase B binding",-1.24582467437243,0.754150666365485,8
"Interaction","GO_MF","metal cation:monoatomic cation antiporter activity",-1.24492168483037,0.750349162011173,6
"Interaction","GO_MF","bile acid binding",1.24456279216077,0.724956500124285,1
"Interaction","GO_MF","catalytic activity, acting on DNA",-1.24260490039371,0.68736092875406,79
"Interaction","GO_MF","death receptor binding",1.24233062656404,0.744224736191653,4
"Interaction","GO_MF","transporter regulator activity",-1.24173947369192,0.724956500124285,55
"Interaction","GO_MF","4 iron, 4 sulfur cluster binding",1.2389964654819,0.744224736191653,19
"Interaction","GO_MF","ATP-dependent chromatin remodeler activity",-1.23876514391921,0.750349162011173,9
"Interaction","GO_MF","acyl-CoA binding",1.23863508536987,0.737643020594966,14
"Interaction","GO_MF","Hsp90 protein binding",-1.2361027515045,0.737643020594966,24
"Interaction","GO_MF","extracellular matrix binding",-1.2334621769985,0.744224736191653,26
"Interaction","GO_MF","proline-rich region binding",1.23086667377974,0.744224736191653,14
"Interaction","GO_MF","integrin binding",-1.22876730609355,0.710896701441235,65
"Interaction","GO_MF","lipoprotein particle receptor activity",1.22850076698891,0.7525365202069,3
"Interaction","GO_MF","intramolecular transferase activity",1.22834966036789,0.744224736191653,13
"Interaction","GO_MF","transporter activator activity",-1.22670090183452,0.750349162011173,12
"Interaction","GO_MF","RNA polymerase II general transcription initiation factor activity",1.22444299209185,0.750349162011173,10
"Interaction","GO_MF","bHLH transcription factor binding",1.22358945460765,0.750349162011173,11
"Interaction","GO_MF","lipoprotein particle binding",-1.21897900646677,0.750349162011173,7
"Interaction","GO_MF","NAD binding",1.21089909803322,0.733356083638394,37
"Interaction","GO_MF","transmembrane transporter binding",-1.21059851951352,0.724956500124285,71
"Interaction","GO_MF","carboxylesterase activity",1.2088451150374,0.7525365202069,2
"Interaction","GO_MF","phosphatidylinositol bisphosphate phosphatase activity",-1.20625179152604,0.750349162011173,11
"Interaction","GO_MF","transaminase activity",1.20516522876791,0.754150666365485,10
"Interaction","GO_MF","sialyltransferase activity",-1.20062284009829,0.744224736191653,1
"Interaction","GO_MF","nucleotidyltransferase activity",1.19925121546252,0.744224736191653,46
"Interaction","GO_MF","cell adhesion molecule binding",-1.19345768422232,0.724956500124285,114
"Interaction","GO_MF","2-oxoglutarate-dependent dioxygenase activity",1.18994129208216,0.7525365202069,20
"Interaction","GO_MF","monocarboxylic acid transmembrane transporter activity",1.18008441950063,0.7525365202069,13
"Interaction","GO_MF","cargo adaptor activity",1.17627282677498,0.750349162011173,18
"Interaction","GO_MF","oxidoreductase activity, acting on a sulfur group of donors",1.1466016928071,0.754150666365485,38
"Interaction","GO_MF","guanyl ribonucleotide binding",1.10099354547834,0.744224736191653,168
"Interaction","GO_MF",NA,NA,NA,NA
"Interaction","GO_MF",NA,NA,NA,NA
"Interaction","GO_MF",NA,NA,NA,NA
"Interaction","GO_MF",NA,NA,NA,NA
"Interaction","GO_MF",NA,NA,NA,NA
"Interaction","GO_MF",NA,NA,NA,NA
"Interaction","GO_MF",NA,NA,NA,NA
"Interaction","GO_MF",NA,NA,NA,NA
"Interaction","GO_MF",NA,NA,NA,NA
"Interaction","GO_MF",NA,NA,NA,NA
"Interaction","GO_MF",NA,NA,NA,NA
"Interaction","GO_MF",NA,NA,NA,NA
"Interaction","GO_MF",NA,NA,NA,NA
"Interaction","GO_MF",NA,NA,NA,NA
"Interaction","GO_MF",NA,NA,NA,NA
"Interaction","GO_MF",NA,NA,NA,NA
"Interaction","GO_MF",NA,NA,NA,NA
"Interaction","GO_MF",NA,NA,NA,NA
"Interaction","GO_MF",NA,NA,NA,NA
"Interaction","GO_MF",NA,NA,NA,NA
"Interaction","GO_MF",NA,NA,NA,NA
"Interaction","GO_MF",NA,NA,NA,NA
"Interaction","GO_MF",NA,NA,NA,NA
"Interaction","GO_MF",NA,NA,NA,NA
"Interaction","GO_MF",NA,NA,NA,NA
"Interaction","GO_MF",NA,NA,NA,NA
"Interaction","GO_MF",NA,NA,NA,NA
"Interaction","GO_MF",NA,NA,NA,NA
"Interaction","GO_MF",NA,NA,NA,NA
"Interaction","GO_MF",NA,NA,NA,NA
"Interaction","GO_MF",NA,NA,NA,NA
"Interaction","GO_MF",NA,NA,NA,NA
"Interaction","GO_MF",NA,NA,NA,NA
"Interaction","GO_MF",NA,NA,NA,NA
"Interaction","GO_MF",NA,NA,NA,NA
"Interaction","GO_MF",NA,NA,NA,NA
"Interaction","GO_MF",NA,NA,NA,NA
"Interaction","GO_MF",NA,NA,NA,NA
"Interaction","GO_MF",NA,NA,NA,NA
"Interaction","GO_MF",NA,NA,NA,NA
"Interaction","GO_MF",NA,NA,NA,NA
"Interaction","GO_MF",NA,NA,NA,NA
"Interaction","GO_MF",NA,NA,NA,NA
"Interaction","GO_MF",NA,NA,NA,NA
"MITOvPHE_MITO","GO_BP","regulation of mRNA splicing, via spliceosome",-2.38828403044588,1.28375e-07,72
"MITOvPHE_MITO","GO_BP","alternative mRNA splicing, via spliceosome",-2.32576087038407,3.52591831059447e-06,50
"MITOvPHE_MITO","GO_BP","nucleosome organization",-2.18960977106138,0.000311832246548269,33
"MITOvPHE_MITO","GO_BP","rRNA metabolic process",-2.14141771075026,9.74284269318162e-05,83
"MITOvPHE_MITO","GO_BP","regulation of circadian rhythm",-2.10572471685642,0.00435245033538821,28
"MITOvPHE_MITO","GO_BP","ribosome biogenesis",-2.09229986601066,3.66551176393999e-06,125
"MITOvPHE_MITO","GO_BP","regulation of chromosome organization",-2.07876459306356,0.000112261587422733,91
"MITOvPHE_MITO","GO_BP","DNA recombination",-2.06627014574204,0.000126397796327086,91
"MITOvPHE_MITO","GO_BP","circadian rhythm",-2.05728302467459,0.000541236398069131,68
"MITOvPHE_MITO","GO_BP","telomere maintenance via telomere lengthening",-2.04559638544508,0.00615936357665406,30
"MITOvPHE_MITO","GO_BP","very long-chain fatty acid metabolic process",2.03594783996585,0.0112923468739292,14
"MITOvPHE_MITO","GO_BP","RNA 3'-end processing",-1.97202427975021,0.00727564070501417,44
"MITOvPHE_MITO","GO_BP","telomere organization",-1.92136331562271,0.00615936357665406,64
"MITOvPHE_MITO","GO_BP","nucleosome disassembly",-1.87310435826537,0.0152174856294791,9
"MITOvPHE_MITO","GO_BP","intracellular lipid transport",1.87062354305512,0.0771536153965256,24
"MITOvPHE_MITO","GO_BP","protein-DNA complex disassembly",-1.85403525264609,0.0441110393202479,10
"MITOvPHE_MITO","GO_BP","melanosome organization",-1.84986646775588,0.00683382155362221,7
"MITOvPHE_MITO","GO_BP","cellular response to estradiol stimulus",-1.84294025045376,0.0875163049579918,11
"MITOvPHE_MITO","GO_BP","receptor catabolic process",1.842312160116,0.160928978134159,16
"MITOvPHE_MITO","GO_BP","fatty acid derivative metabolic process",1.84209638587991,0.100559469110089,28
"MITOvPHE_MITO","GO_BP","circadian regulation of gene expression",-1.83197298786844,0.0844809845779606,21
"MITOvPHE_MITO","GO_BP","heterochromatin formation",-1.83140154072456,0.0468481586759737,44
"MITOvPHE_MITO","GO_BP","positive regulation of type II interferon production",1.83064676342225,0.116179868683801,14
"MITOvPHE_MITO","GO_BP","heterochromatin organization",-1.82175418273891,0.0468481586759737,48
"MITOvPHE_MITO","GO_BP","striated muscle cell apoptotic process",1.82146111039392,0.0875163049579918,32
"MITOvPHE_MITO","GO_BP","negative regulation of inflammatory response",1.81980578440807,0.107777400051409,35
"MITOvPHE_MITO","GO_BP","long-chain fatty-acyl-CoA metabolic process",1.818589891061,0.0810395771889529,9
"MITOvPHE_MITO","GO_BP","regulation of mitochondrial membrane permeability",1.81377539956722,0.161974012262778,23
"MITOvPHE_MITO","GO_BP","regulation of striated muscle cell apoptotic process",1.80996123557003,0.116179868683801,28
"MITOvPHE_MITO","GO_BP","regulation of toll-like receptor 4 signaling pathway",1.80616747696862,0.109227973780372,8
"MITOvPHE_MITO","GO_BP","type II interferon production",1.80540539966725,0.116179868683801,24
"MITOvPHE_MITO","GO_BP","RNA localization",-1.8043010885739,0.0151688300988336,94
"MITOvPHE_MITO","GO_BP","regulation of membrane permeability",1.80063809437462,0.11827188741042,28
"MITOvPHE_MITO","GO_BP","negative regulation of gene expression, epigenetic",-1.76989602989747,0.0771536153965256,50
"MITOvPHE_MITO","GO_BP","protein-DNA complex organization",-1.76916213295497,0.10504705656013,45
"MITOvPHE_MITO","GO_BP","nucleocytoplasmic transport",-1.7628243302774,0.00484183224331458,169
"MITOvPHE_MITO","GO_BP","lipoprotein transport",1.75270527582463,0.116179868683801,7
"MITOvPHE_MITO","GO_BP","lipoprotein localization",1.75014188048778,0.178429471321096,8
"MITOvPHE_MITO","GO_BP","RNA export from nucleus",-1.72523852246313,0.116179868683801,44
"MITOvPHE_MITO","GO_BP","RNA catabolic process",-1.72110799292202,0.00615936357665406,159
"MITOvPHE_MITO","GO_BP","regulation of sister chromatid segregation",-1.71962364141184,0.189932843264601,30
"MITOvPHE_MITO","GO_BP","nuclear migration",-1.71758708153078,0.201268424537416,20
"MITOvPHE_MITO","GO_BP","homocysteine metabolic process",1.71594332105063,0.227404870682165,10
"MITOvPHE_MITO","GO_BP","negative regulation of smoothened signaling pathway",-1.71181202177571,0.239486796562617,14
"MITOvPHE_MITO","GO_BP","spliceosomal complex assembly",-1.70602564220649,0.178429471321096,33
"MITOvPHE_MITO","GO_BP","nucleosome assembly",-1.70303273122364,0.202006785878167,24
"MITOvPHE_MITO","GO_BP","regulation of fibroblast growth factor receptor signaling pathway",1.70265552419029,0.197697118762147,7
"MITOvPHE_MITO","GO_BP","fatty acid derivative catabolic process",1.70251596056756,0.27865758283977,11
"MITOvPHE_MITO","GO_BP","negative regulation of small GTPase mediated signal transduction",1.69792966905147,0.244079170981952,29
"MITOvPHE_MITO","GO_BP","positive regulation of chromosome separation",-1.69343408678612,0.178429471321096,15
"MITOvPHE_MITO","GO_BP","regulation of release of sequestered calcium ion into cytosol",1.69309783371376,0.273309895204273,27
"MITOvPHE_MITO","GO_BP","nucleus localization",-1.68954682885114,0.202006785878167,25
"MITOvPHE_MITO","GO_BP","protein localization to nucleus",-1.6856561982115,0.00749109329305774,165
"MITOvPHE_MITO","GO_BP","nucleus organization",-1.68270497359987,0.107139672557313,73
"MITOvPHE_MITO","GO_BP","phosphatidylinositol-3-phosphate biosynthetic process",1.68149042454811,0.182112729790132,6
"MITOvPHE_MITO","GO_BP","regulation of mast cell degranulation",1.67922230616195,0.227404870682165,9
"MITOvPHE_MITO","GO_BP","carnitine metabolic process",1.67808842469891,0.296760751466838,8
"MITOvPHE_MITO","GO_BP","postsynapse to nucleus signaling pathway",-1.6691827875503,0.189932843264601,7
"MITOvPHE_MITO","GO_BP","regulation of chromosome segregation",-1.66731862820206,0.181366364968369,44
"MITOvPHE_MITO","GO_BP","nucleic acid catabolic process",-1.66317946720098,0.0130319705331884,170
"MITOvPHE_MITO","GO_BP","blastocyst development",-1.65638747491205,0.227070531330297,45
"MITOvPHE_MITO","GO_BP","cranial skeletal system development",-1.65118697063026,0.258149753364239,23
"MITOvPHE_MITO","GO_BP","nuclear envelope organization",-1.64950002715674,0.249048201849819,33
"MITOvPHE_MITO","GO_BP","bile acid metabolic process",1.6473631701222,0.229057125832634,6
"MITOvPHE_MITO","GO_BP","mRNA export from nucleus",-1.64225811511638,0.244079170981952,31
"MITOvPHE_MITO","GO_BP","response to light stimulus",-1.63640534397481,0.116179868683801,90
"MITOvPHE_MITO","GO_BP","RNA polymerase II transcription initiation surveillance",-1.63603468047642,0.273309895204273,8
"MITOvPHE_MITO","GO_BP","chromosome separation",-1.63274973680514,0.268299677677815,32
"MITOvPHE_MITO","GO_BP","glycosaminoglycan metabolic process",1.63085623102896,0.330648955533283,19
"MITOvPHE_MITO","GO_BP","regulation of systemic arterial blood pressure by renin-angiotensin",1.62687396723958,0.404997441604938,8
"MITOvPHE_MITO","GO_BP","negative regulation of extrinsic apoptotic signaling pathway in absence of ligand",1.62550266700267,0.319349413677174,9
"MITOvPHE_MITO","GO_BP","sodium ion export across plasma membrane",-1.62343850136983,0.268929069891506,5
"MITOvPHE_MITO","GO_BP","negative regulation of cell cycle process",-1.62336720220631,0.149272320640709,78
"MITOvPHE_MITO","GO_BP","phosphatidylinositol phosphate biosynthetic process",1.61225917546107,0.350203385819264,19
"MITOvPHE_MITO","GO_BP","antigen processing and presentation",1.61035630193695,0.383279039705133,29
"MITOvPHE_MITO","GO_BP","mitochondrial respiratory chain complex III assembly",1.60952950446337,0.303601617403851,5
"MITOvPHE_MITO","GO_BP","positive regulation of calcium ion transmembrane transport",1.60743957451223,0.45535753729497,16
"MITOvPHE_MITO","GO_BP","response to L-ascorbic acid",1.59852080056916,0.258149753364239,4
"MITOvPHE_MITO","GO_BP","positive regulation of cell killing",1.59702276477905,0.424864759548038,14
"MITOvPHE_MITO","GO_BP","response to potassium ion",-1.5949249197392,0.330648955533283,8
"MITOvPHE_MITO","GO_BP","cellular response to potassium ion",-1.5949249197392,0.330648955533283,8
"MITOvPHE_MITO","GO_BP","myeloid leukocyte activation",1.59403716349898,0.228705895214789,62
"MITOvPHE_MITO","GO_BP","organic hydroxy compound transport",1.59310033088453,0.168978149229013,61
"MITOvPHE_MITO","GO_BP","receptor metabolic process",1.59296282646363,0.345347058637685,40
"MITOvPHE_MITO","GO_BP","detoxification",1.59219894200379,0.201268424537416,60
"MITOvPHE_MITO","GO_BP","regulation of protein complex stability",1.59213019659071,0.438388370693655,11
"MITOvPHE_MITO","GO_BP","regulation of isotype switching",-1.59104562991165,0.260894002163648,6
"MITOvPHE_MITO","GO_BP","regulation of translation",-1.58896066941754,0.0396457028636655,204
"MITOvPHE_MITO","GO_BP","regulation of establishment or maintenance of cell polarity",1.58755474396943,0.396324507013417,13
"MITOvPHE_MITO","GO_BP","embryonic brain development",-1.58492851571988,0.372022063239845,5
"MITOvPHE_MITO","GO_BP","positive regulation of glial cell proliferation",-1.58466814196458,0.345813479801079,8
"MITOvPHE_MITO","GO_BP","endocrine process",1.58274877560325,0.378672893835917,24
"MITOvPHE_MITO","GO_BP","inositol phosphate biosynthetic process",1.57778650968783,0.44357691531837,8
"MITOvPHE_MITO","GO_BP","renal system process",1.57740746225499,0.421125479393269,29
"MITOvPHE_MITO","GO_BP","Golgi localization",1.57383484916251,0.5064397739206,12
"MITOvPHE_MITO","GO_BP","membrane invagination",1.5729403786453,0.392562792768529,24
"MITOvPHE_MITO","GO_BP","regulation of glutamate secretion",1.57024839014328,0.404997441604938,7
"MITOvPHE_MITO","GO_BP","vesicle coating",1.57021542783246,0.462087561708079,14
"MITOvPHE_MITO","GO_BP","negative regulation of MAP kinase activity",1.5694775219824,0.470454582717694,11
"MITOvPHE_MITO","GO_BP","deoxyribonucleotide metabolic process",1.56860728218376,0.43677943459857,18
"MITOvPHE_MITO","GO_BP","peptidyl-lysine methylation",1.56726906379346,0.421125479393269,6
"MITOvPHE_MITO","GO_BP","actin filament-based movement",-1.56661790583349,0.345813479801079,52
"MITOvPHE_MITO","GO_BP","regulation of mitotic nuclear division",-1.56380089438758,0.370936845604753,33
"MITOvPHE_MITO","GO_BP","sulfur compound metabolic process",1.56222289043009,0.110788246332737,121
"MITOvPHE_MITO","GO_BP","negative regulation of phagocytosis",1.55867418344416,0.434231321997771,13
"MITOvPHE_MITO","GO_BP","negative regulation of necroptotic process",1.55858262553008,0.421125479393269,9
"MITOvPHE_MITO","GO_BP","protein catabolic process in the vacuole",1.5518322025404,0.436534910592934,15
"MITOvPHE_MITO","GO_BP","neuropeptide signaling pathway",-1.55115567198598,0.238626328400013,4
"MITOvPHE_MITO","GO_BP","positive regulation of T cell mediated immunity",1.55059089236212,0.488012127554291,14
"MITOvPHE_MITO","GO_BP","male meiosis I",-1.54836017559655,0.244079170981952,3
"MITOvPHE_MITO","GO_BP","regulation of DNA damage response, signal transduction by p53 class mediator",1.54340057507555,0.5064397739206,14
"MITOvPHE_MITO","GO_BP","epithelial cell differentiation involved in kidney development",1.54324662606746,0.52403958157873,11
"MITOvPHE_MITO","GO_BP","myoblast proliferation",1.54153963658671,0.424864759548038,7
"MITOvPHE_MITO","GO_BP","regulation of skeletal muscle cell differentiation",1.54108465083665,0.464964064987371,6
"MITOvPHE_MITO","GO_BP","pseudouridine synthesis",-1.53963461453912,0.263452859951897,3
"MITOvPHE_MITO","GO_BP","peptidyl-tyrosine dephosphorylation",1.53892264102597,0.424864759548038,7
"MITOvPHE_MITO","GO_BP","mast cell mediated immunity",1.53782510089907,0.472954981015754,15
"MITOvPHE_MITO","GO_BP","cellular response to mineralocorticoid stimulus",-1.53624818215805,0.404997441604938,6
"MITOvPHE_MITO","GO_BP","bone growth",1.53602930482896,0.633733956102377,10
"MITOvPHE_MITO","GO_BP","ribosomal large subunit assembly",-1.53553369504116,0.470454582717694,10
"MITOvPHE_MITO","GO_BP","angiogenesis involved in wound healing",1.53348108950759,0.472954981015754,5
"MITOvPHE_MITO","GO_BP","regulation of lymphocyte apoptotic process",1.53174169041005,0.607414518646629,17
"MITOvPHE_MITO","GO_BP","peptide antigen assembly with MHC protein complex",1.52843757852135,0.404997441604938,3
"MITOvPHE_MITO","GO_BP","ectoderm development",-1.52730235938188,0.473097866145423,9
"MITOvPHE_MITO","GO_BP","circadian behavior",-1.5255728204517,0.438388370693655,7
"MITOvPHE_MITO","GO_BP","GTP metabolic process",-1.52429637309866,0.617761018186645,16
"MITOvPHE_MITO","GO_BP","protein N-linked glycosylation",1.52345014945625,0.411529279838262,32
"MITOvPHE_MITO","GO_BP","positive regulation of JUN kinase activity",-1.52295809888569,0.328012131762152,3
"MITOvPHE_MITO","GO_BP","regulation of lipid biosynthetic process",1.5226656329193,0.330648955533283,62
"MITOvPHE_MITO","GO_BP","protein import into nucleus",-1.52188387516031,0.227404870682165,93
"MITOvPHE_MITO","GO_BP","microglia differentiation",1.52186812655177,0.550088736524405,8
"MITOvPHE_MITO","GO_BP","formation of primary germ layer",1.51977357613564,0.506174192279493,45
"MITOvPHE_MITO","GO_BP","chondrocyte proliferation",1.51913634668463,0.633733956102377,10
"MITOvPHE_MITO","GO_BP","synaptic vesicle lumen acidification",1.51900200236535,0.490927702980472,13
"MITOvPHE_MITO","GO_BP","fatty acid derivative biosynthetic process",1.51869617431667,0.639188775088919,10
"MITOvPHE_MITO","GO_BP","immune response to tumor cell",1.51669964624262,0.565739914581835,11
"MITOvPHE_MITO","GO_BP","regulation of response to tumor cell",1.51669964624262,0.565739914581835,11
"MITOvPHE_MITO","GO_BP","regulation of immune response to tumor cell",1.51669964624262,0.565739914581835,11
"MITOvPHE_MITO","GO_BP","hormone transport",1.51369959824693,0.190983081949891,101
"MITOvPHE_MITO","GO_BP","T cell mediated cytotoxicity",1.51280548741163,0.52403958157873,15
"MITOvPHE_MITO","GO_BP","neural tube closure",-1.51257244315668,0.434231321997771,33
"MITOvPHE_MITO","GO_BP","myoblast differentiation",1.51241542334923,0.434231321997771,28
"MITOvPHE_MITO","GO_BP","ketone biosynthetic process",1.51241509899997,0.5064397739206,13
"MITOvPHE_MITO","GO_BP","protein targeting to ER",1.51105521245567,0.475755811929617,24
"MITOvPHE_MITO","GO_BP","C21-steroid hormone metabolic process",1.50543294702422,0.52403958157873,4
"MITOvPHE_MITO","GO_BP","hematopoietic stem cell proliferation",1.50333893735561,0.642209484106305,9
"MITOvPHE_MITO","GO_BP","endoderm development",1.50212573522762,0.5064397739206,33
"MITOvPHE_MITO","GO_BP","genomic imprinting",-1.50191243097473,0.624963278187663,8
"MITOvPHE_MITO","GO_BP","negative regulation of epithelial cell migration",1.50173114422675,0.642209484106305,9
"MITOvPHE_MITO","GO_BP","ketone catabolic process",1.50147285652727,0.555329340556076,6
"MITOvPHE_MITO","GO_BP","maintenance of protein location in cell",-1.50086749857667,0.607414518646629,26
"MITOvPHE_MITO","GO_BP","maintenance of protein location",-1.50086749857667,0.607414518646629,26
"MITOvPHE_MITO","GO_BP","response to inactivity",1.50031749448683,0.640568840099485,10
"MITOvPHE_MITO","GO_BP","synaptonemal complex organization",-1.4996585768604,0.374506152193221,4
"MITOvPHE_MITO","GO_BP","endoplasmic reticulum tubular network organization",-1.49965804349491,0.577633491268566,17
"MITOvPHE_MITO","GO_BP","hormone secretion",1.49964190595971,0.199510340770414,99
"MITOvPHE_MITO","GO_BP","digestive tract morphogenesis",1.49861551866748,0.593395669030796,8
"MITOvPHE_MITO","GO_BP","mast cell degranulation",1.49848054274024,0.637254901960784,14
"MITOvPHE_MITO","GO_BP","vesicle docking",1.49838490042315,0.452436934408501,28
"MITOvPHE_MITO","GO_BP","positive regulation of fat cell differentiation",-1.49824149041324,0.462087561708079,15
"MITOvPHE_MITO","GO_BP","chromosome condensation",-1.49788896247947,0.542178591219516,20
"MITOvPHE_MITO","GO_BP","mitochondrial electron transport, ubiquinol to cytochrome c",1.49778529055803,0.651567060017764,9
"MITOvPHE_MITO","GO_BP","response to 2,3,7,8-tetrachlorodibenzodioxine",-1.49426997363444,0.374506152193221,4
"MITOvPHE_MITO","GO_BP","regulation of triglyceride biosynthetic process",1.49371546287082,0.561326563203429,5
"MITOvPHE_MITO","GO_BP","regulation of immunoglobulin production",-1.49272950266017,0.617761018186645,14
"MITOvPHE_MITO","GO_BP","regulation of clathrin-dependent endocytosis",1.48773347908864,0.623295985060691,8
"MITOvPHE_MITO","GO_BP","negative regulation of catabolic process",-1.48705809754126,0.17730868458309,164
"MITOvPHE_MITO","GO_BP","actin filament depolymerization",-1.48608280024069,0.542178591219516,30
"MITOvPHE_MITO","GO_BP","phagosome maturation",1.48586029971491,0.623295985060691,8
"MITOvPHE_MITO","GO_BP","positive regulation of lipid transport",1.48539526929683,0.607414518646629,21
"MITOvPHE_MITO","GO_BP","myeloid cell activation involved in immune response",1.48283506937116,0.484763943471369,28
"MITOvPHE_MITO","GO_BP","cell aggregation",1.48086213302894,0.640568840099485,7
"MITOvPHE_MITO","GO_BP","dendritic cell cytokine production",-1.4801642656493,0.411529279838262,4
"MITOvPHE_MITO","GO_BP","regulation of dendritic cell cytokine production",-1.4801642656493,0.411529279838262,4
"MITOvPHE_MITO","GO_BP","negative regulation of membrane potential",1.47958668194006,0.607414518646629,4
"MITOvPHE_MITO","GO_BP","activin receptor signaling pathway",1.47797276750529,0.640568840099485,8
"MITOvPHE_MITO","GO_BP","negative regulation of fibroblast proliferation",1.47577131860126,0.663972846290609,12
"MITOvPHE_MITO","GO_BP","regulation of stem cell population maintenance",-1.47427469574477,0.614721277368647,9
"MITOvPHE_MITO","GO_BP","regulation of protein autophosphorylation",-1.47171443317199,0.618808384029786,9
"MITOvPHE_MITO","GO_BP","response to X-ray",-1.47042893994269,0.640568840099485,18
"MITOvPHE_MITO","GO_BP","bile acid biosynthetic process",1.46726839096172,0.639188775088919,4
"MITOvPHE_MITO","GO_BP","proteoglycan catabolic process",1.46719886402636,0.678747984244058,11
"MITOvPHE_MITO","GO_BP","cardiac muscle hypertrophy in response to stress",-1.46476680646768,0.637254901960784,9
"MITOvPHE_MITO","GO_BP","embryonic camera-type eye morphogenesis",1.46424154266465,0.161974012262778,2
"MITOvPHE_MITO","GO_BP","positive regulation of adipose tissue development",-1.46383977389575,0.438388370693655,4
"MITOvPHE_MITO","GO_BP","positive regulation of execution phase of apoptosis",1.46284516379314,0.672057586239132,9
"MITOvPHE_MITO","GO_BP","actin filament capping",-1.46210045483413,0.607414518646629,20
"MITOvPHE_MITO","GO_BP","response to osmotic stress",1.4606255601033,0.52403958157873,35
"MITOvPHE_MITO","GO_BP","positive regulation of epithelial cell differentiation",-1.46017749349512,0.640568840099485,9
"MITOvPHE_MITO","GO_BP","regulation of actin filament-based movement",-1.45480095981503,0.640568840099485,22
"MITOvPHE_MITO","GO_BP","aspartate family amino acid biosynthetic process",1.45324671658896,0.706022155876807,10
"MITOvPHE_MITO","GO_BP","inflammatory response to wounding",1.45006048319451,0.660712823572072,6
"MITOvPHE_MITO","GO_BP","non-canonical NF-kappaB signal transduction",1.44912980148121,0.419088349155027,39
"MITOvPHE_MITO","GO_BP","olefinic compound biosynthetic process",1.4482568541312,0.651567060017764,5
"MITOvPHE_MITO","GO_BP","proton transmembrane transport",1.44778552761003,0.421125479393269,58
"MITOvPHE_MITO","GO_BP","regulation of nucleocytoplasmic transport",-1.44772690092639,0.434231321997771,71
"MITOvPHE_MITO","GO_BP","collagen biosynthetic process",-1.44659732035013,0.651292335115864,27
"MITOvPHE_MITO","GO_BP","Schwann cell proliferation",-1.44644512558236,0.593235612159077,6
"MITOvPHE_MITO","GO_BP","DNA replication",-1.44602319064708,0.347453929066217,100
"MITOvPHE_MITO","GO_BP","regulation of phospholipid biosynthetic process",1.44572647932553,0.693749155612031,7
"MITOvPHE_MITO","GO_BP","response to cholesterol",1.44561580833295,0.71555188281807,10
"MITOvPHE_MITO","GO_BP","positive regulation of multicellular organism growth",1.44437476778988,0.696826285345953,9
"MITOvPHE_MITO","GO_BP","cellular response to amino acid starvation",-1.44397635777847,0.578025422554724,25
"MITOvPHE_MITO","GO_BP","regulation of centriole replication",-1.44344593748981,0.606687145557656,4
"MITOvPHE_MITO","GO_BP","positive regulation of natural killer cell activation",-1.44088617607334,0.596095975425719,3
"MITOvPHE_MITO","GO_BP","cell killing",1.43890557786872,0.567063303691599,35
"MITOvPHE_MITO","GO_BP","protein sumoylation",-1.4384224506636,0.640568840099485,15
"MITOvPHE_MITO","GO_BP","cellular detoxification",1.43833486940705,0.452436934408501,55
"MITOvPHE_MITO","GO_BP","regulation of protein exit from endoplasmic reticulum",1.4372167868406,0.680142459786016,8
"MITOvPHE_MITO","GO_BP","regulation of glial cell migration",-1.43545121442901,0.696826285345953,8
"MITOvPHE_MITO","GO_BP","regulation of adenylate cyclase activity",-1.4351753603857,0.696826285345953,8
"MITOvPHE_MITO","GO_BP","neutrophil chemotaxis",1.43477351929246,0.696826285345953,20
"MITOvPHE_MITO","GO_BP","acylglycerol metabolic process",1.43377742878659,0.434231321997771,39
"MITOvPHE_MITO","GO_BP","inner ear morphogenesis",1.43365222379868,0.696826285345953,19
"MITOvPHE_MITO","GO_BP","protein insertion into mitochondrial membrane",1.43323140402702,0.696826285345953,20
"MITOvPHE_MITO","GO_BP","Rap protein signal transduction",-1.43275150116478,0.706022155876807,7
"MITOvPHE_MITO","GO_BP","plasma membrane tubulation",1.42956751992045,0.698646584829097,13
"MITOvPHE_MITO","GO_BP","negative regulation of potassium ion transport",-1.42898177618066,0.706022155876807,16
"MITOvPHE_MITO","GO_BP","acute-phase response",-1.42896008743069,0.706022155876807,7
"MITOvPHE_MITO","GO_BP","cerebellum morphogenesis",1.4289058968874,0.696826285345953,19
"MITOvPHE_MITO","GO_BP","peptidyl-proline modification",1.42576418842733,0.744202898550725,12
"MITOvPHE_MITO","GO_BP","negative regulation of osteoclast differentiation",-1.42116410122404,0.637254901960784,3
"MITOvPHE_MITO","GO_BP","proteoglycan biosynthetic process",-1.42087219854227,0.696826285345953,14
"MITOvPHE_MITO","GO_BP","synaptonemal complex assembly",-1.41904161760573,0.350392302153423,2
"MITOvPHE_MITO","GO_BP","regulation of non-canonical Wnt signaling pathway",1.41794277606695,0.640568840099485,3
"MITOvPHE_MITO","GO_BP","ribosome assembly",-1.41631206464166,0.640568840099485,32
"MITOvPHE_MITO","GO_BP","Arp2/3 complex-mediated actin nucleation",1.41592421092085,0.671391028071598,24
"MITOvPHE_MITO","GO_BP","proton motive force-driven mitochondrial ATP synthesis",1.41585482049103,0.695140111005821,17
"MITOvPHE_MITO","GO_BP","negative regulation of endocytosis",1.41441216501943,0.637254901960784,35
"MITOvPHE_MITO","GO_BP","negative chemotaxis",-1.41405680952186,0.706022155876807,8
"MITOvPHE_MITO","GO_BP","cellular response to ethanol",1.41323032879767,0.706022155876807,7
"MITOvPHE_MITO","GO_BP","leukocyte migration",1.41074110125464,0.372022063239845,98
"MITOvPHE_MITO","GO_BP","midbody abscission",1.41036934707923,0.680037080892434,15
"MITOvPHE_MITO","GO_BP","response to stilbenoid",1.40933041922191,0.672510243409606,4
"MITOvPHE_MITO","GO_BP","2'-deoxyribonucleotide biosynthetic process",1.40891238266425,0.698646584829097,8
"MITOvPHE_MITO","GO_BP","deoxyribose phosphate biosynthetic process",1.40891238266425,0.698646584829097,8
"MITOvPHE_MITO","GO_BP","regulation of protein depolymerization",-1.40823844625388,0.567063303691599,48
"MITOvPHE_MITO","GO_BP","centrosome localization",-1.40798231971235,0.680142459786016,17
"MITOvPHE_MITO","GO_BP","mesenchymal cell apoptotic process",-1.40747715889575,0.404997441604938,2
"MITOvPHE_MITO","GO_BP","regulation of mesenchymal cell apoptotic process",-1.40747715889575,0.404997441604938,2
"MITOvPHE_MITO","GO_BP","viral process",1.40640134836392,0.258149753364239,136
"MITOvPHE_MITO","GO_BP","positive regulation of myeloid leukocyte mediated immunity",-1.40458940180109,0.696826285345953,5
"MITOvPHE_MITO","GO_BP","lymphoid progenitor cell differentiation",-1.40420095689543,0.66411758325198,4
"MITOvPHE_MITO","GO_BP","protein refolding",1.40114056410876,0.66411758325198,23
"MITOvPHE_MITO","GO_BP","Golgi vesicle transport",1.40016062982002,0.187209761085958,202
"MITOvPHE_MITO","GO_BP","fibroblast activation",-1.39930155120396,0.71558670800043,11
"MITOvPHE_MITO","GO_BP","cardiac chamber development",-1.39712370885279,0.561326563203429,58
"MITOvPHE_MITO","GO_BP","regulation of postsynaptic specialization assembly",1.39709683710412,0.693749155612031,4
"MITOvPHE_MITO","GO_BP","ether lipid metabolic process",1.39622425977679,0.736322005302482,7
"MITOvPHE_MITO","GO_BP","B cell homeostasis",1.3960473110154,0.752616886458997,13
"MITOvPHE_MITO","GO_BP","regulation of ATP-dependent activity",-1.39540817959336,0.696826285345953,23
"MITOvPHE_MITO","GO_BP","response to ether",-1.39538099324545,0.753706150007339,16
"MITOvPHE_MITO","GO_BP","regulation of Fc receptor mediated stimulatory signaling pathway",1.39452922797014,0.736322005302482,7
"MITOvPHE_MITO","GO_BP","trophoblast cell migration",1.3935454992263,0.71555188281807,8
"MITOvPHE_MITO","GO_BP","inner ear development",1.3904503599157,0.640568840099485,54
"MITOvPHE_MITO","GO_BP","non-proteinogenic amino acid metabolic process",1.38976259409353,0.660619887142545,27
"MITOvPHE_MITO","GO_BP","negative regulation of neuron projection regeneration",-1.38922039051707,0.76029444630685,8
"MITOvPHE_MITO","GO_BP","inorganic anion transport",1.38796521701597,0.690593212050078,25
"MITOvPHE_MITO","GO_BP","positive regulation of vascular permeability",1.38489067639163,0.696826285345953,3
"MITOvPHE_MITO","GO_BP","mucus secretion",1.383788808825,0.720664292954233,8
"MITOvPHE_MITO","GO_BP","regulation of leukocyte degranulation",1.38310546623338,0.75780308433972,13
"MITOvPHE_MITO","GO_BP","positive regulation of calcium ion transport",1.38162215475274,0.667778337108818,29
"MITOvPHE_MITO","GO_BP","negative regulation of macrophage activation",1.38141844505018,0.706022155876807,3
"MITOvPHE_MITO","GO_BP","regulation of low-density lipoprotein particle clearance",-1.3803424382156,0.753706150007339,7
"MITOvPHE_MITO","GO_BP","negative regulation of collagen biosynthetic process",-1.37968201728446,0.696826285345953,4
"MITOvPHE_MITO","GO_BP","membrane fusion",1.37962122489315,0.58121294605175,86
"MITOvPHE_MITO","GO_BP","myofibroblast differentiation",-1.3783097947288,0.701890359168242,4
"MITOvPHE_MITO","GO_BP","negative regulation of intracellular steroid hormone receptor signaling pathway",1.37794888415331,0.753706150007339,20
"MITOvPHE_MITO","GO_BP","positive regulation of purine nucleotide catabolic process",1.37731452116543,0.761492832427088,5
"MITOvPHE_MITO","GO_BP","positive regulation of glycolytic process",1.37731452116543,0.761492832427088,5
"MITOvPHE_MITO","GO_BP","negative regulation of GTPase activity",-1.37725092106675,0.753706150007339,9
"MITOvPHE_MITO","GO_BP","telencephalon regionalization",-1.37579514112886,0.542178591219516,2
"MITOvPHE_MITO","GO_BP","inhibitory synapse assembly",1.37521209109901,0.640568840099485,2
"MITOvPHE_MITO","GO_BP","pinocytosis",-1.37519824931419,0.761492832427088,16
"MITOvPHE_MITO","GO_BP","regulation of intrinsic apoptotic signaling pathway by p53 class mediator",-1.37420987271773,0.75780308433972,12
"MITOvPHE_MITO","GO_BP","regulation of cytokinesis",1.37410673396762,0.671391028071598,31
"MITOvPHE_MITO","GO_BP","cellular response to insulin-like growth factor stimulus",-1.37235069451871,0.761492832427088,11
"MITOvPHE_MITO","GO_BP","inner mitochondrial membrane organization",1.37045125361813,0.696826285345953,29
"MITOvPHE_MITO","GO_BP","cellular response to mechanical stimulus",1.37015844934409,0.651567060017764,44
"MITOvPHE_MITO","GO_BP","cellular response to external stimulus",1.37015844934409,0.651567060017764,44
"MITOvPHE_MITO","GO_BP","spinal cord dorsal/ventral patterning",-1.36860933528699,0.696826285345953,3
"MITOvPHE_MITO","GO_BP","epigenetic programming of gene expression",-1.36814376186128,0.761492832427088,10
"MITOvPHE_MITO","GO_BP","response to epinephrine",1.36803189148781,0.758814804075191,7
"MITOvPHE_MITO","GO_BP","leukocyte degranulation",1.36779019464396,0.706022155876807,24
"MITOvPHE_MITO","GO_BP","neuroblast division",1.36320832464828,0.786984437069853,5
"MITOvPHE_MITO","GO_BP","negative regulation of dendritic spine development",1.36220613741299,0.761492832427088,6
"MITOvPHE_MITO","GO_BP","neural crest cell development",-1.36184620383891,0.706022155876807,19
"MITOvPHE_MITO","GO_BP","protein-DNA complex assembly",-1.36127351675537,0.696826285345953,37
"MITOvPHE_MITO","GO_BP","establishment of skin barrier",1.36097811730447,0.761492832427088,6
"MITOvPHE_MITO","GO_BP","nephric duct development",-1.35992818389374,0.640568840099485,2
"MITOvPHE_MITO","GO_BP","lymphocyte apoptotic process",1.3597271384756,0.696826285345953,27
"MITOvPHE_MITO","GO_BP","establishment of protein localization to endoplasmic reticulum",1.35955167413264,0.696826285345953,27
"MITOvPHE_MITO","GO_BP","mesenchymal cell proliferation",-1.35938870564327,0.761492832427088,9
"MITOvPHE_MITO","GO_BP","regulation of mesenchymal cell proliferation",-1.35938870564327,0.761492832427088,9
"MITOvPHE_MITO","GO_BP","nervous system process involved in regulation of systemic arterial blood pressure",1.35861118090787,0.758814804075191,3
"MITOvPHE_MITO","GO_BP","cGAS/STING signaling pathway",-1.35831731079196,0.761492832427088,9
"MITOvPHE_MITO","GO_BP","macromolecule depalmitoylation",1.35822638343423,0.761492832427088,8
"MITOvPHE_MITO","GO_BP","regulation of cardiac muscle hypertrophy in response to stress",-1.35576594293021,0.753706150007339,4
"MITOvPHE_MITO","GO_BP","isotype switching",-1.35486349997818,0.761492832427088,12
"MITOvPHE_MITO","GO_BP","antibacterial innate immune response",1.35416467921886,0.758814804075191,3
"MITOvPHE_MITO","GO_BP","kinetochore assembly",-1.35367999063937,0.770586255820722,5
"MITOvPHE_MITO","GO_BP","lipoprotein metabolic process",1.35257085603793,0.703810307017544,31
"MITOvPHE_MITO","GO_BP","branching morphogenesis of a nerve",-1.35047758036046,0.761492832427088,4
"MITOvPHE_MITO","GO_BP","ATP transport",1.3487147303314,0.761492832427088,7
"MITOvPHE_MITO","GO_BP","luteinization",1.34763531532496,0.761492832427088,3
"MITOvPHE_MITO","GO_BP","protein insertion into membrane",1.34721458506431,0.66411758325198,42
"MITOvPHE_MITO","GO_BP","regulation of dopamine metabolic process",1.34686069585772,0.786984437069853,6
"MITOvPHE_MITO","GO_BP","organic anion transport",1.34425187449608,0.650102700723898,86
"MITOvPHE_MITO","GO_BP","regulation of protein polyubiquitination",1.34373203960152,0.797456559625904,12
"MITOvPHE_MITO","GO_BP","regulation of protein localization to nucleus",-1.34371060177805,0.618808384029786,82
"MITOvPHE_MITO","GO_BP","fusion of sperm to egg plasma membrane involved in single fertilization",1.34287142544826,0.696826285345953,2
"MITOvPHE_MITO","GO_BP","locomotion involved in locomotory behavior",-1.34129613319315,0.758814804075191,6
"MITOvPHE_MITO","GO_BP","relaxation of cardiac muscle",1.34111025874448,0.797843617709538,10
"MITOvPHE_MITO","GO_BP","cellular response to leptin stimulus",1.33986435485133,0.786984437069853,6
"MITOvPHE_MITO","GO_BP","proximal tubule development",-1.33943009449659,0.769318897863321,4
"MITOvPHE_MITO","GO_BP","organelle membrane fusion",1.33831500430915,0.567063303691599,70
"MITOvPHE_MITO","GO_BP","phototransduction",-1.33694565069119,0.198489572384876,1
"MITOvPHE_MITO","GO_BP","lymph node development",1.3360563170321,0.761492832427088,4
"MITOvPHE_MITO","GO_BP","positive regulation of synaptic transmission, glutamatergic",1.33574231252188,0.792936736283475,6
"MITOvPHE_MITO","GO_BP","response to fatty acid",1.33571640680356,0.706022155876807,33
"MITOvPHE_MITO","GO_BP","melanocyte differentiation",-1.33561312777415,0.761492832427088,6
"MITOvPHE_MITO","GO_BP","regulation of dendritic spine maintenance",1.33539764021831,0.826693904127477,5
"MITOvPHE_MITO","GO_BP","removal of superoxide radicals",1.33490974515982,0.786984437069853,11
"MITOvPHE_MITO","GO_BP","regulation of myoblast proliferation",1.33363821300951,0.71465494959938,2
"MITOvPHE_MITO","GO_BP","vesicle localization",1.33357288045601,0.541238106401836,108
"MITOvPHE_MITO","GO_BP","regulation of hydrogen peroxide metabolic process",1.33333196785406,0.79733068209207,7
"MITOvPHE_MITO","GO_BP","positive regulation of leukocyte mediated cytotoxicity",1.33323095322967,0.77496745016486,13
"MITOvPHE_MITO","GO_BP","germinal center formation",1.33313217318455,0.786984437069853,3
"MITOvPHE_MITO","GO_BP","protein localization to extracellular region",1.33282742207201,0.427265004137683,137
"MITOvPHE_MITO","GO_BP","cardiac muscle contraction",-1.33263462316651,0.703810307017544,47
"MITOvPHE_MITO","GO_BP","positive regulation of neuron migration",1.33257548146588,0.826693904127477,5
"MITOvPHE_MITO","GO_BP","positive regulation of calcium ion-dependent exocytosis",1.33251086638092,0.786984437069853,3
"MITOvPHE_MITO","GO_BP","negative regulation of ATP-dependent activity",-1.33106600637313,0.761492832427088,6
"MITOvPHE_MITO","GO_BP","cellular response to alkaloid",-1.33064549782697,0.786984437069853,15
"MITOvPHE_MITO","GO_BP","immature B cell differentiation",1.33057177577316,0.791112774011797,3
"MITOvPHE_MITO","GO_BP","action potential",-1.3299768567767,0.753706150007339,33
"MITOvPHE_MITO","GO_BP","energy derivation by oxidation of organic compounds",1.32976524755426,0.249860820261904,223
"MITOvPHE_MITO","GO_BP","regulation of DNA replication",-1.32974930018853,0.696826285345953,38
"MITOvPHE_MITO","GO_BP","regulation of striated muscle contraction",-1.32834391494757,0.71558670800043,34
"MITOvPHE_MITO","GO_BP","segment specification",-1.32774072549345,0.391064789843113,1
"MITOvPHE_MITO","GO_BP","response to amino acid starvation",-1.32694114648149,0.739205228419454,30
"MITOvPHE_MITO","GO_BP","2-oxoglutarate metabolic process",1.32527130155528,0.825187351059827,9
"MITOvPHE_MITO","GO_BP","stem cell development",-1.32487207052289,0.786984437069853,20
"MITOvPHE_MITO","GO_BP","protein K48-linked deubiquitination",-1.32477084521253,0.786984437069853,12
"MITOvPHE_MITO","GO_BP","vitamin transmembrane transport",1.32476510471523,0.747440604227653,2
"MITOvPHE_MITO","GO_BP","granulocyte macrophage colony-stimulating factor production",1.32444690440259,0.244079170981952,1
"MITOvPHE_MITO","GO_BP","regulation of granulocyte macrophage colony-stimulating factor production",1.32444690440259,0.244079170981952,1
"MITOvPHE_MITO","GO_BP","negative regulation of stem cell proliferation",1.32299449044427,0.747440604227653,2
"MITOvPHE_MITO","GO_BP","positive regulation of phagocytosis, engulfment",1.32270747894795,0.747440604227653,2
"MITOvPHE_MITO","GO_BP","positive regulation of membrane invagination",1.32270747894795,0.747440604227653,2
"MITOvPHE_MITO","GO_BP","regulation of blood vessel endothelial cell proliferation involved in sprouting angiogenesis",1.3224226604505,0.797456559625904,3
"MITOvPHE_MITO","GO_BP","positive regulation of autophagy",1.32125716348537,0.618808384029786,84
"MITOvPHE_MITO","GO_BP","positive regulation of reproductive process",1.32117815000245,0.792936736283475,19
"MITOvPHE_MITO","GO_BP","regulation of establishment of endothelial barrier",1.31978755579917,0.833724202626642,5
"MITOvPHE_MITO","GO_BP","exocytosis",1.31973819177566,0.438388370693655,141
"MITOvPHE_MITO","GO_BP","T-helper 17 type immune response",1.31938928100516,0.801486897231578,7
"MITOvPHE_MITO","GO_BP","establishment of protein localization to extracellular region",1.31911541935029,0.484763943471369,138
"MITOvPHE_MITO","GO_BP","establishment of protein localization to peroxisome",1.3190508102098,0.825187351059827,10
"MITOvPHE_MITO","GO_BP","membrane repolarization",-1.31703042988078,0.767170358987493,19
"MITOvPHE_MITO","GO_BP","primary miRNA processing",-1.31637600569016,0.786984437069853,6
"MITOvPHE_MITO","GO_BP","positive regulation of mitophagy",1.31633379752544,0.786984437069853,14
"MITOvPHE_MITO","GO_BP","skeletal muscle organ development",1.31624682250426,0.663512332307225,61
"MITOvPHE_MITO","GO_BP","sensory perception of bitter taste",-1.31546749189645,0.561326563203429,1
"MITOvPHE_MITO","GO_BP","establishment of vesicle localization",1.31495600549112,0.518113162959474,102
"MITOvPHE_MITO","GO_BP","anoikis",-1.31330096982337,0.786984437069853,14
"MITOvPHE_MITO","GO_BP","response to oxygen radical",1.31149957442116,0.769318897863321,15
"MITOvPHE_MITO","GO_BP","cell adhesion molecule production",1.31100333014901,0.812203152707604,3
"MITOvPHE_MITO","GO_BP","interleukin-1 alpha production",-1.31072556073397,0.596095975425719,1
"MITOvPHE_MITO","GO_BP","regulation of interleukin-1 alpha production",-1.31072556073397,0.596095975425719,1
"MITOvPHE_MITO","GO_BP","facultative heterochromatin formation",-1.31033764809626,0.797456559625904,4
"MITOvPHE_MITO","GO_BP","neuroepithelial cell differentiation",1.30983186462791,0.813071780436313,11
"MITOvPHE_MITO","GO_BP","regulation of hematopoietic progenitor cell differentiation",-1.30945402402868,0.797843617709538,10
"MITOvPHE_MITO","GO_BP","positive regulation of osteoblast proliferation",1.30885785529524,0.825187351059827,8
"MITOvPHE_MITO","GO_BP","negative regulation of meiotic cell cycle",-1.30847599378002,0.797843617709538,6
"MITOvPHE_MITO","GO_BP","central nervous system neuron axonogenesis",-1.30810413916183,0.824523430274381,16
"MITOvPHE_MITO","GO_BP","pore complex assembly",-1.30802221795105,0.797456559625904,13
"MITOvPHE_MITO","GO_BP","morphogenesis of a polarized epithelium",1.30769459025128,0.790098315401238,18
"MITOvPHE_MITO","GO_BP","interleukin-6-mediated signaling pathway",1.30749600856265,0.833724202626642,9
"MITOvPHE_MITO","GO_BP","female genitalia development",1.30716267087153,0.812203152707604,3
"MITOvPHE_MITO","GO_BP","endothelial cell morphogenesis",1.30711349830318,0.786984437069853,4
"MITOvPHE_MITO","GO_BP","sarcoplasmic reticulum calcium ion transport",1.30673070773706,0.786984437069853,16
"MITOvPHE_MITO","GO_BP","response to virus",-1.30625816962824,0.640568840099485,123
"MITOvPHE_MITO","GO_BP","phagocytosis, engulfment",1.30602922127927,0.791112774011797,14
"MITOvPHE_MITO","GO_BP","regulation of amyloid-beta clearance",1.3057511271661,0.786984437069853,4
"MITOvPHE_MITO","GO_BP","G0 to G1 transition",1.3053640366032,0.786984437069853,4
"MITOvPHE_MITO","GO_BP","regulation of G0 to G1 transition",1.3053640366032,0.786984437069853,4
"MITOvPHE_MITO","GO_BP","embryonic placenta morphogenesis",-1.3050871459954,0.797843617709538,10
"MITOvPHE_MITO","GO_BP","embryonic hindlimb morphogenesis",-1.30460054495334,0.797456559625904,3
"MITOvPHE_MITO","GO_BP","innate immune response in mucosa",1.30420729292648,0.607414518646629,1
"MITOvPHE_MITO","GO_BP","positive regulation of epidermis development",-1.30415321925267,0.797456559625904,3
"MITOvPHE_MITO","GO_BP","epithelial cilium movement involved in extracellular fluid movement",1.30410402800416,0.842558591640566,5
"MITOvPHE_MITO","GO_BP","response to auditory stimulus",1.30397959684777,0.833724202626642,12
"MITOvPHE_MITO","GO_BP","chromosome localization",-1.30396964445245,0.696826285345953,52
"MITOvPHE_MITO","GO_BP","macrophage cytokine production",-1.30249409469777,0.812203152707604,4
"MITOvPHE_MITO","GO_BP","response to phorbol 13-acetate 12-myristate",-1.30181740642672,0.810294462969051,11
"MITOvPHE_MITO","GO_BP","positive regulation of T-helper 17 type immune response",1.30080512813733,0.792936736283475,4
"MITOvPHE_MITO","GO_BP","lactone metabolic process",1.29973736666495,0.825187351059827,6
"MITOvPHE_MITO","GO_BP","regulation of anoikis",-1.29967831113433,0.805040042200163,10
"MITOvPHE_MITO","GO_BP","regulation of cell proliferation involved in heart morphogenesis",1.29964159171618,0.824523430274381,3
"MITOvPHE_MITO","GO_BP","negative regulation of glycogen metabolic process",1.29750628255928,0.797843617709538,4
"MITOvPHE_MITO","GO_BP","regulation of cardiac muscle cell contraction",-1.29635850969046,0.824523430274381,16
"MITOvPHE_MITO","GO_BP","regulation of cellular response to insulin stimulus",1.29531315851409,0.663512332307225,52
"MITOvPHE_MITO","GO_BP","Cdc42 protein signal transduction",1.29501814351917,0.826693904127477,3
"MITOvPHE_MITO","GO_BP","motor behavior",1.29328909934766,0.823396501457726,11
"MITOvPHE_MITO","GO_BP","central nervous system neuron development",-1.2928731330831,0.761492832427088,33
"MITOvPHE_MITO","GO_BP","negative regulation of cell division",1.29256258495392,0.696826285345953,1
"MITOvPHE_MITO","GO_BP","muscle contraction",-1.29173653080821,0.637254901960784,107
"MITOvPHE_MITO","GO_BP","regulation of plasma lipoprotein particle levels",-1.29169198478888,0.794275320322045,19
"MITOvPHE_MITO","GO_BP","RIG-I signaling pathway",1.2898603690862,0.812203152707604,16
"MITOvPHE_MITO","GO_BP","actin filament network formation",-1.28948495340192,0.824523430274381,9
"MITOvPHE_MITO","GO_BP","nucleoside phosphate catabolic process",1.28930095032843,0.672057586239132,69
"MITOvPHE_MITO","GO_BP","cellular response to phorbol 13-acetate 12-myristate",-1.28927668825393,0.833724202626642,8
"MITOvPHE_MITO","GO_BP","protein-lipid complex remodeling",-1.28924740193922,0.696826285345953,1
"MITOvPHE_MITO","GO_BP","very-low-density lipoprotein particle remodeling",-1.28924740193922,0.696826285345953,1
"MITOvPHE_MITO","GO_BP","reciprocal meiotic recombination",-1.28803972276082,0.825187351059827,6
"MITOvPHE_MITO","GO_BP","regulation of autophagosome maturation",1.28788526505944,0.813071780436313,4
"MITOvPHE_MITO","GO_BP","regulation of intestinal absorption",-1.28781355852242,0.761492832427088,2
"MITOvPHE_MITO","GO_BP","synaptic transmission, glutamatergic",1.28660899484048,0.786984437069853,22
"MITOvPHE_MITO","GO_BP","regulation of platelet activation",-1.28660140178325,0.824523430274381,9
"MITOvPHE_MITO","GO_BP","social behavior",-1.28591590941112,0.826803349076857,15
"MITOvPHE_MITO","GO_BP","alanine transport",1.28564157272921,0.83934791847528,6
"MITOvPHE_MITO","GO_BP","face morphogenesis",-1.28537988267806,0.833724202626642,11
"MITOvPHE_MITO","GO_BP","enucleate erythrocyte differentiation",1.28459437824919,0.866178732129635,5
"MITOvPHE_MITO","GO_BP","negative regulation of response to external stimulus",1.28371330694109,0.578025422554724,101
"MITOvPHE_MITO","GO_BP","regulation of cardiac muscle contraction",-1.28350233530464,0.786984437069853,29
"MITOvPHE_MITO","GO_BP","negative regulation of ion transmembrane transporter activity",-1.28302541059112,0.826693904127477,12
"MITOvPHE_MITO","GO_BP","extracellular transport",1.28298775753507,0.83934791847528,6
"MITOvPHE_MITO","GO_BP","positive regulation of digestive system process",-1.28018249650776,0.826693904127477,4
"MITOvPHE_MITO","GO_BP","purine-containing compound catabolic process",1.28012604153945,0.739205228419454,64
"MITOvPHE_MITO","GO_BP","regulation of response to drug",-1.27836885397825,0.703810307017544,1
"MITOvPHE_MITO","GO_BP","negative regulation of SMAD protein signal transduction",-1.2778522954911,0.833724202626642,5
"MITOvPHE_MITO","GO_BP","forelimb morphogenesis",1.27574171356071,0.842558591640566,6
"MITOvPHE_MITO","GO_BP","negative regulation of systemic arterial blood pressure",1.2745317093588,0.870390544774744,5
"MITOvPHE_MITO","GO_BP","microvillus organization",1.27359261857548,0.83934791847528,7
"MITOvPHE_MITO","GO_BP","regulation of circadian sleep/wake cycle, non-REM sleep",-1.27334798568857,0.706022155876807,1
"MITOvPHE_MITO","GO_BP","body fluid secretion",1.27248673313097,0.758814804075191,48
"MITOvPHE_MITO","GO_BP","lysosome localization",1.27230266257292,0.76029444630685,37
"MITOvPHE_MITO","GO_BP","glutamate metabolic process",-1.27222817271866,0.827389039855073,10
"MITOvPHE_MITO","GO_BP","antifungal innate immune response",1.27194357716711,0.842558591640566,3
"MITOvPHE_MITO","GO_BP","cell volume homeostasis",1.27151525397391,0.833724202626642,11
"MITOvPHE_MITO","GO_BP","kinetochore organization",-1.27125644369712,0.83934791847528,8
"MITOvPHE_MITO","GO_BP","negative regulation of reactive oxygen species metabolic process",1.27099867876986,0.825187351059827,20
"MITOvPHE_MITO","GO_BP","vitamin biosynthetic process",1.27086315537565,0.83934791847528,7
"MITOvPHE_MITO","GO_BP","regulation of endoplasmic reticulum stress-induced intrinsic apoptotic signaling pathway",1.27082727761268,0.800926447927237,17
"MITOvPHE_MITO","GO_BP","carbohydrate phosphorylation",1.26903606909155,0.842558591640566,10
"MITOvPHE_MITO","GO_BP","muscle atrophy",1.26898348347079,0.842558591640566,10
"MITOvPHE_MITO","GO_BP","negative regulation of phosphate metabolic process",1.26879730528234,0.640568840099485,108
"MITOvPHE_MITO","GO_BP","regulation of amino acid transport",1.26838276416606,0.826693904127477,14
"MITOvPHE_MITO","GO_BP","renal system process involved in regulation of systemic arterial blood pressure",1.26830212463921,0.825187351059827,2
"MITOvPHE_MITO","GO_BP","negative regulation of fat cell differentiation",1.26829819258971,0.824523430274381,16
"MITOvPHE_MITO","GO_BP","response to hydroperoxide",1.26797208983296,0.841558360248813,7
"MITOvPHE_MITO","GO_BP","membrane protein ectodomain proteolysis",1.26665607000806,0.824523430274381,16
"MITOvPHE_MITO","GO_BP","apoptotic mitochondrial changes",1.26664461526652,0.773110508882866,53
"MITOvPHE_MITO","GO_BP","response to oxygen-glucose deprivation",-1.26642202976029,0.842558591640566,5
"MITOvPHE_MITO","GO_BP","hexose metabolic process",1.26620805031802,0.658636827883681,108
"MITOvPHE_MITO","GO_BP","testosterone biosynthetic process",1.26613730544673,0.826693904127477,2
"MITOvPHE_MITO","GO_BP","regulation of integrin activation",-1.26612588155562,0.83934791847528,6
"MITOvPHE_MITO","GO_BP","positive regulation of leukocyte tethering or rolling",1.265828355792,0.862173233732617,3
"MITOvPHE_MITO","GO_BP","xenobiotic catabolic process",1.26547555629951,0.866460213004596,9
"MITOvPHE_MITO","GO_BP","maintenance of postsynaptic specialization structure",1.26537943424505,0.842558591640566,7
"MITOvPHE_MITO","GO_BP","striatum development",1.26520478197302,0.876560332871012,5
"MITOvPHE_MITO","GO_BP","norepinephrine metabolic process",1.26444502339934,0.833724202626642,4
"MITOvPHE_MITO","GO_BP","retinoic acid metabolic process",-1.26416180456222,0.797456559625904,2
"MITOvPHE_MITO","GO_BP","detection of light stimulus",-1.26331513247975,0.800926447927237,2
"MITOvPHE_MITO","GO_BP","microtubule organizing center localization",-1.26304710635891,0.825187351059827,18
"MITOvPHE_MITO","GO_BP","ubiquitin-dependent protein catabolic process via the multivesicular body sorting pathway",1.26281212908161,0.824523430274381,24
"MITOvPHE_MITO","GO_BP","positive regulation of activated T cell proliferation",1.2622210981678,0.856760835889617,6
"MITOvPHE_MITO","GO_BP","regulation of lymphocyte migration",1.26185836085203,0.800926447927237,26
"MITOvPHE_MITO","GO_BP","protein lipidation",1.26120829028586,0.825187351059827,18
"MITOvPHE_MITO","GO_BP","mitochondrial tRNA processing",1.25978308887727,0.887081661933066,5
"MITOvPHE_MITO","GO_BP","negative regulation of striated muscle tissue development",1.25946758315788,0.842558591640566,7
"MITOvPHE_MITO","GO_BP","amyloid-beta clearance",1.258308511819,0.833724202626642,14
"MITOvPHE_MITO","GO_BP","microtubule bundle formation",-1.25819742733915,0.842558591640566,13
"MITOvPHE_MITO","GO_BP","positive regulation of dendrite development",-1.25782009625357,0.843235446408758,8
"MITOvPHE_MITO","GO_BP","cellular response to cold",-1.25746659664278,0.856760835889617,5
"MITOvPHE_MITO","GO_BP","cellular response to X-ray",-1.25732773118126,0.843235446408758,8
"MITOvPHE_MITO","GO_BP","leukotriene metabolic process",-1.25716704604753,0.860573188151564,5
"MITOvPHE_MITO","GO_BP","somite development",-1.25694852203183,0.824523430274381,19
"MITOvPHE_MITO","GO_BP","positive regulation of proteasomal protein catabolic process",-1.25534722823793,0.786984437069853,44
"MITOvPHE_MITO","GO_BP","B cell activation involved in immune response",-1.25451337979636,0.824523430274381,19
"MITOvPHE_MITO","GO_BP","positive regulation of protein sumoylation",-1.25446068236576,0.866003595065629,5
"MITOvPHE_MITO","GO_BP","regulation of oligodendrocyte differentiation",1.25372421070277,0.840794019564858,11
"MITOvPHE_MITO","GO_BP","negative regulation of cGAS/STING signaling pathway",-1.25361891518905,0.842558591640566,6
"MITOvPHE_MITO","GO_BP","positive regulation of cytokine production involved in inflammatory response",1.25347418706729,0.887081661933066,5
"MITOvPHE_MITO","GO_BP","respiratory system process",-1.25249480515358,0.843235446408758,15
"MITOvPHE_MITO","GO_BP","response to caloric restriction",1.2524348714379,0.887081661933066,5
"MITOvPHE_MITO","GO_BP","pulmonary valve morphogenesis",-1.25236258786098,0.842558591640566,6
"MITOvPHE_MITO","GO_BP","intermediate filament organization",-1.25223416431539,0.833724202626642,7
"MITOvPHE_MITO","GO_BP","positive regulation of urine volume",-1.25034989775109,0.876016474812546,3
"MITOvPHE_MITO","GO_BP","viral release from host cell",1.25016102712484,0.833255156501566,18
"MITOvPHE_MITO","GO_BP","T cell differentiation in thymus",1.24879393745277,0.786984437069853,23
"MITOvPHE_MITO","GO_BP","prostate gland epithelium morphogenesis",-1.24840719630699,0.866460213004596,4
"MITOvPHE_MITO","GO_BP","leukotriene biosynthetic process",-1.24823971921454,0.876016474812546,3
"MITOvPHE_MITO","GO_BP","organic cation transport",1.2474871476719,0.824523430274381,21
"MITOvPHE_MITO","GO_BP","cell redox homeostasis",1.24635459752604,0.826693904127477,24
"MITOvPHE_MITO","GO_BP","positive regulation of epithelial to mesenchymal transition",-1.24472856669822,0.824523430274381,21
"MITOvPHE_MITO","GO_BP","carbohydrate derivative catabolic process",1.24463542363114,0.752073169499914,97
"MITOvPHE_MITO","GO_BP","modification of synaptic structure",1.24449264975283,0.824523430274381,31
"MITOvPHE_MITO","GO_BP","neuron cellular homeostasis",1.24364421484592,0.827389039855073,24
"MITOvPHE_MITO","GO_BP","regulation of protein localization to mitochondrion",1.2432135311016,0.866178732129635,7
"MITOvPHE_MITO","GO_BP","negative regulation of substrate adhesion-dependent cell spreading",1.24183799792092,0.887081661933066,9
"MITOvPHE_MITO","GO_BP","cellular response to cAMP",-1.2417154357743,0.81765676139245,29
"MITOvPHE_MITO","GO_BP","positive regulation of gene expression, epigenetic",-1.24116293849798,0.83934791847528,17
"MITOvPHE_MITO","GO_BP","megakaryocyte development",-1.23993863513768,0.856760835889617,7
"MITOvPHE_MITO","GO_BP","membrane docking",1.2398565294075,0.772359134559759,48
"MITOvPHE_MITO","GO_BP","negative regulation of cellular response to growth factor stimulus",1.23928982732281,0.826693904127477,28
"MITOvPHE_MITO","GO_BP","pyruvate metabolic process",1.23927002892275,0.761492832427088,62
"MITOvPHE_MITO","GO_BP","gamma-delta T cell activation",1.23849786936705,0.798146182424748,1
"MITOvPHE_MITO","GO_BP","sleep",-1.2376988771291,0.88558912803532,3
"MITOvPHE_MITO","GO_BP","positive regulation of morphogenesis of an epithelium",1.2375348111045,0.866460213004596,4
"MITOvPHE_MITO","GO_BP","positive regulation of excitatory postsynaptic potential",1.23745697516248,0.866460213004596,10
"MITOvPHE_MITO","GO_BP","protein branched polyubiquitination",-1.23685853777175,0.875875057744927,11
"MITOvPHE_MITO","GO_BP","positive regulation of neurotransmitter transport",1.23624680642486,0.890011875310593,6
"MITOvPHE_MITO","GO_BP","positive regulation of chondrocyte differentiation",-1.23618646864423,0.88558912803532,3
"MITOvPHE_MITO","GO_BP","negative regulation of CD4-positive, alpha-beta T cell activation",1.23604196636047,0.876861930454508,8
"MITOvPHE_MITO","GO_BP","ganglioside metabolic process",-1.23538768855713,0.866460213004596,9
"MITOvPHE_MITO","GO_BP","response to prostaglandin",-1.23383899299857,0.870390544774744,15
"MITOvPHE_MITO","GO_BP","cell-substrate adhesion",1.23376453625493,0.696826285345953,148
"MITOvPHE_MITO","GO_BP","programmed cell death involved in cell development",1.23323002528422,0.81890589162844,1
"MITOvPHE_MITO","GO_BP","nucleotide-binding oligomerization domain containing 2 signaling pathway",-1.23270676315141,0.870086173508908,6
"MITOvPHE_MITO","GO_BP","Schwann cell migration",-1.23115166565701,0.88558912803532,5
"MITOvPHE_MITO","GO_BP","glycoprotein metabolic process",1.23012029665467,0.706022155876807,116
"MITOvPHE_MITO","GO_BP","regulation of behavioral fear response",1.22996436863491,0.887081661933066,2
"MITOvPHE_MITO","GO_BP","somatic stem cell population maintenance",1.22968761184436,0.876016474812546,7
"MITOvPHE_MITO","GO_BP","white fat cell differentiation",1.22886033447381,0.876016474812546,7
"MITOvPHE_MITO","GO_BP","atrial cardiac muscle tissue development",-1.22819377007447,0.887081661933066,3
"MITOvPHE_MITO","GO_BP","negative regulation of cell-substrate adhesion",1.22815160337179,0.825187351059827,27
"MITOvPHE_MITO","GO_BP","meiotic cell cycle",-1.22779918089132,0.807186871227364,60
"MITOvPHE_MITO","GO_BP","unsaturated fatty acid biosynthetic process",1.22753345875468,0.842558591640566,18
"MITOvPHE_MITO","GO_BP","hydrogen peroxide metabolic process",1.22739531283608,0.842558591640566,20
"MITOvPHE_MITO","GO_BP","astral microtubule organization",-1.22713222485851,0.870390544774744,9
"MITOvPHE_MITO","GO_BP","drinking behavior",1.22680540075803,0.887081661933066,2
"MITOvPHE_MITO","GO_BP","regulation of sodium ion transmembrane transporter activity",-1.22678488355657,0.887081661933066,5
"MITOvPHE_MITO","GO_BP","regulation of modification of synaptic structure",1.22668617459664,0.826693904127477,21
"MITOvPHE_MITO","GO_BP","3'-UTR-mediated mRNA destabilization",-1.22627107544831,0.887487037677152,8
"MITOvPHE_MITO","GO_BP","sulfur compound transport",1.22576258960019,0.866178732129635,11
"MITOvPHE_MITO","GO_BP","regulation of heart contraction",-1.22539046031542,0.800926447927237,58
"MITOvPHE_MITO","GO_BP","intracellular sodium ion homeostasis",-1.2240972249187,0.873828822129685,6
"MITOvPHE_MITO","GO_BP","regulation of binding",1.22405191281801,0.866178732129635,11
"MITOvPHE_MITO","GO_BP","regulatory ncRNA-mediated gene silencing",-1.22397970186259,0.800226484094168,52
"MITOvPHE_MITO","GO_BP","response to metal ion starvation",1.22384082386681,0.876560332871012,4
"MITOvPHE_MITO","GO_BP","protein O-linked glycosylation via xylose",-1.22363880056897,0.875543744957623,13
"MITOvPHE_MITO","GO_BP","acrosome assembly",1.22224607959847,0.878207155782443,7
"MITOvPHE_MITO","GO_BP","response to salt",-1.2214986097061,0.872012406495165,10
"MITOvPHE_MITO","GO_BP","positive regulation of neuron apoptotic process",1.22106878853059,0.824523430274381,42
"MITOvPHE_MITO","GO_BP","relaxation of smooth muscle",-1.22071161303515,0.890011875310593,5
"MITOvPHE_MITO","GO_BP","immunoglobulin production",-1.22011754571435,0.827389039855073,28
"MITOvPHE_MITO","GO_BP","activation of GTPase activity",-1.21907280307893,0.887081661933066,16
"MITOvPHE_MITO","GO_BP","protein import into mitochondrial matrix",1.21862699700798,0.83934791847528,15
"MITOvPHE_MITO","GO_BP","positive regulation of hormone metabolic process",1.2181569995163,0.889855474300766,4
"MITOvPHE_MITO","GO_BP","positive regulation of hormone biosynthetic process",1.2181569995163,0.889855474300766,4
"MITOvPHE_MITO","GO_BP","growth plate cartilage development",1.21803243221613,0.882201823667212,7
"MITOvPHE_MITO","GO_BP","coronary vasculature morphogenesis",1.21781428258518,0.889855474300766,4
"MITOvPHE_MITO","GO_BP","symbiont entry into host cell",1.21704533209362,0.79733068209207,36
"MITOvPHE_MITO","GO_BP","maintenance of gastrointestinal epithelium",-1.2168949216932,0.876560332871012,2
"MITOvPHE_MITO","GO_BP","response to pH",1.21656572236256,0.842558591640566,16
"MITOvPHE_MITO","GO_BP","response to human chorionic gonadotropin",-1.2157463273019,0.890011875310593,5
"MITOvPHE_MITO","GO_BP","P-body assembly",1.21494836025876,0.870086173508908,14
"MITOvPHE_MITO","GO_BP","oxygen transport",1.21382217866329,0.842558591640566,1
"MITOvPHE_MITO","GO_BP","negative regulation of ubiquitin-dependent protein catabolic process",-1.21373080349968,0.826693904127477,34
"MITOvPHE_MITO","GO_BP","lung alveolus development",-1.21359071400657,0.887081661933066,16
"MITOvPHE_MITO","GO_BP","response to hepatocyte growth factor",-1.21254985931987,0.889855474300766,11
"MITOvPHE_MITO","GO_BP","regulation of dopamine secretion",-1.21183582166561,0.890011875310593,6
"MITOvPHE_MITO","GO_BP","ruffle organization",-1.21129934580265,0.842062262004272,30
"MITOvPHE_MITO","GO_BP","negative regulation of transporter activity",-1.20929249806051,0.887081661933066,13
"MITOvPHE_MITO","GO_BP","chromosome segregation",-1.20906345693402,0.761492832427088,147
"MITOvPHE_MITO","GO_BP","positive regulation of viral genome replication",1.20855616200449,0.866460213004596,20
"MITOvPHE_MITO","GO_BP","negative regulation of epidermal cell differentiation",-1.20584520090508,0.833724202626642,1
"MITOvPHE_MITO","GO_BP","negative regulation of epidermis development",-1.20584520090508,0.833724202626642,1
"MITOvPHE_MITO","GO_BP","glycoside metabolic process",1.20580127517437,0.887081661933066,7
"MITOvPHE_MITO","GO_BP","positive regulation of myelination",-1.20469696433054,0.890011875310593,7
"MITOvPHE_MITO","GO_BP","clathrin-dependent endocytosis",1.20424454726794,0.833724202626642,30
"MITOvPHE_MITO","GO_BP","response to vitamin",1.20214310192937,0.797843617709538,52
"MITOvPHE_MITO","GO_BP","neuron projection organization",1.2020728638674,0.801447600095596,55
"MITOvPHE_MITO","GO_BP","temperature homeostasis",1.20134800303642,0.824523430274381,46
"MITOvPHE_MITO","GO_BP","negative regulation of protein catabolic process",-1.20131332245545,0.814699667159514,67
"MITOvPHE_MITO","GO_BP","behavioral fear response",1.20057987606706,0.890011875310593,10
"MITOvPHE_MITO","GO_BP","positive regulation of secretion",1.20033784725995,0.753706150007339,122
"MITOvPHE_MITO","GO_BP","positive regulation of p38MAPK cascade",1.20007456985494,0.890011875310593,7
"MITOvPHE_MITO","GO_BP","multicellular organismal response to stress",1.19948855758937,0.842558591640566,21
"MITOvPHE_MITO","GO_BP","mammary gland morphogenesis",1.19647156933982,0.866460213004596,16
"MITOvPHE_MITO","GO_BP","glycerolipid catabolic process",-1.19639462812676,0.876560332871012,19
"MITOvPHE_MITO","GO_BP","insulin secretion involved in cellular response to glucose stimulus",1.19494609777248,0.833724202626642,32
"MITOvPHE_MITO","GO_BP","signal transduction in response to DNA damage",-1.1935229226323,0.827389039855073,60
"MITOvPHE_MITO","GO_BP","humoral immune response",1.19331310724368,0.887081661933066,18
"MITOvPHE_MITO","GO_BP","retinoid metabolic process",-1.19063446799441,0.887081661933066,14
"MITOvPHE_MITO","GO_BP","macroautophagy",1.18988060679652,0.660619887142545,186
"MITOvPHE_MITO","GO_BP","cell adhesion mediated by integrin",-1.18830927542597,0.875543744957623,25
"MITOvPHE_MITO","GO_BP","neural precursor cell proliferation",1.18774939396971,0.833255156501566,53
"MITOvPHE_MITO","GO_BP","organic acid transport",1.1876868496299,0.810382454526599,72
"MITOvPHE_MITO","GO_BP","ketone metabolic process",1.18657372317996,0.813071780436313,70
"MITOvPHE_MITO","GO_BP","keratinization",1.18581942853881,0.876560332871012,1
"MITOvPHE_MITO","GO_BP","peptide hormone processing",1.18509547071639,0.890011875310593,11
"MITOvPHE_MITO","GO_BP","protein localization to synapse",1.18162286208425,0.833724202626642,47
"MITOvPHE_MITO","GO_BP","iron ion transport",1.18131741814838,0.887081661933066,16
"MITOvPHE_MITO","GO_BP","glycolytic process",1.18010403942669,0.842062262004272,43
"MITOvPHE_MITO","GO_BP","polysaccharide biosynthetic process",1.17996367036312,0.890011875310593,24
"MITOvPHE_MITO","GO_BP","type 2 mitophagy",1.17934142815033,0.873828822129685,13
"MITOvPHE_MITO","GO_BP","organophosphate ester transport",1.17284494396375,0.843235446408758,40
"MITOvPHE_MITO","GO_BP","neuroinflammatory response",1.17271650293269,0.876560332871012,25
"MITOvPHE_MITO","GO_BP","steroid metabolic process",1.17255925720963,0.801486897231578,84
"MITOvPHE_MITO","GO_BP","nuclear division",-1.17037563464223,0.810382454526599,132
"MITOvPHE_MITO","GO_BP","positive regulation of organic acid transport",1.17015172037132,0.887081661933066,17
"MITOvPHE_MITO","GO_BP","glycogen catabolic process",1.16714892410295,0.870390544774744,21
"MITOvPHE_MITO","GO_BP","glucan catabolic process",1.16714892410295,0.870390544774744,21
"MITOvPHE_MITO","GO_BP","positive regulation of protein-containing complex disassembly",1.16705401530482,0.887081661933066,17
"MITOvPHE_MITO","GO_BP","response to BMP",-1.16666567086488,0.870086173508908,40
"MITOvPHE_MITO","GO_BP","anterograde axonal transport",1.16249384555325,0.887081661933066,27
"MITOvPHE_MITO","GO_BP","leukocyte mediated cytotoxicity",1.16224466169348,0.870161428308195,31
"MITOvPHE_MITO","GO_BP","carboxylic acid transmembrane transport",1.16009683152731,0.890011875310593,39
"MITOvPHE_MITO","GO_BP","vacuolar transport",1.15884500984441,0.833255156501566,102
"MITOvPHE_MITO","GO_BP","developmental growth involved in morphogenesis",-1.15810588976985,0.842558591640566,96
"MITOvPHE_MITO","GO_BP","vacuole organization",1.15782061381171,0.797843617709538,118
"MITOvPHE_MITO","GO_BP","regulation of blood coagulation",1.15768685997282,0.890011875310593,13
"MITOvPHE_MITO","GO_BP","regulation of hemostasis",1.15768685997282,0.890011875310593,13
"MITOvPHE_MITO","GO_BP","negative regulation of cytokine-mediated signaling pathway",1.15650612725229,0.887081661933066,23
"MITOvPHE_MITO","GO_BP","regulation of small molecule metabolic process",1.154328412217,0.797843617709538,119
"MITOvPHE_MITO","GO_BP","cellular response to chemical stress",1.14718471113152,0.786984437069853,159
"MITOvPHE_MITO","GO_BP","B cell proliferation",1.1468825745505,0.890011875310593,17
"MITOvPHE_MITO","GO_BP","response to activity",1.14350807466214,0.833724202626642,65
"MITOvPHE_MITO","GO_BP","polyol metabolic process",1.14292114859737,0.887081661933066,41
"MITOvPHE_MITO","GO_BP","regulation of GTPase activity",-1.14283479363086,0.873828822129685,57
"MITOvPHE_MITO","GO_BP","regulation of reactive oxygen species biosynthetic process",1.14214126749149,0.890011875310593,17
"MITOvPHE_MITO","GO_BP","organelle fusion",1.14170672456306,0.842062262004272,91
"MITOvPHE_MITO","GO_BP","import across plasma membrane",1.13903169493441,0.866178732129635,78
"MITOvPHE_MITO","GO_BP","polysaccharide metabolic process",1.13239836060305,0.890011875310593,48
"MITOvPHE_MITO","GO_BP","regulation of dendritic spine morphogenesis",1.13030321295693,0.889855474300766,30
"MITOvPHE_MITO","GO_BP","single fertilization",1.12702801854388,0.890011875310593,37
"MITOvPHE_MITO","GO_BP","ameboidal-type cell migration",1.10710830015343,0.870086173508908,101
"MITOvPHE_MITO","GO_BP","ATP metabolic process",1.10004276574683,0.887081661933066,92
"MITOvPHE_MITO","GO_BP","membraneless organelle assembly",-1.09740410174608,0.890011875310593,198
"MITOvPHE_MITO","GO_BP","small molecule catabolic process",1.09298962570549,0.866460213004596,153
"MITOvPHE_MITO","GO_BP",NA,NA,NA,NA
"MITOvPHE_MITO","GO_BP",NA,NA,NA,NA
"MITOvPHE_MITO","GO_BP",NA,NA,NA,NA
"MITOvPHE_MITO","GO_BP",NA,NA,NA,NA
"MITOvPHE_MITO","GO_BP",NA,NA,NA,NA
"MITOvPHE_MITO","GO_BP",NA,NA,NA,NA
"MITOvPHE_MITO","GO_BP",NA,NA,NA,NA
"MITOvPHE_MITO","GO_BP",NA,NA,NA,NA
"MITOvPHE_MITO","GO_BP",NA,NA,NA,NA
"MITOvPHE_MITO","GO_BP",NA,NA,NA,NA
"MITOvPHE_MITO","GO_BP",NA,NA,NA,NA
"MITOvPHE_MITO","GO_BP",NA,NA,NA,NA
"MITOvPHE_MITO","GO_BP",NA,NA,NA,NA
"MITOvPHE_MITO","GO_BP",NA,NA,NA,NA
"MITOvPHE_MITO","GO_BP",NA,NA,NA,NA
"MITOvPHE_MITO","GO_BP",NA,NA,NA,NA
"MITOvPHE_MITO","GO_BP",NA,NA,NA,NA
"MITOvPHE_MITO","GO_BP",NA,NA,NA,NA
"MITOvPHE_MITO","GO_BP",NA,NA,NA,NA
"MITOvPHE_MITO","GO_BP",NA,NA,NA,NA
"MITOvPHE_MITO","GO_BP",NA,NA,NA,NA
"MITOvPHE_MITO","GO_BP",NA,NA,NA,NA
"MITOvPHE_MITO","GO_BP",NA,NA,NA,NA
"MITOvPHE_MITO","GO_BP",NA,NA,NA,NA
"MITOvPHE_MITO","GO_BP",NA,NA,NA,NA
"MITOvPHE_MITO","GO_BP",NA,NA,NA,NA
"MITOvPHE_MITO","GO_BP",NA,NA,NA,NA
"MITOvPHE_MITO","GO_BP",NA,NA,NA,NA
"MITOvPHE_MITO","GO_BP",NA,NA,NA,NA
"MITOvPHE_MITO","GO_BP",NA,NA,NA,NA
"MITOvPHE_MITO","GO_BP",NA,NA,NA,NA
"MITOvPHE_MITO","GO_BP",NA,NA,NA,NA
"MITOvPHE_MITO","GO_BP",NA,NA,NA,NA
"MITOvPHE_MITO","GO_BP",NA,NA,NA,NA
"MITOvPHE_MITO","GO_BP",NA,NA,NA,NA
"MITOvPHE_MITO","GO_BP",NA,NA,NA,NA
"MITOvPHE_MITO","GO_BP",NA,NA,NA,NA
"MITOvPHE_MITO","GO_BP",NA,NA,NA,NA
"MITOvPHE_MITO","GO_BP",NA,NA,NA,NA
"MITOvPHE_MITO","GO_BP",NA,NA,NA,NA
"MITOvPHE_MITO","GO_BP",NA,NA,NA,NA
"MITOvPHE_MITO","GO_BP",NA,NA,NA,NA
"MITOvPHE_MITO","GO_BP",NA,NA,NA,NA
"MITOvPHE_MITO","GO_BP",NA,NA,NA,NA
"MITOvPHE_MITO","GO_BP",NA,NA,NA,NA
"MITOvPHE_MITO","GO_BP",NA,NA,NA,NA
"MITOvPHE_MITO","GO_BP",NA,NA,NA,NA
"MITOvPHE_MITO","GO_BP",NA,NA,NA,NA
"MITOvPHE_MITO","GO_BP",NA,NA,NA,NA
"MITOvPHE_MITO","GO_BP",NA,NA,NA,NA
"MITOvPHE_MITO","GO_CC","U2-type precatalytic spliceosome",-2.53310797313625,9.88333333333333e-09,37
"MITOvPHE_MITO","GO_CC","nuclear ribonucleoprotein granule",-2.42208198331009,9.88333333333333e-09,167
"MITOvPHE_MITO","GO_CC","nuclear speck",-2.3115386529897,9.88333333333333e-09,143
"MITOvPHE_MITO","GO_CC","sno(s)RNA-containing ribonucleoprotein complex",-2.12345189749285,2.50915854330456e-06,9
"MITOvPHE_MITO","GO_CC","SWI/SNF superfamily-type complex",-1.96790516826821,0.00385388373117238,28
"MITOvPHE_MITO","GO_CC","U2 snRNP",-1.95640677517347,0.0056408411915143,17
"MITOvPHE_MITO","GO_CC","protein-DNA complex",-1.90805279920334,0.0125069489480916,47
"MITOvPHE_MITO","GO_CC","preribosome",-1.82897168802037,0.0294058403589923,38
"MITOvPHE_MITO","GO_CC","kinesin complex",1.81916364302543,0.0812083051517896,18
"MITOvPHE_MITO","GO_CC","mitotic spindle microtubule",-1.7844784714841,0.0563403051142844,9
"MITOvPHE_MITO","GO_CC","phagophore assembly site",1.75857079005452,0.067895260624892,27
"MITOvPHE_MITO","GO_CC","presynaptic active zone",1.73554325313146,0.0711802336267594,40
"MITOvPHE_MITO","GO_CC","stress fiber",-1.70811120092282,0.0563403051142844,64
"MITOvPHE_MITO","GO_CC","Cul3-RING ubiquitin ligase complex",1.69482312872132,0.123575493165699,15
"MITOvPHE_MITO","GO_CC","endoplasmic reticulum exit site",1.68537108935942,0.130323854346978,19
"MITOvPHE_MITO","GO_CC","nuclear membrane",-1.66450095916673,0.0181867237601398,112
"MITOvPHE_MITO","GO_CC","proton-transporting two-sector ATPase complex",1.64617531143527,0.138882744218585,28
"MITOvPHE_MITO","GO_CC","cytoplasmic ubiquitin ligase complex",1.64042993813169,0.204712731122124,11
"MITOvPHE_MITO","GO_CC","chromosomal region",-1.63380099045602,0.0181867237601398,121
"MITOvPHE_MITO","GO_CC","INTAC complex",-1.62903805779943,0.124942936310931,7
"MITOvPHE_MITO","GO_CC","complex of collagen trimers",1.62032484910043,0.215426210632715,13
"MITOvPHE_MITO","GO_CC","collagenous component of interstitial matrix",1.61924272265851,0.22204946377288,9
"MITOvPHE_MITO","GO_CC","heterochromatin",-1.60864966107611,0.130323854346978,30
"MITOvPHE_MITO","GO_CC","male germ cell nucleus",-1.58884568282986,0.152877471057053,6
"MITOvPHE_MITO","GO_CC","collagen trimer",1.58411642818797,0.215680457011619,14
"MITOvPHE_MITO","GO_CC","pronucleus",-1.57425906186029,0.215426210632715,8
"MITOvPHE_MITO","GO_CC","methyltransferase complex",-1.57298334768973,0.138882744218585,36
"MITOvPHE_MITO","GO_CC","nucleosome",-1.54994526171485,0.255375733261033,9
"MITOvPHE_MITO","GO_CC","respiratory chain complex",1.54370554259889,0.152877471057053,64
"MITOvPHE_MITO","GO_CC","exoribonuclease complex",-1.53904139079236,0.256706866686202,11
"MITOvPHE_MITO","GO_CC","vacuolar membrane",1.53656424815063,0.0444147053405503,143
"MITOvPHE_MITO","GO_CC","dendritic spine head",-1.53425181734002,0.152877471057053,5
"MITOvPHE_MITO","GO_CC","ribbon synapse",1.53126708779161,0.26479777143054,14
"MITOvPHE_MITO","GO_CC","DNA polymerase complex",1.53091857713765,0.215680457011619,4
"MITOvPHE_MITO","GO_CC","myofilament",-1.53015532742173,0.256706866686202,8
"MITOvPHE_MITO","GO_CC","dendritic shaft",1.5226368486731,0.26479777143054,21
"MITOvPHE_MITO","GO_CC","exosome (RNase complex)",-1.52244335068751,0.26479777143054,8
"MITOvPHE_MITO","GO_CC","ATPase complex",-1.51299472099623,0.204872509637314,45
"MITOvPHE_MITO","GO_CC","sperm midpiece",1.49991218842779,0.29302616827644,14
"MITOvPHE_MITO","GO_CC","neuron projection membrane",-1.49814777776231,0.256706866686202,18
"MITOvPHE_MITO","GO_CC","trans-Golgi network membrane",1.48527251234446,0.287046994962558,19
"MITOvPHE_MITO","GO_CC","solid phase of basement membrane",1.47035498982496,0.317104810415754,8
"MITOvPHE_MITO","GO_CC","late endosome",1.45625384652572,0.0851922360700391,126
"MITOvPHE_MITO","GO_CC","myosin filament",-1.45570796465691,0.317104810415754,10
"MITOvPHE_MITO","GO_CC","presynaptic active zone membrane",1.44666655285087,0.317104810415754,15
"MITOvPHE_MITO","GO_CC","melanosome membrane",1.44592128881568,0.311633833259882,4
"MITOvPHE_MITO","GO_CC","inhibitory synapse",1.43910555578702,0.317104810415754,4
"MITOvPHE_MITO","GO_CC","synaptic vesicle membrane",1.4336177490336,0.138882744218585,72
"MITOvPHE_MITO","GO_CC","phagocytic vesicle",1.42960879298372,0.204712731122124,58
"MITOvPHE_MITO","GO_CC","asymmetric, glutamatergic, excitatory synapse",-1.42289602185605,0.328856847374811,6
"MITOvPHE_MITO","GO_CC","dendritic spine membrane",-1.41244318177382,0.361278872642509,6
"MITOvPHE_MITO","GO_CC","axon initial segment",1.4103362259911,0.328856847374811,5
"MITOvPHE_MITO","GO_CC","extrinsic component of organelle membrane",1.40821727592037,0.373484490631397,18
"MITOvPHE_MITO","GO_CC","transmembrane transporter complex",1.4026106556703,0.135553964819592,112
"MITOvPHE_MITO","GO_CC","transcription factor TFIID complex",1.39874251141131,0.404673638392445,7
"MITOvPHE_MITO","GO_CC","cytoplasmic ribonucleoprotein granule",-1.39638162820978,0.13696304790781,129
"MITOvPHE_MITO","GO_CC","lumenal side of membrane",1.38172661153384,0.39159145938807,6
"MITOvPHE_MITO","GO_CC","brush border membrane",1.38093911622546,0.351303317535545,11
"MITOvPHE_MITO","GO_CC","non-collagenous component of interstitial matrix",-1.36418641968912,0.426081222071301,8
"MITOvPHE_MITO","GO_CC","endoplasmic reticulum lumen",1.35932095193558,0.291618804378976,61
"MITOvPHE_MITO","GO_CC","dendrite cytoplasm",1.35113971054864,0.41538246007285,17
"MITOvPHE_MITO","GO_CC","sarcoplasmic reticulum membrane",1.35032491300757,0.415988308366825,16
"MITOvPHE_MITO","GO_CC","postsynaptic endosome",-1.34024155491443,0.415988308366825,16
"MITOvPHE_MITO","GO_CC","protein phosphatase type 1 complex",-1.33477151071174,0.439381309623043,9
"MITOvPHE_MITO","GO_CC","synapse-associated extracellular matrix",-1.33057820816424,0.415988308366825,4
"MITOvPHE_MITO","GO_CC","specialized extracellular matrix",-1.33057820816424,0.415988308366825,4
"MITOvPHE_MITO","GO_CC","microvillus",1.3243914241911,0.39159145938807,30
"MITOvPHE_MITO","GO_CC","postsynaptic density, intracellular component",1.3193499096017,0.415988308366825,22
"MITOvPHE_MITO","GO_CC","elastic fiber",-1.31628748434758,0.472330959989898,7
"MITOvPHE_MITO","GO_CC","basal plasma membrane",1.30634537018965,0.26479777143054,80
"MITOvPHE_MITO","GO_CC","cortical cytoskeleton",-1.2945202413334,0.383818770226537,63
"MITOvPHE_MITO","GO_CC","presynaptic active zone cytoplasmic component",1.29161782788219,0.490698458426553,9
"MITOvPHE_MITO","GO_CC","oxidoreductase complex",1.28076225340949,0.317104810415754,67
"MITOvPHE_MITO","GO_CC","mitochondrial protein-containing complex",1.27832835880034,0.311633833259882,117
"MITOvPHE_MITO","GO_CC","intraciliary transport particle A",1.2676829045195,0.490698458426553,3
"MITOvPHE_MITO","GO_CC","synaptic cleft",1.26424921791692,0.490698458426553,3
"MITOvPHE_MITO","GO_CC","dopaminergic synapse",-1.25652503649396,0.513487273681448,3
"MITOvPHE_MITO","GO_CC","intercellular bridge",-1.25628173194668,0.506100961619712,17
"MITOvPHE_MITO","GO_CC","sperm plasma membrane",1.24747828837821,0.506974998436099,2
"MITOvPHE_MITO","GO_CC","ciliary base",-1.24522131292085,0.558693339181144,10
"MITOvPHE_MITO","GO_CC","MHC class I protein complex",1.22831184736581,0.506100961619712,1
"MITOvPHE_MITO","GO_CC","lumenal side of endoplasmic reticulum membrane",1.22787051252108,0.561996525035539,2
"MITOvPHE_MITO","GO_CC","symbiont cell surface",-1.21774689950296,0.570309174326391,2
"MITOvPHE_MITO","GO_CC","apicolateral plasma membrane",1.21699026914589,0.580302776848444,8
"MITOvPHE_MITO","GO_CC","mitochondria-associated endoplasmic reticulum membrane contact site",1.21300683679974,0.540483062433541,20
"MITOvPHE_MITO","GO_CC","basal part of cell",1.21194234317571,0.41538246007285,89
"MITOvPHE_MITO","GO_CC","presynaptic cytosol",-1.20841024348702,0.539090909090909,22
"MITOvPHE_MITO","GO_CC","cleavage furrow",-1.20643258750331,0.572224556816236,23
"MITOvPHE_MITO","GO_CC","cytosolic translation preinitiation complex",-1.19332739259402,0.570309174326391,17
"MITOvPHE_MITO","GO_CC","vesicle tethering complex",1.18310641985781,0.490698458426553,52
"MITOvPHE_MITO","GO_CC","sarcoplasm",1.17076982808411,0.509479351623804,45
"MITOvPHE_MITO","GO_CC","leading edge membrane",-1.15288911368005,0.558693339181144,65
"MITOvPHE_MITO","GO_CC","SNARE complex",1.1397784341209,0.589916702037351,32
"MITOvPHE_MITO","GO_CC","transcription regulator complex",-1.1346320746096,0.561996525035539,96
"MITOvPHE_MITO","GO_CC","apical junction complex",1.12124721853616,0.589916702037351,49
"MITOvPHE_MITO","GO_CC",NA,NA,NA,NA
"MITOvPHE_MITO","GO_CC",NA,NA,NA,NA
"MITOvPHE_MITO","GO_CC",NA,NA,NA,NA
"MITOvPHE_MITO","GO_CC",NA,NA,NA,NA
"MITOvPHE_MITO","GO_CC",NA,NA,NA,NA
"MITOvPHE_MITO","GO_CC",NA,NA,NA,NA
"MITOvPHE_MITO","GO_MF","catalytic activity, acting on DNA",-2.15948967996174,0.000103985164427952,79
"MITOvPHE_MITO","GO_MF","mRNA 3'-UTR binding",-2.10726771177364,0.000476151533563859,70
"MITOvPHE_MITO","GO_MF","pre-mRNA binding",-2.06931626613281,0.00305168086426633,26
"MITOvPHE_MITO","GO_MF","chromatin DNA binding",-2.04782827493752,0.00305168086426633,33
"MITOvPHE_MITO","GO_MF","ATP-dependent activity, acting on DNA",-2.046205544657,0.00530848768775816,44
"MITOvPHE_MITO","GO_MF","single-stranded DNA binding",-2.01726631020381,0.002529033405273,56
"MITOvPHE_MITO","GO_MF","snoRNA binding",-1.95145498313986,0.0129685664367883,12
"MITOvPHE_MITO","GO_MF","nucleic acid conformation isomerase activity",-1.92211405655961,0.0129685664367883,64
"MITOvPHE_MITO","GO_MF","nucleosome binding",-1.89801348606087,0.0331198256682623,19
"MITOvPHE_MITO","GO_MF","DNA helicase activity",-1.8678771532829,0.0404786186033574,28
"MITOvPHE_MITO","GO_MF","regulatory RNA binding",-1.86150525630053,0.0420237409790636,21
"MITOvPHE_MITO","GO_MF","monocarboxylic acid transmembrane transporter activity",1.82491864022337,0.138133168284461,13
"MITOvPHE_MITO","GO_MF","symporter activity",1.81843811702751,0.149384056678303,19
"MITOvPHE_MITO","GO_MF","oxidoreductase activity, acting on a sulfur group of donors",1.74712449521208,0.105060078263819,38
"MITOvPHE_MITO","GO_MF","telomerase RNA binding",-1.736128409914,0.161214207448452,9
"MITOvPHE_MITO","GO_MF","macromolecular conformation isomerase activity",-1.71747449308542,0.0255024192825719,100
"MITOvPHE_MITO","GO_MF","SNARE binding",1.71222396531907,0.071041165262498,56
"MITOvPHE_MITO","GO_MF","histone binding",-1.70609684939598,0.0911626399512006,56
"MITOvPHE_MITO","GO_MF","double-stranded RNA binding",-1.69415960549986,0.161214207448452,37
"MITOvPHE_MITO","GO_MF","lamin binding",-1.69166831190642,0.291813731414129,11
"MITOvPHE_MITO","GO_MF","structural constituent of cytoskeleton",-1.68587766329454,0.149384056678303,39
"MITOvPHE_MITO","GO_MF","bHLH transcription factor binding",1.68459962180138,0.291813731414129,11
"MITOvPHE_MITO","GO_MF","peptidase regulator activity",1.67940699437454,0.138133168284461,61
"MITOvPHE_MITO","GO_MF","single-stranded RNA binding",-1.67475492658396,0.162616702823061,50
"MITOvPHE_MITO","GO_MF","telomeric DNA binding",-1.67139764268653,0.291813731414129,18
"MITOvPHE_MITO","GO_MF","metalloaminopeptidase activity",1.66818902794376,0.334090627029683,13
"MITOvPHE_MITO","GO_MF","proton transmembrane transporter activity",1.64444612586255,0.265685774592747,52
"MITOvPHE_MITO","GO_MF","lipopolysaccharide binding",1.64384518673849,0.334090627029683,6
"MITOvPHE_MITO","GO_MF","solute:monoatomic cation symporter activity",1.64343338834394,0.353382184490094,16
"MITOvPHE_MITO","GO_MF","ATPase activity, coupled to transmembrane movement of ions, rotational mechanism",1.63531496283039,0.353382184490094,13
"MITOvPHE_MITO","GO_MF","proton-transporting ATPase activity, rotational mechanism",1.63531496283039,0.353382184490094,13
"MITOvPHE_MITO","GO_MF","structural constituent of chromatin",-1.63130523115524,0.258206447171126,6
"MITOvPHE_MITO","GO_MF","TBP-class protein binding",1.62683541171797,0.363936579649548,16
"MITOvPHE_MITO","GO_MF","protein phosphatase 1 binding",-1.62139269012086,0.353382184490094,11
"MITOvPHE_MITO","GO_MF","endonuclease activity",-1.6181304281115,0.258206447171126,34
"MITOvPHE_MITO","GO_MF","extracellular matrix structural constituent conferring tensile strength",1.61460213896088,0.334090627029683,14
"MITOvPHE_MITO","GO_MF","microtubule motor activity",1.61244353394798,0.334090627029683,14
"MITOvPHE_MITO","GO_MF","ubiquitin-like ligase-substrate adaptor activity",1.60478156273761,0.352296700092832,21
"MITOvPHE_MITO","GO_MF","catalytic activity, acting on RNA",-1.57975271470346,0.0545631775880506,151
"MITOvPHE_MITO","GO_MF","ATP-dependent chromatin remodeler activity",-1.57577852061024,0.367718982417969,9
"MITOvPHE_MITO","GO_MF","lncRNA binding",-1.57441219074598,0.353382184490094,24
"MITOvPHE_MITO","GO_MF","lipid kinase activity",1.55651937752571,0.500875800929346,13
"MITOvPHE_MITO","GO_MF","transmembrane receptor protein kinase activity",-1.55318716742336,0.415293682534946,13
"MITOvPHE_MITO","GO_MF","U6 snRNA binding",-1.54766362782798,0.427793068637569,8
"MITOvPHE_MITO","GO_MF","protein-RNA adaptor activity",-1.54352779854056,0.353382184490094,21
"MITOvPHE_MITO","GO_MF","sterol transfer activity",1.53952812863241,0.500875800929346,6
"MITOvPHE_MITO","GO_MF","phosphatidylinositol-4,5-bisphosphate phospholipase C activity",-1.52278602862801,0.423490912099158,5
"MITOvPHE_MITO","GO_MF","sequence-specific mRNA binding",-1.51768148552016,0.483084185680566,9
"MITOvPHE_MITO","GO_MF","nuclear localization sequence binding",-1.51580964881601,0.48088258547569,18
"MITOvPHE_MITO","GO_MF","protein-lysine-acetyltransferase activity",1.51410418323338,0.535849010235112,10
"MITOvPHE_MITO","GO_MF","RNA methyltransferase activity",-1.51353322749598,0.48088258547569,18
"MITOvPHE_MITO","GO_MF","protein tyrosine phosphatase activity",1.51260324416119,0.48088258547569,25
"MITOvPHE_MITO","GO_MF","RNA polymerase II general transcription initiation factor binding",-1.50328029777608,0.48088258547569,13
"MITOvPHE_MITO","GO_MF","DNA binding, bending",-1.49364739653787,0.419321742015754,7
"MITOvPHE_MITO","GO_MF","ubiquitin-like protein conjugating enzyme activity",1.49318307068683,0.493178860261393,25
"MITOvPHE_MITO","GO_MF","acyltransferase activity, transferring groups other than amino-acyl groups",1.49225522491252,0.292321127839839,73
"MITOvPHE_MITO","GO_MF","phosphatidylinositol monophosphate phosphatase activity",-1.48692077379717,0.535158061410049,10
"MITOvPHE_MITO","GO_MF","inositol phosphate phosphatase activity",-1.48430087568115,0.52598515134209,9
"MITOvPHE_MITO","GO_MF","acid-amino acid ligase activity",-1.48350189831032,0.500875800929346,6
"MITOvPHE_MITO","GO_MF","voltage-gated monoatomic cation channel activity",-1.47455720793353,0.500875800929346,5
"MITOvPHE_MITO","GO_MF","oxidoreductase activity, acting on the CH-NH2 group of donors",-1.4626209250934,0.483084185680566,5
"MITOvPHE_MITO","GO_MF","microfilament motor activity",-1.46046562094273,0.557423977229974,15
"MITOvPHE_MITO","GO_MF","nuclear retinoic acid receptor binding",-1.45900511772465,0.582718970070423,10
"MITOvPHE_MITO","GO_MF","GABA receptor binding",-1.4584267448688,0.48088258547569,4
"MITOvPHE_MITO","GO_MF","DNA-directed DNA polymerase activity",1.45627539434348,0.415293682534946,3
"MITOvPHE_MITO","GO_MF","chemorepellent activity",-1.45567596442746,0.48088258547569,4
"MITOvPHE_MITO","GO_MF","K48-linked deubiquitinase activity",-1.4528261356043,0.561268796562914,9
"MITOvPHE_MITO","GO_MF","phosphatidylinositol bisphosphate binding",1.44732518540407,0.443918416736213,47
"MITOvPHE_MITO","GO_MF","ubiquitin-ubiquitin ligase activity",-1.44498698957882,0.601096462602793,10
"MITOvPHE_MITO","GO_MF","U4atac snRNA binding",-1.44383544432325,0.353382184490094,3
"MITOvPHE_MITO","GO_MF","oxidoreductase activity, acting on metal ions",1.44236213570566,0.577153317172117,7
"MITOvPHE_MITO","GO_MF","BMP binding",-1.44068278002306,0.353382184490094,3
"MITOvPHE_MITO","GO_MF","actin filament binding",-1.43679166928553,0.291813731414129,113
"MITOvPHE_MITO","GO_MF","misfolded protein binding",1.43251188343174,0.601096462602793,11
"MITOvPHE_MITO","GO_MF","gamma-tubulin binding",1.42784854962882,0.601096462602793,11
"MITOvPHE_MITO","GO_MF","low-density lipoprotein particle receptor binding",1.4243091907441,0.616885654003729,13
"MITOvPHE_MITO","GO_MF","chromatin-protein adaptor activity",-1.42367094869546,0.535158061410049,27
"MITOvPHE_MITO","GO_MF","phosphatidylinositol-3,4-bisphosphate binding",1.42130750854797,0.577153317172117,10
"MITOvPHE_MITO","GO_MF","microtubule plus-end binding",-1.41984168534095,0.602186887024749,13
"MITOvPHE_MITO","GO_MF","fatty acid derivative binding",1.41844980416978,0.601096462602793,14
"MITOvPHE_MITO","GO_MF","alanine transmembrane transporter activity",1.41285784865328,0.616885654003729,6
"MITOvPHE_MITO","GO_MF","plus-end-directed microtubule motor activity",1.40920225342102,0.582718970070423,4
"MITOvPHE_MITO","GO_MF","cytoskeletal anchor activity",1.40637503803641,0.616885654003729,9
"MITOvPHE_MITO","GO_MF","acid-thiol ligase activity",1.40608128837367,0.623793558874327,13
"MITOvPHE_MITO","GO_MF","snRNP binding",-1.40496262220709,0.601096462602793,11
"MITOvPHE_MITO","GO_MF","lipase inhibitor activity",-1.40310330233945,0.601096462602793,6
"MITOvPHE_MITO","GO_MF","histone H4 methyltransferase activity",-1.40269140166439,0.601096462602793,6
"MITOvPHE_MITO","GO_MF","protein kinase A regulatory subunit binding",-1.40026194488547,0.582718970070423,14
"MITOvPHE_MITO","GO_MF","inositol 1,4,5 trisphosphate binding",-1.40002616704529,0.573295985060691,4
"MITOvPHE_MITO","GO_MF","collagen binding",1.40001808191319,0.52598515134209,29
"MITOvPHE_MITO","GO_MF","metal cation:monoatomic cation antiporter activity",-1.39757562672083,0.602758083365797,6
"MITOvPHE_MITO","GO_MF","peroxisome proliferator activated receptor binding",-1.3941737480101,0.601096462602793,7
"MITOvPHE_MITO","GO_MF","phosphoric diester hydrolase activity",-1.38740793712059,0.582718970070423,19
"MITOvPHE_MITO","GO_MF","hydrolase activity, acting on carbon-nitrogen (but not peptide) bonds, in cyclic amidines",1.38410064821836,0.601096462602793,4
"MITOvPHE_MITO","GO_MF","alcohol dehydrogenase (NAD+) activity",-1.38301810970143,0.579338709677419,3
"MITOvPHE_MITO","GO_MF","molecular condensate scaffold activity",-1.38298232614815,0.601096462602793,22
"MITOvPHE_MITO","GO_MF","I-SMAD binding",1.3827685962464,0.616885654003729,8
"MITOvPHE_MITO","GO_MF","metal cluster binding",1.38241126440473,0.560048647005169,35
"MITOvPHE_MITO","GO_MF","phosphotransferase activity, phosphate group as acceptor",1.38154415482571,0.614,14
"MITOvPHE_MITO","GO_MF","nuclear receptor activity",1.37486976179956,0.602186887024749,4
"MITOvPHE_MITO","GO_MF","GTPase activity",-1.37403310466283,0.353382184490094,136
"MITOvPHE_MITO","GO_MF","thiolester hydrolase activity",1.36991456693551,0.615842967101548,21
"MITOvPHE_MITO","GO_MF","rRNA binding",-1.36889605276115,0.535158061410049,42
"MITOvPHE_MITO","GO_MF","long-chain fatty acid transmembrane transporter activity",1.36596782836161,0.637314334723793,6
"MITOvPHE_MITO","GO_MF","phosphatidylcholine lysophospholipase A1 activity",1.36369571467832,0.616885654003729,10
"MITOvPHE_MITO","GO_MF","lysophospholipase A1 activity",1.36369571467832,0.616885654003729,10
"MITOvPHE_MITO","GO_MF","K63-linked polyubiquitin modification-dependent protein binding",-1.35725271611044,0.615842967101548,8
"MITOvPHE_MITO","GO_MF","C2H2 zinc finger domain binding",-1.35437824129704,0.614,4
"MITOvPHE_MITO","GO_MF","oxygen binding",1.3542721000595,0.577153317172117,2
"MITOvPHE_MITO","GO_MF","hexosaminidase activity",1.34880650743119,0.637314334723793,6
"MITOvPHE_MITO","GO_MF","retinoic acid binding",-1.34758329073544,0.614,3
"MITOvPHE_MITO","GO_MF","retinoid binding",-1.34758329073544,0.614,3
"MITOvPHE_MITO","GO_MF","palmitoyl-(protein) hydrolase activity",1.34552514593334,0.638271815903395,8
"MITOvPHE_MITO","GO_MF","palmitoyl hydrolase activity",1.34552514593334,0.638271815903395,8
"MITOvPHE_MITO","GO_MF","neurotrophin receptor binding",-1.34475695316029,0.616885654003729,4
"MITOvPHE_MITO","GO_MF","RNA polymerase II general transcription initiation factor activity",1.3439517729449,0.616885654003729,10
"MITOvPHE_MITO","GO_MF","acyl-CoA binding",1.34372457841365,0.616885654003729,14
"MITOvPHE_MITO","GO_MF","RNA polymerase II CTD heptapeptide repeat modifying activity",-1.34162758102819,0.616885654003729,12
"MITOvPHE_MITO","GO_MF","ATP transmembrane transporter activity",1.33968169660328,0.616885654003729,4
"MITOvPHE_MITO","GO_MF","GTP binding",-1.3332303596973,0.334090627029683,162
"MITOvPHE_MITO","GO_MF","guanyl ribonucleotide binding",-1.32937872462551,0.415293682534946,168
"MITOvPHE_MITO","GO_MF","mRNA 5'-UTR binding",-1.32803465729935,0.616885654003729,22
"MITOvPHE_MITO","GO_MF","NAD+-protein mono-ADP-ribosyltransferase activity",-1.32638561789222,0.616885654003729,4
"MITOvPHE_MITO","GO_MF","steroid binding",1.32430397274506,0.601096462602793,30
"MITOvPHE_MITO","GO_MF","ferric iron binding",1.32404500271061,0.616885654003729,2
"MITOvPHE_MITO","GO_MF","serine-type peptidase activity",1.32128771290395,0.616885654003729,24
"MITOvPHE_MITO","GO_MF","transferase activity, transferring sulphur-containing groups",1.32106881638336,0.636288056206089,10
"MITOvPHE_MITO","GO_MF","basal RNA polymerase II transcription machinery binding",-1.320246022683,0.602758083365797,33
"MITOvPHE_MITO","GO_MF","transcription coactivator activity",-1.3197425187,0.483084185680566,109
"MITOvPHE_MITO","GO_MF","protein tag activity",-1.3191313489976,0.637314334723793,6
"MITOvPHE_MITO","GO_MF","molecular tag activity",-1.3191313489976,0.637314334723793,6
"MITOvPHE_MITO","GO_MF","alpha-actinin binding",1.31738117803632,0.668497041420118,9
"MITOvPHE_MITO","GO_MF","protease binding",1.31727802526299,0.573295985060691,58
"MITOvPHE_MITO","GO_MF","disordered domain specific binding",-1.31385217271488,0.616885654003729,18
"MITOvPHE_MITO","GO_MF","dynein complex binding",-1.312225086448,0.626957113682778,11
"MITOvPHE_MITO","GO_MF","fibronectin binding",1.31173482525024,0.64629878161101,11
"MITOvPHE_MITO","GO_MF","G-protein alpha-subunit binding",-1.31164963853307,0.631722854887811,13
"MITOvPHE_MITO","GO_MF","PDZ domain binding",1.31030216673636,0.614,38
"MITOvPHE_MITO","GO_MF","calcium ion transmembrane transporter activity",-1.30819917696354,0.616885654003729,29
"MITOvPHE_MITO","GO_MF","nuclear steroid receptor activity",1.30709664154916,0.362960381718909,1
"MITOvPHE_MITO","GO_MF","fatty acid ligase activity",1.30626364991822,0.637314334723793,10
"MITOvPHE_MITO","GO_MF","CoA-ligase activity",1.30626364991822,0.637314334723793,10
"MITOvPHE_MITO","GO_MF","fatty acid-CoA ligase activity",1.30626364991822,0.637314334723793,10
"MITOvPHE_MITO","GO_MF","death receptor binding",1.3057478296235,0.637314334723793,4
"MITOvPHE_MITO","GO_MF","antioxidant activity",1.3056504007252,0.616885654003729,34
"MITOvPHE_MITO","GO_MF","RNA stem-loop binding",-1.29346664253162,0.64629878161101,8
"MITOvPHE_MITO","GO_MF","histone H3K4 methyltransferase activity",1.29017204340249,0.64629878161101,5
"MITOvPHE_MITO","GO_MF","ankyrin binding",-1.29015016705075,0.668497041420118,5
"MITOvPHE_MITO","GO_MF","ligand-gated sodium channel activity",1.28861690426623,0.500875800929346,1
"MITOvPHE_MITO","GO_MF","monoacylglycerol lipase activity",1.28525701045318,0.672140120415982,3
"MITOvPHE_MITO","GO_MF","protein serine/threonine phosphatase inhibitor activity",1.27972910755663,0.674013458029197,3
"MITOvPHE_MITO","GO_MF","vitamin binding",1.27538742625665,0.614,46
"MITOvPHE_MITO","GO_MF","opsonin binding",1.27378892404152,0.650132792843165,4
"MITOvPHE_MITO","GO_MF","histone reader activity",-1.27067781663896,0.650132792843165,21
"MITOvPHE_MITO","GO_MF","phospholipase binding",-1.27057611013711,0.666528085735403,6
"MITOvPHE_MITO","GO_MF","Wnt receptor activity",1.27034155179433,0.687455940286129,3
"MITOvPHE_MITO","GO_MF","acetylgalactosaminyltransferase activity",-1.27029798604062,0.650132792843165,10
"MITOvPHE_MITO","GO_MF","signaling receptor inhibitor activity",1.26490953121063,0.705302040632461,6
"MITOvPHE_MITO","GO_MF","mechanosensitive monoatomic ion channel activity",1.26375881686572,0.698473505104521,3
"MITOvPHE_MITO","GO_MF","growth factor binding",-1.26326865475752,0.616885654003729,44
"MITOvPHE_MITO","GO_MF","A1-type glycerophospholipase activity",1.26308868048591,0.668497041420118,12
"MITOvPHE_MITO","GO_MF","extracellular matrix binding",1.26304131504422,0.637314334723793,26
"MITOvPHE_MITO","GO_MF","transcription corepressor activity",-1.26152790230823,0.616885654003729,61
"MITOvPHE_MITO","GO_MF","potassium channel regulator activity",-1.25908214441671,0.64629878161101,20
"MITOvPHE_MITO","GO_MF","efflux transmembrane transporter activity",1.25585602926705,0.701102731929425,3
"MITOvPHE_MITO","GO_MF","laminin binding",1.25251606467857,0.687455940286129,16
"MITOvPHE_MITO","GO_MF","enzyme-substrate adaptor activity",1.25237225125484,0.637314334723793,30
"MITOvPHE_MITO","GO_MF","cell-cell adhesion mediator activity",1.24985380755482,0.707554417413572,9
"MITOvPHE_MITO","GO_MF","SH2 domain binding",1.2488849742683,0.687455940286129,17
"MITOvPHE_MITO","GO_MF","deacylase activity",1.24822147423187,0.637314334723793,29
"MITOvPHE_MITO","GO_MF","antigen binding",-1.2435494295544,0.698473505104521,9
"MITOvPHE_MITO","GO_MF","R-SMAD binding",-1.24136286294026,0.675090425823423,14
"MITOvPHE_MITO","GO_MF","protein heterodimerization activity",-1.23844432903765,0.616885654003729,91
"MITOvPHE_MITO","GO_MF","histone acetyltransferase binding",1.23816352862617,0.67262394439501,10
"MITOvPHE_MITO","GO_MF","flavin adenine dinucleotide binding",1.23620842030185,0.636288056206089,42
"MITOvPHE_MITO","GO_MF","sialyltransferase activity",-1.23617712864797,0.616885654003729,1
"MITOvPHE_MITO","GO_MF","cysteine-type endopeptidase activity",1.23064467245897,0.687511242220384,21
"MITOvPHE_MITO","GO_MF","protein N-acyltransferase activity",1.22872213412567,0.700669808980402,16
"MITOvPHE_MITO","GO_MF","WW domain binding",-1.22627644986102,0.744242424242424,5
"MITOvPHE_MITO","GO_MF","protein-folding chaperone binding",1.22542204005076,0.614,83
"MITOvPHE_MITO","GO_MF","histone H3 methyltransferase activity",1.22292313312703,0.734095296595297,8
"MITOvPHE_MITO","GO_MF","SUMO binding",-1.22225245697993,0.698473505104521,6
"MITOvPHE_MITO","GO_MF","carboxylesterase activity",1.21724899148544,0.71462724127084,2
"MITOvPHE_MITO","GO_MF","ubiquitin-protein transferase inhibitor activity",-1.21450377842038,0.71462724127084,10
"MITOvPHE_MITO","GO_MF","serine hydrolase activity",1.21420327248786,0.674013458029197,28
"MITOvPHE_MITO","GO_MF","MHC class II protein complex binding",1.21387050421141,0.68662303418401,1
"MITOvPHE_MITO","GO_MF","structural constituent of nuclear pore",-1.21308384055333,0.687455940286129,18
"MITOvPHE_MITO","GO_MF","C-C chemokine receptor activity",-1.21218707506948,0.64629878161101,1
"MITOvPHE_MITO","GO_MF","C-C chemokine binding",-1.21218707506948,0.64629878161101,1
"MITOvPHE_MITO","GO_MF","SNAP receptor activity",1.21115267413469,0.67262394439501,26
"MITOvPHE_MITO","GO_MF","SH3 domain binding",1.21072784349998,0.637314334723793,56
"MITOvPHE_MITO","GO_MF","histone H3K4me3 reader activity",-1.2104338766633,0.701102731929425,2
"MITOvPHE_MITO","GO_MF","NADP binding",1.20203423559486,0.68662303418401,22
"MITOvPHE_MITO","GO_MF","isomerase activity",-1.19633099976733,0.616885654003729,184
"MITOvPHE_MITO","GO_MF","chloride transmembrane transporter activity",1.19041434754869,0.713263709974236,18
"MITOvPHE_MITO","GO_MF","sialic acid binding",-1.18819702149099,0.71462724127084,1
"MITOvPHE_MITO","GO_MF","tRNA binding",-1.18811262699422,0.650132792843165,44
"MITOvPHE_MITO","GO_MF","ubiquitin binding",1.18775742099924,0.650132792843165,58
"MITOvPHE_MITO","GO_MF","integrin binding",1.18671750065105,0.637314334723793,65
"MITOvPHE_MITO","GO_MF","structural constituent of skin epidermis",1.17966919938927,0.734095296595297,1
"MITOvPHE_MITO","GO_MF","peptidyl-prolyl cis-trans isomerase activity",1.16377212629211,0.755573257873899,25
"MITOvPHE_MITO","GO_MF","RNA polymerase II complex binding",-1.16181426035513,0.755573257873899,20
"MITOvPHE_MITO","GO_MF","cell adhesion molecule binding",1.149495314765,0.637314334723793,114
"MITOvPHE_MITO","GO_MF","sulfur compound binding",1.1241877445998,0.755573257873899,82
"MITOvPHE_MITO","GO_MF",NA,NA,NA,NA
"MITOvPHE_MITO","GO_MF",NA,NA,NA,NA
"MITOvPHE_MITO","GO_MF",NA,NA,NA,NA
"MITOvPHE_MITO","GO_MF",NA,NA,NA,NA
"MITOvPHE_MITO","GO_MF",NA,NA,NA,NA
"MITOvPHE_MITO","GO_MF",NA,NA,NA,NA
"MITOvPHE_MITO","GO_MF",NA,NA,NA,NA
"MITOvPHE_MITO","GO_MF",NA,NA,NA,NA
"MITOvPHE_MITO","GO_MF",NA,NA,NA,NA
"MITOvPHE_MITO","GO_MF",NA,NA,NA,NA
"MITOvPHE_MITO","GO_MF",NA,NA,NA,NA
"MITOvPHE_MITO","GO_MF",NA,NA,NA,NA
"MITOvPHE_MITO","GO_MF",NA,NA,NA,NA
"MITOvPHE_MITO","GO_MF",NA,NA,NA,NA
"MITOvPHE_MITO","GO_MF",NA,NA,NA,NA
"MITOvPHE_MITO","GO_MF",NA,NA,NA,NA
"MITOvPHE_MITO","GO_MF",NA,NA,NA,NA
"MITOvPHE_MITO","GO_MF",NA,NA,NA,NA
"MITOvPHE_MITO","GO_MF",NA,NA,NA,NA
"MITOvPHE_MITO","GO_MF",NA,NA,NA,NA
"MITOvPHE_MITO","GO_MF",NA,NA,NA,NA
"MITOvPHE_MITO","GO_MF",NA,NA,NA,NA
"MITOvPHE_MITO","GO_MF",NA,NA,NA,NA
"MITOvPHE_MITO","GO_MF",NA,NA,NA,NA
"MITOvPHE_MITO","GO_MF",NA,NA,NA,NA
"MITOvPHE_MITO","GO_MF",NA,NA,NA,NA
"MITOvPHE_MITO","GO_MF",NA,NA,NA,NA
"MITOvPHE_MITO","GO_MF",NA,NA,NA,NA
"MITOvPHE_MITO","GO_MF",NA,NA,NA,NA
"MITOvPHE_MITO","GO_MF",NA,NA,NA,NA
"MITOvPHE_MITO","GO_MF",NA,NA,NA,NA
"MITOvPHE_MITO","GO_MF",NA,NA,NA,NA
"MITOvPHE_MITO","GO_MF",NA,NA,NA,NA
"MITOvPHE_MITO","GO_MF",NA,NA,NA,NA
"MITOvPHE_MITO","GO_MF",NA,NA,NA,NA
"MITOvPHE_MITO","GO_MF",NA,NA,NA,NA
"MITOvPHE_MITO","GO_MF",NA,NA,NA,NA
"MITOvPHE_MITO","GO_MF",NA,NA,NA,NA
"MITOvPHE_MITO","GO_MF",NA,NA,NA,NA
"MITOvPHE_MITO","GO_MF",NA,NA,NA,NA
"MITOvPHE_MITO","GO_MF",NA,NA,NA,NA
"MITOvPHE_MITO","GO_MF",NA,NA,NA,NA
"MITOvPHE_MITO","GO_MF",NA,NA,NA,NA
"MITOvPHE_MITO","GO_MF",NA,NA,NA,NA
