"gene","contrast","logFC","P.Value","adj.P.Val","pi_eq2"
"MMP24OS","Training_Young",-0.274173172819651,0.472300103414332,0.726243465528109,0.814102946436588
"ESYT2","Training_Young",0.134376801363125,0.358625448674463,0.658102712537793,0.871272679706719
"ILVBL","Training_Young",0.0991386272653969,0.53540417574878,0.77201942562496,0.939943786982146
"FSD2","Training_Young",0.0203508121978544,0.876682151099083,0.949889629696016,0.99732519741369
"TARS3","Training_Young",-0.00493428262770834,0.981464759004635,0.995065803846013,0.999907687922825
"VWA8","Training_Young",0.03504927821335,0.905782108711189,0.957723336273098,0.996537653893026
"CARNS1","Training_Young",0.776205944356487,0.000462107050403887,0.0179879448138698,0.00257723117456945
"MAP1LC3B2","Training_Young",-0.441562281460467,0.102959939313382,0.351225083019429,0.36646419793215
"PGP","Training_Young",0.0671446054776439,0.375908154166705,0.672475693666736,0.936416443915688
"DHRS7C","Training_Young",-0.163693752766502,0.200302427837539,0.498857468382118,0.768582330011461
"SMTNL1","Training_Young",0.0545011482692139,0.76642779901704,0.898258040991951,0.985606480532333
"NUDT19","Training_Young",-0.22992241867065,0.33301060622074,0.64455644040147,0.77660897185257
"NACA","Training_Young",0.244890684347201,0.000577608185228462,0.0205785153449191,0.161047568496773
"SLC35A4","Training_Young",-0.0575530830551685,0.67160633331704,0.848682317993716,0.977349562163446
"PDLIM1","Training_Young",-0.110408915520527,0.527697402884255,0.768690187708041,0.931856039195537
"MYO1C","Training_Young",0.220641395821371,0.126264333882792,0.393196488624634,0.633439756430955
"FXYD1","Training_Young",0.10784075738994,0.562100528406869,0.793328649496937,0.939766049857462
"STXBP3","Training_Young",-0.275794443990694,0.0162019292816857,0.118347416740787,0.320780863717723
"NDUFS8","Training_Young",-0.343137248951017,0.0135322880686572,0.106096738177264,0.228456682527512
"PSMD11","Training_Young",0.121114327963316,0.0640907596660737,0.270571931209648,0.716944981472487
"PSMD12","Training_Young",0.0734203433277507,0.451558548474518,0.712512835638176,0.943298162275616
"PSMD9","Training_Young",0.123997713699076,0.1470822454801,0.425033171208619,0.788459471181666
"PGRMC1","Training_Young",0.0142289308040482,0.962472721525241,0.98583093264051,0.999455897813125
"CLIC1","Training_Young",0.279554918304267,0.0147100459688751,0.111626413814352,0.307430881142507
"EIF3F","Training_Young",0.0919782683597781,0.262238277684182,0.572998814648806,0.884163683212436
"PDHX","Training_Young",-0.0207604574693399,0.779745134943528,0.905038251602041,0.994848359379211
"DCTN6","Training_Young",0.315489591214698,0.100865318524259,0.350105117252508,0.484943260423598
"IPO5","Training_Young",0.0730958822260916,0.206884534650175,0.506813148610276,0.891215100463475
"EEF2K","Training_Young",-0.289680887818829,0.0965220251571318,0.340990414924859,0.508002303353281
"EML1","Training_Young",-0.0841376431595044,0.359733595007576,0.658102712537793,0.91757439839662
"DNM1L","Training_Young",0.0133680746717602,0.864500019470425,0.945379078073804,0.998055448600646
"RTCA","Training_Young",-0.122835504423058,0.182570648827963,0.470875464829913,0.811479399769612
"NDUFA4","Training_Young",0.0179193861972102,0.856226692879854,0.941804557003377,0.997222415553041
"PSMD14","Training_Young",0.0708742737060994,0.292723360860508,0.60383170218723,0.916612033599892
"BIN1","Training_Young",0.192015377263207,0.00249827791322725,0.043399836145485,0.316451389204715
"KPNA3","Training_Young",0.0977784573611693,0.380008449768117,0.67539906613921,0.909730661863546
"DDX3X","Training_Young",0.0182170256241854,0.887205464500201,0.951968293200318,0.99782218523961
"KPNA4","Training_Young",0.167241036746368,0.0146796851258931,0.111626413814352,0.493628023673287
"CES2","Training_Young",0.203963458765145,0.341678505343884,0.649962188446013,0.803294964450665
"FBP2","Training_Young",0.156762755936352,0.310091076194792,0.626144805257619,0.832308742162722
"PDXK","Training_Young",-0.033803572446832,0.644751291087185,0.839550867051484,0.985273440992214
"SDHD","Training_Young",0.111552437431605,0.399478818319134,0.68266251303517,0.902704603466986
"COX7A2L","Training_Young",-0.20738123461582,0.439533169941633,0.705095391824353,0.843263239928317
"GAPDHS","Training_Young",0.138920285184405,0.694427915694534,0.856678242704008,0.950602170160924
"HSPB6","Training_Young",0.6235212342024,0.000272706888506163,0.0147496530569581,0.00599212463938692
"NDUFAB1","Training_Young",-0.30155821320529,0.0313686217792242,0.173062579999814,0.352051217586664
"IMPA2","Training_Young",-0.257984085680224,0.0307754790652427,0.171591663117082,0.407362364953379
"PDCD5","Training_Young",0.133320593911293,0.0769800168416105,0.302241756093667,0.710446295105946
"PRMT5","Training_Young",0.137765138356734,0.0889850867013701,0.326319830805567,0.716559969195206
"PSMA7","Training_Young",0.0965396701318539,0.0918691619328407,0.333878048242431,0.794154041010181
"OPLAH","Training_Young",-0.148699256673055,0.134644348815467,0.405476248152024,0.742182862998077
"MGST3","Training_Young",-0.406638239570746,0.00054613994182442,0.0201401080300865,0.0471262646478624
"RGS12","Training_Young",-0.380128341792581,0.0283449698513957,0.163496548072404,0.258072820192161
"HAT1","Training_Young",-0.22690856278998,0.628005786139033,0.827628941983854,0.899821200114347
"UQCRQ","Training_Young",-0.125448751243269,0.154279716434532,0.434935598994302,0.790996126149196
"MYL12B","Training_Young",-0.0803755632015921,0.567056800209425,0.795696524726442,0.95542718946123
"UQCR11","Training_Young",-0.382742321137759,0.0218488993958498,0.142186955201475,0.231435202064914
"CASQ2","Training_Young",0.167874806345925,0.29100934050517,0.602068537147508,0.812837028418561
"HGS","Training_Young",-0.0920946701988576,0.507750137483177,0.753736432902287,0.939489516733807
"HNRNPDL","Training_Young",-0.268914825813148,0.0320394448326269,0.175480327202223,0.396420894611631
"XPO1","Training_Young",0.063915913320276,0.414387650997229,0.69405804174994,0.945248956266707
"ATP2A1","Training_Young",0.0827401490192479,0.513307332468017,0.758237535381428,0.946316883550405
"SYNJ2","Training_Young",-0.0114307055983538,0.961821661993074,0.98583093264051,0.999555144724621
"SYNM","Training_Young",0.121853674650811,0.600308339088076,0.815064264637586,0.939710551541658
"ARPC1B","Training_Young",0.365770559222728,0.0301940326360897,0.169247617602828,0.277971261521502
"ARPC2","Training_Young",NA,NA,NA,NA
"PGRMC2","Training_Young",0.160878301378862,0.229271945326626,0.539674836591901,0.789031500461416
"PFDN6","Training_Young",-0.0516828842300612,0.554605776759221,0.787690096451272,0.969992496655126
"NDUFA1","Training_Young",-0.455999031339605,0.119572114957205,0.382557969010721,0.379664624082084
"SURF4","Training_Young",0.197310927096002,0.145801944032705,0.423894448626206,0.683913795797346
"MAPK13","Training_Young",NA,NA,NA,NA
"TCAP","Training_Young",-0.170472170816886,0.490561765212738,0.740089244036569,0.885669895339931
"PMM2","Training_Young",-0.055901106317112,0.751724389721493,0.890712890188601,0.9841732143403
"EIF3D","Training_Young",-0.012078873605784,0.899481636202399,0.955955381175324,0.998721223031759
"EIF3H","Training_Young",0.0950560779165634,0.614359183004489,0.819925715984404,0.954746904158634
"BCAT2","Training_Young",0.00239718902703956,0.983462825116248,0.995065803846013,0.999960026616143
"STX7","Training_Young",0.196854758802878,0.076591871256059,0.302241756093667,0.603039903527954
"SLC16A3","Training_Young",-0.530313513672407,0.00883117257026867,0.08399603955975,0.0814227536039919
"YKT6","Training_Young",0.131582184281399,0.101416089278512,0.35065957980977,0.73998236457104
"ARPC5","Training_Young",0.239338970754623,0.243869964647128,0.552514484920146,0.713383568536344
"TAPBP","Training_Young",-0.509180627173654,0.127816192244891,0.39492285388124,0.350825243816788
"DHX15","Training_Young",0.193679256661834,0.135044487302794,0.405642946566625,0.678564921017967
"CYB5B","Training_Young",0.0526710699564177,0.765582263277284,0.898098986788489,0.986029088992568
"NDUFS4","Training_Young",-0.329671888517531,0.0252329863043589,0.152617990382896,0.29728567827201
"DYNC1LI2","Training_Young",0.230461605146317,0.0583143090479039,0.255481013232201,0.519467709068733
"PSMD3","Training_Young",0.144610655132489,0.0826385992400217,0.313549342242826,0.697289485672906
"RASA4","Training_Young",-0.192382573521012,0.329499988510438,0.643090971076082,0.807688281293056
"HNRNPR","Training_Young",0.0669131383075374,0.468861064669258,0.723321990664204,0.950579694484036
"TXNL1","Training_Young",0.102883176792695,0.0847611772025311,0.317482289526301,0.775763782900966
"TPD52L2","Training_Young",-0.109808955737979,0.0923906909473442,0.333878048242431,0.769868790862692
"ERI3","Training_Young",-0.413830736349368,0.00851418462187761,0.0836299816597511,0.139132817447229
"AKR7A2","Training_Young",-0.0421509021631756,0.606959125619037,0.815304513190492,0.979174229661896
"LAT","Training_Young",0.0208310492212682,0.892607902100993,0.954354939072374,0.997636226908279
"DENR","Training_Young",-0.012628711552825,0.864873438218804,0.945379078073804,0.99816834299695
"DNPH1","Training_Young",-0.0471824806397159,0.660134805990111,0.841350576493017,0.980595328906523
"TIMM44","Training_Young",0.0287609141977008,0.768334599463151,0.899071428817744,0.992449288245827
"TRAPPC3","Training_Young",0.352508400038184,0.116696168687165,0.378927580132403,0.468953319032491
"CHMP2A","Training_Young",0.0541920040976649,0.455146121014691,0.714587913725779,0.958240471061695
"NDUFB5","Training_Young",-0.323346223219342,0.00896650848280046,0.084533351386809,0.217765209361363
"NDUFB3","Training_Young",-0.392695922265595,0.00434565410527069,0.0600958219031512,0.118160927400247
"NDUFA2","Training_Young",-0.320586800605728,0.00727210523784411,0.0787505432066557,0.206289189964649
"BUB3","Training_Young",0.123178835006504,0.611102802924794,0.816616714397912,0.941139075999355
"ACTN4","Training_Young",-0.720959386902244,0.0798977520136523,0.307591711964647,0.16172307463343
"GSTZ1","Training_Young",-0.134959121138667,0.418630930675863,0.695214517650096,0.889124722955977
"PRKAB2","Training_Young",0.10060196463785,0.243428374925457,0.552514484920146,0.867496511751091
"AP1G1","Training_Young",-0.0147511179243835,0.958630425010572,0.985598718336971,0.999376964542441
"SYNGR2","Training_Young",-0.270509215400647,0.0940382318735804,0.336722495328004,0.527557004475375
"SGTA","Training_Young",-0.107683814224636,0.172552740594706,0.455580725338348,0.827615918732708
"ENSA","Training_Young",-0.092532883788536,0.447468257859244,0.710174377884965,0.928290748667524
"SLC25A20","Training_Young",-0.123542653482911,0.361344261528489,0.659314639541508,0.881829061527775
"NARS1","Training_Young",0.0360139087539331,0.727565136345807,0.880957325229773,0.988611063905269
"LANCL1","Training_Young",-0.20772840985094,0.0341399209564119,0.183066616965249,0.495811908815026
"SLC37A4","Training_Young",0.127945941416822,0.384090362502734,0.677156966548185,0.884769089136005
"IDH3B","Training_Young",0.293335967059626,0.00912940996239546,0.0849115917741383,0.252188042071445
"CALU","Training_Young",0.390491085452169,0.000373923554584098,0.0162464487522899,0.045888329139026
"AHCYL1","Training_Young",0.265419413798526,0.0083863852646169,0.0831518010670978,0.281110095824592
"NDUFS5","Training_Young",-0.388419624576549,0.00845103664682119,0.0833994320733246,0.156592571020784
"TIMM8A","Training_Young",-0.401925416607398,0.0983984264336469,0.345515875846912,0.393782438485518
"PPP1R12B","Training_Young",0.580632423268403,0.0185718368391351,0.130617312201236,0.0988191245439712
"PRPSAP2","Training_Young",-0.233680401555219,0.12200346129277,0.385191639617681,0.611650137361948
"SPAG9","Training_Young",-0.14083860775802,0.325413955593206,0.6409866564004,0.853752895408874
"OPA1","Training_Young",0.118204711441695,0.208605820769394,0.509279251169879,0.830885492601563
"TBC1D4","Training_Young",-0.147586657995241,0.215154695387797,0.519236704598335,0.797118566226465
"SNX3","Training_Young",-0.0559772246855914,0.399106556271,0.68266251303517,0.949882882781342
"SYNCRIP","Training_Young",0.087386267632219,0.347269935904758,0.65383486130761,0.91171819045866
"SELENOF","Training_Young",-0.252516052075842,0.659418901463213,0.841350576493017,0.900192413469807
"KLHL41","Training_Young",0.497984201718833,0.0256591273926502,0.153225811873155,0.161371779802005
"PLIN3","Training_Young",0.260562128228276,0.00380740892570313,0.0555775941793609,0.234209053892866
"KPNA6","Training_Young",0.0235841042225431,0.82561214919392,0.926858088850931,0.99549077136499
"SNX2","Training_Young",-0.054929874518777,0.563221429642166,0.793335297566306,0.968957744303042
"USO1","Training_Young",-0.0904371910468384,0.354451773957624,0.656109843173409,0.910464913950348
"TOM1","Training_Young",-0.0688506674646483,0.460346461938927,0.716879296938917,0.947988708024524
"PFKFB2","Training_Young",0.0557985428910079,0.689608266764649,0.856678242704008,0.979477022562168
"EDF1","Training_Young",-0.109468164115889,0.281521279722867,0.594666469651368,0.870440329668152
"DNAJA2","Training_Young",0.220579916212362,0.00463764056332358,0.0620912131471731,0.305655353479686
"CUTA","Training_Young",-0.181125705620307,0.209520467534716,0.51091881990484,0.75345386082532
"PFDN1","Training_Young",-0.206502560125003,0.0253986889434842,0.152617990382896,0.468370409313451
"NOL3","Training_Young",-0.0883576420669137,0.433608007037226,0.705095391824353,0.928826874140054
"WDR1","Training_Young",0.0135609200415843,0.85147538945194,0.940155731687958,0.997821987104832
"LDB3","Training_Young",-0.0966879882743648,0.319534466956042,0.636043039338636,0.895556136769358
"CLASP2","Training_Young",-0.182744914611394,0.39300876164348,0.679054234026538,0.843099963731679
"COBL","Training_Young",-0.186562032787176,0.470146216549672,0.723460722684781,0.868662577068208
"CPNE3","Training_Young",0.0347499788038839,0.679992608440023,0.855277824359323,0.986687268053718
"CLUH","Training_Young",0.431643630550614,0.171335672172497,0.454543954743395,0.466976772999123
"CAND2","Training_Young",0.196345713894676,0.0818884173789917,0.311264834232623,0.611809042518185
"COQ9","Training_Young",-0.177463165821905,0.0414579756044139,0.206503944835256,0.568429168797197
"GGCT","Training_Young",-0.244245184106202,0.00988183410767607,0.0884481800423064,0.323779039511198
"NDUFS7","Training_Young",-0.53780475589345,0.00155261911628272,0.0347192061960243,0.0308561231963913
"RTN2","Training_Young",0.0609126685891965,0.458270607513623,0.716196889958093,0.953581982997714
"NDUFS2","Training_Young",-0.340172612528228,0.0121875252898222,0.0987645764677907,0.223295970061741
"NIPSNAP2","Training_Young",-0.163394081457334,0.0872698248592142,0.322392217669716,0.671341451471293
"CILP","Training_Young",-0.797975484271216,0.0907883067628594,0.330740070737488,0.14741219668785
"TBCA","Training_Young",0.0126554366026568,0.863275015621592,0.945106293144055,0.998141102740038
"ATP6V1G1","Training_Young",0.0448965159153367,0.606422342261821,0.815304513190492,0.977793988804072
"VPS4B","Training_Young",-0.178536189817198,0.35590716220924,0.656613122730278,0.831567234466614
"MACROH2A1","Training_Young",-0.445772227569844,0.157897834269352,0.439237119162355,0.439195984808476
"SH3BGRL","Training_Young",0.161949379698065,0.41202728805271,0.691868630196533,0.866238538354705
"FLNB","Training_Young",0.399161827171312,0.0191545447450562,0.132445038547588,0.206228406865213
"NDUFS6","Training_Young",-0.417449915895293,0.0019229844089694,0.0392438177442106,0.073484528295519
"CS","Training_Young",-0.000493482675981483,0.995285275741075,0.997182864446015,0.999997667865954
"SEC22B","Training_Young",0.167429419141232,0.0251631513898722,0.152617990382896,0.539810114806897
"MTX2","Training_Young",-0.201885601310806,0.0349937102144269,0.185281558868326,0.508220926787433
"VPS26A","Training_Young",-0.032170232263379,0.732040029359671,0.884473470828957,0.990015636560544
"NDUFB1","Training_Young",-0.292493563428145,0.0401062000526998,0.203140319303072,0.390344764616607
"PMPCB","Training_Young",-0.102072992660965,0.359292710591043,0.658102712537793,0.900789444461402
"NDUFS3","Training_Young",-0.326864805796664,0.00507489111523394,0.0662572740634891,0.177821698127538
"ECI2","Training_Young",0.0528903497468249,0.630793153370226,0.829210261396743,0.97592389564769
"BANF1","Training_Young",-0.217496935550326,0.164431016405804,0.446570623683207,0.675272193030133
"CSDE1","Training_Young",9.25240556846063e-05,0.999158663713549,0.999525597132213,0.999999922123393
"PRKRA","Training_Young",0.129377224206731,0.534801955421113,0.77201942562496,0.922219631858618
"LYPLA1","Training_Young",-0.0908460996866864,0.299390242988004,0.609214221452842,0.896227431760305
"TIPRL","Training_Young",0.149681286434976,0.058545754480113,0.255848598580452,0.653908717289617
"PPM1B","Training_Young",-0.185369148847105,0.138343326212275,0.410593585403125,0.693042958240462
"SLC25A12","Training_Young",-0.0528571383400696,0.526246030362366,0.768589798119121,0.966635720052288
"TCEA3","Training_Young",-0.376968981247291,0.102850406774612,0.351225083019429,0.42426021458954
"EIF3G","Training_Young",-0.138408431766457,0.158678593934809,0.439449808235796,0.775077264268889
"EIF3J","Training_Young",0.131779752459991,0.0374323509305702,0.194759410039749,0.648608829633509
"PSMD10","Training_Young",-0.168939984864384,0.0625304228450846,0.267152335000748,0.626053854131397
"IDH1","Training_Young",-0.151002755532872,0.0415589077052665,0.206517314412459,0.618606496355015
"SCO1","Training_Young",-0.166974374994421,0.336899411212849,0.64837525855797,0.833882097041413
"ALDH1L1","Training_Young",0.128838598424089,0.284349853234179,0.594833830754335,0.850423371554974
"ARL6IP5","Training_Young",0.0820068634461251,0.316718907757847,0.632076033321657,0.910021892183565
"DYSF","Training_Young",0.240910486525227,0.00231376325124965,0.0426536363829615,0.23175909614413
"PIAS2","Training_Young",0.00676539138107302,0.95129598203351,0.983099387529222,0.999662260835608
"DCTN3","Training_Young",-0.19578774132383,0.364876749063477,0.661752309345495,0.820868502083148
"ATP5PD","Training_Young",0.11558141194692,0.162767349613051,0.444911533012526,0.810721768589692
"FLOT1","Training_Young",0.0908235704546279,0.421923536908539,0.696687568406715,0.924618101248933
"ATP5MG","Training_Young",0.0822050616432151,0.34638866977426,0.65383486130761,0.916536581991735
"GLRX3","Training_Young",0.540644965102548,5.33922212923914e-06,0.00192068943582348,0.00141070927441429
"SNCG","Training_Young",0.27346006890849,0.660838192899948,0.84135789308037,0.892900781756428
"DDAH1","Training_Young",-0.133048705079698,0.228027089283554,0.53800986755517,0.821449609849224
"TPPP","Training_Young",NA,NA,NA,NA
"BAIAP3","Training_Young",0.00534516892739134,0.970034561371093,0.988445508011092,0.999837394058849
"TOMM70","Training_Young",0.369140088158918,0.000943067235717173,0.0264310310597,0.0764156672381374
"UFL1","Training_Young",-0.123790020442389,0.24394348765949,0.552514484920146,0.839754850581223
"TMEM63A","Training_Young",0.307229028704597,0.0552692306454064,0.248770712669474,0.410822671410304
"PLPBP","Training_Young",-0.103016789024803,0.178276972191945,0.463784895479541,0.837240517223727
"ERLIN2","Training_Young",-0.235998650615823,0.0565442287545342,0.252348129176286,0.507651084982728
"ENDOD1","Training_Young",0.0404821655179859,0.59704353855049,0.812288361186491,0.979337169515353
"SEC31A","Training_Young",0.14669457381461,0.268470462654771,0.579645933762708,0.824559912799438
"NDUFB6","Training_Young",-0.506065173084775,0.00285127850175154,0.0454044500809223,0.0515328539309725
"MFN2","Training_Young",0.0797296636657556,0.461480323515278,0.716948736163425,0.940206061316546
"NDUFA3","Training_Young",-0.600823364341842,0.000275699720328645,0.0147496530569581,0.0072665953655393
"NDUFB4","Training_Young",-0.444060430966999,0.00235386385367438,0.0426536363829615,0.0680631569722439
"NDUFB8","Training_Young",-0.259509432092607,0.0255634157992713,0.153089173817858,0.38615537202081
"NDUFA7","Training_Young",-0.348477581520054,0.0195936325006838,0.133287428855785,0.254003880247518
"RTN3","Training_Young",0.120459787305769,0.503117104789402,0.751102382292132,0.920583361266151
"LETM1","Training_Young",0.122589136725608,0.285771484440166,0.595924266163918,0.857657372939035
"STBD1","Training_Young",0.143865118703008,0.0852244132934311,0.317627157345376,0.701690288403055
"ZRANB2","Training_Young",-0.0750866872037648,0.811192065339317,0.920197367157714,0.984410866912928
"EPM2A","Training_Young",-0.428221178495587,0.0122615267020099,0.0987645764677907,0.151870804597776
"VAPB","Training_Young",-0.136219412452835,0.0957025784915651,0.339235784130303,0.726410338986997
"NDUFC2","Training_Young",-0.461186369746692,0.00801550699127377,0.0815784281479394,0.107974585589396
"NDUFA10","Training_Young",-0.294829774930122,0.0208634605540599,0.138343829919981,0.319525155132718
"PGLS","Training_Young",-0.0051491585022454,0.970106128937622,0.988445508011092,0.999843736268441
"TACC2","Training_Young",0.146169853371028,0.246007831510623,0.554837405402714,0.814657565079129
"LYPLA2","Training_Young",-0.169235346940557,0.39123780897456,0.678292473335045,0.853152328540354
"IPO7","Training_Young",0.204412494014139,0.082821227885948,0.313676073903176,0.6009725554322
"ARIH2","Training_Young",-0.445471322967364,0.0190516723978193,0.132445038547588,0.171300852660187
"PGM3","Training_Young",0.0274165974747369,0.824255647473853,0.926858088850931,0.994715084153361
"SVIL","Training_Young",0.174912854423408,0.429605964461194,0.702201973015108,0.862619515508693
"AHSA1","Training_Young",0.186555129706207,0.054185490418994,0.247406791523994,0.580496199027173
"H6PD","Training_Young",-0.114280314423866,0.282749339638907,0.594666469651368,0.865577586712535
"MPC2","Training_Young",0.0621905133479039,0.571213998532187,0.798332330395383,0.96577330114704
"ETHE1","Training_Young",-0.325199532928714,0.0870320381519831,0.32207983133005,0.452047587850701
"ACSL3","Training_Young",0.212658124473592,0.01539631645494,0.114762614142851,0.411660751375187
"ASMTL","Training_Young",-0.0273994560618576,0.921606470961825,0.967297674232606,0.997765691284562
"CDS2","Training_Young",0.187803023835684,0.125717888728137,0.393196488624634,0.677429411448112
"SNAP29","Training_Young",0.474808834371583,0.0237716390728428,0.149158165167509,0.169409799060966
"OXSR1","Training_Young",-0.0777944813484233,0.230361386938897,0.54046949700691,0.892070118434004
"LSM8","Training_Young",-0.50207153028904,0.0051526660366531,0.0666529540777654,0.0710029515652774
"AP2A1","Training_Young",0.280201160144234,0.0485074105000102,0.229645443403201,0.428313637412822
"CAVIN2","Training_Young",-0.170464463353397,0.0722965901017917,0.292245062296089,0.639028356923977
"BAG2","Training_Young",0.187484720102592,0.260534912251382,0.571057753443592,0.777112307240653
"BAG3","Training_Young",0.255461871800478,0.0477981868281716,0.228865122352657,0.459875179228465
"MLYCD","Training_Young",-0.198706306655577,0.481044801653976,0.731661485583689,0.864665756026894
"AIFM1","Training_Young",0.00997637713642874,0.885866951337105,0.951401418201968,0.998791708318084
"EML2","Training_Young",0.130535092441214,0.456404168987252,0.714874488234876,0.902678646232643
"BPNT1","Training_Young",0.110037885528342,0.338098426556058,0.64837525855797,0.887517456709543
"DDAH2","Training_Young",0.342090855598361,0.00446865501774194,0.0608969065886186,0.157089436076148
"ABHD16A","Training_Young",0.114724075324489,0.690744178150629,0.856678242704008,0.958441959011907
"TXNDC12","Training_Young",0.394655279454302,0.511248705018714,0.756259520020645,0.767379455103106
"NUDT3","Training_Young",-0.148444823614046,0.134459460513077,0.405476248152024,0.742410146589906
"NDUFB10","Training_Young",-0.400589010865662,0.0033311495593123,0.0511100465231712,0.101760312903198
"CLPTM1","Training_Young",0.434312261314156,0.209805562671362,0.511021196680421,0.507524260530626
"MOCS2","Training_Young",-0.242638260819401,0.120127998664185,0.382589474533512,0.597979753043334
"TOMM40","Training_Young",-0.287217135076371,0.00738052188949152,0.0787505432066557,0.244162001713908
"PEX11B","Training_Young",-0.346766849146803,0.148942729378732,0.426536263152718,0.516690541128359
"CYB5A","Training_Young",0.215032875167225,0.184715406000554,0.474680698231623,0.695463043391078
"ADH1B","Training_Young",-0.814653105627801,0.00214502222671993,0.0415987121605318,0.00669950361202838
"LDHA","Training_Young",0.101044254445767,0.480743726288878,0.731661485583689,0.92866525977408
"ALDH1A1","Training_Young",-0.290336606105026,0.0285367286694692,0.163891266839411,0.356079764086653
"GLUD1","Training_Young",0.358548887210635,0.000512269601245761,0.019578012760338,0.0660989223981306
"CYB5R3","Training_Young",0.196355744074825,0.028148039657852,0.162994984465027,0.496066887250992
"GSR","Training_Young",0.141781072066458,0.0405167889818263,0.2040270721124,0.63472996344236
"MT-CO1","Training_Young",-0.434574645906949,0.0474967552808579,0.228528558793453,0.266018414803499
"MT-CO2","Training_Young",-0.319427931693433,0.0118416865751123,0.0982002984402836,0.24243453130424
"MT-CO3","Training_Young",-0.527188833099046,0.00231236315743853,0.0426536363829615,0.0407717901491056
"SOD1","Training_Young",-0.0330517071992595,0.71867001916731,0.875181015231858,0.989140663305523
"CP","Training_Young",0.117514305981036,0.453755395647249,0.714587913725779,0.911321575441017
"F13A1","Training_Young",0.734899316084405,0.00883106911887765,0.08399603955975,0.0309404458166304
"HPRT1","Training_Young",0.511141040596115,0.000965735184875978,0.0264968061892437,0.0287632004854626
"GOT2","Training_Young",-0.0514798515521839,0.533352798622356,0.77105060708679,0.968159142679173
"PGK1","Training_Young",0.0681915556614321,0.397351259867035,0.68250286365017,0.939003242709022
"AK1","Training_Young",0.134851198511615,0.184723506733334,0.474680698231623,0.796323688102325
"MT-ATP6","Training_Young",0.0806248160052547,0.595651996865932,0.812288361186491,0.959088801109547
"CA2","Training_Young",0.00226581615875077,0.986544783641813,0.995065803846013,0.999969306460919
"ASS1","Training_Young",-0.245321483342327,0.49905957254392,0.747167536671881,0.843238246814907
"CST3","Training_Young",0.196430438466695,0.101427699583416,0.35065957980977,0.637938628518725
"CSTA","Training_Young",0.301570834180836,0.391881316760209,0.678529265098813,0.753888781807837
"JCHAIN","Training_Young",-0.14319230840178,0.759407207400334,0.895148597314047,0.961357455038907
"HLA-B","Training_Young",-0.614984259907647,0.0272768157556875,0.159471241092924,0.109153515593911
"HLA-DRB1","Training_Young",-0.338016796432065,0.129958151756053,0.397052376440733,0.501707631246578
"MB","Training_Young",-0.0854980845601716,0.289514566471612,0.600749870408023,0.899443426217939
"COL1A1","Training_Young",-1.07743633282907,0.00689358488277187,0.0774185183175559,0.00468880579388967
"COL3A1","Training_Young",-1.1300829873547,0.00476555844332909,0.0634000243536566,0.00237725575135037
"COL4A1","Training_Young",-1.39575331653065,0.000309436786886717,0.0151264215357181,1.26387507761971e-05
"CRYAB","Training_Young",0.338345019843413,0.0186418618745817,0.130617312201236,0.259913395614583
"KRT14","Training_Young",-0.101077544991284,0.815399334357525,0.922116401381609,0.979583661321996
"LMNA","Training_Young",-0.35802418028025,0.0369381654924183,0.19324437293868,0.306988089926389
"TNNC2","Training_Young",-0.218461020630713,0.399705321225175,0.68266251303517,0.818456681882821
"APOE","Training_Young",-0.0752808006735144,0.807812458466588,0.917991496087505,0.984061551570226
"LRG1","Training_Young",0.182802476731659,0.439721638125673,0.705095391824353,0.860541907536924
"FN1","Training_Young",-0.227522588569276,0.667943384873692,0.846331183379644,0.912271930161776
"RBP4","Training_Young",-0.167633667323834,0.741065873968994,0.886919116732971,0.951006796157496
"TTR","Training_Young",-0.20683370216415,0.192378864324385,0.484868552529804,0.711114633741593
"PPBP","Training_Young",0.223834392133885,0.505583421698829,0.751736204310561,0.858417666558899
"TFRC","Training_Young",0.0885244095330933,0.781732394822791,0.906343901774687,0.978437371545038
"FTL","Training_Young",-0.519431396268708,0.266543041944907,0.577603232810895,0.503182504878368
"FTH1","Training_Young",-0.674569580717538,0.00722023822415793,0.0787505432066557,0.0359289066457144
"MT2A","Training_Young",-0.232699613011871,0.212665575231826,0.515597507655477,0.697517964795776
"MT-ND1","Training_Young",-0.445070644243895,0.00177646894344757,0.0374035558486791,0.059684125890088
"MT-ND2","Training_Young",-0.445293260411461,0.0294070165739455,0.16706364550928,0.207975193632566
"MT-ND3","Training_Young",-0.478505116204079,0.00419812054632773,0.0584585890213025,0.0728818874271585
"MT-ND4","Training_Young",-0.510611254860585,0.00248287533804093,0.043399836145485,0.0467557104054944
"MT-ND5","Training_Young",-0.241125022238283,0.283187981028078,0.594666469651368,0.73770296351491
"MT-ATP8","Training_Young",0.177321791291906,0.197448406119997,0.494091130552659,0.750012628585396
"CAT","Training_Young",-0.0161513126127666,0.922200066204635,0.967297674232606,0.998692710573886
"ALDOA","Training_Young",0.0197835413479943,0.786121522361644,0.907463502941213,0.995250526244261
"CSTB","Training_Young",-0.0223169263444731,0.846267909182231,0.937647943385412,0.996281804128106
"ANXA1","Training_Young",0.577987586325463,0.00364247130954795,0.0539188358638718,0.0389508770244004
"SOD2","Training_Young",-0.0486510296804674,0.744470974719753,0.8886303173543,0.985746541599813
"KRT1","Training_Young",-0.265743257289571,0.352060281642135,0.656109843173409,0.757733578729527
"VWF","Training_Young",-0.0354495952083234,0.93397100275306,0.973624049393416,0.997581371744071
"GAPDH","Training_Young",0.215926813997839,0.0149905722768001,0.113132937303705,0.40374786471957
"HLA-A","Training_Young",0.0838169119104215,0.577569346142369,0.804324637004882,0.955033036205239
"CAPNS1","Training_Young",0.112452156513463,0.0320349505772853,0.175480327202223,0.679132012913181
"HSPB1","Training_Young",0.538929847075671,0.000707184052389956,0.022869244278826,0.0200502138751121
"RPN1","Training_Young",0.0190125474593863,0.767136318968936,0.898340135082286,0.994972629025636
"RPN2","Training_Young",0.135143485135259,0.295168183683522,0.608026398375248,0.847975590776539
"GNAI2","Training_Young",0.00162124337270697,0.98235337651402,0.995065803846013,0.999971135505364
"ATP1A1","Training_Young",0.193423678679821,0.00751940934066234,0.0790289921703612,0.388332415108808
"ATP1B1","Training_Young",0.116494729664584,0.115958733957983,0.377899626015009,0.77802989586832
"APOD","Training_Young",-0.22963334094424,0.262087527781103,0.572998814648806,0.735285316669653
"ALDH2","Training_Young",0.144362508083674,0.383568667777755,0.677156966548185,0.870808279610695
"S100A8","Training_Young",0.167514315454071,0.616717319935956,0.82046823196543,0.922224008929276
"SLC25A5","Training_Young",0.022333789295633,0.793865183418997,0.911860445653952,0.994857698889083
"SERPING1","Training_Young",-0.157536832031855,0.42068572413692,0.695646307818288,0.872488073556413
"PCCA","Training_Young",0.155073452968274,0.162579599682094,0.444911533012526,0.754496601980481
"PCCB","Training_Young",0.243333133599975,0.0630620511986287,0.268877143244458,0.51043895275257
"EIF2S1","Training_Young",0.076125904099591,0.138829416046871,0.410593585403125,0.860440073446935
"RPLP1","Training_Young",0.00291139835146126,0.986267756265886,0.995065803846013,0.999959743731524
"RPLP2","Training_Young",0.041425844142708,0.777221954919803,0.904106557410861,0.989613786073466
"RPLP0","Training_Young",0.0458008388954632,0.733204518419272,0.884473470828957,0.985887131689615
"FABP3","Training_Young",0.00288112399280749,0.981062515526749,0.995065803846013,0.999944917033451
"CLEC3B","Training_Young",0.383148912901312,0.0712704202361615,0.289209311460254,0.363490824696609
"SSB","Training_Young",-0.127034738236496,0.438869004912836,0.705095391824353,0.900666705942535
"ITGB1","Training_Young",-0.048338152312958,0.460753534807077,0.716879296938917,0.963235982349598
"KRT18","Training_Young",-0.217906474680955,0.416639187130069,0.695059977259846,0.82631049194925
"KRT8","Training_Young",-0.281369323090342,0.39880733512478,0.68266251303517,0.772088340754588
"MYL1","Training_Young",-0.302683939632967,0.274239811065197,0.58750380652394,0.675975765851248
"GSN","Training_Young",0.451849189900987,0.00682902666292844,0.0774185183175559,0.105064689636828
"PTMA","Training_Young",-0.0871329705283408,0.671358738544411,0.848682317993716,0.965877488737346
"ATP5F1B","Training_Young",0.0945778252553353,0.257062573959381,0.566745166177605,0.879432998958754
"S100A9","Training_Young",0.108581537798187,0.71880777339125,0.875181015231858,0.964785557319562
"S100A6","Training_Young",1.17555954192002,0.00041657142689731,0.0171692772419244,0.000106229151130728
"EIF4E","Training_Young",-0.0664778771512964,0.427924565200567,0.701636065562865,0.945135498496808
"CKM","Training_Young",0.0154559749052154,0.822897505508514,0.926858088850931,0.996991799094269
"ENO1","Training_Young",0.112868618226312,0.340640595814185,0.649162767363024,0.885545624114086
"PYGL","Training_Young",0.15288186817822,0.422661445343789,0.697020064587763,0.8766395398877
"GPI","Training_Young",0.0636593203955123,0.324431902792618,0.640935958336543,0.93084733062953
"NPM1","Training_Young",0.00871367308646143,0.939283000933883,0.977412310872783,0.999454337866988
"TPM3","Training_Young",-0.656564000248427,0.0483977145816398,0.229645443403201,0.136931493546244
"EPHX1","Training_Young",0.247639134926242,0.0818072175556433,0.311264834232623,0.537978175453101
"DBI","Training_Young",-0.195705736378649,0.105210884239833,0.352716552906105,0.643593520950414
"LDHB","Training_Young",0.0442732601734264,0.805168331920568,0.916697914802497,0.990451688564406
"GPX1","Training_Young",-0.159556373080676,0.0238871821715424,0.149193938912641,0.551094246762897
"P4HB","Training_Young",0.107613809531685,0.118584159303445,0.381137466140431,0.79497319151154
"H1-0","Training_Young",-0.672076962345418,6.8498676160531e-05,0.00719921086447181,0.0015894904688409
"CTSD","Training_Young",-0.0715798404284591,0.427290920017021,0.701144038935034,0.940951543087155
"ANXA2","Training_Young",0.277569663430388,0.00821843424245697,0.0830535998925219,0.263759862683057
"CAPN1","Training_Young",0.0473652151303448,0.381623922366215,0.676838192632177,0.955397454323474
"TUBB","Training_Young",0.291161658766285,0.000445213843228961,0.0176573490276845,0.105728407706102
"CA3","Training_Young",0.205666030944474,0.047602174262869,0.228528558793453,0.534604672785169
"DCN","Training_Young",-0.334762154508489,0.0779772016755601,0.303814528250625,0.425669665214979
"PSAP","Training_Young",-0.177675291987502,0.127517216913594,0.394758748088918,0.693556234325426
"PFN1","Training_Young",0.127999646414462,0.0768701548797309,0.302241756093667,0.720074425784157
"BPGM","Training_Young",-0.244457674654754,0.107664106925028,0.357885400182921,0.579938997269383
"APRT","Training_Young",0.0467047829123786,0.587872256154661,0.808709085364592,0.975493569731814
"EPRS1","Training_Young",0.199870240701621,0.000293335516842983,0.0149920959205218,0.196757512027804
"CTSB","Training_Young",0.0676962810952304,0.537468772344079,0.772548529328324,0.958839500258736
"HSP90AA1","Training_Young",0.0785793110880846,0.307208175234432,0.621512593207676,0.911428952060232
"UQCRH","Training_Young",-0.0821972243461815,0.345339195989937,0.65383486130761,0.916315625559545
"TPM2","Training_Young",-0.357455093032495,0.242164710015072,0.552514484920146,0.602347744335809
"FH","Training_Young",0.112730774418548,0.0727110219680783,0.293356176923034,0.744161700265539
"COL1A2","Training_Young",-1.23191605093897,0.00934294705462075,0.0857592782044228,0.00316086920749257
"ANXA6","Training_Young",0.0666008504451661,0.310093597656128,0.626144805257619,0.924981374846391
"PFKM","Training_Young",0.129173779435256,0.244194350415275,0.552514484920146,0.833511305788856
"HSP90AB1","Training_Young",0.174491698327561,0.028390218861288,0.163496548072404,0.53714407119873
"SOD3","Training_Young",-0.340652447360817,0.223383096488336,0.532975333505655,0.600139751180152
"CTSG","Training_Young",-2.09831387133709,0.0430562990475447,0.211953959245759,0.00136075598518492
"PDHA1","Training_Young",0.00441236169922377,0.945194860117549,0.980384035171052,0.99975133181125
"COL4A2","Training_Young",-0.978064638826442,0.00190956649915533,0.0392438177442106,0.00219067758433719
"CYC1","Training_Young",-0.136456124857098,0.129032129625306,0.396273387348064,0.756221946295876
"MYL3","Training_Young",-0.795293879470158,0.0131161971724124,0.103259350024011,0.0318496139095538
"SNRNP70","Training_Young",NA,NA,NA,NA
"NFIC","Training_Young",-0.505287898002845,0.0021471777258459,0.0415987121605318,0.044856479619592
"VIM","Training_Young",0.107745914500796,0.563486964446477,0.793335297566306,0.940066886620307
"SERPINF2","Training_Young",0.000679836439239523,0.997081633910913,0.998506714855045,0.999998013089682
"RPS17","Training_Young",0.0636949151741675,0.608957224409645,0.815304513190492,0.968900708942522
"KRT19","Training_Young",-0.25814861456994,0.377314422665905,0.673272424824901,0.777546858000338
"ANXA5","Training_Young",0.11808096287972,0.256073878507545,0.566745166177605,0.851410893489884
"RPSA","Training_Young",0.00769032515709611,0.932999316603314,0.973624049393416,0.999466811911836
"SNRPA","Training_Young",-0.316446473788172,0.0209445133321821,0.138444550390713,0.294244672452077
"ENO2","Training_Young",0.0208028314115332,0.858091808514989,0.942376688348228,0.996821310442498
"ACAA1","Training_Young",0.0767774556142449,0.478077163178619,0.729258488390027,0.944914844651331
"GSTP1","Training_Young",0.00979664584268747,0.908386027082531,0.958355454795345,0.999059123851324
"LGALS1","Training_Young",-0.0651872314077302,0.677194396159837,0.853394856551545,0.974910330464311
"QDPR","Training_Young",-0.237140213145342,0.0143769366170234,0.109892075523575,0.365686230240682
"HMGB1","Training_Young",-0.275117993604717,0.00177942701468502,0.0374035558486791,0.175187292229958
"RBP1","Training_Young",-0.57047572367069,0.411584600006313,0.691868630196533,0.602640459525943
"FBP1","Training_Young",0.0675927802562342,0.759205626596202,0.895148597314047,0.981551656756169
"GSTM1","Training_Young",-0.461754656589978,0.387980144984813,0.677156966548185,0.645848822831415
"TPM1","Training_Young",-0.333503711502257,0.281703743966432,0.594666469651368,0.655396014879513
"CLTB","Training_Young",0.299128167987767,0.000857300046349191,0.0250283985753611,0.120952165178638
"ANXA4","Training_Young",0.225719338586693,0.04644290428815,0.225457239754484,0.500147292334067
"HMOX1","Training_Young",-0.726325829235861,0.028803089277823,0.164718871385152,0.0760415228017049
"DLD","Training_Young",0.0191752018765889,0.792215276293458,0.910960892105497,0.99554363072026
"HNRNPA1","Training_Young",-0.133625757406985,0.434687317651431,0.705095391824353,0.894645791892762
"COX6C","Training_Young",-0.348078909363817,0.0231246338060656,0.146851904109819,0.269506325542786
"PARP1","Training_Young",-0.170562742227556,0.0789232737110934,0.30479510391964,0.648491482460876
"IFIT2","Training_Young",-0.0678440403043474,0.596818758744835,0.812288361186491,0.965588861122046
"UCHL1","Training_Young",0.856069503019835,0.00028067845969473,0.0147496530569581,0.000910793906061964
"LTA4H","Training_Young",-0.0133314143095831,0.863220412896185,0.945106293144055,0.998041067246436
"ALDOC","Training_Young",0.378144294990729,0.391421869721889,0.678292473335045,0.701392412798156
"LIMS3","Training_Young",-0.12550921457844,0.476331207414054,0.728429433914482,0.91111797783506
"HSPA1A","Training_Young",-0.0281161815144237,0.745021802685088,0.888783103997761,0.991758382537533
"CALM1","Training_Young",0.175611794065155,0.0536076509331417,0.246439332551223,0.59818736348732
"FDX1","Training_Young",-0.0674085347700419,0.827553799434099,0.926858088850931,0.987321887447997
"COX8A","Training_Young",0.0402268934677785,0.857053067110439,0.942220474406978,0.993813995434169
"GAA","Training_Young",0.013085845323932,0.930071853141359,0.971192764681141,0.999051811945397
"RRAS","Training_Young",-0.061590966215622,0.546271875942564,0.781663365031498,0.963444622088747
"ARAF","Training_Young",0.0646000463488505,0.822996730088974,0.926858088850931,0.98749456486708
"DLAT","Training_Young",0.0035524342500679,0.957285059070529,0.985598718336971,0.999844933830062
"TXN","Training_Young",-0.096520754333195,0.290459418172505,0.601522854185817,0.887516843371887
"COX5B","Training_Young",-0.296102249533789,0.01750461801728,0.126009270795625,0.301851642974954
"MAPT","Training_Young",0.314085866455088,0.00152820481073268,0.0345407151845172,0.130494205110122
"PRKAR1A","Training_Young",0.0903641857955328,0.207113460825988,0.506813148610276,0.8673806353315
"ESD","Training_Young",-0.111825551823951,0.40351544513087,0.685682672324242,0.903493630489309
"HSPD1","Training_Young",0.0866692367148794,0.230380908334059,0.54046949700691,0.880529121003486
"THRB","Training_Young",-0.584669621929788,0.108254061231291,0.358911729823617,0.272564226150675
"CLU","Training_Young",0.265625255785515,0.158134201893166,0.439237119162355,0.612690330275536
"MYL2","Training_Young",-0.83989511046676,0.00535953785099113,0.0686935887974595,0.0123795585558121
"HSPA5","Training_Young",0.159709498736024,0.0259384660233487,0.154006254742287,0.558074061242725
"LAMC1","Training_Young",-0.814727716680924,0.00188703104163109,0.0392438177442106,0.00603256043020768
"MYH3","Training_Young",-1.21783807576186,0.00965730129212074,0.0874984798105077,0.00351463833622936
"HSPA8","Training_Young",0.155376448621354,0.0116293237949972,0.0970033278455721,0.500533007717912
"EPB41","Training_Young",0.149451786366132,0.550349876919328,0.785360109493841,0.914614361207809
"PDHB","Training_Young",0.0276821818882205,0.66508217957846,0.84369507632705,0.988773462948365
"DBT","Training_Young",-0.0031982954876355,0.982958830417744,0.995065803846013,0.999945029076086
"PYGB","Training_Young",-0.0494678103103787,0.58042723982946,0.804520835660231,0.973448813905724
"PYGM","Training_Young",0.0975150787229815,0.275802434607561,0.588565195477252,0.881962011411614
"RALA","Training_Young",-0.196388721930635,0.0385239763001455,0.1970252997151,0.527537746282957
"SPTB","Training_Young",-0.0247665652113156,0.852296442875577,0.940434185262185,0.996049609280529
"LAMP1","Training_Young",0.0849455760956204,0.433524618717101,0.705095391824353,0.931463679503352
"ACADM","Training_Young",0.118393679586269,0.300793441375264,0.61088677659015,0.867421678287211
"UBL4A","Training_Young",0.226812513601512,0.173091048105306,0.455580725338348,0.671786309645606
"DMD","Training_Young",-0.0705971211131242,0.38818407594667,0.677156966548185,0.935378204013014
"MTHFD1","Training_Young",0.0633831559337708,0.297309911394595,0.6087443074394,0.925998639193318
"ADH5","Training_Young",-0.0993561785577555,0.284146487856885,0.594833830754335,0.882482395405537
"PABPC1","Training_Young",-0.0422352900600664,0.523322519571587,0.766790947213031,0.97302084676435
"HARS1","Training_Young",0.180717793686799,0.0192492439320915,0.132445038547588,0.4897371219257
"COL6A1","Training_Young",-0.733496106214186,0.0143644054935985,0.109892075523575,0.0445018095774365
"COL6A2","Training_Young",-0.546484711675184,0.107583080280722,0.357885400182921,0.295707871458629
"COL6A3","Training_Young",-0.48114903785217,0.0884730520656238,0.325122999024373,0.311357355910376
"SLC25A4","Training_Young",-0.0308138567250715,0.801924675019412,0.916111775484133,0.993221211224538
"SLC25A6","Training_Young",0.129396004634437,0.486954179626603,0.737447900270259,0.911091947973662
"IMPDH2","Training_Young",-0.0774028251453309,0.350461377924762,0.655400192524777,0.922048705063368
"CKB","Training_Young",-0.0131263308890617,0.865798053751405,0.945897873693063,0.998110236426422
"ANXA3","Training_Young",-0.384665516721519,0.054276431512371,0.247406791523994,0.32602326822227
"BCKDHA","Training_Young",-0.0562681244491081,0.741856883968839,0.887021143403014,0.983338757793152
"ACTN1","Training_Young",-0.810559834358131,0.105050073237506,0.352716552906105,0.160984178327146
"MYH1","Training_Young",-0.6445298318719,0.0664590386133894,0.275536290266952,0.17422118475381
"MYH7","Training_Young",-0.598616789246265,0.0536961057604473,0.246439332551223,0.17366905091449
"PEPD","Training_Young",-0.0975408329049898,0.337501952588195,0.64837525855797,0.899472057626879
"XRCC6","Training_Young",-0.14898522367017,0.0766573794287551,0.302241756093667,0.682048131539443
"XRCC5","Training_Young",-0.0707247973107847,0.361964364429543,0.659314639541508,0.930650744910628
"COX4I1","Training_Young",-0.249756943521181,0.034035360077778,0.182972703026827,0.429872250682073
"IFITM1","Training_Young",-0.336903671143308,0.0364443684947732,0.191515156440033,0.32764836953967
"LAMP2","Training_Young",-0.14084486563808,0.38806138044655,0.677156966548185,0.875182722662997
"RNH1","Training_Young",-0.0453761661116125,0.558659927643185,0.790945212775422,0.973927264697826
"MYH8","Training_Young",0.0456585691295146,0.890404966908562,0.953446448026135,0.994714023687334
"VCAN","Training_Young",-0.0352758775458213,0.748719561682796,0.890712890188601,0.989843416209115
"EEF2","Training_Young",-0.00654172042635892,0.904861496758605,0.957713427082874,0.999346215847505
"KRT10","Training_Young",-0.254843783650458,0.359262213137526,0.658102712537793,0.770370058381735
"KRT5","Training_Young",-0.178661974049589,0.566432701949672,0.795351729791724,0.90343516587309
"PDIA4","Training_Young",0.298001404951705,0.107774242776303,0.357885400182921,0.514858758142212
"TPT1","Training_Young",-0.13649205647754,0.242182727655079,0.552514484920146,0.824025087961396
"ALAD","Training_Young",0.0608776578657348,0.648904472607429,0.840550181206378,0.974015807137311
"LCP1","Training_Young",-0.017996300700311,0.877986629789726,0.950286034917708,0.997660990679823
"PLS3","Training_Young",-0.0644479115431125,0.69369001756209,0.856678242704008,0.976705075688226
"APEH","Training_Young",0.139726332670715,0.0376673431524561,0.195016638685869,0.632447980655115
"ETFA","Training_Young",0.027870864594739,0.789018959837577,0.909311429573576,0.993417343803759
"TNNT1","Training_Young",-0.665757809964589,0.039122947856233,0.199603000955829,0.115584693364748
"GYS1","Training_Young",0.234765422082042,0.01917231098931,0.132445038547588,0.395213113051463
"PRKAR2A","Training_Young",0.080810795874271,0.225127857168145,0.534710458494284,0.886480713274472
"ENO3","Training_Young",0.00953178039918257,0.904113870226818,0.957713427082874,0.999039658303555
"CD59","Training_Young",0.0236388372780674,0.773672494332078,0.902975892885079,0.99395247797721
"MIF","Training_Young",0.107024693482426,0.354510438601826,0.656109843173409,0.894950849718299
"CD99","Training_Young",0.313589929814516,0.0505502644678536,0.235602341267025,0.39219379837852
"PRKCSH","Training_Young",0.133730167730892,0.103666243117295,0.351225083019429,0.738517888000788
"FDPS","Training_Young",-0.062210065755302,0.284929174333937,0.594833830754335,0.924866710735202
"COX7A2","Training_Young",-0.243851367541343,0.0729755880668863,0.2938595519475,0.528182860092421
"NID1","Training_Young",-0.748157716152988,0.00603214490937998,0.0724546777115241,0.0218495665303317
"AKR1A1","Training_Young",0.136151966065214,0.152832564183699,0.432956940585087,0.774335893273414
"PKM","Training_Young",0.0629633262729001,0.426041846652079,0.700250378032534,0.947696074354063
"ACYP2","Training_Young",0.11290937860694,0.186334392211544,0.476963242985652,0.827197548086687
"HSP90B1","Training_Young",0.211950344770298,0.00864640552814844,0.08399603955975,0.365352088461741
"MYL6B","Training_Young",0.171528851025467,0.65753901766097,0.841081765433012,0.930611229955758
"SLC2A4","Training_Young",0.629650091924528,0.127945986438214,0.39492285388124,0.273992868274911
"IDE","Training_Young",-0.0372343925453613,0.715458452840665,0.87283439806795,0.987610137502273
"COX6B1","Training_Young",-0.336862992246306,0.00835009203955149,0.0831518010670978,0.199477859740919
"HNRNPL","Training_Young",-0.198511988657181,0.059332488261111,0.257130339372967,0.570799871900875
"DARS1","Training_Young",0.347279187799469,0.000694020233775657,0.0227942270530692,0.0799971066306495
"JUP","Training_Young",0.203655593692549,0.476494039787066,0.728429433914482,0.859873576426616
"UQCRB","Training_Young",-0.0471679566681615,0.567534045862396,0.795834932890431,0.973635278229123
"CPA3","Training_Young",-0.534644305587218,0.0325582964128226,0.177299323988998,0.160251842976965
"FABP4","Training_Young",0.0153871485628017,0.877829167514938,0.950286034917708,0.997997012821504
"GLUL","Training_Young",-0.121173948986913,0.678714111203154,0.854797520520688,0.954124031233513
"AKR1B1","Training_Young",0.0379309940680841,0.636578802610892,0.832868569481386,0.983014486367651
"GSPT1","Training_Young",0.0801023851171401,0.353489803545197,0.656109843173409,0.920076443696549
"PGAM2","Training_Young",-0.121844851802752,0.193688221509122,0.486843022154769,0.818723387307156
"EZR","Training_Young",0.641686249478891,0.0010752417215932,0.0282519762348613,0.0124496828339095
"UCHL3","Training_Young",0.0415838823233479,0.634250836656862,0.831196785236029,0.981244525389865
"NME1","Training_Young",0.180199870932782,0.0349547055276056,0.185281558868326,0.546436757637081
"RPS2","Training_Young",0.251406082838656,0.02996768578976,0.168443544408443,0.414020027470003
"RPA2","Training_Young",-0.961112508797729,0.00136999322937087,0.0319969529793064,0.00177037088239275
"COX7C","Training_Young",-0.311148804899194,0.0435300118128551,0.213785244931359,0.377103668463224
"NQO2","Training_Young",-0.504760893219196,0.13864257292584,0.410593585403125,0.368861192608811
"PFKFB1","Training_Young",-0.123508941771661,0.605913958487596,0.815304513190492,0.939995571626786
"CBR1","Training_Young",0.402624473620961,0.0001612868777549,0.0130967330634395,0.0297225836246227
"ANK1","Training_Young",0.199237045237492,0.439392978459852,0.705095391824353,0.848873760699435
"ACADS","Training_Young",-0.108702644996274,0.496574712070424,0.745417559814311,0.926728932337978
"PPP3CB","Training_Young",-0.209568481485594,0.0362510006132305,0.190976449345891,0.498975106813502
"ATP2A2","Training_Young",-0.00629415815402012,0.946050569062602,0.980571151957392,0.99965099159119
"CD36","Training_Young",0.0863437435305059,0.598022717438627,0.813094276879685,0.956579278265995
"FAH","Training_Young",0.0865813172002206,0.364281932284746,0.661244060157631,0.916281023919546
"YBX3","Training_Young",-0.12281469264521,0.224860895720401,0.53468054615869,0.832540767952272
"TMEM11","Training_Young",-0.23486789930806,0.0094823240375936,0.0866248148684459,0.334843773197653
"GOT1","Training_Young",-0.118600014281956,0.122288075960219,0.385191639617681,0.77940599624501
"CKMT2","Training_Young",0.064456363969903,0.610831612217185,0.816616714397912,0.968726719396577
"NDUFB7","Training_Young",-0.46852883983065,0.00197070242220533,0.0398309278026501,0.0540072345137694
"PRKACA","Training_Young",0.0768766924562065,0.221599947106744,0.529923878064137,0.89061408550564
"CAPN2","Training_Young",0.34946032073152,0.000180301172156205,0.0135354665668694,0.049160925751234
"DES","Training_Young",-0.162738882603229,0.552536902772566,0.786537367292341,0.907971389672421
"PFKL","Training_Young",0.144472379765208,0.311810427454169,0.628473868294552,0.845047605646638
"LGALS3","Training_Young",0.462086005419629,0.00203265139259197,0.0406917450212222,0.0570287088986583
"FLT1","Training_Young",-1.66256131220717,0.000612444838949795,0.0213539996145546,4.55304414290283e-06
"PSMC3","Training_Young",0.0645295821508611,0.243549243325499,0.552514484920146,0.912886325236577
"TCP1","Training_Young",0.202454483329987,0.00643337141435382,0.0755471883406241,0.360005034440711
"RPL35A","Training_Young",-0.112818782186693,0.593046950847675,0.810717506788571,0.942757912376263
"ARF4","Training_Young",0.0467428028114902,0.788713635660943,0.909311429573576,0.988966820626479
"RPL7","Training_Young",0.19769517900685,0.259876063785114,0.570208231812432,0.7661293760002
"VCL","Training_Young",0.156582553100709,0.00577371542886265,0.0706876747393385,0.446152126555546
"RPL17","Training_Young",0.0770270510926672,0.53549206591874,0.77201942562496,0.953030164100964
"PGAM1","Training_Young",-0.043658932350521,0.586517116518739,0.808432117326157,0.97697484644125
"ATP5PF","Training_Young",0.0925303976753042,0.361179717479473,0.659314639541508,0.910072447048563
"TSPAN8","Training_Young",-0.346250165190988,0.0320799103045594,0.175480327202223,0.303936585238064
"TNNI1","Training_Young",-0.646300415253034,0.0336106462425687,0.181979592559959,0.111599277916972
"NCL","Training_Young",-0.173289283146431,0.125319071311212,0.392969645382274,0.697743889124633
"HK1","Training_Young",0.1463992856503,0.0515006892117255,0.23844592229746,0.647754366780613
"NDUFV2","Training_Young",-0.449658782269477,0.000434256775607649,0.0175539950447554,0.0307704063830901
"SRM","Training_Young",0.559764016866374,0.228253508562703,0.53800986755517,0.437386305629791
"TYMP","Training_Young",0.11025054870009,0.414937041112224,0.694100654819883,0.907574590893856
"ATP2B1","Training_Young",0.0979643731408988,0.789662385766724,0.909311429573576,0.977131279827289
"EIF2S2","Training_Young",0.0366738587233044,0.685295548797036,0.856678242704008,0.986236359730159
"ANXA7","Training_Young",-0.0356598753670134,0.569555037926955,0.797604723332751,0.980127181410462
"TPSB2","Training_Young",-0.206812970745808,0.290148000391882,0.601470509688103,0.774217100060233
"BTF3","Training_Young",0.0488301590826836,0.704205478745666,0.865637377966895,0.983021773686507
"RAB6A","Training_Young",0.415443694118551,0.00127977303939451,0.0302256508854748,0.0628313844126173
"PVALB","Training_Young",-0.843644593329611,0.0623702741077349,0.267010827239224,0.0962474898524943
"PSMB1","Training_Young",0.0199286232933424,0.723410751650667,0.877949999982507,0.993568320641072
"COX5A","Training_Young",-0.250728278177398,0.0508520618966471,0.236484588731753,0.473843551253661
"CAPN3","Training_Young",0.00728820453833734,0.954224483062581,0.985424146756779,0.999658559801446
"CAST","Training_Young",0.149949485286129,0.153167345937197,0.433274598002937,0.754772536168052
"NEB","Training_Young",0.0102116980739027,0.969193559205483,0.988445508011092,0.999680517459265
"PTMS","Training_Young",0.0959100935609811,0.527658803310512,0.768690187708041,0.940526135497348
"GSTM3","Training_Young",-0.0428861555250037,0.766638879895128,0.898258040991951,0.988668152916323
"ATP6V1B2","Training_Young",0.0401046848163098,0.63673634212968,0.832868569481386,0.982059640000645
"CSRP1","Training_Young",0.0670742773746653,0.729892794698555,0.88275871948007,0.979102594430238
"FLNA","Training_Young",0.48358223574342,0.00270879917708155,0.0444273738481429,0.0573504024104233
"MAOA","Training_Young",-0.503953360350305,0.000344036938437592,0.0160703476576849,0.0179725826286381
"ACO1","Training_Young",-0.00794682308630001,0.925239358942729,0.968951897605203,0.999382700135395
"GPD1","Training_Young",-0.0470886375755661,0.627694292858711,0.827628941983854,0.978309424601551
"VDAC1","Training_Young",-0.306806280739846,0.000619692662458532,0.0213539996145546,0.103709742954457
"BGN","Training_Young",-0.293378450147753,0.0742055329751774,0.296835098226024,0.466240879190957
"RYR1","Training_Young",0.0148278953407868,0.85423398926529,0.941583558172858,0.997666589796409
"SDHB","Training_Young",0.0379314857127184,0.663830317423024,0.843124669017037,0.984578529078028
"COMT","Training_Young",0.0372073303245202,0.690426694584789,0.856678242704008,0.986311267439767
"TGM2","Training_Young",-0.257459388725731,0.251674089675587,0.560995690878138,0.701035882866548
"MMUT","Training_Young",0.0630346292714634,0.6935831778066,0.856678242704008,0.977200557532881
"OSBP","Training_Young",-0.119241746669502,0.0851944856648973,0.317627157345376,0.745521885832001
"PCMT1","Training_Young",-0.0577219493130308,0.480080826825753,0.731661485583689,0.958528088210155
"GART","Training_Young",0.221782106365303,0.00449049501486008,0.0608969065886186,0.301523292433089
"PAICS","Training_Young",0.0687248981592994,0.321794812660995,0.638125185106992,0.925035541886929
"SCP2","Training_Young",0.122564814382702,0.346471435644716,0.65383486130761,0.878171674302962
"UBA1","Training_Young",0.0939802379526356,0.131532977326205,0.400119129290425,0.826431128150531
"GPX3","Training_Young",-0.270995189329373,0.0564719436516079,0.252348129176286,0.458936580953958
"NME2","Training_Young",0.275905388443984,0.00120480332333839,0.0295565482247688,0.156534128023984
"FDXR","Training_Young",-0.265654787795487,0.503569498259252,0.751244205351986,0.833394552831468
"HNRNPA2B1","Training_Young",-0.178841233229775,0.129731320932033,0.396936297815333,0.694026167539148
"UQCRC2","Training_Young",-0.114592449361638,0.157500344046331,0.439237119162355,0.809122953766165
"FECH","Training_Young",0.041289854830918,0.651520143218001,0.841081765433012,0.982465045496565
"AMPD1","Training_Young",-0.0821503387150564,0.684190836554569,0.856678242704008,0.969303443365999
"FBLN1","Training_Young",0.0786596426118535,0.691817355248376,0.856678242704008,0.971435085371335
"SFPQ","Training_Young",-0.112171299917609,0.488949312907407,0.739203359632693,0.922878059132468
"PPIB","Training_Young",0.167475581898621,0.19821446130927,0.495418308765858,0.762583372286023
"S100A1","Training_Young",0.148490779329606,0.407488538060188,0.689746693657078,0.875196821007745
"HRC","Training_Young",0.304740922516196,0.000327688095601673,0.0156545540216981,0.0867198001481414
"ME2","Training_Young",0.39044887964964,0.00279479505124553,0.0448447267001383,0.100676985904383
"WARS1","Training_Young",0.0553650548334907,0.505670761813235,0.751736204310561,0.962951972045138
"RPS3","Training_Young",0.134489300919618,0.211570225767201,0.514237549585807,0.811485667917598
"GCSH","Training_Young",-0.0242593663771302,0.886224537031139,0.951401418201968,0.997074122811448
"AHCY","Training_Young",0.13462401190484,0.0617065602459792,0.265040656834879,0.687305076453822
"CFL1","Training_Young",0.111110295252374,0.296986381499329,0.6087443074394,0.873807163441184
"EIF4B","Training_Young",-0.0275966315603959,0.753553370000588,0.891199282358721,0.992221791189859
"ATP2B4","Training_Young",0.0425219375940209,0.661266358640759,0.841393393379464,0.982566736813012
"CPT2","Training_Young",-0.123365952446676,0.242354654578656,0.552514484920146,0.839580332232285
"LAMA2","Training_Young",-0.377163728202721,0.0783546996936633,0.303814528250625,0.382720258474816
"GPT","Training_Young",-0.318758340599199,0.0182447804466107,0.129245337523683,0.279076609978945
"COX7A1","Training_Young",-0.321371368012173,0.0264024451453082,0.155893089032129,0.311000882186681
"COX7B","Training_Young",-0.573757075729748,0.00300450965393993,0.0471304424819533,0.0357153375122289
"EEF1B2","Training_Young",0.228181720841064,0.0157410440271757,0.116917577897962,0.387789467298317
"ATP5PB","Training_Young",0.12904790079396,0.1130031249977,0.371930199602696,0.754750328647284
"ACP1","Training_Young",-0.356628551417227,0.000168226352384808,0.0130967330634395,0.0450864513585938
"ACAT1","Training_Young",-0.0719313195196385,0.388743428837229,0.677455429586806,0.934294780258267
"MYL9","Training_Young",-0.227657640046157,0.690393040715918,0.856678242704008,0.919113335311818
"AZGP1","Training_Young",-0.027281012419941,0.823281169471128,0.926858088850931,0.994709049259004
"MPST","Training_Young",0.0305360738613842,0.749343956264368,0.890712890188601,0.991227303275946
"RPS12","Training_Young",-0.0564636909971128,0.601962462991176,0.815304513190492,0.971748044403791
"DNAJB2","Training_Young",-0.198252966020053,0.143976267034661,0.420333626200706,0.680971092319152
"ATP5F1A","Training_Young",0.12462271640625,0.129326138782479,0.396273387348064,0.77498970809601
"PSMA1","Training_Young",0.0642122981042661,0.248817650197078,0.558180043451715,0.914551449740515
"PSMA2","Training_Young",0.0751746662405886,0.405951492321235,0.688708665745952,0.934473896443646
"PSMA3","Training_Young",0.126845563242757,0.0501331902930225,0.234699256115664,0.684095394903857
"PSMA4","Training_Young",0.0610301026285498,0.418716260392493,0.695214517650096,0.948256281387211
"MSN","Training_Young",0.473425956401499,1.15342739206007e-06,0.000684594237612494,0.00154451475019457
"DDX6","Training_Young",-0.0690319289606514,0.510875011087542,0.756238924863389,0.954694451068694
"U2AF2","Training_Young",-0.125939607492512,0.313236376734495,0.629141503238414,0.863993234410444
"RPL13","Training_Young",0.215281481497119,0.218729201059023,0.524657109925784,0.720931747378667
"IVD","Training_Young",-0.0682482892675473,0.550061428018182,0.785360109493841,0.960027133823224
"S100A4","Training_Young",1.0177063539549,1.85027240214715e-05,0.00341349686670065,1.52558240330445e-05
"HMGB2","Training_Young",-0.072660129509277,0.543371063004011,0.778572579709906,0.956647801671888
"TARS1","Training_Young",0.443229914771759,0.00112727417598007,0.0285485580471098,0.04935956370957
"VARS1","Training_Young",0.526327961195136,1.16281378201339e-06,0.000684594237612494,0.000752509639129449
"EEF1G","Training_Young",0.235466967136862,0.000367405191983704,0.0162464487522899,0.155312059515728
"PLN","Training_Young",0.196444999601301,0.281067371007363,0.594666469651368,0.779330306630254
"FKBP2","Training_Young",-0.330004265785828,0.0742793823343904,0.296835098226024,0.424015484734326
"STOM","Training_Young",-0.142353726031565,0.357045099562658,0.656613122730278,0.863631478224831
"MAOB","Training_Young",-0.406606399888925,0.000229412958030066,0.0147496530569581,0.0331286672418947
"YWHAQ","Training_Young",0.0804542035850417,0.234495969460008,0.544051355193087,0.889866266906069
"MAPK3","Training_Young",-0.168366831644239,0.226192245198445,0.535436180135847,0.778601897023607
"RPL10","Training_Young",0.120324945720384,0.420961990268726,0.695646307818288,0.9011291641349
"RPA1","Training_Young",-0.138001742558647,0.265272015019325,0.577227510942673,0.832661364703094
"APEX1","Training_Young",-0.0367484001685412,0.689628616142367,0.856678242704008,0.986437035861753
"CALR","Training_Young",0.0974101087891768,0.0682928647789178,0.28092289973637,0.769939098446971
"MAP4","Training_Young",0.220721726177604,0.0555685087180159,0.249583344712114,0.528392242847136
"CANX","Training_Young",0.203329591568128,0.0057738818506228,0.0706876747393385,0.350622822057495
"PSMA5","Training_Young",0.0995210376117157,0.105093081366209,0.352716552906105,0.799145837662182
"PSMB4","Training_Young",0.0706970477892526,0.366355777148502,0.662149478560748,0.931470773461238
"PSMB6","Training_Young",0.0797344877757773,0.342472372163595,0.650883296824482,0.918107649705806
"PSMB5","Training_Young",0.132607039773884,0.179811807427464,0.466622739768554,0.796496090143726
"GSTM2","Training_Young",0.0646536940529927,0.585648258556174,0.80776419913719,0.965999417186159
"TMOD1","Training_Young",0.094712506346557,0.724461232536689,0.878210790537555,0.969932884925007
"NDUFS1","Training_Young",-0.341881189241946,0.00340604323588855,0.0517694604230563,0.143325263460256
"MAPK1","Training_Young",0.0458338645622867,0.531794451097863,0.769342052808462,0.971470860893951
"RBL1","Training_Young",-0.0229221532741626,0.882736249812808,0.950878607673966,0.997145030051371
"LAP3","Training_Young",0.190676905317503,0.00723845448721536,0.0787505432066557,0.390736420833383
"CD38","Training_Young",-0.17017237160066,0.299349770162201,0.609214221452842,0.814441933117664
"TPP2","Training_Young",0.080775248846308,0.32779551449543,0.641876082386538,0.91384536259599
"IMPA1","Training_Young",-0.0762921304289641,0.232477427405825,0.541423784805051,0.894663749426639
"EPHA2","Training_Young",0.0615903949698762,0.800718470094347,0.915729175265678,0.986405046848938
"COL4A5","Training_Young",-0.0785598066846767,0.888056535323203,0.952395325127232,0.990716747727315
"TKT","Training_Young",0.17497361145276,0.327619027556949,0.641876082386538,0.822625909872902
"EEF1D","Training_Young",0.260363559748463,0.000219623828710792,0.0147496530569581,0.111559521049943
"MARCKS","Training_Young",0.423267336032875,0.00260405524570328,0.0437897930117463,0.0805617964676415
"GNA11","Training_Young",-0.307148300555902,0.144377201768273,0.420333626200706,0.551875900569063
"ALDH4A1","Training_Young",0.0647633410733732,0.484337075685996,0.734542953168805,0.954133433500233
"ERP29","Training_Young",0.0243022323133637,0.799808296697917,0.91551121979529,0.994585998177097
"PRDX6","Training_Young",-0.14023385248143,0.116548972252396,0.378927580132403,0.739763472837562
"BLVRB","Training_Young",-0.0903405176453944,0.36608230381855,0.662149478560748,0.913215926711758
"PRDX5","Training_Young",0.185286697382001,0.0239192946781923,0.149193938912641,0.500730032108642
"DDT","Training_Young",-0.0849161088579287,0.605659991957476,0.815304513190492,0.95831376084228
"PRDX3","Training_Young",0.178453180311259,0.00708660236994318,0.0787505432066557,0.413431760181967
"ATP5F1D","Training_Young",0.108909709589341,0.328509552144986,0.642154146048609,0.885823879014711
"RPL12","Training_Young",0.0768706705983959,0.713144554897575,0.871528985113199,0.974347020379733
"ECHS1","Training_Young",0.0853728564267122,0.321096836587817,0.637342351754099,0.90756995120163
"CMPK1","Training_Young",-0.110445930346554,0.500550471549046,0.747801770572917,0.926414280324062
"PEBP1","Training_Young",-0.075685870019079,0.331166361894969,0.643300717422742,0.919759495990192
"PDIA3","Training_Young",0.227833091248637,0.00243688267245475,0.0430851408388433,0.253883486382235
"PPP2R1A","Training_Young",0.144031297262597,0.00692420620537608,0.0774185183175559,0.488591253796053
"PPIF","Training_Young",0.003056882394322,0.981022822560141,0.995065803846013,0.999941433208433
"NMT1","Training_Young",-0.236618891871569,0.232848288041754,0.541423784805051,0.70833308315274
"ADSS2","Training_Young",-0.102870594898931,0.475869430770646,0.728429433914482,0.926452118750769
"LRPAP1","Training_Young",-0.125859537989996,0.459733286045708,0.716879296938917,0.906824311192381
"TSPO","Training_Young",0.205324940153975,0.0837298269462083,0.314848114921163,0.600952906829212
"ADSL","Training_Young",-0.124496502612608,0.163534369250382,0.445848565712454,0.798173079237791
"CLIP1","Training_Young",0.103691941433208,0.276716363438242,0.589318942195729,0.875272955072874
"SRI","Training_Young",0.0113058007845517,0.926024776540157,0.968951897605203,0.999131478112161
"SERPINB1","Training_Young",0.114568959355367,0.371894368670951,0.667567859048966,0.892860110595607
"ALDH1B1","Training_Young",1.21030444088736,1.15298068305925e-05,0.0033239409029025,1.055118589061e-06
"SDHA","Training_Young",0.103185372244305,0.201465659148552,0.499868016219854,0.84762493518785
"GDI1","Training_Young",-0.163185769833664,0.0106446513536399,0.0917010538743899,0.476492342305396
"MAT2A","Training_Young",-0.0681089493807328,0.28016321286165,0.594251335454278,0.916988208646178
"CASQ1","Training_Young",0.0272316774405965,0.855611389787371,0.941804557003377,0.995762523277305
"DNAJA1","Training_Young",0.433173678558401,0.0373451912045436,0.194759410039749,0.240729684912415
"AKT2","Training_Young",-0.0457581338327557,0.795372141302486,0.913092430921806,0.989578579451227
"UQCRC1","Training_Young",-0.0748054580274164,0.355000820281052,0.656298790000679,0.925453710484081
"HIBADH","Training_Young",-0.0034175930987459,0.958034111439613,0.985598718336971,0.999853492041833
"ATIC","Training_Young",0.171776725806573,0.0223933656123264,0.144158467405843,0.520701594456855
"HNRNPH3","Training_Young",-0.260811992067172,0.0931581316558652,0.335177082160757,0.538468640277639
"HNRNPH1","Training_Young",-0.225632927272279,0.0162150599530669,0.118347416740787,0.394546944448916
"YWHAB","Training_Young",0.07225868140209,0.258907063864438,0.569270552555489,0.906973403951059
"STIP1","Training_Young",0.103615110141945,0.0848834665622175,0.317482289526301,0.774479431447264
"S100A11","Training_Young",0.548678453178901,0.000798594685879267,0.0239806575674031,0.0199697785749221
"PRDX2","Training_Young",0.114881010572812,0.0997497418946408,0.348295610402882,0.76735084144682
"GBP2","Training_Young",0.058798584258902,0.734256045003107,0.884473470828957,0.982001214101589
"ACSL1","Training_Young",-0.00371765166458005,0.964796989747843,0.98583093264051,0.999866777261674
"KIF5B","Training_Young",0.256069967215897,0.00571814451925583,0.0706876747393385,0.266501951775182
"MCM5","Training_Young",0.0846196669671038,0.782225006408547,0.906415084603509,0.979430814687383
"SHMT1","Training_Young",-0.205168910081397,0.296751681173132,0.6087443074394,0.77938399916098
"SHMT2","Training_Young",0.0717838726519133,0.687206267100926,0.856678242704008,0.973431693120921
"HSPA4","Training_Young",0.188016654340235,0.00731914208900449,0.0787505432066557,0.396718951543267
"MPI","Training_Young",-0.0374022853372082,0.63036932539784,0.829210261396743,0.982888825729619
"GPC1","Training_Young",-0.141940708342947,0.29799989972995,0.6087443074394,0.842112014156765
"PFN2","Training_Young",0.137649264978233,0.13901472489709,0.410593585403125,0.762154379675479
"CTNNA1","Training_Young",-0.0462374797117846,0.863230569648506,0.945106293144055,0.993222764033222
"SERPINB6","Training_Young",-0.0311866708203681,0.733830499648271,0.884473470828957,0.990394863170971
"RDX","Training_Young",-0.0326666372656206,0.633262952321886,0.83091056540612,0.985186425324648
"RPA3","Training_Young",-0.211982453159337,0.149965625054505,0.428881284169484,0.668843797183732
"RPL22","Training_Young",-0.0196288947071359,0.879807232097585,0.950743230152385,0.997489628209767
"SPR","Training_Young",-0.00682401349786943,0.95899991408878,0.985598718336971,0.99971435829819
"THBS4","Training_Young",-0.0746679161752297,0.750641678283995,0.890712890188601,0.978810945919765
"FBN1","Training_Young",-0.832509728834971,0.00122491546510108,0.0295950839958904,0.00376547712610065
"AGL","Training_Young",0.0365469722303828,0.626339531414326,0.827319096491778,0.983046393520911
"MYH9","Training_Young",0.0786530566915182,0.591792332201182,0.810717506788571,0.959578307652282
"COPB2","Training_Young",0.161048208818382,0.264130495610087,0.575935997689216,0.807021142314776
"ACTN2","Training_Young",-0.787471129378087,0.105919984217257,0.354528354816361,0.170686137818761
"ADD1","Training_Young",0.480331857462566,0.10206838732404,0.350952368867341,0.334148021965379
"BSG","Training_Young",-0.0498681612418395,0.547798778610419,0.783314988189864,0.970432902510735
"FUS","Training_Young",-0.131880362148738,0.0790263233283557,0.30479510391964,0.715546303958238
"DEK","Training_Young",-0.108888798842838,0.529009232653122,0.769002356180403,0.93301418304337
"MYH11","Training_Young",-0.0194344951340675,0.94874775808998,0.981389317101049,0.998978028821989
"GLRX","Training_Young",-0.254037145906288,0.135085662510294,0.405642946566625,0.601370966439756
"PPM1A","Training_Young",0.121533353614559,0.0782703420136316,0.303814528250625,0.73372811568773
"KRT2","Training_Young",-0.303162260168346,0.28471529881718,0.594833830754335,0.68327880014847
"HMGCL","Training_Young",0.081472549457331,0.468533643646976,0.723321990664204,0.940100777861714
"PSMC2","Training_Young",0.125852971672494,0.0192962869924931,0.132445038547588,0.608445630208726
"ARL3","Training_Young",0.277360225521505,0.0941925914618773,0.336722495328004,0.519317614113201
"MAP2K2","Training_Young",-0.0451871368706342,0.620590490158145,0.823016536474714,0.978672660680729
"ATP5F1C","Training_Young",0.161555976940722,0.0687533869526081,0.28226488159059,0.648870323698259
"ATP6V1E1","Training_Young",-0.120387146508097,0.438518124050852,0.705095391824353,0.905523868843677
"RPL4","Training_Young",0.0841715255705324,0.649406990618058,0.840550181206378,0.964315764151141
"LONP1","Training_Young",-0.0227624400459376,0.813619151976048,0.920962551132824,0.995315957728132
"PGM1","Training_Young",-0.0292167481732903,0.719880102443331,0.875181015231858,0.990443272261162
"PPP1CC","Training_Young",-0.682670582251276,0.0484763697955706,0.229645443403201,0.126663084870965
"SERPINF1","Training_Young",-0.157474721270102,0.288716836112884,0.600279712669913,0.822314590086056
"DLST","Training_Young",-0.0195258115701087,0.805947723690054,0.916721923807626,0.995796431584161
"GMPR","Training_Young",0.054590329369244,0.671839855918907,0.848682317993716,0.978521519799938
"GPX4","Training_Young",0.000508559913072304,0.995184233027635,0.997182864446015,0.999997544980817
"SRP14","Training_Young",-0.000738557070846468,0.994814269481675,0.997182864446015,0.9999961600844
"TAGLN2","Training_Young",0.0621654458376213,0.448721348513628,0.710785436756327,0.95140401181954
"TALDO1","Training_Young",-0.132609608372444,0.0638576113573005,0.270571931209648,0.694320071367261
"SNCA","Training_Young",0.0995300725422474,0.851596818807742,0.940155731687958,0.984138423016012
"ETFB","Training_Young",0.0124658878285686,0.914852414164302,0.962472359646328,0.998891244318601
"ATP6V1A","Training_Young",0.0780294015133478,0.36275463698863,0.660182031991429,0.923925308910202
"HSPA9","Training_Young",0.0771200581816522,0.255615113134755,0.566745166177605,0.900146171220357
"RPS19","Training_Young",0.0495042002313859,0.602857945019277,0.815304513190492,0.975258443062128
"RPL3","Training_Young",0.537309641445514,0.0201386841964225,0.134385759304381,0.122670335743766
"COL15A1","Training_Young",-0.207262492567803,0.355568580930996,0.656613122730278,0.807092404241905
"COL18A1","Training_Young",-0.278454122480094,0.417661029233415,0.695214517650096,0.784181995670529
"DDOST","Training_Young",-0.147969680242909,0.0783747246596169,0.303814528250625,0.686074978180409
"ANP32A","Training_Young",0.12146647226168,0.152296741681201,0.432355289171279,0.795654112540898
"CAPG","Training_Young",0.327530670141179,0.348429567602907,0.65383486130761,0.707992439125169
"CAP2","Training_Young",-0.28429414676852,0.00983038732392747,0.0884481800423064,0.268719745773617
"CCT6A","Training_Young",0.390288027305772,1.74939465775077e-05,0.00341349686670065,0.0139109266997245
"RPL13A","Training_Young",0.321673659580313,0.10366811237024,0.351225083019429,0.482346338571862
"ARL1","Training_Young",0.457071956077133,0.167066012735477,0.446952666600692,0.441371155054423
"STAT3","Training_Young",-0.155228289442384,0.156036715523886,0.43631008366532,0.749490230429251
"MDH1","Training_Young",-0.125318328669501,0.0884350165208092,0.325122999024373,0.7378918489219
"MDH2","Training_Young",0.0826618246050863,0.333997702498301,0.64587228210803,0.913338504538222
"HADHA","Training_Young",0.00348507907430573,0.965664077215419,0.98583093264051,0.999878241359255
"EIF2S3","Training_Young",0.304250173456996,0.00901370523698137,0.0845839661077448,0.238659644872897
"NAA10","Training_Young",0.264201823524051,0.0986248932008312,0.345515875846912,0.542262298942982
"PPP1R2","Training_Young",-0.0562975488734274,0.570723814117955,0.798177948952722,0.968918795269248
"GARS1","Training_Young",0.102413904096753,0.378549767780152,0.674903826865038,0.905302933737074
"IARS1","Training_Young",-0.0744945514808073,0.57739991106045,0.804324637004882,0.959911765276573
"EIF1","Training_Young",0.102097206670614,0.411659094502185,0.691868630196533,0.913367128068411
"ECI1","Training_Young",-0.243917240013566,0.00234659877055821,0.0426536363829615,0.228351936601574
"TMPO","Training_Young",-0.61818752788315,0.0549287983939455,0.247814416786116,0.16632599812438
"AKR1C3","Training_Young",0.650235475778032,0.000738244353147752,0.0231610392584564,0.00919586578192557
"RPS27","Training_Young",0.20474164345493,0.0260096196163235,0.154006254742287,0.473709321444375
"LRPPRC","Training_Young",0.100612283340229,0.24410016497413,0.552514484920146,0.867724431265468
"ACAA2","Training_Young",0.00500502603923891,0.958586394495481,0.985598718336971,0.999788331898301
"RPL35","Training_Young",-0.0688043459244732,0.683108191449749,0.856678242704008,0.974119322043844
"SLC1A4","Training_Young",-0.111814120729232,0.560695225202287,0.792590022444658,0.937355030667896
"PAFAH1B1","Training_Young",0.170314970365521,0.155755745280906,0.43631008366532,0.728552976100993
"CRAT","Training_Young",-0.139661824541498,0.117634295130345,0.380209543465586,0.741633051452619
"GPD2","Training_Young",-0.142265473827173,0.218898327975696,0.524657109925784,0.80563676838433
"NAMPT","Training_Young",0.261225922675173,0.137312632320883,0.409721651963412,0.595316099852679
"PSMC4","Training_Young",0.104670682667894,0.137258892592949,0.409721651963412,0.812317434373596
"TSFM","Training_Young",0.0366576725882197,0.797116059535688,0.913738523139216,0.99172214153441
"TNNT3","Training_Young",-0.275561999241326,0.347107340097421,0.65383486130761,0.74708374185745
"ASPA","Training_Young",-0.00197613485054049,0.989916487459686,0.996041738364604,0.999979972675547
"PPIC","Training_Young",-0.0898333394711912,0.606307241496667,0.815304513190492,0.956045506297207
"VDAC2","Training_Young",-0.202069419621449,0.0240941431232057,0.149397902197576,0.471013975202707
"ACADSB","Training_Young",0.0272640558311004,0.854174006182474,0.941583558172858,0.995711850414938
"USP5","Training_Young",0.250059483921124,0.000752063808471317,0.0232476194912751,0.165530436314659
"MAP2K4","Training_Young",-0.0799091048085394,0.391088812791802,0.678292473335045,0.927724640441208
"PHKA2","Training_Young",0.0323156245703267,0.775778289736009,0.903916772096174,0.991828999858992
"PHKA1","Training_Young",0.174230401239925,0.0701662386743696,0.286944423528259,0.629448861959465
"CRKL","Training_Young",-0.190966763018309,0.0180189275180517,0.128829202867159,0.464410683123696
"MTIF2","Training_Young",0.238919256292526,0.115547098860922,0.377202876421198,0.597138521160758
"BAG6","Training_Young",0.106894769314696,0.553045779666071,0.786537367292341,0.938647451312846
"NSF","Training_Young",0.0413191728848723,0.753260653634903,0.891199282358721,0.988360728585417
"MAP2K3","Training_Young",0.0589605723641213,0.446912719021097,0.710060873304872,0.95362346987368
"RPL27A","Training_Young",0.0477346018470008,0.777053813371979,0.904106557410861,0.988031354143588
"RPL5","Training_Young",-0.0346569071422138,0.840110761533111,0.933851306579904,0.993980212340865
"RPL28","Training_Young",0.14401732586116,0.337277176199824,0.64837525855797,0.855109917191067
"RPS9","Training_Young",0.00553667801108304,0.964622504234567,0.98583093264051,0.999800597370309
"RPS5","Training_Young",-0.128687657981857,0.217141920019683,0.522233771031321,0.821574775320088
"RPS10","Training_Young",-0.0372716522179353,0.802870279909363,0.916196160895484,0.991849950151037
"GNPDA1","Training_Young",-0.155505337236036,0.0977579855076299,0.344777324726574,0.696567622713431
"UTRN","Training_Young",-0.178409964648445,0.144184661225934,0.420333626200706,0.707852515034191
"IQGAP1","Training_Young",0.323338443338159,0.0409728590815552,0.205384654744465,0.355931728644673
"GYG1","Training_Young",0.166172783191399,0.0498091015021754,0.233906412628013,0.607474653956732
"STT3A","Training_Young",0.00192655089071181,0.9852753643092,0.995065803846013,0.9999714217228
"CAPZA2","Training_Young",-0.0921971524472518,0.496432075965009,0.745417559814311,0.937473807936946
"CAPZB","Training_Young",-0.066470702572957,0.690863246203427,0.856678242704008,0.975717915532063
"EIF1AX","Training_Young",0.131132630287407,0.188972933400885,0.480897222770775,0.803734067354027
"QARS1","Training_Young",0.206481921994012,0.000676787724361191,0.0226046197369968,0.221587743392784
"RPL29","Training_Young",0.182274501522016,0.383063806887175,0.677156966548185,0.839539145965487
"UQCRFS1","Training_Young",-0.0562024247936925,0.48099103721551,0.731661485583689,0.959699630819163
"ATP5PO","Training_Young",0.0942478396087871,0.272320258350601,0.584695794742557,0.884621531454889
"LIMS1","Training_Young",-0.13667596814031,0.140388550408342,0.413300746440246,0.764646549664874
"PREP","Training_Young",-0.130147235598976,0.132585857165519,0.401950416850529,0.768768245920644
"ME1","Training_Young",-0.0803823246640256,0.36350219113207,0.660398967812974,0.921876052827005
"PIP4K2A","Training_Young",-0.00364680501628456,0.980108798480207,0.995065803846013,0.999926732191483
"ARCN1","Training_Young",0.269015051198654,0.0572433172783169,0.254387849723091,0.463243433291933
"LSS","Training_Young",0.0142284268973718,0.898215730196821,0.955955381175324,0.998473815243288
"GCLM","Training_Young",-0.115061427902376,0.531522487064969,0.769342052808462,0.929861204005922
"CD151","Training_Young",0.0201641683270957,0.908888944447681,0.958355454795345,0.998075523483693
"PSMD8","Training_Young",0.0990377592609697,0.297432365538767,0.6087443074394,0.886840564683338
"GSS","Training_Young",-0.0255346898732647,0.786151778713582,0.907463502941213,0.993875050116815
"CCT5","Training_Young",0.244484691377828,0.00012833411898104,0.0117286225260063,0.111827657477486
"NES","Training_Young",0.740920029645544,0.0579226503011942,0.255248240949917,0.121162888560261
"IDH2","Training_Young",0.0377453234005394,0.627787875899211,0.827628941983854,0.982581048491997
"TNNI2","Training_Young",-0.24560896031948,0.38900509206055,0.677455429586806,0.793029502159905
"PXN","Training_Young",0.286311216673228,0.119814362569001,0.382563431042571,0.544711766522363
"ALDH9A1","Training_Young",-0.197671666812031,0.0455408181402459,0.222103943690944,0.543005033716168
"RPL34","Training_Young",0.280103470598508,0.276659870850341,0.589318942195729,0.697729660759262
"LMAN1","Training_Young",0.156652902216397,0.13389786177123,0.404968784810252,0.729804533239436
"FNTA","Training_Young",0.0700645008578071,0.477047300084136,0.728745221494806,0.949464142705243
"CCT3","Training_Young",0.180073085507257,0.00652019702589271,0.0758284180867023,0.40402401823551
"MRPL19","Training_Young",0.131605040091802,0.523076296214046,0.766790947213031,0.91825169947281
"TUFM","Training_Young",0.227719619280499,0.00770112303609311,0.0801374288211274,0.330161854745687
"ALDH7A1","Training_Young",-0.0440012491063158,0.776198750539293,0.903916772096174,0.988914333991501
"CDC34","Training_Young",0.0289315344066807,0.905521273645501,0.957723336273098,0.997132822326119
"PCYT1A","Training_Young",-0.208910063916314,0.0425914534279255,0.210157828886149,0.517191844111787
"AARS1","Training_Young",0.12663152864128,0.100538156593047,0.349886101255933,0.747590267819323
"CARS1","Training_Young",0.0739139366548827,0.520335852670395,0.766446763357804,0.952860699938305
"SARS1","Training_Young",0.251183280621788,0.0369572968227161,0.19324437293868,0.436747308117084
"PSMB3","Training_Young",0.114307234772781,0.186519403298861,0.476963242985652,0.825350614644735
"PSMB2","Training_Young",0.0578023085998858,0.379094321790087,0.675301918985391,0.945476241816619
"ACADVL","Training_Young",-0.0752750761305698,0.356700089875422,0.656613122730278,0.925336281415366
"ACOT2","Training_Young",-0.0675518002019615,0.491697366701955,0.740737056249779,0.953177181294914
"TMED10","Training_Young",0.0314690746362487,0.804041282534337,0.916697914802497,0.993159948405237
"HINT1","Training_Young",0.136276605410902,0.23933814357513,0.552514484920146,0.822950762946614
"NDUFV1","Training_Young",-0.339878582843934,0.00499891708747478,0.0656732732366999,0.165157086642431
"GSK3A","Training_Young",-0.0552859023118568,0.693176226052538,0.856678242704008,0.979943187552545
"GSK3B","Training_Young",-0.00144214141480603,0.98639555407599,0.995065803846013,0.999980245980883
"IDH3A","Training_Young",0.195525125733983,0.0313663306209697,0.173062579999814,0.508183873258605
"SULT1A1","Training_Young",-0.17151793996991,0.416197436934599,0.694874513452364,0.860405182416488
"GDI2","Training_Young",0.0607629895501454,0.298407998362881,0.60898408986289,0.92915445478932
"EMD","Training_Young",-0.426080993790563,0.000246242571283934,0.0147496530569581,0.0290020314641895
"CPT1A","Training_Young",-0.315437774891787,0.0924438744420053,0.333878048242431,0.471844504451613
"SERPINH1","Training_Young",0.90805222131706,0.0139827636005988,0.108456712503537,0.0207062578720985
"CSRP3","Training_Young",0.488657182433954,0.00835268058533225,0.0831518010670978,0.0964906622035438
"ST13","Training_Young",-0.0193090233429736,0.751125427066272,0.890712890188601,0.994489332700496
"DNM2","Training_Young",0.0583102512484501,0.539258376482439,0.773734544277192,0.964630545264825
"METAP2","Training_Young",-0.0709703760912248,0.268589504988048,0.579645933762708,0.910924188440902
"NUDT2","Training_Young",-0.154766517508044,0.606974986543925,0.815304513190492,0.925639968565295
"LRBA","Training_Young",-0.441932796100861,0.384799074113172,0.677156966548185,0.655694151572053
"BCAM","Training_Young",-0.259186737238611,0.0437511080556848,0.21437023107937,0.444388066223321
"RPL14","Training_Young",0.231899950074204,0.257236125606833,0.566745166177605,0.729887642675639
"CCT8","Training_Young",0.224242546656928,0.000280474918665162,0.0147496530569581,0.159759506919211
"CCT4","Training_Young",0.212476621843365,0.00344801353911888,0.0517694604230563,0.299771935253786
"ATP1A2","Training_Young",0.13544047886834,0.0503641110904342,0.235256358915761,0.667136450852155
"ANXA11","Training_Young",-0.060718243143544,0.32871449150728,0.642154146048609,0.934678148261536
"FXR1","Training_Young",0.0706468993694287,0.668368108663277,0.846331183379644,0.971936525169226
"RAB5C","Training_Young",0.0918579276027494,0.448195823196316,0.710488401477116,0.928933349842129
"RAB7A","Training_Young",0.00908643987254365,0.873665035168361,0.948556237659908,0.998773554198115
"DUSP3","Training_Young",-0.0425223524362615,0.595644084658702,0.812288361186491,0.978209577950866
"IDH3G","Training_Young",0.282839496757145,0.0245886689600535,0.150686245347033,0.350619691203795
"GALK1","Training_Young",0.0546078761185669,0.709429108732484,0.868980287386114,0.98142802979834
"SSR4","Training_Young",-0.217178133229105,0.494632994702658,0.743718565711722,0.858232527712245
"BCAP31","Training_Young",0.181707272228202,0.00419945144729623,0.0584585890213025,0.369927659105319
"MECP2","Training_Young",-0.137242425646296,0.445379010826122,0.710060873304872,0.894933609270451
"CAV2","Training_Young",-0.950759556381037,0.0707360216210313,0.288153328386449,0.080590682924169
"ALDH3A2","Training_Young",0.0530922138661367,0.59093903721557,0.810276488080318,0.972457645520039
"ALDH5A1","Training_Young",-0.152062047670668,0.144070818288961,0.420333626200706,0.744820029530661
"HSD17B4","Training_Young",0.175368150262155,0.371294472376458,0.667102472307276,0.840508919226836
"PSMD7","Training_Young",-0.00386080186232718,0.965269727036604,0.98583093264051,0.999863538819369
"UBE2D1","Training_Young",-0.110036376633143,0.274944751969339,0.587928655787947,0.867554165629811
"SUOX","Training_Young",-0.0870076801312543,0.428608212126623,0.701662353497011,0.928937374835882
"STAT5B","Training_Young",-0.0482470713995511,0.564861157924671,0.794737720185849,0.972818708589783
"RPS6KA3","Training_Young",-0.0754628180970514,0.434602476851817,0.705095391824353,0.939051514173695
"HDGF","Training_Young",-0.00403941811178754,0.962998967295385,0.98583093264051,0.999847713659786
"LUM","Training_Young",-0.106674536439701,0.426675919796664,0.700681862041084,0.913147406228828
"PRELP","Training_Young",-0.28571769759445,0.126994507474032,0.394758748088918,0.554543342712019
"NDUFA8","Training_Young",-0.375710982737697,0.00448643742767134,0.0608969065886186,0.131157656512312
"HNRNPA3","Training_Young",-0.00576642148651629,0.974523239053634,0.991024600140658,0.999851197533623
"MYOM1","Training_Young",-0.315319069610304,0.0543777058439986,0.247406791523994,0.399258424581798
"PGD","Training_Young",0.074721284759935,0.434922198623132,0.705095391824353,0.939683602160041
"HNRNPM","Training_Young",-0.114945801554548,0.497826982857584,0.746385390846392,0.922954810210001
"KPNA1","Training_Young",0.27410882908287,0.00715028978899161,0.0787505432066557,0.258137539581193
"MAP2K6","Training_Young",-0.115317357827788,0.256928657496854,0.566745166177605,0.854950838073679
"ARHGDIA","Training_Young",0.0088992361440603,0.900069033894353,0.955955381175324,0.999063493271048
"ARHGDIB","Training_Young",0.207067375386927,0.15241449537389,0.432355289171279,0.677378478905332
"RIDA","Training_Young",-0.18801138857906,0.00689963895091257,0.0774185183175559,0.392350982043784
"MRPL12","Training_Young",-0.166574442292394,0.510411615516585,0.756085423407937,0.894019575771097
"THOP1","Training_Young",0.0345667936225666,0.646948345015997,0.840473066269237,0.985059284461153
"AKR1C2","Training_Young",0.245754044929679,0.201251417048276,0.499868016219854,0.674358801123585
"CAPZA1","Training_Young",-0.16115241733014,0.331443709309624,0.643300717422742,0.836975753125491
"CRIP2","Training_Young",0.0131429797985696,0.945403634296728,0.980384035171052,0.999262381700419
"BLVRA","Training_Young",0.163160862931452,0.0932360194114571,0.335177082160757,0.679010345284209
"PPP5C","Training_Young",0.145432270033023,0.0576217468297419,0.254991393339195,0.660312121133808
"NUBP1","Training_Young",0.00388424186103897,0.983312378131693,0.995065803846013,0.999934636448231
"SUCLG1","Training_Young",0.0360442516815276,0.689513647960769,0.856678242704008,0.986689254262926
"COPA","Training_Young",0.0825616713286763,0.413503101529656,0.693128803361512,0.929685048128053
"HCCS","Training_Young",0.0553020905096915,0.554157085300246,0.787584985328679,0.967881887843686
"MAPK12","Training_Young",-0.299168046753788,0.0150162176535365,0.113132937303705,0.284764064268358
"TTC3","Training_Young",-0.00011400848574894,0.999525597132213,0.999525597132213,0.999999945901216
"SMTN","Training_Young",0.0592391631917337,0.648118996431099,0.840550181206378,0.974636305726109
"SLC16A1","Training_Young",0.430553598307284,0.0122633465547542,0.0987645764677907,0.150329332037206
"IST1","Training_Young",-0.105070782127495,0.148178930735718,0.425273945198615,0.81822714717378
"SEC24C","Training_Young",0.0857979718138608,0.341661420005331,0.649962188446013,0.911976143558052
"SUB1","Training_Young",0.0380287670429666,0.625746156178088,0.827244289488265,0.982329698654221
"RARS1","Training_Young",0.103273133906374,0.254847616721453,0.566268171615745,0.868329857483604
"CACNB3","Training_Young",-0.176049163797114,0.041321766744975,0.206314379330018,0.570662650654727
"CACNA2D1","Training_Young",-0.106665892237505,0.168497023971569,0.448898281860884,0.826996688719784
"MYOM2","Training_Young",-0.275398459280179,0.0476191763803674,0.228528558793453,0.432377580337335
"YARS1","Training_Young",-0.0635460690921867,0.621902944673908,0.824237067909556,0.970268390058521
"USP14","Training_Young",0.0495874767129081,0.350226367781404,0.655400192524777,0.949304213975841
"PRKAG1","Training_Young",0.292719068513378,0.000677493360338155,0.0226046197369968,0.11812599406671
"PRKAA2","Training_Young",0.215140604710967,0.00636272759275365,0.0751373786515066,0.336879433344378
"HSPA2","Training_Young",0.277196824004005,0.172852689653484,0.455580725338348,0.614732603875482
"RAD23A","Training_Young",-0.0310752101682219,0.648252601154631,0.840550181206378,0.986619996971524
"RAD23B","Training_Young",0.0746658379265597,0.278380242141183,0.59166356823131,0.908936327841352
"AK2","Training_Young",-0.0492295231971411,0.599412091340469,0.814456506785822,0.97511880611571
"NAPA","Training_Young",-0.0563610819083848,0.292715051764514,0.60383170218723,0.933100164603736
"EIF5","Training_Young",-0.0926552391962119,0.349002242810246,0.65383486130761,0.90706965672241
"PSMD4","Training_Young",0.168519626835629,0.010411901110959,0.0904372567571728,0.463356117523547
"DRG2","Training_Young",-0.0619931436770074,0.71248630550091,0.871231072811467,0.979203943308317
"RRAD","Training_Young",0.429751165951931,0.182428586317658,0.470875464829913,0.481342056475013
"CSE1L","Training_Young",0.189779299737975,0.0109119353578769,0.0928618952318106,0.424262234193798
"VCP","Training_Young",0.0791803586632902,0.231877447043893,0.541423784805051,0.890719461036827
"HADHB","Training_Young",-0.0975367799572275,0.190767656085814,0.483124835051061,0.850790730409491
"NAP1L1","Training_Young",0.0792745031441306,0.440097599464106,0.705095391824353,0.93700632839476
"ADK","Training_Young",0.0886707674354881,0.49682683220735,0.745417559814311,0.939858055286734
"LAMB2","Training_Young",-0.661406742271424,0.0307123065336432,0.171591663117082,0.0998845332927623
"CDH13","Training_Young",-0.0154400957706429,0.886114970003205,0.951401418201968,0.998134901502718
"TPD52","Training_Young",0.237550352546354,0.246850120362741,0.555884429142722,0.717252922537208
"SEC13","Training_Young",-0.140029162566655,0.243877189079651,0.552514484920146,0.820703137367789
"SNU13","Training_Young",-0.509492414867434,7.65579039457682e-05,0.00766308162352403,0.00799694562529342
"NPEPPS","Training_Young",-0.0750444302766198,0.316219451592674,0.632076033321657,0.917227206052212
"HNRNPH2","Training_Young",-0.327676836780075,0.193857093027375,0.486843022154769,0.584149831830534
"OXCT1","Training_Young",-0.255283701338406,0.436678752392003,0.705095391824353,0.8093553447332
"SH3BGR","Training_Young",-0.0148043026404814,0.896598354239804,0.955955381175324,0.99838545537454
"EIF3B","Training_Young",-0.0126514131778954,0.891304600557258,0.953446448026135,0.998545273094607
"ATP5MF","Training_Young",-0.100002850538605,0.3940159586648,0.679054234026538,0.91106681537741
"NDUFV3","Training_Young",-0.350400098174532,0.0481269084099165,0.22939401695611,0.34538908854508
"MARS1","Training_Young",0.34738408050384,0.122201416646648,0.385191639617681,0.481797807420753
"ARPP19","Training_Young",0.0391877833887868,0.797531720056716,0.913738523139216,0.991173587431856
"ATP5F1E","Training_Young",0.0319738910874143,0.768616250040669,0.899071428817744,0.991620941875986
"ATP5ME","Training_Young",0.0716050319754267,0.470020500030569,0.723460722684781,0.947374984553331
"EIF6","Training_Young",-0.0666854693581485,0.43935012887283,0.705095391824353,0.946630880640303
"NDUFA6","Training_Young",-0.506083696046115,0.000940100594832404,0.0264310310597,0.0293881925299439
"SYNJ2BP","Training_Young",-0.194542108757101,0.0487262966284416,0.229822872570717,0.555539221088078
"EEFSEC","Training_Young",0.0395893661640692,0.856147825962896,0.941804557003377,0.993870152147989
"MTPN","Training_Young",-0.053685467914125,0.490810849755936,0.740089244036569,0.962512950857359
"DEFA3","Training_Young",-0.0119113931374955,0.95617307596842,0.985598718336971,0.999466317408457
"ARPC4","Training_Young",0.223044315946346,0.0545291274369823,0.247559883094032,0.522651473054119
"CD81","Training_Young",-0.820148738822166,0.0017502559209273,0.0374035558486791,0.00548192661772336
"TPI1","Training_Young",-0.0287809882089753,0.692805058152522,0.856678242704008,0.989492777384456
"EIF3E","Training_Young",-0.0368800033182168,0.779253651384031,0.904967500115598,0.990843615798472
"SEC61B","Training_Young",0.110347646599951,0.825712559982823,0.926858088850931,0.979089208540774
"GABARAPL2","Training_Young",-0.421831588281012,0.00871107859421206,0.08399603955975,0.135225087575408
"ROMO1","Training_Young",0.0453931495476851,0.797673734519725,0.913738523139216,0.989791091780192
"MYL6","Training_Young",-0.178437391661568,0.446081622762313,0.710060873304872,0.865849494714537
"ACTB","Training_Young",-0.348341285822094,0.164052875974616,0.446570623683207,0.532778222188155
"EIF4A1","Training_Young",-0.1388111352808,0.0844134776858804,0.316852018028073,0.709535292279763
"RPS20","Training_Young",0.00790787828853112,0.940380903982076,0.978070588901694,0.999514018723187
"PRPS1","Training_Young",-0.00885214107145771,0.943281096923739,0.980157238778344,0.999483248610248
"PSMA6","Training_Young",0.114756171749754,0.120721903092483,0.38389930453918,0.784565641076783
"S100A10","Training_Young",0.148857690545839,0.171269282313528,0.454543954743395,0.769001694648376
"CDC42","Training_Young",-0.0605616027033982,0.526163004673535,0.768589798119121,0.961857197102468
"DSTN","Training_Young",0.131940240371787,0.449667693425234,0.711379047146043,0.899916978669443
"RAB2A","Training_Young",-0.0383168570022292,0.685416224350432,0.856678242704008,0.985630847972144
"RAB5B","Training_Young",-0.109110727847177,0.245518647969867,0.554328891549582,0.857929643734975
"RAB10","Training_Young",0.000737135480893159,0.993398718031118,0.997182864446015,0.999995117840677
"UBE2D3","Training_Young",-0.151395997642528,0.155044660005419,0.436283634981782,0.754116427687463
"UBE2M","Training_Young",-0.102516649304228,0.144286773862685,0.420333626200706,0.819986533917164
"UBE2K","Training_Young",-0.100979184357477,0.237270719219286,0.549276488765352,0.864793991478926
"UBE2N","Training_Young",-0.191947802602012,0.0252332710586145,0.152617990382896,0.493471794911533
"RAB14","Training_Young",-0.106215485504283,0.340001479126934,0.648532766900921,0.891735397597217
"ACTR3","Training_Young",0.0946274456721596,0.26654383245793,0.577603232810895,0.882392794336215
"ACTR2","Training_Young",0.279599444155174,0.00109254436000536,0.028290806073647,0.148576188430701
"ACTR1A","Training_Young",0.179714772920512,0.0194581521980522,0.132795571169824,0.492636154905006
"COPS2","Training_Young",0.0543143493501539,0.424835234282911,0.699846130456645,0.954568370323096
"ABCE1","Training_Young",0.452172117781544,0.00038347465330898,0.0162464487522899,0.0285273198990445
"RAP1B","Training_Young",0.210647016323577,0.022992675254504,0.14645637389384,0.451724574841003
"RPS3A","Training_Young",0.0147765461192115,0.884622688356719,0.951139074642365,0.99819012294025
"RPL26","Training_Young",0.13760839414536,0.43927239085926,0.705095391824353,0.89297065404565
"RPL15","Training_Young",0.240974109726164,0.125443687940773,0.392969645382274,0.606386474060139
"RPL27","Training_Young",-0.0964003368249777,0.726484629328732,0.8801560177804,0.969666029425143
"PCBD1","Training_Young",-0.0847144869980774,0.298000900264102,0.6087443074394,0.90252369276001
"RPL37A","Training_Young",0.131705800127456,0.442407777144179,0.707351491128068,0.898158123507852
"RHOA","Training_Young",-0.0577267582411345,0.457356874313024,0.715833320778836,0.955845356541653
"HSPE1","Training_Young",0.141094754023712,0.117933692835187,0.380209543465586,0.739627376184658
"SEC61A1","Training_Young",0.180780830813688,0.162715157576658,0.444911533012526,0.720180404968176
"VBP1","Training_Young",0.0449946099802787,0.581212694337429,0.804520835660231,0.975879846799924
"B2M","Training_Young",0.012654858522442,0.911814791318484,0.960237821318363,0.998832406014233
"DAD1","Training_Young",0.2252674981955,0.623061132611915,0.824639150741816,0.898906324165599
"NPC2","Training_Young",-0.145908207448375,0.719634634333147,0.875181015231858,0.953128545045134
"PKIA","Training_Young",-0.0013865924123877,0.988976864704721,0.995958322403363,0.999984630656027
"SUMO2","Training_Young",0.0729720661533086,0.604319528852855,0.815304513190492,0.963914634581722
"UFM1","Training_Young",0.174262289935946,0.207913339528604,0.508178883359447,0.760558487142574
"NUTF2","Training_Young",-0.0111226846311148,0.889334787754557,0.952793946921549,0.998696365053288
"HNRNPK","Training_Young",-0.147550747401567,0.0475194683030939,0.228528558793453,0.637927628332221
"YWHAG","Training_Young",0.113904316518475,0.0745429197513503,0.297322993012027,0.743981645960466
"RRAS2","Training_Young",-0.198203315673727,0.0533496442915408,0.245923141010567,0.559388132426015
"TIMM10","Training_Young",-0.0344459570282574,0.762993967449826,0.897579414853557,0.990725467350294
"RPS7","Training_Young",0.03902751244134,0.810187432564467,0.919569525377179,0.991818762165461
"PPP1CA","Training_Young",0.113215226401021,0.198545908945331,0.495459279179159,0.832735669494914
"PPP1CB","Training_Young",0.0647673973644949,0.643159909631897,0.838661370996431,0.971818849147538
"PSMC1","Training_Young",0.164257520421231,0.0275043653541088,0.160150071951071,0.554191653970054
"PSMC5","Training_Young",-0.0184993185183941,0.785624395403204,0.907463502941213,0.99554649613523
"RPS8","Training_Young",0.142862849227743,0.153356946200849,0.433274598002937,0.765010286852505
"RPS15A","Training_Young",0.121433606190525,0.191346205023466,0.483582006829288,0.818066850956116
"RPS16","Training_Young",0.087853836593446,0.443678560890292,0.708671987075527,0.931094172934577
"UBE2G1","Training_Young",-0.139057048765725,0.536024961566338,0.772258032359454,0.916940736451728
"YWHAE","Training_Young",0.0674767699581444,0.295335372379224,0.608026398375248,0.920997812152294
"RPS14","Training_Young",0.135164315900084,0.111302896875945,0.367282086708377,0.743227377625585
"RPS23","Training_Young",-0.118810525338343,0.412129920588809,0.691868630196533,0.900040401200874
"RPS18","Training_Young",-0.0214119077053176,0.834601086685256,0.929883249624659,0.996136180755411
"RPS13","Training_Young",0.113561599412446,0.431100815869106,0.703102156958116,0.908870880408906
"RPS11","Training_Young",0.49391346574259,5.48246270929634e-06,0.00192068943582348,0.00252063085356368
"SNRPD2","Training_Young",-0.0430197401781491,0.751352353010577,0.890712890188601,0.987776810199179
"SNRPD3","Training_Young",-0.0259581157505195,0.785616945454983,0.907463502941213,0.993756245082653
"TMSB4X","Training_Young",0.304837497585972,0.165073917508017,0.446570623683207,0.577456213585546
"PSMC6","Training_Young",0.11628226841145,0.0811287338584288,0.309496549129614,0.746717551465305
"RPL7A","Training_Young",0.0343386813782196,0.833895796047851,0.929883249624659,0.993781900306138
"ETF1","Training_Young",0.253809603422592,0.06423187139563,0.270571931209648,0.498190734748122
"CNBP","Training_Young",-0.105701759311856,0.344014002709867,0.653121742091896,0.89333691517529
"RPS4X","Training_Young",0.0640741568756411,0.506649567777677,0.752634198917793,0.957369071861523
"RPL23A","Training_Young",-0.0716525788260007,0.583396487156519,0.805715779239818,0.962123236258267
"RPS6","Training_Young",0.267563011826223,0.0103217784254949,0.0900264657692544,0.294140062487611
"H2BC4","Training_Young",-0.518864146215211,0.0649523998163698,0.27197200082472,0.242046174527423
"RAB1A","Training_Young",-0.0361156785204457,0.655453524765532,0.841081765433012,0.984859517837591
"RAN","Training_Young",0.117481264183958,0.135347315666896,0.405848869517568,0.790608731709032
"RPL23","Training_Young",-0.102553053462014,0.33275933343854,0.64455644040147,0.893291080399953
"RAP1A","Training_Young",0.294564973071745,0.24445217458408,0.552514484920146,0.660363946164373
"RPS15","Training_Young",-0.089828291977188,0.435356963369321,0.705095391824353,0.928021649183084
"RPS24","Training_Young",0.150240023813424,0.34578817358598,0.65383486130761,0.852532264008091
"RPS25","Training_Young",0.0124407140457592,0.90677019370749,0.957804496066906,0.998783215093653
"RPS26","Training_Young",0.0226482851084349,0.869162787439043,0.948556237659908,0.99682918543945
"RPS28","Training_Young",0.186639096604015,0.175982179147888,0.459528320241162,0.72306103444971
"GNB1","Training_Young",0.0200198000506973,0.804806962091439,0.916697914802497,0.995662079857788
"GNB2","Training_Young",-0.180010589712097,0.0865067284675587,0.321145450664103,0.643661782371266
"RPL30","Training_Young",0.116442395630127,0.5186720457169,0.764550238497141,0.926406171380447
"RPL31","Training_Young",-0.262929844396304,0.048763559070666,0.229822872570717,0.451919547122117
"RPL10A","Training_Young",0.110362883411749,0.53772781452578,0.772548529328324,0.933821998826497
"RPL32","Training_Young",-0.0937654764896827,0.710232223467813,0.868980287386114,0.96842609898772
"RPL11","Training_Young",0.100424008483945,0.578118920219426,0.804324637004882,0.946456834221598
"RPL8","Training_Young",0.0755825334336961,0.721616776005024,0.876278719331347,0.975641927312422
"PPIA","Training_Young",0.141447890029855,0.166677828824842,0.446952666600692,0.776133200423978
"FKBP1A","Training_Young",-0.0100456472677415,0.933869428225252,0.973624049393416,0.999312926528759
"RPS27A","Training_Young",0.175249582437164,0.367312085639761,0.662937953252035,0.839020560697593
"GRB2","Training_Young",-0.210378616878288,0.0422628968577829,0.209223928385707,0.513962236158726
"RAC1","Training_Young",0.00836488754305265,0.888683499216629,0.952581700843118,0.999013312206554
"AP2B1","Training_Young",0.172750479726105,0.166812163900996,0.446952666600692,0.733904355035753
"VAMP2","Training_Young",-0.205931772155992,0.57876607397185,0.804324637004882,0.893494401145121
"PPP3R1","Training_Young",-0.156182546357261,0.196964113799021,0.493466707038787,0.775881830134009
"YWHAZ","Training_Young",0.154545998576957,0.0423026496498218,0.209223928385707,0.613353156329921
"UBE2B","Training_Young",-0.620239188492516,0.00270476759598756,0.0444273738481429,0.0255450270564586
"PPP2R2A","Training_Young",0.11565658145425,0.0831737584261977,0.314114801903145,0.750048437409589
"DYNLL1","Training_Young",0.0682389993659918,0.488910893917691,0.739203359632693,0.95234289632816
"DYNLT1","Training_Young",0.433831594366481,2.11110653030963e-05,0.00341349686670065,0.00936752333384944
"RPL38","Training_Young",-0.311902075501798,0.0100343552473117,0.0893737912281748,0.23804574254437
"SKP1","Training_Young",-0.0155361156563529,0.874909682598113,0.948556237659908,0.997925990856936
"RPS21","Training_Young",-0.0615576126356885,0.582053232852664,0.804520835660231,0.967234247075887
"EIF5A","Training_Young",0.084627770939619,0.297404518917228,0.6087443074394,0.902465437215846
"RACK1","Training_Young",-0.0168733748742937,0.858729184869352,0.942584201877482,0.997433455970712
"UBE2I","Training_Young",-0.499879707273134,0.000985866728513235,0.0265678444017284,0.0314246700814938
"SELENOW","Training_Young",-0.493094989750276,0.0201290010910998,0.134385759304381,0.145754924436418
"TNNC1","Training_Young",-0.63878920855035,0.0243837957633803,0.150168003907091,0.0932604965942425
"PPP2CA","Training_Young",0.0525805562460135,0.353775541926656,0.656109843173409,0.946829666456681
"YBX1","Training_Young",0.372748893195709,0.000767642182601813,0.0233852734467973,0.0690154623855561
"CSNK2B","Training_Young",0.133999517382957,0.148299620280963,0.425273945198615,0.774342622958772
"TPM4","Training_Young",0.457535987948784,0.00272651342835891,0.0444273738481429,0.0670962438719178
"UBE2L3","Training_Young",-0.00234495641283416,0.971655874152467,0.989065688846724,0.999932576390298
"EEF1A1","Training_Young",0.26760565883048,0.0212968334195577,0.139931026188218,0.356983089075319
"ACTA1","Training_Young",-0.376481349719416,0.155903332330388,0.43631008366532,0.496735399554073
"TUBA1B","Training_Young",0.279802696114427,0.00222812275876567,0.0420121808908556,0.181111577787886
"TUBA4A","Training_Young",0.0880808551313486,0.384636487804103,0.677156966548185,0.919286519171084
"TUBB4B","Training_Young",0.162433760078795,0.0514836679746811,0.23844592229746,0.617634617467138
"CSNK2A1","Training_Young",0.186172579793272,0.156091904336975,0.43631008366532,0.707667978085472
"PAFAH1B2","Training_Young",-0.10213999759565,0.707677099508192,0.867942327619699,0.965299678994191
"EIF4G2","Training_Young",0.0429945481908121,0.686440604654098,0.856678242704008,0.983954051520954
"PIP4K2B","Training_Young",-0.195990354180761,0.0384182438682702,0.196963777100253,0.527938099948117
"CCT2","Training_Young",0.262519323964163,0.00116501686503275,0.0291531601226053,0.169767876197975
"GSTO1","Training_Young",-0.0490378387458748,0.63901524624451,0.834810470855164,0.97827890906331
"PRKDC","Training_Young",0.257503484627705,0.0105440349449113,0.091208071827998,0.309683004173201
"DCD","Training_Young",-0.266031051150254,0.223017753099794,0.532708314790645,0.670869511334174
"MRPS25","Training_Young",0.0865761049462499,0.447659871882768,0.710174377884965,0.932782633451671
"MRPS35","Training_Young",0.290306396875321,0.146385202316163,0.425002341531181,0.572451229340661
"MRPS5","Training_Young",-0.026258142940101,0.900471767234606,0.955955381175324,0.997250974569122
"MRPS36","Training_Young",0.228110703739969,0.201659409017334,0.499868016219854,0.694026469609466
"MRPS15","Training_Young",0.512472110012869,0.0346687842137704,0.184958843698846,0.178549755429638
"MRPS21","Training_Young",0.181291101525458,0.391280350439307,0.678292473335045,0.843571128917868
"SARNP","Training_Young",-0.214271569177868,0.323076059031804,0.639488842632608,0.7849788661983
"LACTB","Training_Young",-0.103839431117933,0.283064295365212,0.594666469651368,0.877170585384207
"RPL24","Training_Young",-0.189380529132745,0.151094751961325,0.430937813599329,0.699142677338939
"ARF1","Training_Young",0.0065557088626349,0.926049162131712,0.968951897605203,0.999496465111493
"ARF5","Training_Young",-0.0688068344483064,0.466183073888279,0.722652523092302,0.948843139981502
"ERH","Training_Young",0.0522430843234147,0.844372397578958,0.936113280438275,0.991201409685348
"RHOG","Training_Young",-0.0825756442090508,0.849213071632726,0.93900361734455,0.986594081503532
"RPL19","Training_Young",-0.0352578443291662,0.812604031291108,0.920962551132824,0.992710297389524
"SRSF3","Training_Young",-0.0481652128291223,0.847447302952301,0.937647943385412,0.992059072149278
"MXRA7","Training_Young",0.0758635651770643,0.785906357601935,0.907463502941213,0.981889138638336
"H3-3A","Training_Young",-0.657937362054572,0.0233930625834807,0.147664316968398,0.0845203832094579
"FBLN2","Training_Young",-0.585991608773565,0.21228738232651,0.515274916455339,0.403258210453443
"HSPG2","Training_Young",-0.449915175368776,0.0166006290130659,0.120742291299185,0.1582001977957
"RBM3","Training_Young",-0.618310842356127,0.00758100540520768,0.0792799669738634,0.0488665969029404
"CYCS","Training_Young",-0.25409627276024,0.115415218965515,0.377202876421198,0.577729499635156
"MPP1","Training_Young",-0.348021895639775,0.102299019929514,0.350952368867341,0.452286466813766
"TFAM","Training_Young",0.0976930656566317,0.468953478418978,0.723321990664204,0.928691901134288
"PITPNA","Training_Young",-0.019309708598982,0.909115498031359,0.958355454795345,0.998161802039337
"SLC25A3","Training_Young",0.274038719275698,0.00409154129548004,0.0577209382758324,0.221597346278836
"HDLBP","Training_Young",-0.181103001135746,0.359144546896061,0.658102712537793,0.830726245057824
"PURA","Training_Young",0.0222279489284141,0.85770400419134,0.942376688348228,0.996593907743984
"CLTC","Training_Young",0.24100917016689,0.0108904135216786,0.0928618952318106,0.336441602365676
"FKBP3","Training_Young",-0.0130099505386347,0.851299454352766,0.940155731687958,0.99790770270986
"REEP5","Training_Young",0.319806586656107,0.00167474229869089,0.0366698782484193,0.129479281895466
"SORD","Training_Young",-0.27663464298454,0.152310989077622,0.432355289171279,0.594176057643254
"HNRNPU","Training_Young",0.0368133118583884,0.738079542478162,0.8860326660703,0.988881929458078
"MYBPC1","Training_Young",-0.506098191550606,0.080631234355939,0.308971983206203,0.279629703289632
"PLIN5","Training_Young",-0.129569584515231,0.654256137000812,0.841081765433012,0.94651286148472
"SPTBN1","Training_Young",0.202805395718787,0.0410378472848121,0.205384654744465,0.523294714414266
"TIAL1","Training_Young",0.204835825671953,0.141894388626932,0.415986059824003,0.670335309008413
"SET","Training_Young",-0.217198355956214,0.161214964431253,0.443552166537296,0.672743864236059
"AMPD3","Training_Young",-0.26125225652796,0.26955785435121,0.581139087021787,0.709997055867984
"FABP5","Training_Young",-0.229555130937964,0.0734910490335045,0.29536937871592,0.549209827628696
"ANK2","Training_Young",-0.107995600131645,0.431160171417227,0.703102156958116,0.913150960408281
"CAP1","Training_Young",0.058077011905123,0.68031613812026,0.855277824359323,0.97787724788151
"EWSR1","Training_Young",0.0772424649675401,0.524285071666832,0.767442354208692,0.951346449767423
"TAGLN","Training_Young",-0.0564920184188011,0.827385766729896,0.926858088850931,0.989352741169359
"OGDH","Training_Young",0.0674710163774108,0.370415778582268,0.66662154672939,0.93518824813248
"COX6A2","Training_Young",-0.384317021679358,0.104872116934377,0.352716552906105,0.420361546691765
"ALDH6A1","Training_Young",-0.203433072736246,0.202650833343954,0.501143590222342,0.722719371616194
"BDH1","Training_Young",-0.309294529807794,0.0939455524355569,0.336722495328004,0.481189602780136
"COL7A1","Training_Young",0.176515769326624,0.317501393537882,0.632595193570264,0.816676854856566
"RPL18A","Training_Young",-0.154345839391492,0.418061077965269,0.695214517650096,0.87405734992507
"CACNB1","Training_Young",-0.0523234247838822,0.530846334230129,0.769342052808462,0.967407448474147
"MAP2K1","Training_Young",0.0924945096723206,0.204029387629025,0.502778162715369,0.863277391337878
"FKBP4","Training_Young",0.11774912751801,0.257274383389295,0.566745166177605,0.852265106145605
"RPL6","Training_Young",0.180555742655766,0.326549220629194,0.641876082386538,0.817034956081693
"AKAP12","Training_Young",0.228613360531266,0.166554512182881,0.446952666600692,0.663800221912958
"SLC25A11","Training_Young",0.0119165107689305,0.926081999185943,0.968951897605203,0.999085319966866
"CAV1","Training_Young",-0.296516209951424,0.00390283306422947,0.0561141208547307,0.193110157988076
"ACY1","Training_Young",0.241484947598888,0.0337640538051304,0.181979592559959,0.441208562581394
"LMNB2","Training_Young",-0.545590671487442,0.00742234687743744,0.0787968340220884,0.0688949150522662
"UBXN1","Training_Young",-0.0676531905312956,0.461324572258773,0.716948736163425,0.949006033742142
"GBE1","Training_Young",0.411897629451964,0.00110363753474741,0.028290806073647,0.0605267325811356
"EIF4G1","Training_Young",0.00869973040029492,0.878404265387777,0.950286034917708,0.998872730134034
"PRKCQ","Training_Young",0.143806648308615,0.371317741484069,0.667102472307276,0.867214580837492
"GLO1","Training_Young",-0.197017595437064,0.0229480800723121,0.14645637389384,0.475377025484419
"AKR1C1","Training_Young",0.452575766477661,0.00323045332798916,0.0502993547809868,0.074602435572151
"SSBP1","Training_Young",0.242165188045867,0.0119166023980011,0.0982301891788168,0.342066934846054
"YWHAH","Training_Young",0.243659727800534,0.000731701713504697,0.0231610392584564,0.172172780648969
"PLP2","Training_Young",-0.31780216542772,0.379719745911087,0.67539906613921,0.735110267091278
"UBE3A","Training_Young",0.0512642702745367,0.679598923729407,0.855277824359323,0.980393800131635
"SRSF11","Training_Young",-0.287385108391504,0.193711999181999,0.486843022154769,0.623935074485092
"EEF1A2","Training_Young",0.141427334601286,0.251970533658431,0.561061506091126,0.82287618137652
"CALD1","Training_Young",-0.0892653564717207,0.762780600758585,0.897579414853557,0.976118090991566
"COL14A1","Training_Young",0.319435806603959,0.473673865873942,0.726760924136516,0.787655859297471
"PTPN11","Training_Young",0.0184608843023248,0.873696549417061,0.948556237659908,0.997510475524923
"PSME1","Training_Young",0.373734813831234,3.3072536022583e-05,0.00420567899030732,0.0211577275100006
"CACNG1","Training_Young",-0.303075910857395,0.0784830108658845,0.303814528250625,0.462416290136668
"ZNF33A","Training_Young",-0.172334043876688,0.658386283772905,0.841081765433012,0.930503600310744
"PRDX1","Training_Young",0.0323423387340256,0.739208130584175,0.886880987721425,0.990274530487271
"RPL18","Training_Young",0.116656619013693,0.530627526625485,0.769342052808462,0.928741614718759
"C1QBP","Training_Young",-0.0898828039737296,0.385706364347975,0.677156966548185,0.91793430693164
"CKAP4","Training_Young",0.253108720058002,0.329919158664533,0.643148123860975,0.755274370996384
"DPT","Training_Young",-0.0293927131715357,0.949174349032556,0.981389317101049,0.998467969170758
"KLC1","Training_Young",0.112384579574137,0.522194236886023,0.766790947213031,0.929584077673598
"SRSF1","Training_Young",-0.240179335155144,0.299001860715189,0.609214221452842,0.74828614444375
"ARHGAP1","Training_Young",0.3878538289243,0.00487632832246541,0.0644656737976244,0.126858039160308
"ACTN3","Training_Young",-1.00504822972767,0.0765888332570029,0.302241756093667,0.075601857227804
"PPP3CA","Training_Young",-0.102065823492229,0.253541521305188,0.563962198712704,0.869308207101398
"DHX9","Training_Young",0.111407899049254,0.339211848915994,0.64837525855797,0.886524540551337
"CRYZ","Training_Young",0.0477337595527061,0.653619267834681,0.841081765433012,0.979906775572026
"SLC20A2","Training_Young",-1.04328396921024,0.0196770206481145,0.133422894846247,0.0166002691667505
"PUDP","Training_Young",-0.171613171578311,0.205073744160812,0.504759965135863,0.761929349980958
"CD47","Training_Young",0.0454360470856763,0.71376204511711,0.871776768643907,0.984795482407062
"PPID","Training_Young",-0.276768323355238,0.344271593833406,0.653121742091896,0.74443866022822
"AHNAK","Training_Young",0.13837052689097,0.283771425543866,0.594833830754335,0.840053577212468
"LMOD3","Training_Young",0.437057430842902,0.13817248066123,0.410593585403125,0.421031755700644
"HSPA14","Training_Young",-0.0814163639501366,0.652740891426746,0.841081765433012,0.965865983780328
"SCRN3","Training_Young",-0.226821286257493,0.218197153102498,0.524171903795944,0.708005934390455
"NEXN","Training_Young",-0.0613721036531345,0.78143437921885,0.906343901774687,0.984978131231784
"AP1B1","Training_Young",0.251651664687069,0.0633013325648295,0.269351014273829,0.499313776820335
"BST2","Training_Young",-0.373087346004663,0.00172365028830407,0.0373516794434552,0.0931009580726605
"PMPCA","Training_Young",-0.099180966274325,0.675228458157952,0.852308456772914,0.961799970404617
"ASPH","Training_Young",0.145361583151264,0.460145793584255,0.716879296938917,0.893301266740672
"EFEMP1","Training_Young",-0.497876472485114,0.100934206020466,0.350105117252508,0.319252375504666
"STX4","Training_Young",-0.180258842212679,0.47453817960396,0.727555983608697,0.874268868609685
"GRSF1","Training_Young",0.160336997965771,0.327961423636129,0.641876082386538,0.836312282946659
"AIMP1","Training_Young",0.194389246793616,0.00926765823350803,0.085441305293131,0.402532389656863
"ILF3","Training_Young",0.187958954804877,0.369595862828384,0.665715941444098,0.8293740404479
"TRAP1","Training_Young",0.024580235549184,0.828278100658217,0.926858088850931,0.995379635382909
"ANK3","Training_Young",0.0239196469236092,0.832594525697718,0.92970040074946,0.995627305098922
"HSPB3","Training_Young",0.296032505880188,0.0462061972096082,0.224827376237492,0.402446228891089
"ECH1","Training_Young",0.160792043413352,0.158648241140406,0.439449808235796,0.743766052124678
"STRN3","Training_Young",0.0381224261463231,0.676920652771717,0.853394856551545,0.985234675368554
"COASY","Training_Young",-0.183370192861542,0.160304369364074,0.441624881262495,0.71484301407554
"TRDN","Training_Young",0.044066004682044,0.810201123215288,0.919569525377179,0.990768183601279
"ACACA","Training_Young",0.287087389389399,0.0270658993446049,0.15891765481106,0.354787456580404
"GPS1","Training_Young",0.0706776007299545,0.297563180663165,0.6087443074394,0.91789676729258
"MTAP","Training_Young",-0.276484541739833,0.0951833415877408,0.33796517570512,0.521900714763007
"PRKAA1","Training_Young",0.11658802871758,0.0932819186793733,0.335177082160757,0.758386717133189
"TARDBP","Training_Young",0.139282113625082,0.102115155774898,0.350952368867341,0.727752974581188
"PAK1","Training_Young",0.544458748089546,0.158183872124597,0.439237119162355,0.366418046678587
"AIMP2","Training_Young",0.146924065022709,0.0258814397542549,0.154006254742287,0.584560962186692
"PRDX4","Training_Young",0.0736347125569843,0.603873285155795,0.815304513190492,0.963540576244067
"PAK2","Training_Young",0.18318200428255,0.0594506874097344,0.257130339372967,0.59627637211436
"CBX3","Training_Young",0.0466846572922925,0.821643060789779,0.926858088850931,0.990870762770956
"PSMD2","Training_Young",0.0878035137697815,0.206280559932263,0.506544085254224,0.870576680891572
"MYBPH","Training_Young",1.10652955402938,0.0121411079148495,0.0987645764677907,0.00758883678461348
"SELENBP1","Training_Young",-0.172832055865697,0.11681497237193,0.378927580132403,0.689975786966846
"TRIM28","Training_Young",0.0227505340937064,0.839788905454144,0.933851306579904,0.996035528673048
"G3BP1","Training_Young",-0.131762607523687,0.540184873739285,0.774535200954965,0.922059807783228
"PABPC4","Training_Young",-0.166598923621184,0.387608190876694,0.677156966548185,0.853938723324098
"SGCG","Training_Young",-0.173195187748682,0.0321407830508354,0.175480327202223,0.551352517773254
"EIF3I","Training_Young",0.135343659464549,0.1659709304461,0.446697689881821,0.784217050447242
"CTBP1","Training_Young",-0.112203074271733,0.230219704990423,0.54046949700691,0.848067512620042
"UBE2V1","Training_Young",-0.0471780349426609,0.634271952197236,0.831196785236029,0.978749936671688
"DYNC1I2","Training_Young",0.364190266189762,4.8302054160364e-05,0.00564060654694918,0.0268004621542533
"ILK","Training_Young",0.00486609524312698,0.943319740270499,0.980157238778344,0.999716103713345
"NNT","Training_Young",0.0984737266844924,0.313620648010039,0.629141503238414,0.892090858240353
"SNTA1","Training_Young",-0.0866863593512406,0.454996592760555,0.714587913725779,0.934015258487352
"SNTB2","Training_Young",-0.0272739356628691,0.73300013424583,0.884473470828957,0.991564241758159
"SF3B2","Training_Young",0.0509602609656596,0.687876889465747,0.856678242704008,0.9811140698139
"PDAP1","Training_Young",0.0563552599944472,0.565928667943227,0.795351729791724,0.968426847964992
"TMED1","Training_Young",0.000929838576944064,0.994821320780858,0.997182864446015,0.999995172164184
"FKBP5","Training_Young",-0.164885555513276,0.147609046138103,0.425033171208619,0.729455378991711
"PICALM","Training_Young",0.346845673390671,0.163409902918781,0.445848565712454,0.533493346129661
"MTM1","Training_Young",-0.136224156120711,0.302937766264677,0.614647861668292,0.849860818330839
"SQSTM1","Training_Young",-0.0667453367127138,0.555535612763602,0.788477959506476,0.961525286904764
"MTX1","Training_Young",-0.0504209810396326,0.605231694873193,0.815304513190492,0.974999238071965
"ART3","Training_Young",-0.769667406399471,9.52925514337933e-05,0.00910477014153789,0.00080391981779289
"ASAH1","Training_Young",-0.0790940508228211,0.521165469016472,0.766446763357804,0.949761271451061
"PIN1","Training_Young",0.00914070847904824,0.938401833048208,0.977412310872783,0.999419029747243
"CAMK2B","Training_Young",0.0532136013098174,0.622910544052462,0.824639150741816,0.97512580675623
"CAMK2G","Training_Young",0.019211262591643,0.824984327867831,0.926858088850931,0.996310750170616
"CAMK2D","Training_Young",0.406787607296458,0.00593521614920257,0.0719836099996681,0.124240038560201
"DCTN2","Training_Young",0.216228336147346,0.000299556626385306,0.0149920959205218,0.173027407950139
"NAE1","Training_Young",-0.272014010780055,0.0161726493721616,0.118347416740787,0.325659222848866
"STIM1","Training_Young",0.0876996277972744,0.339613382663765,0.648380863178233,0.909635793400942
"CUL1","Training_Young",0.0767177207216037,0.43718008510594,0.705095391824353,0.938495690344436
"CUL2","Training_Young",0.0593904292563501,0.602076754581424,0.815304513190492,0.970316528733698
"CUL3","Training_Young",0.122918027124818,0.171825855107492,0.454543954743395,0.805338736873508
"CUL4A","Training_Young",-0.0339796899901543,0.631572611082866,0.829210261396743,0.984506176682689
"FHL1","Training_Young",0.186310877375607,0.0405724624847685,0.2040270721124,0.550425271042547
"FHL3","Training_Young",-0.149266913427912,0.25733359414796,0.566745166177605,0.816594837473089
"ITGA7","Training_Young",-0.112089503140023,0.260944946861026,0.571360706564455,0.860203598705327
"AAMP","Training_Young",0.21057563679793,0.398405595019068,0.68266251303517,0.823831270567445
"CACNA1S","Training_Young",-0.103437457082677,0.330753150282452,0.643148123860975,0.89186416530236
"MOGS","Training_Young",-0.288346433736589,0.35123793985392,0.655685745624281,0.739564046995384
"SPTAN1","Training_Young",0.231042240181242,0.0473351264829891,0.228528558793453,0.494209896321704
"AUH","Training_Young",-0.0087605377082518,0.948112313546585,0.981389317101049,0.999533327243718
"DDX39B","Training_Young",-0.106662697979271,0.396571613061895,0.682155098736581,0.906057794234892
"BLMH","Training_Young",-0.406721473832555,0.00628202510690973,0.0746034846029618,0.127186158925187
"SNTB1","Training_Young",-0.158586909997418,0.189427082800035,0.481386053483604,0.768089398381373
"TUBB2A","Training_Young",0.287433060323366,0.00141142805458082,0.032504407547044,0.151606454116783
"IDI1","Training_Young",-0.11701853520287,0.388180930388651,0.677156966548185,0.895177965556498
"PRKG1","Training_Young",-0.0224694415647591,0.871875081356058,0.948556237659908,0.996923975313398
"COX17","Training_Young",-0.0735497514387369,0.617480519850558,0.820963980218768,0.965162396038614
"HNRNPD","Training_Young",-0.126738039113924,0.139803949749629,0.412156945825696,0.779300239175894
"SCARB2","Training_Young",0.29618304735456,0.0217751405229024,0.142147035338947,0.321908329370834
"NID2","Training_Young",-0.566192355810525,0.0616704811810825,0.265040656834879,0.20651473153551
"IL18","Training_Young",0.562138148822186,0.0769057206310385,0.302241756093667,0.236458459319005
"DAG1","Training_Young",-0.13047011226438,0.118186365607273,0.38044064396093,0.756828994323204
"EIF3A","Training_Young",-0.123948479218441,0.103945760550224,0.351276509126319,0.755326454663167
"UBAP2L","Training_Young",-0.121146139627488,0.60291245520269,0.815304513190492,0.940542991024306
"MLEC","Training_Young",-0.0385638642061785,0.658088290837512,0.841081765433012,0.983993739157424
"DPYSL3","Training_Young",-0.0652772672196775,0.652967155911117,0.841081765433012,0.972560467242257
"DCTN1","Training_Young",0.295034955763931,0.000544498904675469,0.0201401080300865,0.108894268625921
"DYNC1H1","Training_Young",0.408929462160128,1.30274831134632e-06,0.000684594237612494,0.00392096600767617
"EIF2B1","Training_Young",0.280961361528949,0.0288375569313682,0.164718871385152,0.369239227330727
"EIF4A2","Training_Young",-0.0474628310438199,0.65110910812506,0.841081765433012,0.979840712305347
"CTTN","Training_Young",0.364532908358608,0.266894942360846,0.577768454008751,0.617848756865905
"ENDOG","Training_Young",0.159475521661403,0.369364455071918,0.665715941444098,0.853138765942656
"FLOT2","Training_Young",-0.0396363902543122,0.750559442643551,0.890712890188601,0.988691305292486
"TRIM25","Training_Young",-0.172121797015961,0.33744796714217,0.64837525855797,0.829457444555049
"FLNC","Training_Young",0.513845600790436,0.00359694945291613,0.053622608156239,0.0554788704055359
"MYBPC2","Training_Young",-0.270557560043873,0.40054234698832,0.68283861587141,0.780716810896563
"GAMT","Training_Young",-0.123842512787551,0.203332061233184,0.502237359238721,0.820968465812443
"CAPRIN1","Training_Young",-0.568691182832399,0.0345329656996286,0.184703037915062,0.147470955663771
"PRPSAP1","Training_Young",0.0457248061205124,0.831888010108178,0.929627111774263,0.991619324076544
"CLINT1","Training_Young",-0.0798897005432977,0.610948396991639,0.816616714397912,0.961399663876984
"GANAB","Training_Young",0.225585120482517,0.00223851772586861,0.0420121808908556,0.252458808746593
"SSPN","Training_Young",-0.099597837082829,0.283173745929541,0.594666469651368,0.881912833703674
"MVP","Training_Young",0.200364213611969,0.569536851073364,0.797604723332751,0.893337003726308
"LASP1","Training_Young",-0.243165212644893,0.337509888858877,0.64837525855797,0.767884120982154
"PTGR1","Training_Young",0.173181561389498,0.455541296095406,0.714587913725779,0.872696638461121
"KPNB1","Training_Young",0.248837545667758,0.000359372552679294,0.0162464487522899,0.138960141564913
"NUMA1","Training_Young",-0.106260508163608,0.311845025990113,0.628473868294552,0.883538913901594
"PSME4","Training_Young",0.41647916119399,0.0337464002156096,0.181979592559959,0.243802078628555
"SLMAP","Training_Young",0.285198491613468,0.0120639596175209,0.0987645764677907,0.283689855538788
"EMC2","Training_Young",-0.00724606522982896,0.96237151882736,0.98583093264051,0.999722117895543
"PSMD6","Training_Young",0.146620162489544,0.189830593136303,0.481386053483604,0.783779564060658
"ABRAXAS2","Training_Young",0.0296243235513529,0.721422903456173,0.876278719331347,0.990373411802662
"SEPTIN2","Training_Young",0.118050895688299,0.121478259170463,0.385191639617681,0.779694076787964
"KARS1","Training_Young",0.0202312641466449,0.740139849900673,0.886919116732971,0.993930580200958
"EIF4H","Training_Young",-0.26400133956253,0.00331079591987032,0.0511100465231712,0.22144140810386
"EEA1","Training_Young",0.291946276916022,0.0213657700992165,0.139931026188218,0.325362539811106
"PDIA6","Training_Young",-0.0713546646520093,0.408112090782635,0.689746693657078,0.938052832132343
"PAFAH1B3","Training_Young",-0.00034489581442898,0.998523896011478,0.999474871150537,0.999999490521928
"PLCL1","Training_Young",-0.0249942102446319,0.934252953200057,0.973624049393416,0.998301636364933
"PDK1","Training_Young",-0.0686728288483245,0.648434201306266,0.840550181206378,0.970689428941222
"PDK2","Training_Young",-0.249660566306797,0.325677330654437,0.6409866564004,0.755722336753479
"PEA15","Training_Young",-0.386634428325543,0.351080328582192,0.655685745624281,0.667173058546109
"PGM5","Training_Young",-0.222329582491998,0.115565486401166,0.377202876421198,0.618926352260047
"PLEC","Training_Young",0.237892040317373,0.095025084538553,0.33796517570512,0.571262688239039
"PPP2R5A","Training_Young",-0.272080062171327,0.134121347001322,0.405061884190775,0.578908033284484
"PPA1","Training_Young",0.0585608988043482,0.524916587588572,0.767832057836589,0.96295997490453
"PTGES3","Training_Young",-0.0771876139375678,0.401970342957406,0.684163288175277,0.932070322826366
"STK38","Training_Young",-0.285822517973379,0.215012217743544,0.519236704598335,0.644470337851357
"NECTIN1","Training_Young",2.54230951223745,0.0308649438769721,0.171635217008982,0.000144462042447185
"NONO","Training_Young",-0.106297419424141,0.25748888377717,0.566745166177605,0.865695475061605
"PTPA","Training_Young",-0.220875156413666,0.235977263561097,0.546884463071033,0.726913272594242
"RABEP1","Training_Young",0.437164821647983,0.00737928309765403,0.0787505432066557,0.116942075019758
"RAB35","Training_Young",0.052846188381805,0.759726497434947,0.895148597314047,0.985582972606558
"TMED2","Training_Young",-0.0249618320870297,0.826966568013852,0.926858088850931,0.995268704309317
"PCBP1","Training_Young",-0.0641690490263365,0.348788833938429,0.65383486130761,0.934644974863496
"PCBP2","Training_Young",-0.0383531134113468,0.587870955755489,0.808709085364592,0.979831160053786
"ELOC","Training_Young",-0.0113545989315398,0.873629688250366,0.948556237659908,0.998467184513679
"ELOB","Training_Young",-0.0413480836169846,0.608260599362975,0.815304513190492,0.979653562810688
"UBE3C","Training_Young",0.650015795742757,0.0273119156962192,0.159471241092924,0.0962951041283203
"DHCR24","Training_Young",-0.576655360441659,0.090283458763327,0.330044922296545,0.249888266051702
"RSU1","Training_Young",-0.131883000217435,0.175784379599695,0.459528320241162,0.795107287873516
"PPP1R7","Training_Young",-0.0968517495526413,0.313972139342101,0.629141503238414,0.893867246606514
"SEC23A","Training_Young",0.204414114406369,0.0206673824617225,0.137477335235888,0.452502072479353
"MAPRE2","Training_Young",-0.0419173304894684,0.619753310943871,0.822425163891424,0.980145090962139
"TGFBI","Training_Young",-0.786325903897312,0.0224261745203191,0.144158467405843,0.0504842710655046
"TSN","Training_Young",-0.259927393453705,0.0220599144909597,0.143117099567893,0.37107120933438
"SF1","Training_Young",-0.314553938891896,0.247000978505853,0.555884429142722,0.644126216574557
"TRIP10","Training_Young",0.113967561798248,0.119358890225514,0.382457907399436,0.784858541862467
"MAPRE1","Training_Young",0.134168243679085,0.323090937619329,0.639488842632608,0.859343837797124
"TSC22D1","Training_Young",0.0334601249825717,0.954483141197337,0.985424146756779,0.998442464312311
"ELAVL1","Training_Young",-0.187812683501321,0.409626172703093,0.690503914762526,0.845671107990108
"MYLK","Training_Young",-0.764142564725137,0.00092533010933129,0.0264310310597,0.00480638078839455
"SPEG","Training_Young",0.128525288226605,0.330451766300878,0.643148123860975,0.867347691780143
"TBCE","Training_Young",0.146491177808725,0.415075620150607,0.694100654819883,0.87914195751254
"UBE2V2","Training_Young",-0.188895145767287,0.00392425107785224,0.0561141208547307,0.351133558166382
"NEDD8","Training_Young",-0.00573779342118641,0.958792264204904,0.985598718336971,0.999758577953348
"ADIRF","Training_Young",NA,NA,NA,NA
"ADIPOQ","Training_Young",0.149054901011723,0.184645735093067,0.474680698231623,0.777399530721823
"RAB11B","Training_Young",0.0251885831177745,0.642854527750973,0.838661370996431,0.988932457452261
"ZYX","Training_Young",0.0299810364772952,0.691508009484504,0.856678242704008,0.989001509490831
"HSPB2","Training_Young",0.347084845409842,0.00656554333576585,0.0758284180867023,0.174746195280573
"ETFDH","Training_Young",0.0878276977573442,0.417062962141008,0.695214517650096,0.926068651278653
"SEPTIN7","Training_Young",0.179698819908044,0.0663052072351864,0.275536290266952,0.614092086682722
"ADRM1","Training_Young",-0.024846919985773,0.829482523682175,0.927432055734007,0.995365560164194
"DDB1","Training_Young",0.163100307659306,0.0039085513107729,0.0561141208547307,0.404815412521573
"CDC37","Training_Young",-0.0354787966457764,0.596510105075583,0.812288361186491,0.981836537700635
"DPYSL2","Training_Young",0.0683307240355191,0.38043410766357,0.67539906613921,0.936095571518433
"SYPL1","Training_Young",-0.360586430541154,0.00215711685323404,0.0415987121605318,0.109302733710311
"RBBP7","Training_Young",-0.215929053957641,0.429286697886292,0.702201973015108,0.833104538343099
"SGCB","Training_Young",-0.108660583905532,0.146657039567791,0.425033171208619,0.811726992428093
"SGCA","Training_Young",-0.117641097444615,0.147825529621113,0.425074231550725,0.798598358901973
"FXN","Training_Young",-0.146208122949908,0.216777423757116,0.521954346778302,0.799686677141199
"FSCN1","Training_Young",0.706915668807515,0.00016670809022645,0.0130967330634395,0.00213423371891966
"DECR1","Training_Young",0.0793320928775145,0.449772956069026,0.711379047146043,0.938579869520012
"NDUFA5","Training_Young",-0.288830775067357,0.0118662587078173,0.0982002984402836,0.277844987312623
"CLPP","Training_Young",0.169818898034475,0.38557048076903,0.677156966548185,0.850574971935867
"TST","Training_Young",-0.0230220813195103,0.841466503480971,0.934863948370508,0.996034065085755
"KYAT1","Training_Young",-0.371577936613512,0.0248994011699868,0.152146922265442,0.253547411803077
"GUK1","Training_Young",-0.236238609826918,0.446576097479147,0.710060873304872,0.826593133973994
"HAGH","Training_Young",-0.224072639015191,0.00656279069549136,0.0758284180867023,0.32424200143244
"NDUFA9","Training_Young",-0.340730297097295,0.00746174365805073,0.0788170109006163,0.18845699071344
"PHKG1","Training_Young",0.163822219744585,0.0276716556199074,0.160679061085761,0.555610876807795
"PPP1R3A","Training_Young",0.0561046669035186,0.578945373828918,0.804324637004882,0.969801521059274
"HADH","Training_Young",-0.151303523761701,0.0593138143750607,0.257130339372967,0.652190033121745
"UGP2","Training_Young",0.139154253887156,0.0866267699935996,0.321145450664103,0.711491594255214
"TXNRD1","Training_Young",-0.0810412219055081,0.272249951544423,0.584695794742557,0.899930769462037
"IMMT","Training_Young",-0.116693465747655,0.127461493217417,0.394758748088918,0.7863277006538
"IAH1","Training_Young",0.0234237473260386,0.792795730969229,0.91112992154036,0.994576010824067
"KLHL40","Training_Young",0.386862277532746,0.103649745497817,0.351225083019429,0.41606433267493
"TKFC","Training_Young",-0.0426427680708095,0.859720647272429,0.94317995854209,0.993575367420108
"TIMM50","Training_Young",0.104311106934837,0.335295611048118,0.647786189727155,0.892271159417181
"NADK2","Training_Young",0.18485729834692,0.239181727340928,0.552514484920146,0.767632469192027
"FAM98B","Training_Young",-0.204327410843071,0.0549388764140485,0.247814416786116,0.552742548649961
"HIKESHI","Training_Young",0.0240807413303443,0.789630036572369,0.909311429573576,0.994328495662537
"PDLIM3","Training_Young",0.159720436437905,0.228308659305049,0.53800986755517,0.78984689491631
"HSD17B12","Training_Young",0.114768008935865,0.403137764530685,0.685595130294093,0.90098732588902
"AGK","Training_Young",0.08742824213342,0.592284400969106,0.810717506788571,0.955240491793004
"LACTB2","Training_Young",0.0688004531160331,0.57853227432902,0.804324637004882,0.963048215004315
"DCAF6","Training_Young",-0.0371276974064507,0.651414643582081,0.841081765433012,0.984212685213391
"CAVIN4","Training_Young",0.0484189008324982,0.663320047454646,0.842985936970778,0.980320376039761
"FLG2","Training_Young",-0.176719923770214,0.659757009959549,0.841350576493017,0.92914085470428
"RABL3","Training_Young",0.0490591674173917,0.719465471887929,0.875181015231858,0.983977182142057
"COQ5","Training_Young",0.029335840422231,0.8192299998717,0.925301725807569,0.99416778867593
"NOMO2","Training_Young",-0.26626027647141,0.0291498778263668,0.166051607563748,0.390115991933346
"PITRM1","Training_Young",0.0117749063236197,0.949080248719884,0.981389317101049,0.999384810064081
"WDR44","Training_Young",-0.0829161871001638,0.757049130135422,0.893496502832485,0.977186432159544
"COA6","Training_Young",-0.198729293883659,0.113065365150391,0.371930199602696,0.648438597539558
"TOR1AIP1","Training_Young",-0.618379203586191,0.00558841565255936,0.070340417375328,0.0404548113817959
"GNAS","Training_Young",-0.481424194198414,1.82978984814199e-05,0.00341349686670065,0.0052384803828568
"TTC38","Training_Young",0.233486241153685,0.562349994172424,0.793328649496937,0.874238650411611
"C6orf136","Training_Young",-0.12510597733295,0.68973781324109,0.856678242704008,0.954593358863786
"HP1BP3","Training_Young",0.0624435865435018,0.752263812180353,0.890849877860902,0.982381352310577
"IBA57","Training_Young",-0.186500131832151,0.338227071602947,0.64837525855797,0.816953425455246
"UBR4","Training_Young",0.104553151016109,0.437320174034215,0.705095391824353,0.917158630532516
"DCAF8","Training_Young",0.0493042012653753,0.690690299795127,0.856678242704008,0.981919747526737
"DDI2","Training_Young",-0.311393580957098,0.251651571204297,0.560995690878138,0.650748021155665
"MICOS10","Training_Young",-0.309347206182235,0.122833818190854,0.385944223971861,0.522736773166473
"LYRM7","Training_Young",-0.207028179829688,0.126083564051441,0.393196488624634,0.651344816602982
"OBSCN","Training_Young",0.369312094699037,0.0193437806061415,0.132445038547588,0.232915826544772
"MYOM3","Training_Young",-0.191210891178862,0.482869698585798,0.733375799441726,0.870051266544222
"PDE4DIP","Training_Young",0.176163169452209,0.46740536816365,0.723321990664204,0.874605480852442
"BROX","Training_Young",-0.355524192684324,0.066767694771891,0.275728279784901,0.3820365477242
"LYPLAL1","Training_Young",-0.455425135853016,0.188032926459894,0.479666518712011,0.467162396547826
"SYPL2","Training_Young",-0.344078953391886,0.00595868132252248,0.0719836099996681,0.171583686871678
"ECPAS","Training_Young",0.170926301882975,0.00917835904092525,0.084990796052973,0.448521186812479
"MICOS13","Training_Young",0.0133641607160477,0.928437251306957,0.969967744655678,0.9990081700966
"RNF123","Training_Young",-0.011079516715828,0.903517480402853,0.957713427082874,0.998876505802122
"TMEM198","Training_Young",0.136224494206328,0.439131606973604,0.705095391824353,0.893948795144027
"CRYBG3","Training_Young",0.189890660309285,0.64421666492206,0.839518555279708,0.919892232811282
"NXN","Training_Young",0.0293427647143503,0.77832450218745,0.904388116969607,0.992673330432784
"PTRHD1","Training_Young",0.00514355466490812,0.962059995739714,0.98583093264051,0.999801074991039
"ABLIM2","Training_Young",-0.283564347286237,0.275741489279406,0.588565195477252,0.69397903065776
"LAMTOR1","Training_Young",0.390796664420334,0.00607357909648953,0.0725378594364829,0.136074760627667
"DHRS7B","Training_Young",0.0611407217501245,0.651280966693763,0.841081765433012,0.974122702002813
"TWF2","Training_Young",-0.116521730107785,0.420636777420879,0.695646307818288,0.904017881891209
"ETFRF1","Training_Young",-0.0715300271843233,0.692263437170915,0.856678242704008,0.974035102796868
"RAB12","Training_Young",-0.0393723082949364,0.743844031630676,0.888386451413456,0.988416405406083
"DENND5A","Training_Young",-0.294035284727656,0.0861793542385666,0.32061770373357,0.486374712648351
"RCSD1","Training_Young",-0.0118906252738142,0.907696633104099,0.958301518224418,0.998849114450736
"SLC25A24","Training_Young",0.112663290357322,0.214432422648766,0.519236704598335,0.840738590029873
"HIBCH","Training_Young",0.126693092277531,0.439931248414121,0.705095391824353,0.901196131862812
"CAVIN1","Training_Young",0.171139261517435,0.0393928962097402,0.200419450550553,0.574937794532019
"MRPL54","Training_Young",-0.233878287006647,0.390156577779817,0.678292473335045,0.802416151639896
"LPCAT3","Training_Young",-0.23716747418284,0.282270464405884,0.594666469651368,0.740825135958804
"TATDN1","Training_Young",0.0456504295295161,0.763337296391065,0.897579414853557,0.987747540695408
"SFXN4","Training_Young",-0.380972923494692,0.0775405994625457,0.302956022435448,0.377520618124585
"FAHD1","Training_Young",-0.102896226331605,0.356532393080868,0.656613122730278,0.899316738406772
"LMOD2","Training_Young",-0.411570513653047,0.284965588758142,0.594833830754335,0.596497511352095
"SLC27A1","Training_Young",0.0191199170559546,0.916878727389957,0.964121603288489,0.998342148116599
"CCDC137","Training_Young",-1.6337606444272,0.000189055513622653,0.0137032651598213,8.25730284677495e-07
"CORO6","Training_Young",0.310689056656731,0.14103545504566,0.414624512595774,0.544133686526852
"TMEM205","Training_Young",-0.144934003186908,0.147164680707796,0.425033171208619,0.757506638574274
"DHRS11","Training_Young",-0.597574412175469,0.0244210257397453,0.150168003907091,0.10878498622219
"APOOL","Training_Young",-0.0553301194810949,0.552734187869558,0.786537367292341,0.967728201964776
"NAPRT","Training_Young",-0.337766545818059,0.167554091951163,0.446952666600692,0.546947356017447
"HSDL2","Training_Young",-0.176806558577979,0.064628413226226,0.271155538126801,0.616133853329612
"KYAT3","Training_Young",-0.18372903654906,0.420216062853775,0.695646307818288,0.852748555941053
"TRIM72","Training_Young",0.0875420457591822,0.14736945913688,0.425033171208619,0.845669544468125
"UBN2","Training_Young",-0.894109783891352,0.0254121297021949,0.152617990382896,0.0374913958281869
"TOM1L2","Training_Young",0.00391010719561891,0.962342182250406,0.98583093264051,0.999849921044568
"XIRP1","Training_Young",-0.911903229927038,0.000262603293112659,0.0147496530569581,0.000542935523374696
"VPS13C","Training_Young",0.146945334506196,0.320564719258561,0.636890667990881,0.846051151022664
"UBE2R2","Training_Young",0.153604209905129,0.324071854463015,0.640826940810214,0.841070587306187
"SND1","Training_Young",-0.115558653735444,0.385081811979522,0.677156966548185,0.895585520417408
"TRMT10C","Training_Young",0.0605283608879361,0.580103125489262,0.804520835660231,0.967576602096105
"BZW1","Training_Young",-0.00678878967316621,0.970959974217792,0.988836175293508,0.999799954157923
"EIF3M","Training_Young",-0.0626989344016238,0.527268025147951,0.768690187708041,0.960664333977871
"COPS6","Training_Young",0.0399281575219774,0.5821485209511,0.804520835660231,0.978629340935408
"CHMP1B","Training_Young",-0.0542303963832467,0.698548964052697,0.86119126802623,0.980732875253543
"RRM2B","Training_Young",NA,NA,NA,NA
"ERMP1","Training_Young",-0.4207874408498,0.500151943440541,0.747801770572917,0.747112295961114
"MRPL21","Training_Young",0.126952712017793,0.700892707904112,0.862574046846863,0.955883675025872
"DGLUCY","Training_Young",-0.255303094223134,0.0664240501060168,0.275536290266952,0.5004215670093
"MYH14","Training_Young",0.201004942098233,0.121853869631121,0.385191639617681,0.655011894517709
"SZRD1","Training_Young",-0.211514186698707,0.128809890878482,0.396273387348064,0.648248665693057
"MAVS","Training_Young",0.207201844761599,0.0138004105437628,0.107438751714776,0.41170125630162
"COMMD6","Training_Young",0.662935136664302,0.0348667014650717,0.185281558868326,0.108071939719165
"HDDC2","Training_Young",0.20659512939784,0.103551772721199,0.351225083019429,0.625945244252599
"HDGFL2","Training_Young",-0.118420944258965,0.579435166907879,0.804473395535245,0.937421285378575
"DCXR","Training_Young",-0.108861733200104,0.393719992606066,0.679054234026538,0.903506759777892
"SPRED2","Training_Young",-0.0683480238391319,0.813543742117271,0.920962551132824,0.985994999059552
"HUWE1","Training_Young",0.335158435900496,0.0197618920646215,0.133567514854773,0.268430928272618
"GLRX5","Training_Young",-0.245975025722892,0.180921473507198,0.467769910593025,0.65669107248734
"MYPN","Training_Young",0.02847471720915,0.896422402837684,0.955955381175324,0.996891315464495
"SRL","Training_Young",-0.0161778497116494,0.828528234515175,0.926858088850931,0.99696150148419
"PRUNE1","Training_Young",0.380179761230124,0.250415676558123,0.560667752625338,0.590722179891828
"ACOT1","Training_Young",-0.576555041753139,0.00911314247069744,0.0849115917741383,0.0666248724704823
"ISCA2","Training_Young",-0.128704282479934,0.32056628293737,0.636890667990881,0.863792661889483
"MTDH","Training_Young",0.285233817974888,0.0142285592277768,0.109554694127424,0.297316519223014
"KTN1","Training_Young",0.280314679487457,0.0765496191035161,0.302241756093667,0.486578426123003
"NLRX1","Training_Young",-0.0567556521375181,0.655176107260084,0.841081765433012,0.97628649432498
"ALYREF","Training_Young",-0.045930847828302,0.775410481103768,0.903916772096174,0.988384886204666
"MDP1","Training_Young",-0.00581446888717352,0.972873482506586,0.989825779394406,0.999840107717549
"SLC25A42","Training_Young",-0.360936180910919,0.629509144627246,0.829090364665709,0.846160143782424
"NRAP","Training_Young",0.302090602316881,0.176711277719224,0.460852488543187,0.592387122413176
"VPS36","Training_Young",-0.246380057998142,0.138378161868732,0.410593585403125,0.614293860710497
"CAND1","Training_Young",0.0574973732542929,0.587848440309844,0.808709085364592,0.969914305451954
"COMMD7","Training_Young",0.298027180580139,0.21471600785886,0.519236704598335,0.632233403969834
"LDHD","Training_Young",0.0967445699464093,0.707945112829058,0.867942327619699,0.967137614925064
"CARM1","Training_Young",0.087130336309361,0.615111532373908,0.820250508062374,0.958542734425597
"NIT1","Training_Young",-0.0278138462619708,0.828004452958672,0.926858088850931,0.994764259664416
"NDUFA11","Training_Young",-0.068152737569612,0.734002802139729,0.884473470828957,0.979144822518148
"ECHDC2","Training_Young",-0.329723907232378,0.0186021227440488,0.130617312201236,0.268802552359465
"PHYKPL","Training_Young",0.395319344491281,0.0299704498614452,0.168443544408443,0.2499236637689
"MUSTN1","Training_Young",-0.077802374234345,0.801397448653045,0.916007306725775,0.982922196873019
"NAXD","Training_Young",-0.206536583481963,0.0719194044887888,0.291280516831279,0.58062655644296
"MFN1","Training_Young",-0.403436020794981,0.0579216082376717,0.255248240949917,0.316873075739548
"SLC44A2","Training_Young",-0.119279108285063,0.393687623054273,0.679054234026538,0.89476721562121
"HSCB","Training_Young",-0.0429287068919475,0.847540957389288,0.937647943385412,0.99292405338021
"ADHFE1","Training_Young",-0.0844379277113241,0.658581847112186,0.841081765433012,0.965347738871087
"UNC45B","Training_Young",0.234399941358298,0.0135775559322949,0.106096738177264,0.365034147308164
"MSRB3","Training_Young",-1.2052154780928,0.0107515508806449,0.0922439181678183,0.00424129536732006
"KLHDC8B","Training_Young",0.23125775183232,0.314398613930851,0.629396082364428,0.765223852087387
"SUPV3L1","Training_Young",-0.220879982010739,0.491945257147808,0.740737056249779,0.854969423943914
"THNSL1","Training_Young",0.248993836988516,0.537532152413302,0.772548529328324,0.8567860143636
"PM20D2","Training_Young",0.0995774353192296,0.675521355368066,0.852308456772914,0.961691764165272
"MICU2","Training_Young",-0.550443848251554,0.00243916829677562,0.0430851408388433,0.0364605573760737
"ELMOD2","Training_Young",-0.380819085144093,0.352390985054243,0.656109843173409,0.672199824592604
"ALDH16A1","Training_Young",-0.26333005356134,0.52836213549704,0.768827230428054,0.845355896434084
"FAM185A","Training_Young",-0.872094530065613,0.0182192549514853,0.129245337523683,0.0304101290084181
"ADSS1","Training_Young",-0.062958237713346,0.409024038262984,0.690503914762526,0.945271122582556
"NDUFAF2","Training_Young",-0.239998171918629,0.186513319903196,0.476963242985652,0.668300364211625
"LRRC47","Training_Young",-0.0622694464676492,0.425231892529062,0.699951008689184,0.948144949352288
"GPD1L","Training_Young",-0.0705291707200857,0.232257612541955,0.541423784805051,0.9021575476727
"EHBP1L1","Training_Young",0.341964636882118,0.00120925934696961,0.0295565482247688,0.100536745882746
"CMYA5","Training_Young",-0.0411373293735799,0.664410430211443,0.843351886657279,0.983321442130167
"TXLNB","Training_Young",0.0463087097815738,0.537818427137623,0.772548529328324,0.971686313941728
"SYNPO","Training_Young",-0.214695671375015,0.24116193676343,0.552514484920146,0.736858953865632
"TOMM5","Training_Young",-0.143128675927446,0.397423170841012,0.68250286365017,0.876277456227988
"CHCHD4","Training_Young",0.211167295243168,0.215411567298462,0.519260452363952,0.7231164185605
"CBR4","Training_Young",0.0201422465776311,0.897088948747331,0.955955381175324,0.99781493752988
"MMGT1","Training_Young",0.228316059324518,0.167412095708354,0.446952666600692,0.664933277753378
"SMIM20","Training_Young",-0.133045348580744,0.408204037540155,0.689746693657078,0.887623995557358
"CISD2","Training_Young",0.0989799903453523,0.530815596002844,0.769342052808462,0.939236426583965
"ATPAF2","Training_Young",-0.345954538892059,0.074035579375342,0.296835098226024,0.406328984093788
"JAGN1","Training_Young",-0.134637366027398,0.398628639763578,0.68266251303517,0.883530598493771
"MRPL50","Training_Young",0.0191300396704577,0.938960044707878,0.977412310872783,0.998795870662036
"EMC1","Training_Young",-0.129661653924266,0.43440228395201,0.705095391824353,0.897529001748501
"PTGR2","Training_Young",-0.318930767212308,0.00674163364604596,0.0774185183175559,0.20301419387957
"SMYD1","Training_Young",-0.0678169399467308,0.683835916980544,0.856678242704008,0.974556322662609
"NHLRC2","Training_Young",0.301240766183899,0.0101393607615125,0.089776863432499,0.25080090428485
"RDH13","Training_Young",0.0899987910812072,0.649029003102693,0.840550181206378,0.961842574090572
"TXNDC5","Training_Young",0.307204490176716,0.00259446644834465,0.0437897930117463,0.160540256406035
"ATAD1","Training_Young",-0.0342347130748273,0.737502105040094,0.885908747792401,0.989630139260584
"SCCPDH","Training_Young",0.0681651561634737,0.346616069492403,0.65383486130761,0.930322906466153
"SERBP1","Training_Young",-0.219304837907043,0.0771964383107495,0.302241756093667,0.570222957338573
"FAM98A","Training_Young",0.336499607159102,0.054934127821726,0.247814416786116,0.376666855668073
"PDPR","Training_Young",-0.303144086560366,0.0950596635209405,0.33796517570512,0.489988191251323
"NAXE","Training_Young",-0.023727402554897,0.706855157657041,0.867879405020502,0.991802051987564
"NPEPL1","Training_Young",0.121365691252532,0.446441869382305,0.710060873304872,0.906762345481877
"ADPRHL1","Training_Young",0.0967707010195866,0.361739876620155,0.659314639541508,0.906286912979937
"CHDH","Training_Young",-0.459271147603888,0.0705102055405925,0.287791169021991,0.295825335283947
"ABCF1","Training_Young",-0.0168412754332117,0.883774611319633,0.950878607673966,0.997921369652519
"MCU","Training_Young",-0.269823036061094,0.0617688290929506,0.265040656834879,0.471760657218666
"TOR1AIP2","Training_Young",0.0438714023573894,0.89887086064042,0.955955381175324,0.995333532788001
"ABHD11","Training_Young",0.122156727667107,0.521417160609733,0.766446763357804,0.923532714585294
"ATL2","Training_Young",-0.245018949286987,0.164869961653622,0.446570623683207,0.642961312612454
"PPTC7","Training_Young",-0.108789011997235,0.640515403115249,0.836250544936804,0.95269205616352
"COQ8A","Training_Young",-0.104105976345704,0.226197587041214,0.535436180135847,0.856639980544499
"NPLOC4","Training_Young",0.0753966415506468,0.339010162838322,0.64837525855797,0.921678839242536
"SPATA20","Training_Young",-0.201704895687659,0.623383259052686,0.824639150741816,0.909077912343608
"NUBPL","Training_Young",-0.289135964527947,0.27305362955664,0.585672172783732,0.687066871199537
"DEPTOR","Training_Young",-0.0479655683953517,0.735656730161206,0.885159056145127,0.985382853213807
"RDH11","Training_Young",0.275908181505596,0.29178928220038,0.603088565570499,0.711882395476572
"LRRC20","Training_Young",-0.330496328943287,0.000560798303382687,0.0203241040294898,0.0842349935046829
"NT5C","Training_Young",-0.238252669149471,0.0980590404715336,0.345259804139302,0.575068048316984
"PNPT1","Training_Young",0.11590619559739,0.287930885027005,0.599238336957194,0.865621746442706
"SPPL2A","Training_Young",-0.0973044262225393,0.551391210357261,0.786166810630997,0.943719432693924
"PREX1","Training_Young",-0.588610314177341,0.00683417274005959,0.0774185183175559,0.0531463958303404
"NEK9","Training_Young",0.488470131129795,0.0115898161514242,0.0970033278455721,0.11333373903506
"GPT2","Training_Young",1.8669173782494,0.0176052842943757,0.126301391081153,0.000530591768935535
"MYOZ3","Training_Young",0.0407441672416908,0.861505583411588,0.944645141539466,0.99394452327724
"NEK7","Training_Young",-0.136889890406049,0.17563923326924,0.459528320241162,0.788127214806784
"DTD1","Training_Young",0.0815864410842622,0.611707415664723,0.816905328924554,0.960693525580937
"UTP15","Training_Young",-1.12563431828354,0.00458530288315119,0.0617840170537424,0.00233107150125504
"SETD7","Training_Young",0.139879634718262,0.130338938523794,0.397356344446422,0.751998370489181
"NUP133","Training_Young",-0.068690233997355,0.812942012126953,0.920962551132824,0.985875265261537
"PDCD6IP","Training_Young",0.0603730580185555,0.354453934577658,0.656109843173409,0.9393026503833
"THEM6","Training_Young",-0.132825893514799,0.395757723980005,0.681312641937731,0.884154578697528
"SMIM4","Training_Young",0.087862268898796,0.556206669654628,0.788897719037806,0.949764371405473
"NUDCD2","Training_Young",-0.00231466075419817,0.98423584975323,0.995065803846013,0.99996322135132
"SCFD1","Training_Young",0.111464340800396,0.431048621032483,0.703102156958116,0.91046385776673
"PCNP","Training_Young",-0.125098998861155,0.572598090393752,0.799735007314065,0.932625453826904
"DNAJA4","Training_Young",0.457202047701045,0.00781788537655725,0.0809516998104598,0.108821852071429
"SPRYD4","Training_Young",0.208704108384865,0.165687608585053,0.446574717537864,0.687167516851622
"RTN4IP1","Training_Young",0.257554292924397,0.242490471172629,0.552514484920146,0.694265321304015
"PALLD","Training_Young",0.040856991875966,0.83661358896638,0.93094852514946,0.992737897019705
"SYNE2","Training_Young",-0.388276570720343,0.00369668381870291,0.0543386670413533,0.113668074438835
"THAP4","Training_Young",0.148679904996158,0.242631888909037,0.552514484920146,0.810128870037673
"IFT81","Training_Young",-1.46202803360083,2.66869885361457e-05,0.0040068607073556,2.0564670373286e-07
"TTN","Training_Young",-0.100189606151542,0.714527708766906,0.87220513578864,0.966883677261208
"DDX1","Training_Young",0.236886130698498,0.00570101399338198,0.0706876747393385,0.294046610437137
"HSD17B8","Training_Young",0.0211555883361321,0.874451290172516,0.948556237659908,0.997165817960082
"CPT1B","Training_Young",-0.226371753555863,0.0592830573629644,0.257130339372967,0.527504473025202
"PSMF1","Training_Young",0.162754031245029,0.0999540729860586,0.348430284273126,0.687406285037093
"UBXN4","Training_Young",0.0672563135541147,0.65821943046857,0.841081765433012,0.972264173064885
"HSPH1","Training_Young",-0.946925538563335,0.386459162782836,0.677156966548185,0.406460046298168
"MYO18A","Training_Young",0.205412940934895,0.234470100795996,0.544051355193087,0.742348464757723
"GCN1","Training_Young",0.290499075341724,0.0837244939189436,0.314848114921163,0.486507630543225
"SGCD","Training_Young",-0.193970082787029,0.0265652559276595,0.156415036302353,0.494725227575918
"AKAP1","Training_Young",-0.180639773304453,0.347064347481874,0.65383486130761,0.825999466972306
"RABGGTA","Training_Young",-0.0328016053343916,0.753830791643105,0.891199282358721,0.990773508963786
"TFG","Training_Young",0.195941810634316,0.058133553135201,0.255481013232201,0.572663579216549
"ARPC1A","Training_Young",0.0220174212159527,0.828409875511385,0.926858088850931,0.99586385897208
"P3H4","Training_Young",-0.419937705242063,0.0617839780442868,0.265040656834879,0.310629849630935
"DDX17","Training_Young",-0.0150537208594663,0.869211069707097,0.948556237659908,0.997892155189002
"CELF1","Training_Young",-0.267145727546758,0.0905138778269491,0.330312797208762,0.526369741082162
"UFD1","Training_Young",0.0957146196636352,0.504511778910378,0.751736204310561,0.93661355869575
"RPL3L","Training_Young",0.111019362021622,0.63142875726802,0.829210261396743,0.950237439130119
"COPS5","Training_Young",-0.0303988076552315,0.746438073412785,0.88996757249783,0.991149491390686
"KHSRP","Training_Young",-0.137179156319444,0.239566325715691,0.552514484920146,0.821996845658948
"GCDH","Training_Young",0.0199658980312769,0.881540701982397,0.950743230152385,0.99748578357277
"TNPO1","Training_Young",0.164779167490867,0.0832359394196251,0.314114801903145,0.663880215895958
"USP13","Training_Young",-0.100122923374002,0.645444541800698,0.839557194842244,0.957111469201802
"USP9X","Training_Young",0.415707566472481,6.50547599316132e-05,0.00719711080927636,0.0181780977415645
"CUL5","Training_Young",-0.0645913003524363,0.36057571231421,0.659069693290844,0.93623705505085
"LPP","Training_Young",-0.0475687769029953,0.705991847326606,0.867326045049986,0.983575236571152
"ATP2A3","Training_Young",0.0818277896305304,0.618010786412908,0.821149603691487,0.961385724741867
"PHKB","Training_Young",0.128791560863537,0.191408291951459,0.483582006829288,0.808206993185209
"UBE2F","Training_Young",0.224682653724649,0.412422166335041,0.691868630196533,0.81954729197158
"RPL36AL","Training_Young",0.101627662316357,0.504822957126273,0.751736204310561,0.932890607059914
"WBP2","Training_Young",-0.382516877167397,0.000142798695480365,0.0125067857458219,0.0338156020867731
"ERGIC1","Training_Young",0.120431005243464,0.516124496606027,0.761863547658615,0.923435853081124
"MTARC2","Training_Young",-0.0174659424963686,0.873427005627426,0.948556237659908,0.99763911274473
"FAM162A","Training_Young",0.109666275707475,0.2782294794638,0.59166356823131,0.869100024014652
"CCDC47","Training_Young",-0.19470451972018,0.0961660437753055,0.340304754235172,0.633854733964538
"TMEM230","Training_Young",0.11416850638869,0.426080034968416,0.700250378032534,0.907192731492978
"ISOC2","Training_Young",0.126935450508213,0.132401375802046,0.401950416850529,0.773636637441945
"FERMT2","Training_Young",0.006147393819397,0.959280854610335,0.985598718336971,0.999744476976209
"FUBP1","Training_Young",-0.134615787785897,0.159506670583431,0.441161870482068,0.781054694147959
"SLC25A46","Training_Young",0.879833574586279,0.000198494690410648,0.0139078613081061,0.000552885468553869
"TMEM143","Training_Young",-0.491990930798288,0.00142264771376215,0.032504407547044,0.0397511525635013
"PBXIP1","Training_Young",0.0466200792184743,0.589901156466081,0.809910013645789,0.975694170846084
"PTER","Training_Young",0.651766297435524,0.224444364627312,0.53468054615869,0.377636986702058
"ZBTB9","Training_Young",-0.167612504795464,0.451845675502231,0.712512835638176,0.875330440037299
"FAM136A","Training_Young",-0.0388434456413229,0.833350916787317,0.929778995269076,0.992943834579183
"FGGY","Training_Young",-0.329989206637876,0.289035983809681,0.600349444632361,0.663926417940871
"GALM","Training_Young",-0.0917818501104222,0.365430621899801,0.662149478560748,0.911745079636638
"DCPS","Training_Young",-0.190895274096347,0.418505494632737,0.695214517650096,0.846807196304755
"PPP1R14B","Training_Young",0.351016715055639,0.0140864990164752,0.108859635781731,0.223974684994837
"ACSF2","Training_Young",-0.251890471213031,0.0404961695912731,0.2040270721124,0.445882926388076
"ISOC1","Training_Young",-0.488344604099801,0.00718865691999477,0.0787505432066557,0.0898060298713694
"CCDC124","Training_Young",0.233932891354662,0.0639208039764198,0.270571931209648,0.525533533911865
"OPTN","Training_Young",0.0270691276444488,0.843795836936716,0.935967730470173,0.995413004330385
"AP2M1","Training_Young",0.305420800652399,0.00786008256711874,0.0809896742945274,0.227624844617388
"KCTD12","Training_Young",-0.645651382421494,0.107210849271902,0.357885400182921,0.236522412156217
"RMDN1","Training_Young",-0.0115321823606536,0.914449513896273,0.962472359646328,0.998969173783588
"ECHDC3","Training_Young",-0.234653605707752,0.270770037629912,0.583154322846388,0.735965889516928
"NUDT16","Training_Young",-0.364857149534494,0.0129834440514404,0.102598493970405,0.204954199104634
"CMBL","Training_Young",-0.178420264507949,0.161805122401002,0.444013534317111,0.72255047509382
"MSI2","Training_Young",0.00150102371737049,0.991518623126302,0.996258195894592,0.999987215039538
"MRPL38","Training_Young",-0.193731142667463,0.171848210017365,0.454543954743395,0.710924971691169
"MRRF","Training_Young",-0.468076715096277,0.0087607898921824,0.08399603955975,0.108881077481983
"MRPL53","Training_Young",-0.348709586549866,0.127248352000647,0.394758748088918,0.487285655672419
"DAZAP1","Training_Young",0.16179410434291,0.805490508392109,0.916697914802497,0.965608613108402
"DNAJA3","Training_Young",-0.16251995795335,0.415403722056809,0.694100654819883,0.866949544537675
"PTCD3","Training_Young",0.162439757008428,0.202500119231651,0.501143590222342,0.771499930979447
"MMAB","Training_Young",-0.0480412900871308,0.763924630434355,0.897579414853557,0.987146467547366
"DYNLL2","Training_Young",-0.232128013343967,0.206228846190811,0.506544085254224,0.69317244636041
"S100A16","Training_Young",0.345777468667595,0.376265489513812,0.672542567141184,0.713206879738259
"SCRN2","Training_Young",-0.057248963893251,0.741015281146364,0.886919116732971,0.982986922337666
"OTUB1","Training_Young",-0.0213524897456026,0.747062067004863,0.890206612723482,0.99379280903407
"CHMP6","Training_Young",0.0757252114042117,0.562848318982084,0.793335297566306,0.957410825967386
"PDXP","Training_Young",0.162927373545358,0.476421136812715,0.728429433914482,0.886208523644361
"DCUN1D1","Training_Young",0.0732420727916434,0.59590777232147,0.812288361186491,0.962794604018762
"FAHD2A","Training_Young",0.0104155303405058,0.959341093110106,0.985598718336971,0.999567759448531
"SNF8","Training_Young",0.0941338081589507,0.520710342589848,0.766446763357804,0.940420573171666
"PDLIM5","Training_Young",-0.0404379983302299,0.754841966206017,0.891893093291201,0.988691368393495
"CRELD1","Training_Young",-0.194621316547696,0.420535719546495,0.695646307818288,0.844858588205791
"ERO1A","Training_Young",0.172368531483205,0.0646044509354781,0.271155538126801,0.623629547604094
"AHCYL2","Training_Young",0.188965169153121,0.0192355097718792,0.132445038547588,0.473974923860008
"PGAM5","Training_Young",0.154936984761086,0.354509848793873,0.656109843173409,0.851570812369006
"DDRGK1","Training_Young",0.0342005356909851,0.74015838252106,0.886919116732971,0.989762131138874
"PYURF","Training_Young",-0.344735616426085,0.160029468482708,0.441446119095345,0.531691091330267
"SUCLG2","Training_Young",-0.190212925831197,0.248125194021529,0.557817281105085,0.767111642119363
"ABHD14B","Training_Young",-0.105304713762415,0.248791064561313,0.558180043451715,0.863731093914249
"NGLY1","Training_Young",0.141679757682901,0.259636337199266,0.570208231812432,0.826090146963265
"TMX3","Training_Young",-0.220513770523986,0.694471800936075,0.856678242704008,0.922747043332644
"BTF3L4","Training_Young",0.122954094646822,0.101681275363883,0.350952368867341,0.754981333532706
"USP47","Training_Young",0.0707505675163631,0.595889696889381,0.812288361186491,0.964035125614913
"CNDP2","Training_Young",0.110951195164134,0.231621571259847,0.541423784805051,0.850200725519604
"ALPK3","Training_Young",0.0523045183915549,0.735667398232891,0.885159056145127,0.984071922257892
"STAC3","Training_Young",-0.0816115957446577,0.570079815728999,0.7978081043025,0.955171861665239
"COQ10A","Training_Young",-0.267615688005851,0.0808442391833546,0.308971983206203,0.510116952556942
"JSRP1","Training_Young",0.0677655752082487,0.457936475092864,0.716196889958093,0.948449630707726
"MCEE","Training_Young",0.16247339515229,0.637442368268027,0.83327354359415,0.929451758187376
"QKI","Training_Young",-0.0734433081374455,0.733792197909743,0.884473470828957,0.977523581545992
"PLIN4","Training_Young",-0.308969935014321,0.00801745547472988,0.0815784281479394,0.225118046343931
"ALKBH3","Training_Young",NA,NA,NA,NA
"VPS35","Training_Young",0.0706042218014815,0.489168350736953,0.739203359632693,0.950767764084727
"PURB","Training_Young",0.145781993293046,0.433679304711016,0.705095391824353,0.885331118626544
"BBS4","Training_Young",-0.0919621272784816,0.573737078703987,0.800793718084848,0.95019059321305
"VPS13A","Training_Young",-0.331765877603949,0.459562031347482,0.716879296938917,0.772640212359825
"GFM1","Training_Young",-0.195784213987505,0.122411044369463,0.385191639617681,0.662841473044102
"MCCC1","Training_Young",-0.142423705949209,0.327685640164285,0.641876082386538,0.853079780761414
"METTL26","Training_Young",-0.105531658904599,0.420497432361953,0.695646307818288,0.912630801033266
"CLCC1","Training_Young",-0.119384991255835,0.383708180217104,0.677156966548185,0.891940676062291
"PEBP4","Training_Young",-0.608293578130183,0.00553934128693022,0.0701427432838996,0.0423994348400729
"PLEKHF1","Training_Young",-0.807962230453779,3.40135788940174e-05,0.00420567899030732,0.000245326154103021
"MYCBP","Training_Young",-0.168938479280891,0.189852063909566,0.481386053483604,0.755260169922916
"TBCB","Training_Young",0.241588514347395,0.015119512576168,0.113504340839661,0.363242987931962
"PSMB7","Training_Young",0.135500764278245,0.117815847529638,0.380209543465586,0.748423461202494
"PCYT2","Training_Young",-0.0874140580927651,0.561573356210878,0.793297845937679,0.950811891686334
"PSMD1","Training_Young",0.155265084436522,0.0439063070364748,0.214630366024814,0.6155053413325
"PFDN5","Training_Young",-0.256758118159862,0.00578414845631124,0.0706876747393385,0.266340252678136
"PAFAH2","Training_Young",-0.0165520861719415,0.898483472105902,0.955955381175324,0.998229718163306
"PARK7","Training_Young",0.00905661887009401,0.894675546013883,0.955955381175324,0.998992559157205
"VAT1","Training_Young",0.243068527692014,0.0225357403926256,0.144421116784449,0.397772707146913
"PLIN2","Training_Young",0.153643688898462,0.558941107463932,0.790945212775422,0.914501428381928
"S100A13","Training_Young",1.11357792651977,1.97992588938293e-05,0.00341349686670065,5.78698121712521e-06
"TSNAX","Training_Young",-0.0908599735458928,0.60708264325055,0.815304513190492,0.955665487426505
"EIF3C","Training_Young",0.159919142656953,0.114916923474658,0.376841455762451,0.707517869858449
"PHB2","Training_Young",-0.0566830935717952,0.473501887941241,0.726760924136516,0.958509077932571
"COPS8","Training_Young",-0.0258936588284229,0.765648612904364,0.898098986788489,0.993109415634428
"SDHC","Training_Young",0.111053365988425,0.616330606430605,0.82046823196543,0.947672128022498
"CHP1","Training_Young",-0.156818792029629,0.164593072900242,0.446570623683207,0.753561334172579
"HSD17B10","Training_Young",0.055112905882627,0.566252069557106,0.795351729791724,0.96914252965574
"NAP1L4","Training_Young",-0.0313243818958107,0.654464149481548,0.841081765433012,0.986808174462767
"MGST2","Training_Young",0.0580630368200943,0.718831002197963,0.875181015231858,0.981014251535046
"TXN2","Training_Young",-0.0790380011531795,0.450725485054326,0.711814402392331,0.938957435297085
"DMAC2L","Training_Young",-0.0231997371971779,0.883712642369278,0.950878607673966,0.997136079996624
"ACO2","Training_Young",0.0386706251449631,0.600634893398487,0.815064264637586,0.980479983337326
"COQ7","Training_Young",-0.117733228989795,0.103763452214589,0.351225083019429,0.765871187584173
"SLC29A1","Training_Young",0.0078728802665502,0.965163972035102,0.98583093264051,0.99972088809509
"TSG101","Training_Young",0.208475944297717,0.0563577220178054,0.252348129176286,0.54903981174236
"CPNE1","Training_Young",-0.277778007000755,0.0213691053313121,0.139931026188218,0.343598594125449
"CCT7","Training_Young",0.208672725622023,0.00241906721736362,0.0430851408388433,0.28447144815512
"PRMT1","Training_Young",0.135178011147715,0.147431826282948,0.425033171208619,0.771990254844943
"NIPSNAP1","Training_Young",-0.248046545943303,0.354384264879174,0.656109843173409,0.773123169311535
"ARPC5L","Training_Young",-0.109898696270388,0.724365383240255,0.878210790537555,0.965182707693717
"MICU1","Training_Young",0.0380119187930035,0.855084532061148,0.941804557003377,0.994066717921236
"MACROD1","Training_Young",-0.185492029608806,0.037977399414892,0.195658072475742,0.5451465280133
"WDR77","Training_Young",0.0356558947019785,0.763835234662266,0.897579414853557,0.990440177212019
"APOL2","Training_Young",0.344067225773152,0.053216607421324,0.245849030328842,0.364480744128217
"FYCO1","Training_Young",0.202697727561503,0.177932732473302,0.463462953728477,0.704739419165424
"JPH2","Training_Young",-0.353641377452018,0.000386452158712889,0.0162464487522899,0.0620948862050582
"CORO1B","Training_Young",-0.134187542278465,0.755920832749675,0.892666062044841,0.963148018080519
"TXNDC17","Training_Young",0.0385378288213332,0.619472916961979,0.822425163891424,0.98171401697604
"PLCD4","Training_Young",-0.0098945891014175,0.910126517089262,0.958940320261468,0.999068644106951
"CPPED1","Training_Young",0.282250120498503,0.251392397729398,0.560995690878138,0.677250476575261
"VPS25","Training_Young",0.0279347174641131,0.832838180119521,0.92970040074946,0.994903327865299
"MIEN1","Training_Young",-0.100077364917617,0.551663199657812,0.786166810630997,0.942209363872861
"PELO","Training_Young",0.0444666452043805,0.789915637679044,0.909311429573576,0.989568261845951
"PRXL2A","Training_Young",-0.152896814109862,0.373464334899401,0.669242993997051,0.860197657088867
"ERP44","Training_Young",0.043669343325579,0.871463449520887,0.948556237659908,0.9940099250548
"LXN","Training_Young",NA,NA,NA,NA
"NIPSNAP3B","Training_Young",0.000946263120873425,0.994503920983987,0.997182864446015,0.999994784932303
"NTPCR","Training_Young",0.2448900484288,0.126104188678503,0.393196488624634,0.602251106692121
"AGMAT","Training_Young",0.192848084332162,0.53008703023721,0.769342052808462,0.884791376947717
"TACO1","Training_Young",-0.190375866157588,0.171913627031874,0.454543954743395,0.715190169991895
"ESYT1","Training_Young",0.0221107060313344,0.880386782390047,0.950743230152385,0.997187193358825
"UBAC1","Training_Young",0.102102897302178,0.265985302359177,0.577603232810895,0.873526930414295
"COPS4","Training_Young",0.0161016335505408,0.782953407452299,0.906554648391695,0.99606796940798
"DCTN5","Training_Young",0.544190299360004,0.00161837833604656,0.0358087501302092,0.0302836654863433
"AARSD1","Training_Young",-0.02675620451868,0.871927325913635,0.948556237659908,0.996339798493154
"TMEM43","Training_Young",0.300209369354139,0.0244326628621433,0.150168003907091,0.328135887785843
"DHRS4","Training_Young",0.110985100786351,0.590400807775463,0.8100669046632,0.943193328949023
"TMEM70","Training_Young",0.291046006324088,0.119229655255696,0.382457907399436,0.538499538835215
"TUBB6","Training_Young",0.475954518117909,0.00124494988489483,0.029737325659647,0.041440444755602
"CHCHD7","Training_Young",-0.292320619682958,0.0583400981691039,0.255481013232201,0.435779457815708
"APOO","Training_Young",-0.0897323167541444,0.354586480421024,0.656109843173409,0.911161849340717
"MRI1","Training_Young",-0.145464072680076,0.630978235777969,0.829210261396743,0.935210291058497
"ABHD6","Training_Young",0.078039690904685,0.60784693190396,0.815304513190492,0.961894338223945
"ADI1","Training_Young",0.116154094355185,0.668244814020341,0.846331183379644,0.954257435937259
"MECR","Training_Young",-0.0258147810293679,0.80793733004847,0.917991496087505,0.994509589080746
"NTMT1","Training_Young",-0.0921877875686441,0.615546523060482,0.820250508062374,0.956252155267055
"TMEM109","Training_Young",-0.156245423093118,0.173832095728681,0.45674383152711,0.760805747917755
"TMED9","Training_Young",0.203467947537579,0.150652404057998,0.430259990937382,0.680368937320045
"TIMM21","Training_Young",-0.0708277746820478,0.615773216804199,0.820250508062374,0.966240292052427
"TPPP3","Training_Young",0.297036191209266,0.244237908999119,0.552514484920146,0.657897637637283
"NUDT9","Training_Young",-0.0674996475839151,0.581398969668216,0.804520835660231,0.964055630420127
"FUNDC2","Training_Young",-0.0153995640812568,0.864338096303173,0.945379078073804,0.997757396372586
"SORBS1","Training_Young",-0.811168769164613,0.0235665661853053,0.148314138088359,0.0478252885605648
"HINT2","Training_Young",-0.207562564172033,0.203904434001453,0.502778162715369,0.718890639557442
"OSBPL11","Training_Young",0.13127809178842,0.5438006385594,0.778657317610258,0.923143105248042
"NT5C1A","Training_Young",0.206594069671286,0.26645829470923,0.577603232810895,0.760918964194248
"TMEM120A","Training_Young",-0.344348188058357,0.446751670478273,0.710060873304872,0.757706346507421
"NAA15","Training_Young",0.15710318809586,0.608583972777636,0.815304513190492,0.9249453313937
"BCL2L13","Training_Young",0.0109461353765639,0.88007625859086,0.950743230152385,0.998602644345186
"AP1M1","Training_Young",0.441621397203896,0.00209452651154795,0.0415348559176773,0.0656045854118134
"OSBPL1A","Training_Young",-0.0535158804518723,0.558874362827719,0.790945212775422,0.969342593411206
"HDHD5","Training_Young",0.0177356757575176,0.904745117978891,0.957713427082874,0.998226198212099
"EIF2A","Training_Young",0.0182670114830223,0.891063409755623,0.953446448026135,0.997895306591309
"MRPL13","Training_Young",-0.068535768684459,0.662284638242334,0.842179255647542,0.972154206494
"MRPL9","Training_Young",-0.179859559699839,0.485079535331527,0.735138560394282,0.877991792332485
"MRPL4","Training_Young",0.128395524289552,0.750104571988009,0.890712890188601,0.963754013483384
"MRPL1","Training_Young",0.0465006069955329,0.748805468075099,0.890712890188601,0.986638555308781
"NLN","Training_Young",0.25427213820107,0.175984918075231,0.459528320241162,0.642902966101348
"TRIM54","Training_Young",-0.197807451079491,0.129279990825906,0.396273387348064,0.667197289928636
"BCO2","Training_Young",0.214799918767703,0.533969912993675,0.771412204201171,0.873917886157672
"MRPL37","Training_Young",-0.366668504365876,0.0666595833045101,0.275728279784901,0.370465232615802
"ASPSCR1","Training_Young",-0.27097596773104,0.0755803563891513,0.300889979412871,0.49667897464636
"UBL5","Training_Young",-0.248843718495564,0.0182615914579133,0.129245337523683,0.369313179516567
"NIBAN1","Training_Young",-0.442523075880576,0.00254253319576102,0.0437897930117463,0.0710837955083213
"UBXN6","Training_Young",0.00579282249091406,0.966217063699083,0.985916634900715,0.999800939237942
"UBE2O","Training_Young",NA,NA,NA,NA
"LNPK","Training_Young",0.0811726353954647,0.39978951167759,0.68266251303517,0.928281307112597
"PITHD1","Training_Young",-0.0753151585233987,0.708145143609793,0.867942327619699,0.974343149097556
"SLIRP","Training_Young",0.0903529313009308,0.48394525127614,0.734478641286965,0.936527243890242
"NIF3L1","Training_Young",-0.234221648633458,0.010250450629781,0.089776863432499,0.342036879922254
"EGLN1","Training_Young",0.0564059550405975,0.834771499544116,0.929883249624659,0.989864949236121
"ANKRD2","Training_Young",0.520332701076214,0.0121427451335084,0.0987645764677907,0.10074127140438
"NAA50","Training_Young",0.193202026046659,0.0376557738945109,0.195016638685869,0.53069839642646
"TMEM126A","Training_Young",-0.10438184180866,0.327527504719537,0.641876082386538,0.890021852881079
"PAIP1","Training_Young",-0.0926738293236795,0.393625207432583,0.679054234026538,0.917222673885368
"CLPB","Training_Young",0.107672439915078,0.588436109219951,0.808955331314805,0.944502177184978
"TOLLIP","Training_Young",-0.0376499407384436,0.690482818846894,0.856678242704008,0.986152580145452
"PCBD2","Training_Young",-0.207471164236175,0.0126908113450722,0.101436608548197,0.404137113623235
"NT5C3A","Training_Young",-0.00495970694180059,0.947027459988277,0.981099911727628,0.999730093522235
"HDHD2","Training_Young",-0.132582680837711,0.130435717254059,0.397356344446422,0.763338031411626
"RAB1B","Training_Young",0.161499236655395,0.191978175630262,0.484439526020181,0.766029901815759
"C11orf54","Training_Young",-0.17286128048908,0.0709637772703018,0.28852197257674,0.63297817651029
"NUCKS1","Training_Young",-0.148836280401458,0.0877400919933608,0.323560830473762,0.696160750130907
"TMX4","Training_Young",-0.0948015685078154,0.325603887837192,0.6409866564004,0.899088014028154
"MYLK2","Training_Young",-0.506387497428516,0.00951966328953901,0.0866248148684459,0.0947107431703202
"EHD4","Training_Young",-0.19290322703846,0.40123209154554,0.683460175387946,0.838481998841763
"SH3BGRL3","Training_Young",-0.0180566807011111,0.895606596465408,0.955955381175324,0.998011158575988
"SLK","Training_Young",0.25014637894834,0.0891092211619389,0.326319830805567,0.546168882229324
"PPIL3","Training_Young",0.141244870179705,0.409637669699748,0.690503914762526,0.881563239908028
"LRMDA","Training_Young",0.118127812988046,0.367422795213426,0.662937953252035,0.888452107729222
"TNMD","Training_Young",-0.0224587443375661,0.88101384103205,0.950743230152385,0.997158926150216
"PPA2","Training_Young",-0.00464838163264147,0.963336585749141,0.98583093264051,0.999826386814358
"MRPL46","Training_Young",-0.169002212290291,0.274466573742392,0.58750380652394,0.803717596210725
"TMEM245","Training_Young",0.091326725812344,0.690948396669945,0.856678242704008,0.966801005817242
"C11orf68","Training_Young",0.0126122916987832,0.927395122353638,0.969360789252784,0.999049793100802
"GHITM","Training_Young",-0.0442483233028064,0.701450291954177,0.862755127962363,0.984431770142406
"BOLA2","Training_Young",0.376563550768203,0.00516861632477438,0.0666529540777654,0.137701954715646
"TMX1","Training_Young",0.0918944801495058,0.410634914891096,0.691630281330997,0.921464754615909
"CHMP4B","Training_Young",0.0959740992208928,0.304608095739684,0.617440903804066,0.892180136533285
"RBKS","Training_Young",-0.203103684788857,0.151873885276261,0.432355289171279,0.681955760485806
"FN3K","Training_Young",-0.147502801146434,0.104602531257031,0.352716552906105,0.716769847060135
"RNPEP","Training_Young",-0.268123160075866,0.0129313840561313,0.102572714286747,0.311665185929108
"GLIPR2","Training_Young",0.447490102818252,0.0671046303630008,0.276576339260839,0.298526817031416
"EHD1","Training_Young",-0.00794715173040572,0.918916561316337,0.96578130594347,0.99932821496664
"TMEM38A","Training_Young",-0.107507076721603,0.477560236370608,0.728998995534508,0.923619844921129
"OPA3","Training_Young",0.0205892929696567,0.900015321840647,0.955955381175324,0.997833402458412
"DCTPP1","Training_Young",-0.162253550863138,0.454658703277107,0.714587913725779,0.879950532252908
"AAMDC","Training_Young",-0.332967838735765,0.00896809579412865,0.084533351386809,0.20812057792201
"PTGES2","Training_Young",0.0393408436972678,0.700477868993207,0.862568529949456,0.986092568851384
"UBE2Z","Training_Young",0.133802467698015,0.31685514899913,0.632076033321657,0.857460137322492
"ACAD9","Training_Young",-0.146727602110062,0.316940123273562,0.632076033321657,0.84484995340721
"METTL7A","Training_Young",-0.247894358564952,0.0641566277384768,0.270571931209648,0.506199723594381
"COQ10B","Training_Young",-0.166532854807105,0.27961296817829,0.593683292031077,0.808785969747515
"MOB1A","Training_Young",-0.0417755585825148,0.797408346133416,0.913738523139216,0.990587080585207
"GORASP2","Training_Young",-0.0511541640975608,0.580923777132652,0.804520835660231,0.972598761974908
"JPT2","Training_Young",0.900404254930406,0.00257552924780791,0.0437897930117463,0.00466372750746704
"SYNPO2L","Training_Young",-0.402223382333968,0.167132510715298,0.446952666600692,0.48696409667908
"ARMT1","Training_Young",-0.130665764499902,0.374853027215593,0.671159338336606,0.879666847370831
"LRRC40","Training_Young",-0.368304079464249,0.39412281898781,0.679054234026538,0.709691267582187
"SFXN1","Training_Young",0.0895098697244734,0.363448076890986,0.660398967812974,0.913387900475798
"L2HGDH","Training_Young",-0.112875652966537,0.348748949483614,0.65383486130761,0.887893436856749
"COPS7B","Training_Young",0.826551015783782,0.0199891168535316,0.134385759304381,0.0394020873713687
"FN3KRP","Training_Young",-0.0785850164449045,0.804743305267759,0.916697914802497,0.98307371224381
"TBC1D17","Training_Young",-0.0841001932810919,0.469684363241287,0.723460722684781,0.938423402521748
"CARS2","Training_Young",NA,NA,NA,NA
"GRPEL1","Training_Young",0.13350710178716,0.446281217420518,0.710060873304872,0.897884058448906
"CACYBP","Training_Young",0.194574183532602,0.164759539182458,0.446570623683207,0.704075672724643
"RDH14","Training_Young",-0.0631579036176824,0.60673356014484,0.815304513190492,0.968934923880338
"PARVB","Training_Young",-0.175400893523449,0.128464337741939,0.395941404594656,0.697717584547561
"TNS1","Training_Young",-0.258826251446528,0.0540054748998496,0.247319190064235,0.469809316290487
"PLGRKT","Training_Young",-0.264955787249445,0.154358685466103,0.434935598994302,0.609532141041627
"GLOD4","Training_Young",-0.126361050860897,0.0808147717692962,0.308971983206203,0.727694987101668
"MCCC2","Training_Young",-0.291814237349868,0.141758929199311,0.415986059824003,0.565470995940116
"HHATL","Training_Young",-0.324337753030758,0.0299080336600943,0.168443544408443,0.320361604128384
"PREB","Training_Young",0.250701179729401,0.0379118302002224,0.195658072475742,0.440247758350015
"MRPL47","Training_Young",-0.335981059518403,0.0152087951190123,0.113768282349338,0.245029451569094
"JPH1","Training_Young",-0.119348341942167,0.22467371827419,0.53468054615869,0.83677527446748
"APMAP","Training_Young",0.336901591718636,0.0129077270967685,0.102572714286747,0.230962930918224
"TXNRD2","Training_Young",-0.0815876223793204,0.589516110438259,0.809910013645789,0.957801004222604
"RAB18","Training_Young",0.138031031669911,0.11993782162562,0.382563431042571,0.746220830565019
"PALMD","Training_Young",0.101178041063193,0.454047797798001,0.714587913725779,0.923222135927379
"SSU72","Training_Young",-0.935293450125798,4.48789982087198e-07,0.000684594237612494,1.15557341051086e-06
"VTA1","Training_Young",0.0137011660188691,0.88392806821833,0.950878607673966,0.99831098374404
"SARS2","Training_Young",0.112597707054828,0.373166448634329,0.669242993997051,0.894946786962691
"DYNLRB1","Training_Young",0.0843898387995701,0.522456504488004,0.766790947213031,0.946686745872236
"MYOZ1","Training_Young",-0.556972535662663,0.243609253032234,0.552514484920146,0.455412848954784
"MYOZ2","Training_Young",-0.578117656822467,0.200708172132741,0.499276423459197,0.395185084185438
"OSGEP","Training_Young",-0.0380045326629599,0.775219503719477,0.903916772096174,0.990370366435353
"ACOT13","Training_Young",0.0161785212740178,0.875000259192465,0.948556237659908,0.997841996161717
"MRPL40","Training_Young",0.0214808439805481,0.898705809540484,0.955955381175324,0.997708485282706
"TIGAR","Training_Young",0.225876956910183,0.472741202728694,0.726390356824353,0.844315838640309
"RTN4","Training_Young",-0.00762846437414666,0.923528050426888,0.968207462342803,0.999393308450157
"HINT3","Training_Young",-0.21701711950621,0.231601918986839,0.541423784805051,0.72801138656583
"PFDN4","Training_Young",0.0541334240969071,0.608853637675275,0.815304513190492,0.973497735683965
"NIT2","Training_Young",-0.00458774567067621,0.944575693245216,0.980384035171052,0.999738443457834
"XPNPEP1","Training_Young",0.048523197837234,0.575965447499585,0.803370518012029,0.973584539299144
"GPHN","Training_Young",-0.0822746575554358,0.593189117716851,0.810717506788571,0.957942730703046
"PDLIM7","Training_Young",-0.367054140901235,0.179713820313551,0.466622739768554,0.532587592001579
"ACSS2","Training_Young",-0.29764213944966,0.00268098648846433,0.0444273738481429,0.171613761407545
"DIABLO","Training_Young",-0.281376095384729,0.0161265707671276,0.118347416740787,0.313072682430512
"SAR1A","Training_Young",-0.026229856864262,0.771836699173659,0.901410314966864,0.99322995257247
"SH3GLB2","Training_Young",0.0553850168556735,0.73755485663021,0.885908747792401,0.983281315236548
"EIF2B3","Training_Young",-0.104659325053085,0.771456568489516,0.901410314966864,0.973208953274661
"MBNL1","Training_Young",0.0717568577032743,0.428595714884418,0.701662353497011,0.941015784093396
"SDR39U1","Training_Young",-0.239574554145797,0.188528004807051,0.480346504368996,0.670499560429291
"AASDHPPT","Training_Young",-0.160199055504457,0.40782347982567,0.689746693657078,0.866159790076464
"OSTC","Training_Young",-0.19686188093711,0.313411471617173,0.629141503238414,0.795800539445555
"CMC2","Training_Young",-0.00185637126725169,0.99042327157204,0.996041738364604,0.999982136521273
"HEBP1","Training_Young",-0.137204258626689,0.198702270384411,0.495459279179159,0.80114373256224
"PHPT1","Training_Young",0.0077845823161482,0.927283025697306,0.969360789252784,0.999412464364919
"LTBP3","Training_Young",0.030381379513134,0.872488652263248,0.948556237659908,0.995864384067629
"TOMM22","Training_Young",-0.747617775207313,0.000268341377389893,0.0147496530569581,0.00213807729855549
"LANCL2","Training_Young",-0.300704637715285,0.00803365110686178,0.0815784281479394,0.234421592929278
"FARSB","Training_Young",0.608214456802902,1.26505838359753e-05,0.0033239409029025,0.00104962179546996
"IARS2","Training_Young",0.0216681005600634,0.800092345748786,0.91551121979529,0.995179062346663
"SIRT3","Training_Young",-0.282996396404513,0.0654022009279396,0.273310986780376,0.462186128565221
"MAN2C1","Training_Young",0.280827825937077,0.0587309140555211,0.256125272499389,0.45109034197274
"OLA1","Training_Young",-0.0199784408832926,0.750883360727487,0.890712890188601,0.994292428200907
"CUTC","Training_Young",-0.0406567219611134,0.74134961374873,0.886919116732971,0.987905865361185
"ACSS1","Training_Young",-0.0267095115676845,0.901256350553564,0.95630532501948,0.997226983033437
"ABHD10","Training_Young",-0.201425670802571,0.137418536933495,0.409721651963412,0.67047131259078
"DDX19A","Training_Young",-0.108540606833969,0.122055195531748,0.385191639617681,0.795892227169872
"SEPTIN11","Training_Young",0.21622489142495,0.159965814208439,0.441446119095345,0.67280756129971
"PARVA","Training_Young",-0.0970509114778011,0.513272441618187,0.758237535381428,0.937322418088536
"PANK4","Training_Young",0.0168102503150855,0.87221254687522,0.948556237659908,0.997704305776461
"DNAJC11","Training_Young",-0.143345026427067,0.380370117963597,0.67539906613921,0.870612050395338
"TMLHE","Training_Young",-0.255138726903336,0.281958744647712,0.594666469651368,0.723970792941871
"ATAD3A","Training_Young",-0.251629329687294,0.132708653327435,0.401950416850529,0.601583234249484
"ARL8B","Training_Young",0.0788220915464315,0.385725895602331,0.677156966548185,0.927661706336455
"MRPS18A","Training_Young",0.281408919219217,0.211615356989402,0.514237549585807,0.645956036724742
"PNPO","Training_Young",-0.0841444677599164,0.584032392488006,0.806064405127898,0.955755839650858
"OXSM","Training_Young",-0.138828263008552,0.538064246877577,0.772548529328324,0.917555136008726
"MRPL22","Training_Young",-0.0264710558036967,0.882966141072976,0.950878607673966,0.996710611322836
"CZIB","Training_Young",-0.267070346228337,0.00881610789382565,0.08399603955975,0.282647005932627
"BABAM1","Training_Young",-0.00160549441341828,0.988182467242926,0.995762006780743,0.99998091420127
"NDUFB11","Training_Young",-0.291709716078024,0.0232824141949889,0.147408538065864,0.333922901015167
"OCIAD1","Training_Young",-0.205839829277203,0.0172120401785015,0.124328895035086,0.433375177313267
"MARCHF5","Training_Young",0.117919558095799,0.44161526660383,0.706988035339871,0.908121075034816
"CHCHD3","Training_Young",-0.148766968526278,0.107761108043934,0.357885400182921,0.71789728683286
"SIRT5","Training_Young",0.12287068464164,0.232463093539799,0.541423784805051,0.835879133328376
"BABAM2","Training_Young",-0.0334207508016107,0.728713255588221,0.881839529790697,0.989478907094401
"DPP3","Training_Young",0.233862111554696,0.0168327495387628,0.122008412174067,0.384737817550551
"TUBA8","Training_Young",-0.0821368773034798,0.280759982842821,0.594666469651368,0.900923627054861
"MAP3K20","Training_Young",0.199540591568628,0.312821351660972,0.629141503238414,0.793032786379918
"UGGT1","Training_Young",-0.0328001192835501,0.790685514485009,0.90969948081417,0.992326323124708
"TECR","Training_Young",-0.0644538271087427,0.690937210580051,0.856678242704008,0.976452680929266
"ERAP1","Training_Young",0.267958504173517,0.0772139976319215,0.302241756093667,0.503441130699673
"CISD1","Training_Young",0.0756137855688905,0.390090653675958,0.678292473335045,0.931293301425532
"CLIC5","Training_Young",-0.221673420912495,0.0253011795747141,0.152617990382896,0.442607482437321
"FAM120A","Training_Young",0.209811087131175,0.13907832198241,0.410593585403125,0.661068300147602
"GLTP","Training_Young",0.165506718176713,0.528523000936507,0.768827230428054,0.899839832153643
"COQ3","Training_Young",-0.118008799694667,0.228287544106036,0.53800986755517,0.840030889806798
"HSPBP1","Training_Young",0.0391572126593474,0.802501279248182,0.916196160895484,0.991421564981501
"MAT2B","Training_Young",0.0964716959458123,0.325459373015025,0.6409866564004,0.897366262932
"MYOF","Training_Young",0.103982044508097,0.490150660647756,0.740089244036569,0.928538333836869
"EHD2","Training_Young",-0.191752553375338,0.01269164036545,0.101436608548197,0.432857241570612
"TMOD4","Training_Young",-0.313875832967284,0.300274305806415,0.610422234821164,0.685497035381383
"LMCD1","Training_Young",0.26262290453387,0.0330409708081147,0.179462844027538,0.408384588720776
"CHMP5","Training_Young",-0.191560053733163,0.404985020504144,0.687624000888296,0.841009663587025
"CNIH4","Training_Young",0.401976251837549,0.0114384576846765,0.096560795394337,0.165771486966678
"NDUFAF4","Training_Young",-0.229514108018272,0.257108896260871,0.566745166177605,0.732172736527806
"EMC3","Training_Young",-0.00798611348077927,0.957361477591724,0.985598718336971,0.999652071721073
"NDUFA13","Training_Young",-0.196309421711565,0.10234719415589,0.350952368867341,0.639246826149834
"PDP1","Training_Young",-0.0692150990835465,0.626589915135543,0.827319096491778,0.968162341574496
"MRPL36","Training_Young",0.145906392802317,0.206525518570563,0.506553839014379,0.794420214848524
"VAPA","Training_Young",0.110591446008318,0.174077292685963,0.456817065200866,0.824199930512776
"RNF181","Training_Young",-0.220902406641283,0.356910395100758,0.656613122730278,0.796451344614591
"TMEM14C","Training_Young",-0.200452187891504,0.382109554014922,0.676838192632177,0.824610099855865
"LARS1","Training_Young",0.138947939048396,0.225498246233741,0.534985681245286,0.813056219693514
"SUCLA2","Training_Young",0.0518218204098417,0.526531545809483,0.768589798119121,0.967305606782577
"GMPR2","Training_Young",0.148012584996938,0.25074119009764,0.56069998040983,0.814850319776096
"DPM3","Training_Young",0.125857575739399,0.65862064029626,0.841081765433012,0.94879826785671
"IMPACT","Training_Young",0.296957722383063,0.180301994411941,0.467317869610235,0.601261799275466
"ATXN10","Training_Young",-0.0284181293735415,0.81551588495167,0.922116401381609,0.994221327583141
"EPS15L1","Training_Young",0.0296556011639062,0.825736461371243,0.926858088850931,0.994337648926819
"SAE1","Training_Young",0.118810271334091,0.764477998675034,0.897727795092135,0.968595758542134
"RNF7","Training_Young",-0.258310790556017,0.00399776374081214,0.0567790498863994,0.240172614381552
"MYOT","Training_Young",-0.0659175636069271,0.771902267811777,0.901410314966864,0.98307891586615
"GNG12","Training_Young",0.027891953036324,0.825827901252618,0.926858088850931,0.994676568161432
"VPS29","Training_Young",0.21161225448596,0.68592014849699,0.856678242704008,0.923322627881639
"EIF3K","Training_Young",-0.0828900379891202,0.450154109328801,0.711446569781308,0.935981141027536
"GRHPR","Training_Young",0.0442306058089379,0.500322667196432,0.747801770572917,0.96983455354702
"CTSZ","Training_Young",0.268745565118209,0.0943730810144002,0.336794934282291,0.53026746614702
"UBA2","Training_Young",-0.00265966682261976,0.98500389044732,0.995065803846013,0.99995981407127
"COPS7A","Training_Young",0.225990559724021,0.0102282587587637,0.089776863432499,0.355004594428321
"HSPB7","Training_Young",0.460756970681036,0.00105418080326898,0.0280492158034354,0.0424900636425606
"CLIP2","Training_Young",0.170285889566046,0.400129146171593,0.68268787764017,0.85557937168886
"UQCR10","Training_Young",-0.101692339158571,0.377299604023594,0.673272424824901,0.905633011380553
"DNAJB4","Training_Young",0.117980874232302,0.657010686928629,0.841081765433012,0.95164952739759
"NIPSNAP3A","Training_Young",0.501493160970867,0.0574941011559117,0.254963292467777,0.238758896105948
"TES","Training_Young",-0.599879716730561,0.110256404622249,0.364400884459069,0.266414267112336
"KDM5B","Training_Young",-0.072052879462742,0.559155369259884,0.790945212775422,0.958978762963851
"WARS2","Training_Young",-1.12092415323048,0.0992175703356186,0.347013864967505,0.0750329311359735
"MLX","Training_Young",-0.294201017254309,0.165561987696207,0.446574717537864,0.589138525364504
"SEPTIN9","Training_Young",0.196619035577697,0.241482196712773,0.552514484920146,0.756246655569651
"UBQLN2","Training_Young",0.0742418574972277,0.53180494896798,0.769342052808462,0.954199856416894
"PCYOX1","Training_Young",-0.133383611393253,0.242471653206313,0.552514484920146,0.827797019576229
"DPP7","Training_Young",-0.403341856653833,0.161611862127073,0.444013534317111,0.479450885145114
"SMPX","Training_Young",0.359900419477917,0.0101742843238621,0.089776863432499,0.19182261492461
"BCAP29","Training_Young",0.0550205651164326,0.645040271307396,0.839550867051484,0.976165286815818
"CYB5R1","Training_Young",-0.0104594370946565,0.903808765485802,0.957713427082874,0.998942718169368
"PFDN2","Training_Young",0.0428179779730016,0.635388853851428,0.832141664047166,0.980768600991488
"PUF60","Training_Young",-0.277953850848832,0.06895484094085,0.282540108494477,0.475526367107213
"ENOPH1","Training_Young",-0.23450060156388,0.0200191941907094,0.134385759304381,0.399657717853714
"NDUFA12","Training_Young",-0.385031832390798,0.00873578198750268,0.08399603955975,0.161189094190692
"EIF2B4","Training_Young",0.138997288369627,0.422788098168125,0.697020064587763,0.887221538783568
"ATP6V1H","Training_Young",-0.192269509371499,0.15797376047069,0.439237119162355,0.701313699901284
"TRMT112","Training_Young",-0.678258381269696,0.0361389504163073,0.190864506972557,0.105180400641702
"XPO7","Training_Young",0.0863914160989268,0.65701755587128,0.841081765433012,0.964362283126256
"LCMT1","Training_Young",0.0125379807612838,0.921927277651472,0.967297674232606,0.998981320127651
"ATP5IF1","Training_Young",0.0823877308415923,0.505687437152775,0.751736204310561,0.945373715839097
"AK3","Training_Young",-0.0269056605699731,0.881476818711414,0.950743230152385,0.99661142822541
"NAGK","Training_Young",0.160433869860181,0.0481057959014111,0.22939401695611,0.614581990755082
"SLC25A13","Training_Young",-0.0949727463566461,0.313751931623161,0.629141503238414,0.895755386958802
"DBNL","Training_Young",0.458367698000703,0.109844929171239,0.363612663177866,0.363349479795896
"DCTN4","Training_Young",0.225391635335896,0.103240521896022,0.351225083019429,0.599418416328017
"HSPB8","Training_Young",0.11369628244335,0.464201700458154,0.720643998791018,0.916443708121447
"STOML2","Training_Young",0.109420175561461,0.173172692457346,0.455580725338348,0.825418661242619
"VPS28","Training_Young",0.00102337227461646,0.990829341065836,0.996041738364604,0.999990571748126
"JPT1","Training_Young",0.0639012488894224,0.698949716105018,0.86119126802623,0.977372017430385
"APPL1","Training_Young",0.2151340662252,0.0111530044977259,0.094530707476693,0.380125911748766
"PACSIN3","Training_Young",-0.0758578398638079,0.498214033675602,0.746433284950902,0.94852029584828
"ACAD8","Training_Young",-0.209276986002696,0.113948566386281,0.374249822724943,0.634732702489107
"AGO2","Training_Young",-0.160191664759751,0.187188725235469,0.478093196166411,0.764584116169123
"MYH2","Training_Young",-0.214804272787251,0.469023726581974,0.723321990664204,0.849906676566546
"MYH13","Training_Young",0.525548161884689,0.155801845974734,0.43631008366532,0.376407279239275
"CDV3","Training_Young",0.0331036037046388,0.742856058479205,0.887710878296356,0.990208110859109
"RAB21","Training_Young",-0.084729817362291,0.366088350389803,0.662149478560748,0.91838062691013
"PSME2","Training_Young",0.611262057913599,0.000257193641303638,0.0147496530569581,0.00639334703823078
"DNPEP","Training_Young",-0.0293798581890599,0.681925677454629,0.856678242704008,0.988815391672904
"MCTS1","Training_Young",0.176335975249632,0.0294950635012848,0.167112192667657,0.537231855720545
"TBC1D24","Training_Young",0.0537075452666187,0.817561383943042,0.923932273681867,0.989240034264537
"TMCO1","Training_Young",0.0465222655530049,0.655801550778399,0.841081765433012,0.980563760807342
"EPDR1","Training_Young",-0.187931910406895,0.180771519433972,0.467769910593025,0.72508851015311
"MYO6","Training_Young",0.107718035136937,0.466663854964249,0.722864718596058,0.921182712111059
"NFU1","Training_Young",-0.449420514557332,0.0313466712316055,0.173062579999814,0.2109393377592
"SYNPO2","Training_Young",0.175991997452304,0.264927853059616,0.577076007389962,0.791544029771455
"UBQLN1","Training_Young",-0.169414481948628,0.51018361344033,0.756085423407937,0.892246056842699
"SNX12","Training_Young",-0.145063130935348,0.242566546390154,0.552514484920146,0.814257270379906
"NDRG2","Training_Young",0.0120823544034963,0.906748635694156,0.957804496066906,0.998817957425161
"VPS4A","Training_Young",0.0163535510726796,0.872036522587672,0.948556237659908,0.997763311949622
"G3BP2","Training_Young",-0.610216712151573,0.00988835504754615,0.0884481800423064,0.059784856412283
"STUB1","Training_Young",0.192690313029345,0.0394736691379301,0.200419450550553,0.536441109561646
"PACSIN2","Training_Young",-0.0206851209988628,0.899928070197683,0.955955381175324,0.997821328480294
"SNX6","Training_Young",-0.130346220065114,0.0922083578507993,0.333878048242431,0.732928686473816
"PSMD13","Training_Young",0.0878066449007981,0.170611298452762,0.453955632085702,0.856180200870922
"COPS3","Training_Young",-0.0359547204570845,0.52347526605647,0.766790947213031,0.97699646026828
"NSFL1C","Training_Young",0.0213914952931056,0.736143016807298,0.885224611744245,0.993468548056492
"PPP6R1","Training_Young",-0.318679716447594,0.0223737511029584,0.144158467405843,0.297916961235156
"LIMCH1","Training_Young",-0.002511993763612,0.985675806860848,0.995065803846013,0.999963758176601
"USP24","Training_Young",0.235933906712965,0.195624783761133,0.490696056641888,0.680491753479606
"MAPRE3","Training_Young",0.181151545766443,0.306404681779183,0.62048423998058,0.807126519618493
"PA2G4","Training_Young",0.0326160338363195,0.710221595181795,0.868980287386114,0.98890154987353
"CAMK2A","Training_Young",0.0339165542053728,0.842435195044022,0.935381123373876,0.994201593178119
"CHMP2B","Training_Young",-0.181274982371171,0.0924139270397962,0.333878048242431,0.649402670251316
"RTRAF","Training_Young",0.00468877066839823,0.989324917782218,0.995958322403363,0.999949679177081
"RUVBL2","Training_Young",0.25326073107173,0.0662477880858594,0.275536290266952,0.50286221324438
"APOBEC2","Training_Young",-0.436966663139305,0.0240125072418802,0.149332219592995,0.196022165438301
"PIN4","Training_Young",-0.0338783656230603,0.777783313777493,0.904259140243523,0.991522259494557
"EIF3L","Training_Young",0.088835221315243,0.465968416630846,0.722652523092302,0.934411929995268
"PLAA","Training_Young",0.130327501713026,0.0984873199768904,0.345515875846912,0.739281386740999
"NUDC","Training_Young",0.0482373906062143,0.467837459557306,0.723321990664204,0.964020442236708
"BCS1L","Training_Young",-0.053533935376695,0.83527547283322,0.929951824097156,0.990410504135809
"VDAC3","Training_Young",-0.401106005743515,0.000970625155362402,0.0264968061892437,0.0618711628791565
"CFL2","Training_Young",0.0158037559828941,0.819653574430873,0.925301725807569,0.996861985654518
"FARSA","Training_Young",0.442544837586858,0.000811611287844138,0.0240282665781462,0.0428793257152163
"CNPY2","Training_Young",-0.0152456614684731,0.920003577303737,0.96644053947649,0.998729659065173
"FNDC3A","Training_Young",0.152696639437707,0.671079493319789,0.848682317993716,0.940911912612891
"PADI2","Training_Young",0.283871733875056,0.00343372882708714,0.0517694604230563,0.199743943676399
"GSTK1","Training_Young",0.0768538470458751,0.45532359141405,0.714587913725779,0.941327159488846
"LAMTOR2","Training_Young",0.303738061317507,0.359500028702992,0.658102712537793,0.732906973859552
"COA3","Training_Young",-0.013094099550532,0.944937856506867,0.980384035171052,0.999258676002152
"TMA7","Training_Young",-0.119351285061477,0.27126162269169,0.583615077684681,0.855803724226316
"SUGT1","Training_Young",0.181494166744727,0.117834030250029,0.380209543465586,0.678330047893535
"COQ6","Training_Young",0.0198755399328654,0.842822001746014,0.935381123373876,0.996607061838878
"ACOT9","Training_Young",0.112006605897818,0.250460047438246,0.560667752625338,0.856356770104057
"MEMO1","Training_Young",0.272606621090592,0.0160295251019229,0.118347416740787,0.32407795181417
"TMX2","Training_Young",-0.497893855796924,0.00291996414381168,0.0461486062427981,0.0547050021818862
"SH3GLB1","Training_Young",0.122611785422833,0.2684207218361,0.579645933762708,0.85107163207636
"CAB39","Training_Young",-0.0412720120462318,0.549257079942263,0.784866337211853,0.97557355215515
"LUC7L2","Training_Young",-0.061446316312086,0.50872642599255,0.754652750484362,0.959322302889114
"DHRS7","Training_Young",0.203080485087479,0.038135520532698,0.195992332908878,0.51510497328515
"MOB4","Training_Young",0.366944508854647,0.0114956944388007,0.096655798841436,0.194233459624446
"SBDS","Training_Young",0.0412708375082538,0.601243275745738,0.815304513190492,0.979222126072814
"MRPL11","Training_Young",-0.225812071028624,0.232628310697367,0.541423784805051,0.719423736249793
"PPIL1","Training_Young",-0.0735593038488354,0.287499864426664,0.598934306268432,0.912384212821396
"MSRB2","Training_Young",-0.222424920361526,0.382210720577733,0.676838192632177,0.807409300786373
"FIS1","Training_Young",-0.0983102578519173,0.338435091088138,0.64837525855797,0.89896462863625
"PTRH2","Training_Young",-0.110829672757674,0.59252334840819,0.810717506788571,0.943645822091533
"STRAP","Training_Young",0.0571031854937303,0.332009770110684,0.643804923222009,0.938979669076034
"RTCB","Training_Young",0.226643548884756,0.00222208819035985,0.0420121808908556,0.250415128702275
"RPL36","Training_Young",0.135269501804881,0.436157972111997,0.705095391824353,0.89382973531127
"SAMHD1","Training_Young",0.625614776530263,0.0498525560691483,0.233906412628013,0.153198323584182
"HBS1L","Training_Young",0.0842029427637598,0.387949471028159,0.677156966548185,0.923365531551392
"TLN1","Training_Young",0.113779066966963,0.056772880556022,0.252831768916861,0.721518244839177
"USP15","Training_Young",0.131601206876621,0.137288125853368,0.409721651963412,0.770036761627784
"TLN2","Training_Young",-0.0887399980248773,0.388189412317109,0.677156966548185,0.919457664769256
"DTNA","Training_Young",-0.0855819985593129,0.263765203754909,0.575736716814974,0.892209076668988
"HYOU1","Training_Young",0.325677233945662,0.00539813211857146,0.0687689315953771,0.182575853254476
"AFG3L2","Training_Young",0.0378315626391163,0.657385126021348,0.841081765433012,0.984255479230449
"ARIH1","Training_Young",0.12133695014667,0.518041637884056,0.76415685812792,0.923297968370056
"RNF114","Training_Young",-0.00217088309995361,0.982788819859023,0.995065803846013,0.999962311977876
"SAMM50","Training_Young",-0.0977500159834257,0.185775048001653,0.476799940048198,0.848288354457905
"PPME1","Training_Young",0.240481400027761,0.339301990682097,0.64837525855797,0.771107206875742
"TIMM9","Training_Young",-0.0550234594464385,0.660432184211931,0.841350576493017,0.977431488315119
"TIMM8B","Training_Young",-0.00734531713562347,0.962001185136053,0.98583093264051,0.999715485860804
"UCHL5","Training_Young",0.0422414328381038,0.646583132431828,0.840473066269237,0.981749078004725
"TIMM13","Training_Young",0.0387692957175325,0.693264347615705,0.856678242704008,0.985897490359715
"SRPRB","Training_Young",0.091569503124024,0.436552564157747,0.705095391824353,0.926911616846887
"GMPPB","Training_Young",0.140067456823452,0.220112980933413,0.526967523829196,0.808958138766869
"MPC1","Training_Young",-0.00270381213193716,0.982105508472433,0.995065803846013,0.999951179716159
"SNX5","Training_Young",-0.00645286310418314,0.987555667615683,0.995607680253317,0.999919197857353
"HEBP2","Training_Young",-0.0673993798638541,0.481676085339667,0.732091924355734,0.951958222545858
"HCFC2","Training_Young",-0.320828362923365,0.165712787668665,0.446574717537864,0.561755419445953
"FHOD1","Training_Young",0.0607934453066292,0.442515323897911,0.707351491128068,0.951644544701731
"MYH4","Training_Young",-0.272574435746019,0.460528030906746,0.716879296938917,0.809491351465842
"MRPS18B","Training_Young",0.0776059007882317,0.494167522864967,0.743550560531253,0.94676638857835
"COPG1","Training_Young",-0.0955351205850796,0.33714778799647,0.64837525855797,0.901343345666939
"CLIC4","Training_Young",0.245678342932099,0.0808224297191144,0.308971983206203,0.539019216008133
"NFS1","Training_Young",NA,NA,NA,NA
"SPCS1","Training_Young",0.0981699003671537,0.330607024265268,0.643148123860975,0.897038152005592
"SAR1B","Training_Young",0.0245817513562159,0.783208012121465,0.906554648391695,0.994011282307813
"MTCH2","Training_Young",-0.0350391087992605,0.654099513131737,0.841081765433012,0.985236117082578
"BZW2","Training_Young",0.0131593622636288,0.847072440913515,0.937647943385412,0.997818336290106
"DYNC1LI1","Training_Young",0.63785817421233,3.09011647274985e-05,0.00420567899030732,0.00132813918948384
"CHCHD2","Training_Young",-0.137915861842188,0.45614501406037,0.714874488234876,0.897397565622629
"NDUFB9","Training_Young",-0.389219272207146,0.00278511423578905,0.0448447267001383,0.101270663924714
"COX11","Training_Young",0.141723964001287,0.347992957239243,0.65383486130761,0.861052332675449
"SQOR","Training_Young",-0.231009349261491,0.407729672143037,0.689746693657078,0.812816222271075
"SESN1","Training_Young",-0.128187072969826,0.348288145381158,0.65383486130761,0.873539326903447
"SEC23IP","Training_Young",0.24884716197111,0.00832015052945853,0.0831518010670978,0.303690039312844
"MMP24OS","Training_Old",-0.219055957351287,0.299827421214655,0.83226384650978,0.768078401130299
"ESYT2","Training_Old",0.101476100655702,0.341781474529647,0.855652243324924,0.896781453162407
"ILVBL","Training_Old",-0.127018734261178,0.459154743294662,0.88276636608562,0.905862892262155
"FSD2","Training_Old",0.130041696436226,0.283735465720398,0.83226384650978,0.84889887803204
"TARS3","Training_Old",-0.0377085113304112,0.782886974477564,0.964677532145049,0.990812666798528
"VWA8","Training_Old",-0.290100934002602,0.0709933149987884,0.574051140599817,0.464234177893807
"CARNS1","Training_Old",0.452181538535612,0.0370445335887362,0.492063238612648,0.225321936751707
"MAP1LC3B2","Training_Old",0.0324225420226369,0.788695726359352,0.969008361879552,0.992333250164344
"PGP","Training_Old",-0.00772750564100733,0.920462914114937,0.993812647114009,0.999359760439369
"DHRS7C","Training_Old",-0.131488053132905,0.313753541311247,0.840923197016945,0.858632691747583
"SMTNL1","Training_Old",-0.149160158024152,0.42815922411063,0.878787445404908,0.881150696896168
"NUDT19","Training_Old",0.0768170257855267,0.705632586829416,0.9496049149363,0.973572415972747
"NACA","Training_Old",0.0766325925920448,0.271656614124442,0.83226384650978,0.904956089897631
"SLC35A4","Training_Old",0.124780770914125,0.353217446923967,0.855652243324924,0.87822207774628
"PDLIM1","Training_Old",-0.129579042732271,0.469320826711243,0.886901269473586,0.906628515923239
"MYO1C","Training_Old",-0.138750413950387,0.265194015016237,0.827805268081408,0.831800596236408
"FXYD1","Training_Old",0.0572779741825897,0.755816896455735,0.963649026695388,0.984092561159397
"STXBP3","Training_Old",0.14024974599722,0.17561846518568,0.723745265492305,0.783521935061633
"NDUFS8","Training_Old",-0.00451811157329018,0.974024235970224,0.995486406313297,0.999881094472393
"PSMD11","Training_Old",0.063778063613185,0.335984986512384,0.854859303067123,0.932802279322867
"PSMD12","Training_Old",-0.0483895029474581,0.627473447543414,0.925543336551644,0.97770028036875
"PSMD9","Training_Old",0.0677943297680237,0.4359620269807,0.879637326378204,0.945271716977514
"PGRMC1","Training_Old",-0.110135520066084,0.6825238790936,0.941123262889294,0.95880542619691
"CLIC1","Training_Old",0.219146858449811,0.0555078605002427,0.545726621703761,0.530675735814625
"EIF3F","Training_Old",-0.0133896900040256,0.872713540685637,0.989448788710031,0.998178682318424
"PDHX","Training_Old",-0.0976739855117259,0.201587003834597,0.756466017673328,0.855192893360503
"DCTN6","Training_Old",0.107878746854842,0.431767249062446,0.879044859220351,0.913379361893561
"IPO5","Training_Old",-0.00785855898109133,0.893880886145305,0.992052775375136,0.999118793735624
"EEF2K","Training_Old",-0.108775552364929,0.454672581018996,0.881507625891549,0.917837915131794
"EML1","Training_Old",-0.0735777656864727,0.433609909721863,0.879044859220351,0.940369576107409
"DNM1L","Training_Old",-0.0490093073776627,0.541707299537358,0.902203658501844,0.970402690009088
"RTCA","Training_Old",-0.220051839384997,0.0215042701168194,0.437344795096919,0.429604670854687
"NDUFA4","Training_Old",0.00593812258867388,0.953230125956716,0.995486406313297,0.999715610732942
"PSMD14","Training_Old",0.0496421484394673,0.47056781563914,0.886901269473586,0.96327050748864
"BIN1","Training_Old",-0.0108739025569307,0.862162983975589,0.989415529220451,0.998388580917536
"KPNA3","Training_Old",-0.000132238084340486,0.999086782101382,0.999560058644301,0.999999879182647
"DDX3X","Training_Old",0.0608184475119238,0.643955056821211,0.935439935590833,0.97358728138851
"KPNA4","Training_Old",0.0851694452834799,0.216447913805662,0.767010056975769,0.877793616288083
"CES2","Training_Old",0.0789523257637086,0.683526937605132,0.941123262889294,0.970406223303353
"FBP2","Training_Old",-0.0481870693521849,0.759665660251935,0.963649026695388,0.98684182527527
"PDXK","Training_Old",-0.0675299544868899,0.361134539888525,0.860596056117021,0.933532430105499
"SDHD","Training_Old",-0.0753627702627959,0.570914206850191,0.908364110698607,0.958637701282231
"COX7A2L","Training_Old",0.0183102138685385,0.914706437816609,0.993812647114009,0.998368937646024
"GAPDHS","Training_Old",0.0489834304902033,0.863582017715376,0.989415529220451,0.992841521286975
"HSPB6","Training_Old",0.277050076686816,0.0989079645220629,0.635316109452971,0.526779353240156
"NDUFAB1","Training_Old",-0.087180198470513,0.536294069180463,0.902203658501844,0.947129359651422
"IMPA2","Training_Old",-0.161080602005597,0.18254446167018,0.737158514431013,0.76036272645721
"PDCD5","Training_Old",0.0278554960413473,0.714855674582602,0.952539548718268,0.99069319611584
"PRMT5","Training_Old",-0.131026936078392,0.108172316627194,0.653669669012681,0.747210895565827
"PSMA7","Training_Old",0.043480535021299,0.454177720389509,0.881507625891549,0.966264436426186
"OPLAH","Training_Old",-0.0928686176937816,0.323274531475487,0.849198769249041,0.900439591521574
"MGST3","Training_Old",-0.150701153803681,0.191716801996141,0.748189951684795,0.779643497097853
"RGS12","Training_Old",-0.221866422126446,0.212524050331102,0.762055677927484,0.709209326349317
"HAT1","Training_Old",0.79805876315001,0.0897173453953758,0.623299452220506,0.14599360976906
"UQCRQ","Training_Old",0.0653580847844637,0.465769315731154,0.886220535877655,0.95128858153692
"MYL12B","Training_Old",0.332388609924049,0.0233860195817656,0.440993512113295,0.286985301987609
"UQCR11","Training_Old",0.0384209313343504,0.818356088552861,0.981506429635653,0.992327810318691
"CASQ2","Training_Old",-0.0317156224613022,0.844840919524695,0.983947986003869,0.994666798541498
"HGS","Training_Old",-0.0829467174997056,0.454070594329985,0.881507625891549,0.936611551342267
"HNRNPDL","Training_Old",-0.0529585224448859,0.674553024271508,0.941123262889294,0.979365824401489
"XPO1","Training_Old",-0.0679642002729608,0.381554248962194,0.863864408103037,0.936614351707337
"ATP2A1","Training_Old",0.0297726925469313,0.818010145627743,0.981506429635653,0.994037094570144
"SYNJ2","Training_Old",0.0706027458077259,0.772816049876244,0.963899717428151,0.981969203499176
"SYNM","Training_Old",-0.16590591486877,0.486300936885002,0.887698857995787,0.887269811283887
"ARPC1B","Training_Old",0.466735549391103,0.00173836072950052,0.215965756512064,0.0515080586032349
"ARPC2","Training_Old",0.105785369434752,0.488574985068653,0.889543421090513,0.927029330213871
"PGRMC2","Training_Old",-0.137862318855799,0.313427451158405,0.840923197016945,0.852189703747099
"PFDN6","Training_Old",-0.0492649099513827,0.582152478658824,0.908364110698607,0.973698624933695
"NDUFA1","Training_Old",0.261999803378803,0.334597427869206,0.854859303067123,0.75062843852524
"SURF4","Training_Old",-0.0854308772847148,0.535903585740279,0.902203658501844,0.948103251419421
"MAPK13","Training_Old",-0.249382452635899,0.147705709878456,0.691531700111243,0.620672148356885
"TCAP","Training_Old",-0.0516121681078126,0.838169091044401,0.983947986003869,0.990930007052315
"PMM2","Training_Old",0.122192576885009,0.476785709717801,0.886901269473586,0.913468312414226
"EIF3D","Training_Old",0.0126236612582886,0.888182703840608,0.989890169135284,0.998504233674256
"EIF3H","Training_Old",-0.123125063936964,0.429531004450693,0.879044859220351,0.901181829579247
"BCAT2","Training_Old",-0.0447139037781739,0.700923547939394,0.94817759481339,0.984236195625584
"STX7","Training_Old",0.0943710750306472,0.360180126913929,0.860596056117021,0.908130562391162
"SLC16A3","Training_Old",0.135894225322712,0.485812462486615,0.887698857995787,0.906552375568966
"YKT6","Training_Old",-0.00839377255085338,0.911888056365349,0.993247846850757,0.999226074492764
"ARPC5","Training_Old",0.128565220427642,0.460610102001115,0.88276636608562,0.905141321789836
"TAPBP","Training_Old",-0.126620983926459,0.42362991601119,0.876052777899389,0.896950918669048
"DHX15","Training_Old",-0.0978926870422363,0.341691097607318,0.855652243324924,0.900214794863272
"CYB5B","Training_Old",-0.204923850661828,0.228668010042169,0.785504846495712,0.739070564433028
"NDUFS4","Training_Old",-0.0455492766357573,0.757987719457009,0.963649026695388,0.987458150565904
"DYNC1LI2","Training_Old",-0.0488191939986962,0.65303042295031,0.939580293626359,0.979411498570988
"PSMD3","Training_Old",-0.0387148518148663,0.64619381560709,0.935439935590833,0.983237024363971
"RASA4","Training_Old",-0.136471908470362,0.389463954735027,0.865839865684608,0.8792457680934
"HNRNPR","Training_Old",0.102150621521332,0.266132063719208,0.827805268081408,0.873520943039829
"TXNL1","Training_Old",0.0516079471725135,0.394042534296201,0.871945426651606,0.953074412058249
"TPD52L2","Training_Old",-0.0451398382630046,0.481002295875621,0.886901269473586,0.96750267338876
"ERI3","Training_Old",-0.274254788284889,0.0427426114922777,0.510013533738365,0.421218161296842
"AKR7A2","Training_Old",-0.00522465519618009,0.950286517296801,0.995486406313297,0.999733621211649
"LAT","Training_Old",0.0653500326138037,0.679290346792563,0.941123262889294,0.975045355012028
"DENR","Training_Old",-0.00580283701301099,0.9391135055334,0.995486406313297,0.999635538432225
"DNPH1","Training_Old",0.0384189759613278,0.72241822483866,0.956581373579467,0.987585730443699
"TIMM44","Training_Old",0.0303856121196482,0.76116255909205,0.963649026695388,0.991741801121357
"TRAPPC3","Training_Old",0.00298013287849841,0.983076671005557,0.995486406313297,0.99994913589416
"CHMP2A","Training_Old",-0.0101046060224377,0.888042202207153,0.989890169135284,0.998800938825957
"NDUFB5","Training_Old",0.099103696417064,0.422301307385329,0.876052777899389,0.918116512974192
"NDUFB3","Training_Old",0.00246293312094181,0.985588103977796,0.995486406313297,0.999964246839744
"NDUFA2","Training_Old",-0.0755211784087138,0.525387758042382,0.902203658501844,0.952555560126612
"BUB3","Training_Old",-0.0914639826645001,0.425005060571362,0.876052777899389,0.924722541887794
"ACTN4","Training_Old",0.367276786528983,0.379074104042095,0.863864408103037,0.700285521775439
"GSTZ1","Training_Old",-0.265874846870179,0.152265459317092,0.701382472543766,0.6062814373781
"PRKAB2","Training_Old",0.0802616672434056,0.362318235142842,0.860596056117021,0.921747235453158
"AP1G1","Training_Old",0.168358417673982,0.259425919990679,0.827145827681917,0.796790628457273
"SYNGR2","Training_Old",-0.479313072745114,0.00102089741902116,0.17699564030642,0.0368439362786014
"SGTA","Training_Old",-0.0666854119490381,0.407085575731006,0.876052777899389,0.941828289396682
"ENSA","Training_Old",0.00465694528632099,0.969590217007705,0.995486406313297,0.999856195704724
"SLC25A20","Training_Old",0.0642611352890476,0.641982029954809,0.935080032596246,0.971921526634672
"NARS1","Training_Old",0.0156783160326306,0.876665005428242,0.989448788710031,0.997938386021721
"LANCL1","Training_Old",-0.0754746342665413,0.444935056085741,0.879679631210944,0.940709037556052
"SLC37A4","Training_Old",-0.086206626409858,0.546042608087165,0.902203658501844,0.949176955816854
"IDH3B","Training_Old",0.293821848277751,0.0106582932487391,0.375570969196677,0.26332466744289
"CALU","Training_Old",0.306973060642772,0.00530224366906324,0.324933608633403,0.200202927640334
"AHCYL1","Training_Old",0.150542910178466,0.136467849192647,0.676228153156142,0.740943258945703
"NDUFS5","Training_Old",0.0303473408066033,0.836223465867018,0.983901927527099,0.99458679736492
"TIMM8A","Training_Old",0.0836710945781896,0.67183157157467,0.941123262889294,0.96726770830769
"PPP1R12B","Training_Old",-0.0252743810322009,0.906390383348486,0.993247846850757,0.997518985750886
"PRPSAP2","Training_Old",-0.0401483670346856,0.778766758196686,0.964044286843193,0.990011375187504
"SPAG9","Training_Old",0.157174905822147,0.239559309235007,0.798364986543049,0.798839083825071
"OPA1","Training_Old",0.0989342755111302,0.302944990969128,0.83226384650978,0.888564791857109
"TBC1D4","Training_Old",0.0563498231388415,0.538131060930451,0.902203658501844,0.965685231775973
"SNX3","Training_Old",-0.0940897021646059,0.168290326726604,0.72014747959999,0.845629521868259
"SYNCRIP","Training_Old",-0.0644430698220724,0.474707880894185,0.886901269473586,0.953120754601192
"SELENOF","Training_Old",0.132557511231408,0.483244317934881,0.886901269473586,0.908100534380596
"KLHL41","Training_Old",0.167473591352682,0.455468536046418,0.881507625891549,0.87659865202044
"PLIN3","Training_Old",0.0535120178898296,0.54858780500986,0.902203658501844,0.968381614157196
"KPNA6","Training_Old",0.147588002014203,0.109900584788551,0.653669669012681,0.721876836691654
"SNX2","Training_Old",-0.0591442427059725,0.514952536097374,0.90187800814763,0.961507529239839
"USO1","Training_Old",-0.115473464699697,0.249054831446588,0.810483519283813,0.851702826768717
"TOM1","Training_Old",-0.116945101746843,0.222406973681029,0.774014610275,0.838787989611882
"PFKFB2","Training_Old",0.11375861148997,0.371111580485576,0.863864408103037,0.89336190748229
"EDF1","Training_Old",-0.0635095962358854,0.533272826030989,0.902203658501844,0.960856804576681
"DNAJA2","Training_Old",0.124950381284595,0.109155168918136,0.653669669012681,0.758234025349515
"CUTA","Training_Old",-0.291242513803727,0.0508241700614121,0.539277442419869,0.419906560689094
"PFDN1","Training_Old",-0.0461963670414889,0.601523956155708,0.914628218431141,0.976792434530308
"NOL3","Training_Old",-0.119648933631122,0.301238653638362,0.83226384650978,0.866267897971173
"WDR1","Training_Old",0.0842917385553292,0.258037667796537,0.827145827681917,0.892092208657286
"LDB3","Training_Old",0.025806798020966,0.794489908509178,0.97216841643765,0.994080606272593
"CLASP2","Training_Old",-0.139346432523642,0.315908295995971,0.843453576137587,0.851658754354622
"COBL","Training_Old",0.132262535167879,0.456376898220532,0.881507625891549,0.901449251767026
"CPNE3","Training_Old",-0.0938090891780874,0.262418352826293,0.827805268081408,0.882056440866799
"CLUH","Training_Old",0.019532600520435,0.916985810437742,0.993812647114009,0.99830867266635
"CAND2","Training_Old",-0.0492597054278434,0.666241034779951,0.941123262889294,0.980194211861775
"COQ9","Training_Old",-0.137820594338521,0.119315738837545,0.663144316907621,0.746019076635996
"GGCT","Training_Old",-0.180500401516113,0.0592711193143054,0.549376076002249,0.600478817773242
"NDUFS7","Training_Old",0.0466862890016806,0.779841064078478,0.964044286843193,0.988457874577414
"RTN2","Training_Old",-0.125840967124585,0.137119946478648,0.676228153156142,0.778774834853454
"NDUFS2","Training_Old",0.119791011465381,0.377851620406968,0.863864408103037,0.889952627661279
"NIPSNAP2","Training_Old",-0.0168651848942147,0.861518081298145,0.989415529220451,0.997489245669692
"CILP","Training_Old",0.243052090997555,0.145396424723327,0.691531700111243,0.625830799126598
"TBCA","Training_Old",-0.0334245669521103,0.65708028599233,0.939580293626359,0.98606143826367
"ATP6V1G1","Training_Old",-0.22364592240946,0.00423341371008327,0.324933608633403,0.294590715416728
"VPS4B","Training_Old",0.107757544249782,0.418165940857144,0.876052777899389,0.910327077998642
"MACROH2A1","Training_Old",0.211505606925105,0.418535326351172,0.876052777899389,0.831752706144323
"SH3BGRL","Training_Old",0.454394935383196,0.0162560313770392,0.408723074622699,0.153848782034784
"FLNB","Training_Old",0.259884317954509,0.131189408020403,0.676228153156142,0.58986920542937
"NDUFS6","Training_Old",0.0376632329247641,0.776193145871592,0.964044286843193,0.990503255041037
"CS","Training_Old",-0.0149093933108411,0.861584215687659,0.989415529220451,0.997781226836705
"SEC22B","Training_Old",-0.0475131057673401,0.527130152208195,0.902203658501844,0.970035110369326
"MTX2","Training_Old",-0.00645731648557302,0.946521567082502,0.995486406313297,0.999645159025958
"VPS26A","Training_Old",-0.0711687991591852,0.438137108198164,0.879637326378204,0.942961185964269
"NDUFB1","Training_Old",-0.039956953929611,0.776174236602712,0.964044286843193,0.989926854274977
"PMPCB","Training_Old",0.13932650108454,0.153781675194332,0.705717151021978,0.770396429147142
"NDUFS3","Training_Old",-0.0451224310123379,0.696560351216324,0.945046573871464,0.983816080984724
"ECI2","Training_Old",-0.0144300066769247,0.897999602411737,0.992150949809458,0.998448742747978
"BANF1","Training_Old",0.203943080268616,0.202315980325113,0.756466017673328,0.721887727911933
"CSDE1","Training_Old",-0.00672504483073055,0.940326279204644,0.995486406313297,0.999586304626881
"PRKRA","Training_Old",0.00382450361021114,0.984413704874924,0.995486406313297,0.999939922530255
"LYPLA1","Training_Old",0.0220662283577155,0.804734490073311,0.979596105495581,0.995217740548254
"TIPRL","Training_Old",0.0575402742816884,0.440623741953572,0.879679631210944,0.953936725617469
"PPM1B","Training_Old",0.00301945839326478,0.979287251001306,0.995486406313297,0.999936803927129
"SLC25A12","Training_Old",0.061630548167976,0.470652441053456,0.886901269473586,0.954615190827745
"TCEA3","Training_Old",0.0952388487878828,0.432624544244172,0.879044859220351,0.923301721478539
"EIF3G","Training_Old",0.0760996581811497,0.446463113826436,0.879679631210944,0.940478350407837
"EIF3J","Training_Old",0.0225479806315398,0.723478119552589,0.956914735934302,0.992728126388775
"PSMD10","Training_Old",-0.0453063044095394,0.58194605045553,0.908364110698607,0.975770547208436
"IDH1","Training_Old",-0.097984877719945,0.192007080403958,0.748189951684795,0.850699010758248
"SCO1","Training_Old",0.272451217290346,0.0854102553961859,0.609413714178191,0.511550607110663
"ALDH1L1","Training_Old",-0.179061275091648,0.147689996754443,0.691531700111243,0.710007514858431
"ARL6IP5","Training_Old",-0.0591733664078191,0.479503049088878,0.886901269473586,0.957439522595335
"DYSF","Training_Old",0.0707553786708459,0.365484555993823,0.862068355664414,0.931259321101423
"PIAS2","Training_Old",0.118929203641294,0.296417237672294,0.83226384650978,0.865354185408908
"DCTN3","Training_Old",0.286696817312713,0.058770066503298,0.549376076002249,0.443732250897643
"ATP5PD","Training_Old",-0.0345054907093072,0.681819585753263,0.941123262889294,0.986871673665079
"FLOT1","Training_Old",0.0224663413405608,0.831992732583875,0.983448936784755,0.995876256573575
"ATP5MG","Training_Old",-0.0668146167039474,0.454138138710297,0.881507625891549,0.948626267234067
"GLRX3","Training_Old",0.215633974661497,0.0568465230941418,0.545726621703761,0.538854921644661
"SNCG","Training_Old",0.380859256675665,0.060088008312746,0.549376076002249,0.342681005632991
"DDAH1","Training_Old",0.0658409983181159,0.558338743903234,0.904801489203699,0.962355419058072
"TPPP","Training_Old",-0.412658821045987,0.00926245175659452,0.35567814745323,0.144861017506099
"BAIAP3","Training_Old",-0.0319269915671825,0.8323823076339,0.983448936784755,0.99415968565056
"TOMM70","Training_Old",-0.0347734926808272,0.742126854359067,0.96052792178464,0.989682914403053
"UFL1","Training_Old",-0.115788701588414,0.263566549047863,0.827805268081408,0.856930575083246
"TMEM63A","Training_Old",0.0888166156610914,0.550191303308093,0.902203658501844,0.948316499771709
"PLPBP","Training_Old",-0.124390516233532,0.113398937060411,0.656203754612056,0.762785314905299
"ERLIN2","Training_Old",-0.0867275516205765,0.488108672275864,0.889461187098038,0.939692586821541
"ENDOD1","Training_Old",0.0435138401088118,0.578909966260941,0.908364110698607,0.97649560768045
"SEC31A","Training_Old",0.119870442467221,0.229261580888051,0.785504846495712,0.838151695401982
"NDUFB6","Training_Old",0.0171201353306181,0.918562968135255,0.993812647114009,0.998546790097712
"MFN2","Training_Old",-0.146721154281373,0.12904523466176,0.676228153156142,0.740503363718065
"NDUFA3","Training_Old",-0.0923647276358288,0.564601287916484,0.908276497922743,0.948570698133998
"NDUFB4","Training_Old",-0.00607397212569794,0.966332094978312,0.995486406313297,0.999792001936562
"NDUFB8","Training_Old",0.0454646870782547,0.696759684882404,0.945046573871464,0.98370712803086
"NDUFA7","Training_Old",0.0810341852033076,0.588213172809891,0.908364110698607,0.957909402002902
"RTN3","Training_Old",0.0611773903493322,0.729316296284699,0.957312627565745,0.98087474698822
"LETM1","Training_Old",0.0640756174876564,0.584491196251704,0.908364110698607,0.966175798338846
"STBD1","Training_Old",-0.0316748566751102,0.70809313020482,0.950079131066936,0.98912603757481
"ZRANB2","Training_Old",0.0256249715683197,0.926734652399402,0.995486406313297,0.998052146753968
"EPM2A","Training_Old",-0.0239989438144441,0.884468542391362,0.989448788710031,0.99705802582445
"VAPB","Training_Old",-0.0971283609586884,0.243191019379714,0.801147306649043,0.871682024767164
"NDUFC2","Training_Old",0.104479785865738,0.546541431902757,0.902203658501844,0.938829908716078
"NDUFA10","Training_Old",0.106408916614932,0.406464719716491,0.876052777899389,0.908649821599891
"PGLS","Training_Old",-0.0616755943250631,0.619474208812879,0.925543336551644,0.970896440956138
"TACC2","Training_Old",-0.201746021625723,0.095516829747468,0.635286888423957,0.622637361918266
"LYPLA2","Training_Old",-0.0248517370347301,0.869425404758574,0.989448788710031,0.996528715750912
"IPO7","Training_Old",-0.0767702420315644,0.512800029355494,0.901277524351826,0.950019765281254
"ARIH2","Training_Old",0.0789297286683457,0.520135270805242,0.902203658501844,0.94971464913904
"PGM3","Training_Old",-0.128360848646082,0.278788816076813,0.83226384650978,0.848779873388666
"SVIL","Training_Old",-0.232030901955053,0.308959761565012,0.836567969776034,0.761450160771753
"AHSA1","Training_Old",0.00934920334052336,0.916999630027933,0.993812647114009,0.999190236299614
"H6PD","Training_Old",-0.197849250553695,0.0632174052930851,0.554138533128299,0.57909049042743
"MPC2","Training_Old",-0.0646257851064576,0.56546644976721,0.908276497922743,0.963827021393903
"ETHE1","Training_Old",-0.0736798355224444,0.508667859863038,0.899754204380851,0.951415291615328
"ACSL3","Training_Old",-0.0265457011479882,0.762283792551857,0.963649026695388,0.992820428618661
"ASMTL","Training_Old",-0.0926271801902772,0.486161843352991,0.887698857995787,0.935378525698835
"CDS2","Training_Old",-0.0774413952062716,0.471733761432691,0.886901269473586,0.943475522378686
"SNAP29","Training_Old",-0.113788241443928,0.322144749021953,0.84729349880017,0.879067036092747
"OXSR1","Training_Old",-0.0859475430413426,0.19597428664757,0.755287761678227,0.869293137200837
"LSM8","Training_Old",0.0287058742878301,0.844443431047357,0.983947986003869,0.995158240963206
"AP2A1","Training_Old",0.204418952525909,0.0701461886828439,0.573093696024862,0.580899981476263
"CAVIN2","Training_Old",-0.202854711198274,0.0375540292509085,0.495713186111992,0.513880767524295
"BAG2","Training_Old",-0.0318936444836009,0.823982681280078,0.981506429635653,0.993844231351401
"BAG3","Training_Old",0.161437261761709,0.217328589869676,0.767711082817081,0.781602538732675
"MLYCD","Training_Old",-0.0287010827884657,0.872618164324251,0.989448788710031,0.996096907702567
"AIFM1","Training_Old",-0.0439170531629927,0.537711611295831,0.902203658501844,0.973120282005156
"EML2","Training_Old",0.0518714589571303,0.737850606695182,0.96052792178464,0.984354045026782
"BPNT1","Training_Old",-0.0147358924252927,0.898378876876498,0.992150949809458,0.998422098044266
"DDAH2","Training_Old",0.00431783377631589,0.967734276721302,0.995486406313297,0.999858394850744
"ABHD16A","Training_Old",-0.464624350064938,0.0159463928783328,0.405768454928179,0.14618850120745
"TXNDC12","Training_Old",-0.588085874359471,0.083936445391256,0.604088429451636,0.232911285354823
"NUDT3","Training_Old",-0.11283275634305,0.263169512812639,0.827805268081408,0.860168594551211
"NDUFB10","Training_Old",-0.0192147992047822,0.886711918848635,0.989448788710031,0.997692372777704
"CLPTM1","Training_Old",-0.210137354493131,0.242410160739316,0.800130485121251,0.742456711412598
"MOCS2","Training_Old",-0.0264484557336147,0.834633134963547,0.983448936784755,0.995230507854745
"TOMM40","Training_Old",0.0263313453195551,0.801861174436925,0.977343434630245,0.994202389365036
"PEX11B","Training_Old",-0.254250704241322,0.162924393095469,0.711931014344453,0.630444577962448
"CYB5A","Training_Old",-0.137353111712347,0.312880431817094,0.840923197016945,0.852488743826213
"ADH1B","Training_Old",-0.693627278270899,0.00878966623325009,0.351192486345986,0.0374872135934754
"LDHA","Training_Old",0.0999057797888057,0.495837871755337,0.893953138207252,0.932315006453123
"ALDH1A1","Training_Old",-0.248832374505287,0.0652272066718911,0.555483308431589,0.506980783568888
"GLUD1","Training_Old",0.1607752215141,0.113406425394603,0.656203754612056,0.704707933300842
"CYB5R3","Training_Old",-0.0364112967634895,0.685300835316102,0.941123262889294,0.98633449945112
"GSR","Training_Old",0.0492284612427767,0.48063128749985,0.886901269473586,0.964575210215113
"MT-CO1","Training_Old",0.284962132241745,0.154375626786058,0.705717151021978,0.58718596419015
"MT-CO2","Training_Old",-0.015039578535788,0.905451904706143,0.993247846850757,0.998507367336041
"MT-CO3","Training_Old",-0.0730972223111443,0.639362356715133,0.932550619739199,0.967833498762371
"SOD1","Training_Old",-0.161329480699582,0.0894438976102933,0.623299452220506,0.677414083521627
"CP","Training_Old",-0.0291252273720168,0.833224958031824,0.983448936784755,0.994700149239475
"F13A1","Training_Old",0.12451355283196,0.493692626178091,0.893953138207252,0.915864440222245
"HPRT1","Training_Old",0.556196949731628,9.28350291080175e-05,0.157631532064891,0.00571812501475907
"GOT2","Training_Old",0.0411114973176154,0.626839470538871,0.925543336551644,0.980981445724336
"PGK1","Training_Old",0.0448799861137061,0.585745560624866,0.908364110698607,0.97628087879073
"AK1","Training_Old",-0.0460599190043212,0.656088779564183,0.939580293626359,0.980774831837572
"MT-ATP6","Training_Old",-0.176268766891052,0.259041981202852,0.827145827681917,0.788125682933609
"CA2","Training_Old",-0.0940639718378406,0.494888312712423,0.893953138207252,0.935974751733375
"ASS1","Training_Old",-0.64674479115051,0.00622141023903996,0.325146531989437,0.0374290753421568
"CST3","Training_Old",0.153002085963195,0.202745369320993,0.756466017673328,0.783361184936284
"CSTA","Training_Old",0.56298566970538,0.091563645061781,0.626382328945575,0.260294486468313
"JCHAIN","Training_Old",-0.278039772950443,0.365900227605267,0.862068355664414,0.756131722313612
"HLA-B","Training_Old",0.102676736692011,0.584358266923354,0.908364110698607,0.946331683965588
"HLA-DRB1","Training_Old",-0.186043877759207,0.32915298240684,0.854859303067123,0.813232664471138
"MB","Training_Old",-0.142757126589395,0.0864047224675973,0.614433581991803,0.704990307789156
"COL1A1","Training_Old",0.0284591797648694,0.942432165860058,0.995486406313297,0.998314040073959
"COL3A1","Training_Old",0.347747076274711,0.374014334063067,0.863864408103037,0.710351229659233
"COL4A1","Training_Old",-0.0792452834933925,0.81793866790395,0.981506429635653,0.984200384325294
"CRYAB","Training_Old",0.347701611501147,0.0182207213654192,0.418284386127885,0.248425312326355
"KRT14","Training_Old",0.0173632358890785,0.968194246817687,0.995486406313297,0.999438933507005
"LMNA","Training_Old",0.0856512290725959,0.620043202991537,0.925543336551644,0.959888270941365
"TNNC2","Training_Old",0.252382221510153,0.342336843145717,0.855652243324924,0.762964578537852
"APOE","Training_Old",-0.108937090065758,0.609531851164643,0.920179606618817,0.947497633579038
"LRG1","Training_Old",-0.415925667311107,0.0246105295692665,0.446299191226819,0.214203178654182
"FN1","Training_Old",-0.136339278479859,0.656581609296572,0.939580293626359,0.944254960719399
"RBP4","Training_Old",-0.266739885009102,0.265861216823785,0.827805268081408,0.702315959851278
"TTR","Training_Old",0.0147938662812237,0.926936329218744,0.995486406313297,0.9988782131135
"PPBP","Training_Old",0.40922042807588,0.0837488341360217,0.604088429451636,0.362460688609469
"TFRC","Training_Old",-0.534141510166172,0.0814019312447675,0.594881933525775,0.261893535224799
"FTL","Training_Old",0.409320685450041,0.350510220679403,0.855652243324924,0.651083325172507
"FTH1","Training_Old",0.121835123763031,0.625771969928681,0.925543336551644,0.944487753433453
"MT2A","Training_Old",-0.534890648337903,0.00631203021381009,0.325146531989437,0.0665780402074527
"MT-ND1","Training_Old",0.0179351536982928,0.898115555585216,0.992150949809458,0.998074606429645
"MT-ND2","Training_Old",0.142612102083195,0.442802120535995,0.879679631210944,0.890318136672986
"MT-ND3","Training_Old",-0.144965050164458,0.382438249171554,0.863864408103037,0.869933351217491
"MT-ND4","Training_Old",-0.217741253721037,0.193783880333932,0.75233741776703,0.699551433976709
"MT-ND5","Training_Old",0.236006804492227,0.304700747315197,0.832507087101805,0.755423756908479
"MT-ATP8","Training_Old",0.0819382623492189,0.55864637401592,0.904801489203699,0.953412505051733
"CAT","Training_Old",-0.0582611191047917,0.73088304585036,0.958773287475752,0.981900826463179
"ALDOA","Training_Old",-0.0344165226309912,0.644923243882898,0.935439935590833,0.985017460250611
"CSTB","Training_Old",0.0354320560345442,0.763715936582032,0.963649026695388,0.990494423650559
"ANXA1","Training_Old",0.238397627244542,0.227977357452629,0.785461955856367,0.702947528775775
"SOD2","Training_Old",-0.0616210768936902,0.686841199044173,0.941123262889294,0.977117770776566
"KRT1","Training_Old",0.0327829368769272,0.910408570247573,0.993247846850757,0.996927663786004
"VWF","Training_Old",0.164625869477693,0.463609458163395,0.885301243798454,0.881130085321616
"GAPDH","Training_Old",0.166384188644564,0.0643468440966811,0.554138533128299,0.633516270795601
"HLA-A","Training_Old",0.125831977761091,0.406651247786911,0.876052777899389,0.892951035313082
"CAPNS1","Training_Old",0.106522992355096,0.0467061774195998,0.53050856791566,0.721535612721939
"HSPB1","Training_Old",0.376663015654135,0.01783953876676,0.415694818535368,0.219462782774716
"RPN1","Training_Old",0.00581894654418136,0.929436917459845,0.995486406313297,0.999574281425557
"RPN2","Training_Old",0.00219949564747779,0.986456326212498,0.995887075029061,0.999970007630152
"GNAI2","Training_Old",-0.036137657246659,0.630433916373364,0.927475832047288,0.98346621100624
"ATP1A1","Training_Old",0.110419154838713,0.128434009795231,0.676228153156142,0.797225540298163
"ATP1B1","Training_Old",0.0787157086173984,0.296782779718507,0.83226384650978,0.908809039867564
"APOD","Training_Old",-0.289649356257833,0.168174024005753,0.72014747959999,0.596680120022147
"ALDH2","Training_Old",-0.105933437333679,0.531665249889555,0.902203658501844,0.93526766433501
"S100A8","Training_Old",0.29116859191495,0.388145631261939,0.865031761503811,0.759150996108772
"SLC25A5","Training_Old",0.0207953304842938,0.81215028715465,0.981217417168527,0.995682465688385
"SERPING1","Training_Old",0.033146766956353,0.844038931452136,0.983947986003869,0.994395509053596
"PCCA","Training_Old",-0.025649962287897,0.811294361695052,0.981217417168527,0.99465032956596
"PCCB","Training_Old",0.0231821343743341,0.845916648064498,0.983947986003869,0.996128344577584
"EIF2S1","Training_Old",0.0552955708192542,0.291523639072804,0.83226384650978,0.934111741154431
"RPLP1","Training_Old",0.00759916916583592,0.964999564831782,0.995486406313297,0.999729296270199
"RPLP2","Training_Old",0.232688514304037,0.124054941866159,0.67526813716837,0.615310610886599
"RPLP0","Training_Old",0.152242035274892,0.270556297297996,0.83226384650978,0.81953168417782
"FABP3","Training_Old",-0.149010853464389,0.23317161244354,0.789286641174775,0.804964657514898
"CLEC3B","Training_Old",-0.0732044502114277,0.646069321159114,0.935439935590833,0.968526676603786
"SSB","Training_Old",0.0122927934677008,0.936598430650208,0.995486406313297,0.99919513801678
"ITGB1","Training_Old",-0.115435984598147,0.0883675493021295,0.621860134869137,0.755725841998124
"KRT18","Training_Old",0.275615164197571,0.316295091051595,0.843453576137587,0.728145045800237
"KRT8","Training_Old",-0.00370177764829194,0.991323914454558,0.999050312966108,0.999967743444907
"MYL1","Training_Old",0.390205345047249,0.169790024967369,0.72014747959999,0.500619328598546
"GSN","Training_Old",0.473209921601121,0.00571922059325235,0.324933608633403,0.0868459450701155
"PTMA","Training_Old",0.0411179607589514,0.781249716080804,0.964044286843193,0.989900943490061
"ATP5F1B","Training_Old",0.0792665199794271,0.352684392653285,0.855652243324924,0.920710047319407
"S100A9","Training_Old",0.343172195003913,0.261272260844574,0.827805268081408,0.63090305360697
"S100A6","Training_Old",0.532280625744242,0.0929013163233056,0.626382328945575,0.282291651121706
"EIF4E","Training_Old",-0.0677258461167689,0.398151231861377,0.87207282892619,0.939534899254921
"CKM","Training_Old",-0.0849596199101299,0.232083906923768,0.789286641174775,0.883294329890362
"ENO1","Training_Old",0.129153253067965,0.287295257492098,0.83226384650978,0.851219096444737
"PYGL","Training_Old",-0.0561361912000606,0.76976413972148,0.963649026695388,0.985418140074301
"GPI","Training_Old",0.0793218965295388,0.231287679550318,0.787870289048824,0.890355345216636
"NPM1","Training_Old",-0.00760922470979608,0.948197011101322,0.995486406313297,0.999595324560067
"TPM3","Training_Old",0.179789525190088,0.592111818832973,0.910145677856797,0.910082104517838
"EPHX1","Training_Old",-0.0192243530754652,0.893728014239131,0.992052775375136,0.997842402140726
"DBI","Training_Old",-0.234934107595858,0.0584598906758756,0.549376076002249,0.513207369902402
"LDHB","Training_Old",-0.0785465702900616,0.669209355402074,0.941123262889294,0.96894358921632
"GPX1","Training_Old",-0.142422131210179,0.0478033630259746,0.532511811605872,0.648523410924046
"P4HB","Training_Old",0.00714288722299372,0.918605128572471,0.993812647114009,0.999393760397511
"H1-0","Training_Old",-0.236117866333732,0.147998261576838,0.691531700111243,0.636916884565705
"CTSD","Training_Old",-0.157186987093681,0.0915242769134474,0.626382328945575,0.686699957951676
"ANXA2","Training_Old",0.143421933764785,0.173110117352126,0.722976489754083,0.777604442341023
"CAPN1","Training_Old",-0.0528544290004476,0.340559582532734,0.855652243324924,0.944657405859177
"TUBB","Training_Old",0.212397499198371,0.0103797246004198,0.375570969196677,0.379003160520983
"CA3","Training_Old",-0.0913763941474528,0.383845928344011,0.863864408103037,0.916224204169976
"DCN","Training_Old",-0.0566172517754495,0.768169682874488,0.963649026695388,0.985178440780646
"PSAP","Training_Old",-0.14732788864816,0.21561238753322,0.767010056975769,0.797685236704203
"PFN1","Training_Old",0.000405748782050352,0.995573364232462,0.999560058644301,0.999998199912433
"BPGM","Training_Old",-0.0652296263709786,0.671978678354485,0.941123262889294,0.974402665540233
"APRT","Training_Old",0.0917725739627926,0.299825993152724,0.83226384650978,0.895346102401577
"EPRS1","Training_Old",0.000754553520859957,0.988753871692764,0.997729659347882,0.99999146615368
"CTSB","Training_Old",0.156533924811868,0.160040870443061,0.709253370406334,0.750645940516552
"HSP90AA1","Training_Old",0.038789975681297,0.621347010764527,0.925543336551644,0.981710506993681
"UQCRH","Training_Old",0.0574120407206848,0.518897447451597,0.902203658501844,0.963035395335384
"TPM2","Training_Old",0.256024753124077,0.411896744285291,0.876052777899389,0.796849463854669
"FH","Training_Old",0.124171613070615,0.0539860856493204,0.545726621703761,0.695961781406029
"COL1A2","Training_Old",-0.0831968989405176,0.855405410783404,0.989415529220451,0.987090381778813
"ANXA6","Training_Old",0.073479567545931,0.274348380005667,0.83226384650978,0.909340854360048
"PFKM","Training_Old",-0.0227192138831072,0.840590812512342,0.983947986003869,0.996062574077566
"HSP90AB1","Training_Old",0.0685527631029643,0.39242983606027,0.869687107827166,0.937888614821111
"SOD3","Training_Old",-0.433436455832695,0.0406105068246829,0.509531539688675,0.249421084631945
"CTSG","Training_Old",0.0985102140828964,0.801310215754863,0.977343434630245,0.97841563561123
"PDHA1","Training_Old",0.00132138181040986,0.983956946523966,0.995486406313297,0.999978629340074
"COL4A2","Training_Old",-0.043861903037655,0.885474542110578,0.989448788710031,0.994679213583845
"CYC1","Training_Old",0.0629131944320491,0.491018216430604,0.891685703440615,0.956237923751464
"MYL3","Training_Old",0.0397253589739783,0.901232682863718,0.993247846850757,0.995877409514452
"SNRNP70","Training_Old",-0.113242374851255,0.4394021682429,0.879637326378204,0.91108074213254
"NFIC","Training_Old",-0.129535428773444,0.349945214209719,0.855652243324924,0.87283439559198
"VIM","Training_Old",0.184102056216599,0.336152706228284,0.854859303067123,0.818152791867673
"SERPINF2","Training_Old",0.0701357936660258,0.645207520895243,0.935439935590833,0.969735105550403
"RPS17","Training_Old",0.265113488615292,0.0263371103008146,0.446299191226819,0.381303950626655
"KRT19","Training_Old",0.181726650872278,0.543144899066316,0.902203658501844,0.89500841556936
"ANXA5","Training_Old",-0.0481648531599959,0.649478029581288,0.9363189174117,0.979427277050121
"RPSA","Training_Old",0.210386169495219,0.0276276616249672,0.448843241168699,0.469981065567159
"SNRPA","Training_Old",0.0683171838037815,0.537154418713134,0.902203658501844,0.95843162207212
"ENO2","Training_Old",0.176005024637732,0.142925816840163,0.691243596726719,0.710060305453894
"ACAA1","Training_Old",-0.0840929569096893,0.448025062791724,0.880212960573135,0.934710196093841
"GSTP1","Training_Old",-0.198681757044582,0.025503272306032,0.446299191226819,0.482413747259899
"LGALS1","Training_Old",0.000664919716871992,0.996688384586567,0.999560058644301,0.99999779438996
"QDPR","Training_Old",-0.14952861864727,0.125950626317452,0.676228153156142,0.733591344445458
"HMGB1","Training_Old",-0.119378759353438,0.171264016376039,0.721975254663061,0.810057808459987
"RBP1","Training_Old",NA,NA,NA,NA
"FBP1","Training_Old",-0.233404813227661,0.303099192109775,0.83226384650978,0.756831835683327
"GSTM1","Training_Old",0.598183850502192,0.274380031185441,0.83226384650978,0.461351074569472
"TPM1","Training_Old",0.292755529545204,0.35540539203244,0.857511865690163,0.738706584837415
"CLTB","Training_Old",-0.0168329781663346,0.842721283604034,0.983947986003869,0.99712370210171
"ANXA4","Training_Old",0.0840994366266372,0.455446920539261,0.881507625891549,0.935997758885285
"HMOX1","Training_Old",-0.181795630288956,0.456454935740804,0.881507625891549,0.867121646505281
"DLD","Training_Old",-0.0444802987886526,0.55104766338496,0.902203658501844,0.973840914270871
"HNRNPA1","Training_Old",-0.0547938586331007,0.706808203730996,0.9496049149363,0.981166365597559
"COX6C","Training_Old",0.0979057344097356,0.524598114869186,0.902203658501844,0.938792107537266
"PARP1","Training_Old",0.118573032251483,0.207508687923665,0.756922882374405,0.829886923197217
"IFIT2","Training_Old",-0.123208411598696,0.349241261747329,0.855652243324924,0.878434177259613
"UCHL1","Training_Old",0.123548583319458,0.589135440889489,0.908364110698607,0.936721324903136
"LTA4H","Training_Old",-0.0431295071453661,0.586575936820918,0.908364110698607,0.977255084734856
"ALDOC","Training_Old",0.216080237999961,0.62633951321633,0.925543336551644,0.903846364419955
"LIMS3","Training_Old",0.170771549092802,0.161817437694889,0.710969893648144,0.732696350921772
"HSPA1A","Training_Old",-0.110043039575622,0.216427003322934,0.767010056975769,0.844997941891862
"CALM1","Training_Old",0.155625237034325,0.093572767562737,0.62738312727778,0.691647629983804
"FDX1","Training_Old",-0.225592892111798,0.282575114283627,0.83226384650978,0.751933981230816
"COX8A","Training_Old",0.106923778854839,0.576747841116509,0.908364110698607,0.94285241439475
"GAA","Training_Old",-0.0630193654903017,0.675310300460528,0.941123262889294,0.975563202768208
"RRAS","Training_Old",-0.0289368695065058,0.781621933487342,0.964044286843193,0.99289577017472
"ARAF","Training_Old",-0.0980425052188991,0.621496542383026,0.925543336551644,0.954439081934528
"DLAT","Training_Old",-0.0282444710505807,0.677655037955195,0.941123262889294,0.989069772399574
"TXN","Training_Old",-0.0756795572037348,0.417302676929771,0.876052777899389,0.936000137760572
"COX5B","Training_Old",0.128062757112392,0.30641673507419,0.833877742136478,0.859440390385591
"MAPT","Training_Old",0.070539640817632,0.469674413238593,0.886901269473586,0.948088047137683
"PRKAR1A","Training_Old",-0.00182413641154255,0.980026500620257,0.995486406313297,0.999963197509824
"ESD","Training_Old",-0.0503821126683235,0.712531699637151,0.951812275225846,0.983068915824921
"HSPD1","Training_Old",0.0360467870844374,0.624400185948667,0.925543336551644,0.98316656112673
"THRB","Training_Old",0.270227318791314,0.471863794625671,0.886901269473586,0.816312317085184
"CLU","Training_Old",-0.0917160471204212,0.625602153908517,0.925543336551644,0.95789361708259
"MYL2","Training_Old",0.210095717675177,0.483344394490577,0.886901269473586,0.858348558058134
"HSPA5","Training_Old",0.0750063318066623,0.299271169743234,0.83226384650978,0.91348526980449
"LAMC1","Training_Old",0.0144270388753647,0.953183740128278,0.995486406313297,0.999308497423002
"MYH3","Training_Old",-0.407190382025299,0.379055993913427,0.863864408103037,0.673677532490921
"HSPA8","Training_Old",0.014477596718482,0.813705834827799,0.981217417168527,0.99701980098654
"EPB41","Training_Old",0.26459691078669,0.201688706706246,0.756466017673328,0.654667670050296
"PDHB","Training_Old",-0.0205775172240514,0.753190201837233,0.963649026695388,0.994184535805185
"DBT","Training_Old",-0.0441971180127432,0.765926707887022,0.963649026695388,0.988283190521939
"PYGB","Training_Old",-0.138064015112953,0.134886559839615,0.676228153156142,0.758367970665187
"PYGM","Training_Old",-0.130467950777295,0.155784203372451,0.707607892285706,0.784603398647066
"RALA","Training_Old",-0.0069412575273553,0.942049915197468,0.995486406313297,0.999585713469837
"SPTB","Training_Old",-0.0856394051752858,0.530044752248537,0.902203658501844,0.947087903784526
"LAMP1","Training_Old",0.0596270321386179,0.53387483148858,0.902203658501844,0.963269974053279
"ACADM","Training_Old",0.0961517909835017,0.411000649188561,0.876052777899389,0.918058308861938
"UBL4A","Training_Old",-0.126022793603344,0.33647419289954,0.854859303067123,0.871736316981809
"DMD","Training_Old",-0.14387291367526,0.0886268468729216,0.621860134869137,0.705639937833942
"MTHFD1","Training_Old",-0.0443480537345664,0.475260063666943,0.886901269473586,0.967548029746808
"ADH5","Training_Old",-0.0981789573506724,0.301092907331361,0.83226384650978,0.888831343614533
"PABPC1","Training_Old",-0.0449114659459902,0.507449052775231,0.899754204380851,0.969993318736737
"HARS1","Training_Old",-0.00138771313004682,0.9854177899873,0.995486406313297,0.999979615291022
"COL6A1","Training_Old",0.119365599456266,0.685610650141257,0.941123262889294,0.955945865308868
"COL6A2","Training_Old",0.255220251667367,0.422833642658618,0.876052777899389,0.802769556844122
"COL6A3","Training_Old",0.256127140802437,0.371657489261788,0.863864408103037,0.776071843411624
"SLC25A4","Training_Old",0.0439476983120066,0.726802662141678,0.956914735934302,0.986074151524854
"SLC25A6","Training_Old",0.00666377899591453,0.972050473274365,0.995486406313297,0.999811116041656
"IMPDH2","Training_Old",0.116319576164713,0.172249525770688,0.722976489754083,0.814986146298524
"CKB","Training_Old",-0.0859233806565065,0.282109768372669,0.83226384650978,0.89697030855327
"ANXA3","Training_Old",-0.573786173046294,0.000474057606150306,0.168090332117833,0.0123776403440278
"BCKDHA","Training_Old",-0.128390199337101,0.396182303894841,0.871945426651606,0.887919652239704
"ACTN1","Training_Old",0.383743601803477,0.449751378023259,0.880593312783318,0.735919682117023
"MYH1","Training_Old",-0.124640737847912,0.725375018410335,0.956914735934302,0.960772179351694
"MYH7","Training_Old",0.243145293560399,0.43820388157367,0.879637326378204,0.818229737590255
"PEPD","Training_Old",-0.14384665332496,0.168791240012585,0.72014747959999,0.774206600285479
"XRCC6","Training_Old",0.0243371348140577,0.768101323161774,0.963649026695388,0.993599615817981
"XRCC5","Training_Old",-0.0725475306780687,0.361042859481596,0.860596056117021,0.928756744531377
"COX4I1","Training_Old",-0.0101717708633053,0.931563514076234,0.995486406313297,0.999279173862509
"IFITM1","Training_Old",-0.116222091101573,0.364192040338606,0.861336606041585,0.889235736124263
"LAMP2","Training_Old",-0.135018429118677,0.361177773760746,0.860596056117021,0.871533703234339
"RNH1","Training_Old",-0.0846984147726886,0.287843883021286,0.83226384650978,0.899894206105808
"MYH8","Training_Old",0.0109126588375013,0.973475844322526,0.995486406313297,0.999706686008711
"VCAN","Training_Old",-0.311054322126832,0.00363415884076411,0.324933608633403,0.174242097547313
"EEF2","Training_Old",0.0831205986114618,0.141431625109476,0.688257124956711,0.849949101676103
"KRT10","Training_Old",0.137740882266513,0.627546428949789,0.925543336551644,0.937837431550197
"KRT5","Training_Old",0.0619203154658265,0.845933595296028,0.983947986003869,0.989693320259941
"PDIA4","Training_Old",0.300620865505575,0.0541329398770303,0.545726621703761,0.41615214173943
"TPT1","Training_Old",-0.0530951014101042,0.655240009354349,0.939580293626359,0.977803890787108
"ALAD","Training_Old",0.0864043178922316,0.528246088859463,0.902203658501844,0.946350157436139
"LCP1","Training_Old",0.323853080074311,0.00348864849870028,0.324933608633403,0.160022838594742
"PLS3","Training_Old",0.179215464752971,0.164424920513106,0.714537926180412,0.7235845351855
"APEH","Training_Old",0.0235032221982827,0.728296907542328,0.956937301618893,0.99257608071819
"ETFA","Training_Old",-0.10000561696069,0.349902525289631,0.855652243324924,0.900310149362057
"TNNT1","Training_Old",0.0879093097315895,0.786667284276443,0.967641994404105,0.979127090018173
"GYS1","Training_Old",0.103767294464994,0.303167057925467,0.83226384650978,0.883518290023289
"PRKAR2A","Training_Old",-0.0248757878805677,0.713838060590812,0.952385334155272,0.991649454223312
"ENO3","Training_Old",0.129420371965782,0.113749343007609,0.656389651453747,0.754780297684147
"CD59","Training_Old",-0.0490494824257901,0.560411250807663,0.904884221487603,0.971995805822345
"MIF","Training_Old",0.0707908636211059,0.548909701518168,0.902203658501844,0.958427009736172
"CD99","Training_Old",0.300032425373217,0.0671303179186614,0.562615997794495,0.444669737017673
"PRKCSH","Training_Old",-0.0142277367125558,0.864284042989865,0.989415529220451,0.997926982058045
"FDPS","Training_Old",-0.0356135442518344,0.548617552057285,0.902203658501844,0.978846224052878
"COX7A2","Training_Old",0.139874048591267,0.310790205793479,0.838300018691988,0.849198757034273
"NID1","Training_Old",0.114796737937706,0.644352578828632,0.935439935590833,0.950797450663429
"AKR1A1","Training_Old",-0.00708157147232669,0.941620502212289,0.995486406313297,0.999574113304548
"PKM","Training_Old",0.130907959226523,0.108765587881537,0.653669669012681,0.74794397840294
"ACYP2","Training_Old",0.0621507579219625,0.475167658266395,0.886901269473586,0.954807426395644
"HSP90B1","Training_Old",0.117883244999806,0.145750972279172,0.691531700111243,0.796899959746979
"MYL6B","Training_Old",0.192761600758399,0.626589808707709,0.925543336551644,0.9138316197329
"SLC2A4","Training_Old",0.402664924603286,0.0250165303262971,0.446299191226819,0.226476020834911
"IDE","Training_Old",0.0885270593891434,0.346659555942977,0.855652243324924,0.910477003822088
"COX6B1","Training_Old",0.101356797282104,0.426316108915923,0.876052777899389,0.917214254193306
"HNRNPL","Training_Old",0.142943019276931,0.174970848827119,0.723745265492305,0.779448151214579
"DARS1","Training_Old",0.0546893622233213,0.584788657303148,0.908364110698607,0.971085167402904
"JUP","Training_Old",0.248870035459635,0.203102888524795,0.756466017673328,0.672529410431635
"UQCRB","Training_Old",0.0710418335305043,0.401052635202359,0.874120913877586,0.937153427926776
"CPA3","Training_Old",-0.309172113930426,0.103127503184497,0.647327976419261,0.495407879160906
"FABP4","Training_Old",-0.135970082251212,0.18763617760476,0.742485922357649,0.796512865854016
"GLUL","Training_Old",-0.258903821874361,0.146693357193296,0.691531700111243,0.608387775506192
"AKR1B1","Training_Old",-0.101058762358907,0.221240145488396,0.772329235159493,0.858603708840423
"GSPT1","Training_Old",0.0102684144005494,0.898667029822677,0.992150949809458,0.998903496567576
"PGAM2","Training_Old",-0.039252145890071,0.680694025342174,0.941123262889294,0.985015365292366
"EZR","Training_Old",0.196486754255005,0.308631346996319,0.836567969776034,0.793746328542912
"UCHL3","Training_Old",0.105198305359554,0.241947325396045,0.800130485121251,0.861327821021213
"NME1","Training_Old",0.136792448538632,0.0974531330887278,0.635316109452971,0.727235217893202
"RPS2","Training_Old",0.270188605289345,0.0229565313567615,0.440993512113295,0.360691203350005
"RPA2","Training_Old",0.0214006153825146,0.896753883750571,0.992150949809458,0.997670610190808
"COX7C","Training_Old",0.0331871747975896,0.830715683246183,0.983448936784755,0.993863755779072
"NQO2","Training_Old",-0.258343365451218,0.449172164813714,0.880593312783318,0.813210845548676
"PFKFB1","Training_Old",0.358600285314626,0.0288633620849384,0.455385696577346,0.280465835126207
"CBR1","Training_Old",0.235246478227111,0.0252489536648419,0.446299191226819,0.420855864520674
"ANK1","Training_Old",0.246207901552189,0.240038715177479,0.798364986543049,0.703753159652044
"ACADS","Training_Old",-0.339584402103377,0.0410134288575165,0.509531539688675,0.338042521071239
"PPP3CB","Training_Old",-0.177597756689771,0.0813358050349979,0.594881933525775,0.64042530952009
"ATP2A2","Training_Old",-0.228949230877941,0.0187452891315407,0.425699469309826,0.402327746421817
"CD36","Training_Old",0.0934933112251528,0.577143406420694,0.908364110698607,0.949908177170138
"FAH","Training_Old",-0.0130122787939548,0.893706394135622,0.992052775375136,0.998538775077006
"YBX3","Training_Old",-0.0739079415641051,0.473864608720152,0.886901269473586,0.946298768779646
"TMEM11","Training_Old",0.0754601434503073,0.404014344592125,0.876052777899389,0.933896278847658
"GOT1","Training_Old",-0.100084400089155,0.201381129985301,0.756466017673328,0.851810788876707
"CKMT2","Training_Old",0.0701579000458992,0.588538881680687,0.908364110698607,0.963491546673343
"NDUFB7","Training_Old",-0.0555646479324814,0.709410411786249,0.950079131066936,0.981104291334785
"PRKACA","Training_Old",0.0420481097283663,0.511933460501742,0.901277524351826,0.972238865300727
"CAPN2","Training_Old",0.202792633190114,0.0274359072754917,0.448843241168699,0.482283788744635
"DES","Training_Old",0.210028283140755,0.454389970619472,0.881507625891549,0.847325635035747
"PFKL","Training_Old",0.023316441155945,0.872811080035102,0.989448788710031,0.996833146213196
"LGALS3","Training_Old",0.333569301761436,0.0154347733054948,0.405768454928179,0.248736371696584
"FLT1","Training_Old",0.0424467191620721,0.92165755532883,0.993812647114009,0.99654312012063
"PSMC3","Training_Old",0.0690326860456203,0.223248247896083,0.775231540817658,0.901664747906509
"TCP1","Training_Old",0.0979052282888837,0.1876701726478,0.742485922357649,0.848909896209192
"RPL35A","Training_Old",-0.0170323106220316,0.941027510803257,0.995486406313297,0.998965262407144
"ARF4","Training_Old",-0.0197664693530548,0.910486093013702,0.993247846850757,0.998148083561137
"RPL7","Training_Old",0.214339839530997,0.233098232757005,0.789286641174775,0.731877518109099
"VCL","Training_Old",0.0617100591458595,0.275270764329296,0.83226384650978,0.923480143891258
"RPL17","Training_Old",0.141278356030156,0.268588739454035,0.830540875149226,0.830505404736993
"PGAM1","Training_Old",0.0348829382915561,0.671083460495318,0.941123262889294,0.98618287455887
"ATP5PF","Training_Old",0.0909065777873828,0.380768639570991,0.863864408103037,0.915965976746537
"TSPAN8","Training_Old",-0.447223795001857,0.0066110425939902,0.328641780777795,0.105967541185657
"TNNI1","Training_Old",0.0615690429393219,0.840427153605558,0.983947986003869,0.989353608029199
"NCL","Training_Old",0.0187414816478082,0.870154407763795,0.989448788710031,0.997396742833544
"HK1","Training_Old",0.146698691304813,0.0565038148151455,0.545726621703761,0.656041694963641
"NDUFV2","Training_Old",0.031757626365966,0.798448911368707,0.97538285196258,0.992877344294932
"SRM","Training_Old",0.140555230519176,0.640337718800609,0.933328683303579,0.939268557277233
"TYMP","Training_Old",0.131274108853509,0.267406916921841,0.829314843669498,0.841012785808892
"ATP2B1","Training_Old",-0.115822493487025,0.424578894393273,0.876052777899389,0.90554328495531
"EIF2S2","Training_Old",0.06935695194041,0.430503935970962,0.879044859220351,0.94322166841479
"ANXA7","Training_Old",-0.107539474276248,0.0971743279913212,0.635316109452971,0.778254831507788
"TPSB2","Training_Old",0.109815468927678,0.563369409849843,0.90827190351364,0.938930064074994
"BTF3","Training_Old",-0.00288890440830869,0.982513870375434,0.995486406313297,0.999949038661953
"RAB6A","Training_Old",0.0806724885088457,0.510679267672545,0.900647699356236,0.947230320454992
"PVALB","Training_Old",-0.648976655441128,0.283396264454186,0.83226384650978,0.44118076394915
"PSMB1","Training_Old",0.00384385944096977,0.946814293863483,0.995486406313297,0.999789946288013
"COX5A","Training_Old",0.0482778256401701,0.70929435567248,0.950079131066936,0.983554043060649
"CAPN3","Training_Old",0.11599255626513,0.381496711434987,0.863864408103037,0.894244026794775
"CAST","Training_Old",0.190295345922756,0.0779105010196359,0.591895604868601,0.615284361452671
"NEB","Training_Old",-0.0420060984504964,0.87669729921562,0.989448788710031,0.994487520226004
"PTMS","Training_Old",-0.0328784295325342,0.82666333960806,0.982105753822345,0.993760880668189
"GSTM3","Training_Old",0.0557699858654566,0.706262997187009,0.9496049149363,0.980791879030197
"ATP6V1B2","Training_Old",-0.0786244563610303,0.366958288326696,0.86208665733702,0.924204810794413
"CSRP1","Training_Old",0.424835005007708,0.0358170387573778,0.488036037777947,0.243067380467244
"FLNA","Training_Old",0.268123603653539,0.0956539917229254,0.635286888423957,0.532969604232744
"MAOA","Training_Old",-0.194028275245703,0.159166939044287,0.709253370406334,0.700062618172535
"ACO1","Training_Old",-0.100212776646838,0.250282412840518,0.81322531679873,0.870392285948073
"GPD1","Training_Old",-0.0425915443020735,0.668247914680503,0.941123262889294,0.982978055552543
"VDAC1","Training_Old",-0.138522722814539,0.116795302805373,0.658833727898126,0.742706498648618
"BGN","Training_Old",-0.0246609425296249,0.87356884125978,0.989448788710031,0.996672170832762
"RYR1","Training_Old",-0.0590045260667864,0.476026156049574,0.886901269473586,0.95714725706242
"SDHB","Training_Old",-0.0665067987767571,0.457331172554245,0.881507625891549,0.94929903303886
"COMT","Training_Old",0.0691331775864086,0.470443218968686,0.886901269473586,0.949203613806182
"TGM2","Training_Old",0.382710129967105,0.0292783530075601,0.457150293148765,0.258899890258091
"MMUT","Training_Old",0.0514422259245926,0.733108245058173,0.959308930336345,0.98415600589546
"OSBP","Training_Old",0.0187408561182494,0.778340898840423,0.964044286843193,0.995314726467543
"PCMT1","Training_Old",-0.0460516157057675,0.581811170873317,0.908364110698607,0.975366496424413
"GART","Training_Old",0.0437077520993725,0.551851060865236,0.902795848603702,0.974351402920322
"PAICS","Training_Old",0.00607938211247117,0.931509030366067,0.995486406313297,0.999568764528622
"SCP2","Training_Old",0.226237558386625,0.093126918223916,0.626382328945575,0.584475212430571
"UBA1","Training_Old",-0.0422724559491563,0.504436457914464,0.898072024443802,0.971486789830428
"GPX3","Training_Old",-0.411814813620314,0.00537526034882053,0.324933608633403,0.116237134401993
"NME2","Training_Old",0.197578414062974,0.0207034770207145,0.437344795096919,0.464821816571056
"FDXR","Training_Old",0.00729623285742065,0.958708617464357,0.995486406313297,0.99969237911945
"HNRNPA2B1","Training_Old",0.00493064518291675,0.967148570602471,0.995486406313297,0.999835314458913
"UQCRC2","Training_Old",0.0605041118409346,0.463353671936615,0.885301243798454,0.954522871646028
"FECH","Training_Old",0.0326397844752648,0.727200829154619,0.956914735934302,0.989656378948775
"AMPD1","Training_Old",0.0296142021096344,0.88235338047456,0.989448788710031,0.996300269064065
"FBLN1","Training_Old",-0.140149830400471,0.362479141647565,0.860596056117021,0.867428306247064
"SFPQ","Training_Old",0.126895897324534,0.405111470753123,0.876052777899389,0.89166725702053
"PPIB","Training_Old",0.299806069294963,0.024306742935751,0.446299191226819,0.32811877957542
"S100A1","Training_Old",-0.0410038264316377,0.82276319236325,0.981506429635653,0.992032601704447
"HRC","Training_Old",0.0356787664476812,0.665045993163347,0.941123262889294,0.985552051984892
"ME2","Training_Old",0.178828220356824,0.175290405791231,0.723745265492305,0.732424081590758
"WARS1","Training_Old",-0.107203204331171,0.210176820634456,0.759124420642231,0.846016672600224
"RPS3","Training_Old",0.156571049776037,0.156198529861052,0.707607892285706,0.747744370982474
"GCSH","Training_Old",-0.116024473034418,0.415204929360087,0.876052777899389,0.903044408363894
"AHCY","Training_Old",-0.0816425117157493,0.264021445847656,0.827805268081408,0.89697672091868
"CFL1","Training_Old",0.057375824026316,0.597662191620724,0.912388674191574,0.970898804542195
"EIF4B","Training_Old",-0.13641325860436,0.121081149039785,0.667443313959293,0.74975519229297
"ATP2B4","Training_Old",-0.0548848892252351,0.540142975871251,0.902203658501844,0.9667602190329
"CPT2","Training_Old",-0.152508194964483,0.159080241332856,0.709253370406334,0.755509507643676
"LAMA2","Training_Old",0.0815447877190785,0.681328532545999,0.941123262889294,0.969194849218977
"GPT","Training_Old",-0.223263439723851,0.102191946865002,0.646195783769113,0.600950857323455
"COX7A1","Training_Old",0.020854505356322,0.885834296510834,0.989448788710031,0.997475097810701
"COX7B","Training_Old",-0.0304571277335732,0.870983020801047,0.989448788710031,0.995801709346912
"EEF1B2","Training_Old",0.0779067686339623,0.410792561110191,0.876052777899389,0.93303639150094
"ATP5PB","Training_Old",-0.0796906732818847,0.335981340632299,0.854859303067123,0.916751725530265
"ACP1","Training_Old",0.0366002370798952,0.689426397801225,0.941829593891454,0.986480759592511
"ACAT1","Training_Old",-0.112301595412553,0.1904768060795,0.747745379999822,0.830089879407431
"MYL9","Training_Old",0.420954399984694,0.197500802048989,0.756466017673328,0.505203805960552
"AZGP1","Training_Old",-0.157654068118291,0.210268838104027,0.759124420642231,0.782046740566913
"MPST","Training_Old",-0.265790192708028,0.00740025197629972,0.341521022254236,0.271435482437505
"RPS12","Training_Old",0.285609113421657,0.0119373022149642,0.388810392279927,0.282323403930877
"DNAJB2","Training_Old",-0.2112229572869,0.0806322706791102,0.594881933525775,0.587529359951004
"ATP5F1A","Training_Old",0.00421134478111895,0.959696214828421,0.995486406313297,0.999826766652052
"PSMA1","Training_Old",0.0046337025829537,0.934866472938664,0.995486406313297,0.999687961552184
"PSMA2","Training_Old",0.0115088950711133,0.900830195785285,0.993247846850757,0.998798750328366
"PSMA3","Training_Old",0.00951873213252696,0.884056270921523,0.989448788710031,0.998827650939474
"PSMA4","Training_Old",0.0738941744892472,0.339405323150222,0.855652243324924,0.923257495120324
"MSN","Training_Old",0.248086314903844,0.00760013638539256,0.341521022254236,0.298030551866146
"DDX6","Training_Old",-0.095029557195339,0.342381599988006,0.855652243324924,0.903160075195519
"U2AF2","Training_Old",0.175686256758006,0.143681789281737,0.691243596726719,0.711159578045143
"RPL13","Training_Old",0.151505712171289,0.396338830296184,0.871945426651606,0.869170139266464
"IVD","Training_Old",-0.0346709223356143,0.766550172657875,0.963649026695388,0.990824907976183
"S100A4","Training_Old",0.437936508011425,0.0556649033628432,0.545726621703761,0.282256742300861
"HMGB2","Training_Old",-0.204764040185651,0.0825226979760828,0.600992890087886,0.600002687802511
"TARS1","Training_Old",0.153251367095777,0.173474961955289,0.722976489754083,0.764560751197132
"VARS1","Training_Old",0.154106094959722,0.128347700915331,0.676228153156142,0.728781216862374
"EEF1G","Training_Old",0.164917975699968,0.0123102281591591,0.388810392279927,0.484228728062752
"PLN","Training_Old",-0.141862750742611,0.44598138530473,0.879679631210944,0.891766404162985
"FKBP2","Training_Old",-0.103195859836447,0.560359077400876,0.904884221487603,0.941982370836786
"STOM","Training_Old",-0.0127210305149283,0.933743107064771,0.995486406313297,0.999128303582078
"MAOB","Training_Old",-0.18274392625522,0.0908749409473202,0.626382328945575,0.645151918426221
"YWHAQ","Training_Old",0.0296978442947378,0.661087270989001,0.939580293626359,0.987784196618755
"MAPK3","Training_Old",-0.156050661803558,0.195636947500067,0.755287761678227,0.775229767598351
"RPL10","Training_Old",0.353872968476377,0.0232322904500787,0.440993512113295,0.264121731642697
"RPA1","Training_Old",-0.112621494036304,0.284431998329301,0.83226384650978,0.86797304345081
"APEX1","Training_Old",0.0754348721542577,0.400614078462262,0.874067080281299,0.933322428139062
"CALR","Training_Old",-0.0504889769355579,0.351207694774916,0.855652243324924,0.948540748211905
"MAP4","Training_Old",0.0346976229968874,0.765498143388327,0.963649026695388,0.990770660857926
"CANX","Training_Old",0.0441982203128646,0.545993985305006,0.902203658501844,0.973608083612446
"PSMA5","Training_Old",0.0312192767773816,0.61608910309663,0.925448211763928,0.98499227180392
"PSMB4","Training_Old",0.0442174559193447,0.580265545023444,0.908364110698607,0.976221071877454
"PSMB6","Training_Old",-0.0622502935678675,0.468444070240504,0.886901269473586,0.953890114347564
"PSMB5","Training_Old",-0.103749302112,0.30387953598469,0.83226384650978,0.883752462496173
"GSTM2","Training_Old",0.0674392177596808,0.578620993753211,0.908364110698607,0.963775872506647
"TMOD1","Training_Old",0.108974612942845,0.665791043021625,0.941123262889294,0.956639526875429
"NDUFS1","Training_Old",0.00955160101624841,0.934029820107929,0.995486406313297,0.99934834512666
"MAPK1","Training_Old",0.202249678281003,0.00868444782929291,0.351192486345986,0.382922843500361
"RBL1","Training_Old",0.0308904367306759,0.802307823803627,0.977343434630245,0.993219076985946
"LAP3","Training_Old",0.0697066626200744,0.325178494713025,0.85208062138202,0.924680374138219
"CD38","Training_Old",-0.0617218669416353,0.702398028504581,0.949113650800816,0.978432418666596
"TPP2","Training_Old",0.0111030595536832,0.895074113929263,0.992150949809458,0.998769996743588
"IMPA1","Training_Old",-0.0689662980768233,0.291149692879177,0.83226384650978,0.918421596489019
"EPHA2","Training_Old",-0.0358249626924128,0.882491645308038,0.989448788710031,0.995531679027842
"COL4A5","Training_Old",-0.196850603950519,0.655799363645561,0.939580293626359,0.920303892471185
"TKT","Training_Old",0.140133063477549,0.332913200028815,0.854859303067123,0.85716174804173
"EEF1D","Training_Old",0.0407929195282257,0.550199598226883,0.902203658501844,0.975921900882323
"MARCKS","Training_Old",0.134468098981085,0.299676281668734,0.83226384650978,0.850406242039298
"GNA11","Training_Old",-0.21144296049594,0.199927967565226,0.756466017673328,0.711499556763608
"ALDH4A1","Training_Old",-0.0533454047288338,0.573397917712942,0.908364110698607,0.970766416346722
"ERP29","Training_Old",0.095065008396908,0.334271589469561,0.854859303067123,0.901069960877186
"PRDX6","Training_Old",-0.18202970526125,0.047920321112508,0.532511811605872,0.57519538575534
"BLVRB","Training_Old",-0.0417224208660834,0.682686341522845,0.941123262889294,0.984199879943089
"PRDX5","Training_Old",0.0822438730717643,0.319371717269517,0.845362329296353,0.910398263009561
"DDT","Training_Old",0.0674618640954954,0.698646729870341,0.946466897681951,0.976097789914832
"PRDX3","Training_Old",0.136554193925225,0.0415044389574428,0.510013533738365,0.647582367021537
"ATP5F1D","Training_Old",-0.0543180916682431,0.63306620014268,0.929302417378033,0.975472645921531
"RPL12","Training_Old",0.321372299570822,0.1365933899047,0.676228153156142,0.527413265739851
"ECHS1","Training_Old",0.0097576579023233,0.911452479032768,0.993247846850757,0.999095719843242
"CMPK1","Training_Old",-0.0690659130146258,0.670564631493946,0.941123262889294,0.972776262649959
"PEBP1","Training_Old",-0.184207217553592,0.0231643678027822,0.440993512113295,0.499790647823856
"PDIA3","Training_Old",0.134605099292987,0.073008325519799,0.57795347009568,0.703079001699431
"PPP2R1A","Training_Old",0.00793595190135576,0.880979521021185,0.989448788710031,0.998994854542318
"PPIF","Training_Old",0.027347117941094,0.83537281846205,0.983448936784755,0.995092957031273
"NMT1","Training_Old",-0.131284323319019,0.225865914961011,0.779458843787018,0.822565946278712
"ADSS2","Training_Old",0.105924067650378,0.443627469450987,0.879679631210944,0.917509894224354
"LRPAP1","Training_Old",-0.00415396805728818,0.973422895258126,0.995486406313297,0.999888112230768
"TSPO","Training_Old",0.00613181933071161,0.957927625890174,0.995486406313297,0.999736470427295
"ADSL","Training_Old",-0.106260221134157,0.244289235550182,0.801147306649043,0.860911638104274
"CLIP1","Training_Old",-0.119625186279585,0.220903105227353,0.772329235159493,0.83473768515616
"SRI","Training_Old",0.0910870464128557,0.459865722770907,0.88276636608562,0.931687047415867
"SERPINB1","Training_Old",0.0595572743476502,0.649482582390218,0.9363189174117,0.974623843073
"ALDH1B1","Training_Old",0.406216894205354,0.110505724701832,0.653669669012681,0.408701973863218
"SDHA","Training_Old",-0.0160038767222446,0.845569660736564,0.983947986003869,0.997319034340133
"GDI1","Training_Old",-0.134446570006233,0.0380513372117711,0.496076692538645,0.644370434446669
"MAT2A","Training_Old",-0.100038949242109,0.12313339073563,0.673724666408422,0.810965081373611
"CASQ1","Training_Old",0.232040714503878,0.133391439940268,0.676228153156142,0.626605304274471
"DNAJA1","Training_Old",0.0733493615219878,0.581465925265375,0.908364110698607,0.961010218355192
"AKT2","Training_Old",0.256147330783921,0.064356672421568,0.554138533128299,0.495249933410742
"UQCRC1","Training_Old",0.0660803244643695,0.424424378350599,0.876052777899389,0.944941503655798
"HIBADH","Training_Old",0.0128424085013705,0.846870893849617,0.984036019958087,0.997867777930146
"ATIC","Training_Old",0.0798611079121017,0.291624102108627,0.83226384650978,0.906275427816758
"HNRNPH3","Training_Old",-0.128465021808505,0.414936533780298,0.876052777899389,0.893149187548691
"HNRNPH1","Training_Old",0.180711328243063,0.0577522362333586,0.549376076002249,0.597312294397908
"YWHAB","Training_Old",0.0390568530728395,0.549657918005944,0.902203658501844,0.976897122820462
"STIP1","Training_Old",-0.00352495815456422,0.953788172274157,0.995486406313297,0.999833235186408
"S100A11","Training_Old",0.192139734440698,0.215892861114548,0.767010056975769,0.744870406599816
"PRDX2","Training_Old",0.0563499339275246,0.426412052879059,0.876052777899389,0.953105367226612
"GBP2","Training_Old",-0.0549404456930063,0.720734129042275,0.955549579747197,0.982168722893855
"ACSL1","Training_Old",-0.0539648427641097,0.532115917211674,0.902203658501844,0.966526955027462
"KIF5B","Training_Old",0.21335824698065,0.0230779102146745,0.440993512113295,0.447480866308033
"MCM5","Training_Old",0.0531605990639115,0.8448881835129,0.983947986003869,0.991079752129632
"SHMT1","Training_Old",-0.246522386132643,0.205905001321389,0.756841664672357,0.677335012280532
"SHMT2","Training_Old",0.294898636314493,0.0493927841747155,0.537719382355666,0.411872835583355
"HSPA4","Training_Old",0.0276782929344925,0.69142868102957,0.943344557063599,0.989838818039782
"MPI","Training_Old",-0.0902373535066694,0.258818194404468,0.827145827681917,0.885177170450965
"GPC1","Training_Old",-0.284590783928525,0.0266875347269793,0.446845038435932,0.356567610166578
"PFN2","Training_Old",0.0213505477669749,0.821121219225048,0.981506429635653,0.995800977931795
"CTNNA1","Training_Old",0.0179803781774783,0.921330566680956,0.993812647114009,0.998527837495505
"SERPINB6","Training_Old",0.09901260858474,0.293605494156709,0.83226384650978,0.885731199730657
"RDX","Training_Old",-0.101047519101996,0.152431133947722,0.701382472543766,0.826897391866028
"RPA3","Training_Old",0.013842988485198,0.91869287189434,0.993812647114009,0.998826756152374
"RPL22","Training_Old",0.384221208705167,0.005111145087033,0.324933608633403,0.131693426193619
"SPR","Training_Old",-0.105028199472933,0.426052546052865,0.876052777899389,0.914288344567552
"THBS4","Training_Old",0.4750764751773,0.0177469254592985,0.415694818535368,0.147298927884801
"FBN1","Training_Old",-0.38085978577822,0.117106319270807,0.658833727898126,0.441834581691591
"AGL","Training_Old",0.0407624636971882,0.595883201963303,0.912388674191574,0.979117953964341
"MYH9","Training_Old",0.32939721855459,0.031169338169234,0.457150293148765,0.319034797566176
"COPB2","Training_Old",0.144404593412885,0.186870253781638,0.742485922357649,0.784886854046028
"ACTN2","Training_Old",0.49420690911451,0.318440605962849,0.844907738434092,0.56805870870349
"ADD1","Training_Old",0.0696570618654704,0.677911404838746,0.941123262889294,0.973284939175641
"BSG","Training_Old",0.131724659921844,0.124004911631454,0.67526813716837,0.759597533244775
"FUS","Training_Old",0.00864226785357403,0.907755641768287,0.993247846850757,0.999163950538219
"DEK","Training_Old",-0.00889983349508228,0.934824567411442,0.995486406313297,0.999400363153867
"MYH11","Training_Old",0.452759616137037,0.109868683530246,0.653669669012681,0.36791411050812
"GLRX","Training_Old",-0.17198482790528,0.328400675976023,0.854165305001674,0.825712449176132
"PPM1A","Training_Old",0.0231187634770365,0.736052858661873,0.96052792178464,0.992940215812149
"KRT2","Training_Old",0.119144715819601,0.680125558156547,0.941123262889294,0.955111062634353
"HMGCL","Training_Old",0.0063857849100728,0.953335323632928,0.995486406313297,0.999694878990678
"PSMC2","Training_Old",0.051652964517146,0.339253889199704,0.855652243324924,0.945693090490872
"ARL3","Training_Old",0.0872580399327951,0.407599006444973,0.876052777899389,0.924676255684034
"MAP2K2","Training_Old",-0.0902846607887646,0.30356909571874,0.83226384650978,0.897957535144739
"ATP5F1C","Training_Old",0.0332187635779952,0.711162327365885,0.951380977161964,0.988741094007365
"ATP6V1E1","Training_Old",-0.022165849887184,0.882479566012055,0.989448788710031,0.997232669451748
"RPL4","Training_Old",0.188985313794507,0.303820737336986,0.83226384650978,0.798403237836638
"LONP1","Training_Old",-0.00377292490671977,0.969545809790558,0.995486406313297,0.999883319467134
"PGM1","Training_Old",-0.0576906499903274,0.48976269348907,0.890937819680376,0.959654874397302
"PPP1CC","Training_Old",-0.223494510177096,0.177631985563634,0.728027005237865,0.679629312175166
"SERPINF1","Training_Old",0.0171613880285513,0.906698446336455,0.993247846850757,0.998320533592767
"DLST","Training_Old",0.0119590361426027,0.88314391473204,0.989448788710031,0.998514988888108
"GMPR","Training_Old",-0.0183140445502588,0.889524726255782,0.99034065464007,0.997858308603425
"GPX4","Training_Old",-0.0543032371258505,0.529677900873449,0.902203658501844,0.966079686142711
"SRP14","Training_Old",-0.0812139023727276,0.470922330816834,0.886901269473586,0.940673555441175
"TAGLN2","Training_Old",0.231694259186018,0.00727708598233006,0.341521022254236,0.319615496856106
"TALDO1","Training_Old",-0.153841958097473,0.0364530424721279,0.490374685994484,0.600806065792004
"SNCA","Training_Old",0.149964031767084,0.692222543632373,0.943817954907406,0.946329997494181
"ETFB","Training_Old",-0.0435148693902434,0.715578330367412,0.952877395236738,0.985542656339541
"ATP6V1A","Training_Old",0.134141454430292,0.128743772834316,0.676228153156142,0.759586752597876
"HSPA9","Training_Old",0.15208485128635,0.030789856592806,0.457150293148765,0.588992418643821
"RPS19","Training_Old",0.220410348731445,0.0264144881171176,0.446299191226819,0.448908355243281
"RPL3","Training_Old",-0.183138510574942,0.458301508712727,0.882345292982023,0.866849596521462
"COL15A1","Training_Old",0.313072627246093,0.134010253848219,0.676228153156142,0.533004419146531
"COL18A1","Training_Old",-0.0641034955588715,0.743771868210532,0.960987391799555,0.981202934648458
"DDOST","Training_Old",-0.158351089930125,0.0625468911249523,0.554138533128299,0.644729979374808
"ANP32A","Training_Old",0.0488604780302317,0.565165274396791,0.908276497922743,0.972503504399648
"CAPG","Training_Old",0.446243844671166,0.0484101646914429,0.532511811605872,0.258917279175153
"CAP2","Training_Old",0.0484566973901188,0.65895473295339,0.939580293626359,0.979991569726966
"CCT6A","Training_Old",0.166197324133861,0.0573715836413903,0.548275043667947,0.621868753915355
"RPL13A","Training_Old",0.193287200891152,0.327684435056075,0.854165305001674,0.806016273621204
"ARL1","Training_Old",0.249263556423408,0.49454121218088,0.893953138207252,0.839026783928834
"STAT3","Training_Old",0.0303587799279974,0.76489621715728,0.963649026695388,0.991896400638706
"MDH1","Training_Old",-0.135272179671858,0.072816477302833,0.57795347009568,0.701602821383665
"MDH2","Training_Old",0.0460824764089693,0.597870550378657,0.912388674191574,0.97657478076612
"HADHA","Training_Old",-0.0755768590584935,0.363471440367606,0.860596056117021,0.926364119194469
"EIF2S3","Training_Old",-0.0611242635689777,0.598621588323778,0.912843894974598,0.969122335715525
"NAA10","Training_Old",0.172593696585189,0.118489402580214,0.661593565243436,0.692026813930706
"PPP1R2","Training_Old",-0.110396026111857,0.279144905519501,0.83226384650978,0.868603953568488
"GARS1","Training_Old",-0.171546794588927,0.138229771211094,0.676228153156142,0.712152424802991
"IARS1","Training_Old",0.0583635755978023,0.64915037200878,0.9363189174117,0.975096957451809
"EIF1","Training_Old",-0.156033374299337,0.206351343287049,0.756841664672357,0.781728353737925
"ECI1","Training_Old",-0.0848785551949831,0.284979427166359,0.83226384650978,0.898928931873762
"TMPO","Training_Old",-0.4117302189748,0.0111904032396479,0.38744478101863,0.157271789278876
"AKR1C3","Training_Old",0.0678542820565262,0.718595986494454,0.954512404702067,0.977826669779855
"RPS27","Training_Old",0.0349264223817052,0.705224950866439,0.9496049149363,0.98787644024026
"LRPPRC","Training_Old",0.113649589823183,0.199269572111848,0.756466017673328,0.832495233616119
"ACAA2","Training_Old",-0.143391114636525,0.14960771062756,0.692919922906592,0.761545280735492
"RPL35","Training_Old",0.243451758619734,0.154231525633039,0.705717151021978,0.634394379718355
"SLC1A4","Training_Old",0.0357927391364399,0.823625634404042,0.981506429635653,0.993078868386674
"PAFAH1B1","Training_Old",-0.0533442980466923,0.661748792139498,0.939887995291608,0.978216541355352
"CRAT","Training_Old",-0.0435598348518695,0.630496909101274,0.927475832047288,0.980108651805714
"GPD2","Training_Old",-0.163234620761809,0.168896658887958,0.72014747959999,0.748033445929682
"NAMPT","Training_Old",0.394181362098454,0.0301735668086225,0.457150293148765,0.25159219401084
"PSMC4","Training_Old",0.0648002834014854,0.366134145374516,0.862068355664414,0.936965852498754
"TSFM","Training_Old",0.138539760845536,0.327738024115049,0.854165305001674,0.856803443069907
"TNNT3","Training_Old",0.288537983055335,0.33632482109613,0.854859303067123,0.730217056833045
"ASPA","Training_Old",0.0732795155436037,0.559152292154937,0.904884221487603,0.958294793819095
"PPIC","Training_Old",-0.0862521928713385,0.634007306933828,0.929877383502948,0.961457731675868
"VDAC2","Training_Old",0.0450282426727746,0.616546734487243,0.925477401021362,0.978458787917788
"ACADSB","Training_Old",-0.104363028765896,0.478796843805819,0.886901269473586,0.926018405360347
"USP5","Training_Old",0.0652184386049406,0.369910390970711,0.863864408103037,0.937199245140955
"MAP2K4","Training_Old",0.0749872402967355,0.362762882988086,0.860596056117021,0.926781449688799
"PHKA2","Training_Old",0.358658758310607,0.00289864657628848,0.306097078456063,0.122968565105637
"PHKA1","Training_Old",0.227158484962825,0.0221576202049665,0.440993512113295,0.420892839367291
"CRKL","Training_Old",-0.122194848732988,0.133949715683349,0.676228153156142,0.782198150699134
"MTIF2","Training_Old",0.142449129021369,0.0975192085058536,0.635316109452971,0.717788960867746
"BAG6","Training_Old",-0.0855501442073354,0.416155273584542,0.876052777899389,0.927742057027454
"NSF","Training_Old",0.164525787031533,0.209592822985237,0.759124420642231,0.773301618759147
"MAP2K3","Training_Old",0.0468920346492077,0.554263295586417,0.90324388910379,0.972707640916568
"RPL27A","Training_Old",-0.0126112451545666,0.943715888148307,0.995486406313297,0.9992696958054
"RPL5","Training_Old",0.139241737100729,0.429602162007832,0.879044859220351,0.889011822077622
"RPL28","Training_Old",0.131860719316304,0.390459454958615,0.866229379067851,0.883374605047896
"RPS9","Training_Old",0.134083561693927,0.296238342351842,0.83226384650978,0.849485126894017
"RPS5","Training_Old",0.139969844064964,0.190149608550887,0.747745379999822,0.79267488912943
"RPS10","Training_Old",0.260944642257375,0.091439759289796,0.626382328945575,0.535690276686283
"GNPDA1","Training_Old",-0.110799459584953,0.23929021543398,0.798364986543049,0.85346402402142
"UTRN","Training_Old",-0.0359293953023432,0.768620785387504,0.963649026695388,0.990589466905611
"IQGAP1","Training_Old",0.399059545213149,0.000723861873755749,0.168090332117833,0.0558233162759877
"GYG1","Training_Old",-0.0109476990903481,0.897977182390347,0.992150949809458,0.998822604983341
"STT3A","Training_Old",-0.0938396765588045,0.33074526699712,0.854859303067123,0.901383156403073
"CAPZA2","Training_Old",0.0305731475532021,0.825357679466344,0.981506429635653,0.994149021917123
"CAPZB","Training_Old",0.101523493825024,0.553302602192138,0.903077387280546,0.941682883530552
"EIF1AX","Training_Old",0.0366733660495804,0.717969608766215,0.954512404702067,0.987922609827157
"QARS1","Training_Old",0.0765282124341553,0.19991343327124,0.756466017673328,0.884086352211505
"RPL29","Training_Old",0.185358060575947,0.38624712410912,0.864146108176337,0.838343778325813
"UQCRFS1","Training_Old",0.129558116267972,0.115487534882991,0.658833727898126,0.756038331426274
"ATP5PO","Training_Old",0.0119840965209264,0.891032760035532,0.990453257471075,0.998618301261568
"LIMS1","Training_Old",0.0410209253181932,0.613855480681255,0.922749306191324,0.980180993329332
"PREP","Training_Old",-0.0559989407780748,0.524202958392994,0.902203658501844,0.964477870256775
"ME1","Training_Old",-0.17685966471528,0.0536136718247691,0.545726621703761,0.596018994018466
"PIP4K2A","Training_Old",-0.00175175680730177,0.985565529185439,0.995486406313297,0.999974530373766
"ARCN1","Training_Old",-0.00682744752133502,0.956499083457017,0.995486406313297,0.999696392308698
"LSS","Training_Old",-0.0344475286873624,0.74222612137904,0.96052792178464,0.989783690334066
"GCLM","Training_Old",0.134701647144507,0.435733351690402,0.879637326378204,0.894133667224048
"CD151","Training_Old",-0.0863564972440223,0.608241507953275,0.918888458367179,0.95797365180623
"PSMD8","Training_Old",0.002646016762899,0.977873619635069,0.995486406313297,0.999940797549307
"GSS","Training_Old",-0.0859975698577102,0.373515906374955,0.863864408103037,0.918797113312508
"CCT5","Training_Old",0.161307778999451,0.0106696298067238,0.375570969196677,0.480756485156086
"NES","Training_Old",-0.272990153118169,0.635801186591743,0.930153417065766,0.883707744232805
"IDH2","Training_Old",0.00911078645219021,0.908910894100342,0.993247846850757,0.99913022351553
"TNNI2","Training_Old",0.266719171735545,0.361042200998304,0.860596056117021,0.762065371700353
"PXN","Training_Old",-0.000251471816641313,0.998220723260951,0.999560058644301,0.999999552163616
"ALDH9A1","Training_Old",-0.166130639458977,0.0989230895869965,0.635316109452971,0.680907565739817
"RPL34","Training_Old",-0.168520780356882,0.516313912938688,0.902185901845661,0.89458170922033
"LMAN1","Training_Old",0.0346197107223993,0.743769176889838,0.960987391799555,0.989804050842164
"FNTA","Training_Old",0.147424714589278,0.104782271644921,0.648774220908986,0.717077688635843
"CCT3","Training_Old",0.133967208676655,0.0450091183303871,0.525189270241865,0.660064578952394
"MRPL19","Training_Old",0.020308085842796,0.897168629022437,0.992150949809458,0.997798766588867
"TUFM","Training_Old",0.245309370374802,0.00517788528546425,0.324933608633403,0.27495408126494
"ALDH7A1","Training_Old",-0.0607178769758328,0.693045599615727,0.94433052025059,0.97798320167273
"CDC34","Training_Old",-0.0564434616348635,0.815358223073279,0.981217417168527,0.98854444491631
"PCYT1A","Training_Old",-0.130082097545944,0.149587244958635,0.692919922906592,0.781031507645232
"AARS1","Training_Old",-0.0208879705922662,0.785465512710713,0.966726784874724,0.994968699058412
"CARS1","Training_Old",0.0182663542425914,0.869715417410842,0.989448788710031,0.997453461670172
"SARS1","Training_Old",0.101609335377148,0.371756688124083,0.863864408103037,0.904345290576385
"PSMB3","Training_Old",0.00216248411214437,0.980387694197051,0.995486406313297,0.999957168206926
"PSMB2","Training_Old",-0.0035991587137687,0.957203976187585,0.995486406313297,0.999842589618815
"ACADVL","Training_Old",-0.0874290579952586,0.296216748003512,0.83226384650978,0.899090328366239
"ACOT2","Training_Old",-0.047545804490305,0.636069836304027,0.930153417065766,0.978717779159472
"TMED10","Training_Old",-0.132145036934279,0.229417466417985,0.785504846495712,0.823208720690626
"HINT1","Training_Old",-0.020665400369289,0.860887442858273,0.989415529220451,0.99690928456837
"NDUFV1","Training_Old",-0.0124676888342883,0.917267321307398,0.993812647114009,0.998923915518717
"GSK3A","Training_Old",-0.191589320702438,0.117292368224288,0.658833727898126,0.663257278581597
"GSK3B","Training_Old",0.103628602671705,0.186530948550087,0.742485922357649,0.840289495874654
"IDH3A","Training_Old",0.225236521592766,0.0159456147197322,0.405768454928179,0.39370340493184
"SULT1A1","Training_Old",-0.165313855195905,0.383878127071735,0.863864408103037,0.85361375086002
"GDI2","Training_Old",-0.0597850469026078,0.317468104386594,0.844907738434092,0.933703780065709
"EMD","Training_Old",0.0452905919323179,0.66030541744253,0.939580293626359,0.981377593376082
"CPT1A","Training_Old",-0.220222436769017,0.196714202499947,0.756466017673328,0.699015459467152
"SERPINH1","Training_Old",0.814536352968926,0.104029244798629,0.648111401223317,0.158284132821252
"CSRP3","Training_Old",0.504220540618231,0.00788191205407033,0.346804130379095,0.0869838128322282
"ST13","Training_Old",-0.0753128744834726,0.229477504871143,0.785504846495712,0.89506690787266
"DNM2","Training_Old",-0.0636321069199965,0.512942984976749,0.901277524351826,0.958409446450185
"METAP2","Training_Old",-0.131988793728237,0.0278587226946525,0.449142155199284,0.623379196207858
"NUDT2","Training_Old",0.466557914465508,0.0843778819546556,0.604088429451636,0.315517508707241
"LRBA","Training_Old",-0.201205622361886,0.704418065969014,0.9496049149363,0.931928596002631
"BCAM","Training_Old",-0.0836390916630165,0.497035688754897,0.893953138207252,0.943205082782353
"RPL14","Training_Old",0.103833276662478,0.606915779347527,0.917732082681237,0.949470583927438
"CCT8","Training_Old",0.109808115762903,0.0702220562739215,0.573093696024862,0.747022070743534
"CCT4","Training_Old",0.171991702355218,0.01918464586501,0.431042256030862,0.506619962904896
"ATP1A2","Training_Old",0.0307543194684357,0.659576719304129,0.939580293626359,0.987282929263529
"ANXA11","Training_Old",0.0266551142030274,0.674389395700456,0.941123262889294,0.989554221895654
"FXR1","Training_Old",0.154617039661304,0.345586221073523,0.855652243324924,0.848502174083139
"RAB5C","Training_Old",0.108210091797542,0.38319805288259,0.863864408103037,0.901409636066233
"RAB7A","Training_Old",-0.0166678969785181,0.77577357986416,0.964044286843193,0.995777053121763
"DUSP3","Training_Old",0.0330474838900088,0.686918928171732,0.941123262889294,0.987666075006289
"IDH3G","Training_Old",0.237989146958419,0.0629508402536033,0.554138533128299,0.517815920559282
"GALK1","Training_Old",-0.187446849277318,0.147952239588043,0.691531700111243,0.698943222621605
"SSR4","Training_Old",0.230360450197232,0.200901634208505,0.756466017673328,0.690931444859383
"BCAP31","Training_Old",0.0668006132224264,0.28992413668246,0.83226384650978,0.920619705061446
"MECP2","Training_Old",-0.411942371792247,0.00277886648018867,0.306097078456063,0.0885157981077131
"CAV2","Training_Old",0.35871704878023,0.0804253947152935,0.594881933525775,0.404898231147229
"ALDH3A2","Training_Old",-0.0291302674952263,0.773127898353829,0.963899717428151,0.992532489391209
"ALDH5A1","Training_Old",-0.0749258473804062,0.479104296873613,0.886901269473586,0.946359076721631
"HSD17B4","Training_Old",0.0105593406828746,0.95792926801278,0.995486406313297,0.999546248399092
"PSMD7","Training_Old",0.178169437902962,0.053233149128386,0.545726621703761,0.592986206345241
"UBE2D1","Training_Old",-0.306746358691708,0.0038922143412469,0.324933608633403,0.182306279228445
"SUOX","Training_Old",-0.184077144227725,0.104704782176705,0.648774220908986,0.660082524866784
"STAT5B","Training_Old",-0.168113585140237,0.0425448474420848,0.510013533738365,0.588153314048465
"RPS6KA3","Training_Old",0.0841112678792193,0.395181261709033,0.871945426651606,0.92488136520857
"HDGF","Training_Old",-0.0790576346526422,0.376678415774994,0.863864408103037,0.925714889888895
"LUM","Training_Old",0.1252256819553,0.362447498377082,0.860596056117021,0.880655735496976
"PRELP","Training_Old",-0.0462334839918803,0.80796995511126,0.980232244459439,0.99019005004432
"NDUFA8","Training_Old",-0.0133434482237043,0.918840093319735,0.993812647114009,0.9988712057782
"HNRNPA3","Training_Old",0.1302535229966,0.375685350563554,0.863864408103037,0.880277014892204
"MYOM1","Training_Old",-0.0970554584834353,0.557630761300373,0.904801489203699,0.944890679171112
"PGD","Training_Old",0.00376666951592952,0.969257157728184,0.995486406313297,0.999882391464319
"HNRNPM","Training_Old",0.20736897209353,0.0916720872280207,0.626382328945575,0.609256509777874
"KPNA1","Training_Old",0.154140368335604,0.118570369303187,0.661593565243436,0.719883709953522
"MAP2K6","Training_Old",-0.0231936043089291,0.822884067405062,0.981506429635653,0.995488845802553
"ARHGDIA","Training_Old",-0.102770950228731,0.159954064408012,0.709253370406334,0.82831178137815
"ARHGDIB","Training_Old",-0.150746510734578,0.284638580795715,0.83226384650978,0.827440338307346
"RIDA","Training_Old",-0.162402035857323,0.0215359179403786,0.437344795096919,0.536169790392116
"MRPL12","Training_Old",0.0465961741091299,0.82155546180531,0.981506429635653,0.99088306387702
"THOP1","Training_Old",-0.0564119411371564,0.418706681118693,0.876052777899389,0.952075091200989
"AKR1C2","Training_Old",0.200144681560509,0.353685799442547,0.855652243324924,0.812191084567457
"CAPZA1","Training_Old",0.106945825464297,0.528077480053202,0.902203658501844,0.933993106790161
"CRIP2","Training_Old",0.281028069030107,0.102660269370641,0.647219369882965,0.527443962290289
"BLVRA","Training_Old",0.0553916698611943,0.573900379617774,0.908364110698607,0.96970927981189
"PPP5C","Training_Old",-0.0211129013880331,0.774186915475313,0.964044286843193,0.994610896624414
"NUBP1","Training_Old",0.102017003314971,0.432240769123282,0.879044859220351,0.917989746385122
"SUCLG1","Training_Old",0.000601492243784918,0.994800834130023,0.999560058644301,0.999996864589116
"COPA","Training_Old",0.0446991591190162,0.648483730431947,0.9363189174117,0.980826175106899
"HCCS","Training_Old",0.0076284369576527,0.929242804086169,0.995486406313297,0.999440342191152
"MAPK12","Training_Old",-0.161820595889662,0.177884915224057,0.728027005237865,0.756235508944975
"TTC3","Training_Old",-0.0260392912325038,0.909706172459315,0.993247846850757,0.997538841263687
"SMTN","Training_Old",0.0891182310186878,0.472934098341164,0.886901269473586,0.935446182938706
"SLC16A1","Training_Old",0.171185184385124,0.311701624722715,0.83968600945711,0.819097553301569
"IST1","Training_Old",0.0662081599857025,0.36259144591193,0.860596056117021,0.935039261569625
"SEC24C","Training_Old",-0.00952056281913727,0.913319829074735,0.993812647114009,0.999137151091385
"SUB1","Training_Old",0.0490329470087083,0.53969711523643,0.902203658501844,0.970211749838841
"RARS1","Training_Old",0.0289316168091638,0.754206137016259,0.963649026695388,0.991871906079323
"CACNB3","Training_Old",-0.0353059588991691,0.684570396621009,0.941123262889294,0.986709429862311
"CACNA2D1","Training_Old",-0.0647346406392728,0.412003739913422,0.876052777899389,0.944214716118687
"MYOM2","Training_Old",-0.178504931644586,0.205521916557813,0.756841664672357,0.75394868742226
"YARS1","Training_Old",0.10293127125469,0.412885435967606,0.876052777899389,0.912970718303916
"USP14","Training_Old",0.0335723630778659,0.535927646629151,0.902203658501844,0.97927677275051
"PRKAG1","Training_Old",0.135015755489494,0.111989586737232,0.654627816235596,0.74408748656488
"PRKAA2","Training_Old",0.0223314993002575,0.775562995448917,0.964044286843193,0.99434016817968
"HSPA2","Training_Old",-0.0644252861872623,0.755292755191111,0.963649026695388,0.982081532701355
"RAD23A","Training_Old",-0.187442832959398,0.00890366975719926,0.351192486345986,0.412725604886342
"RAD23B","Training_Old",-0.0344881767537615,0.623491402116365,0.925543336551644,0.983839096679917
"AK2","Training_Old",-0.00809346438421699,0.93270887436082,0.995486406313297,0.999436350710465
"NAPA","Training_Old",-0.048948820922142,0.371487013214236,0.863864408103037,0.952684826111704
"EIF5","Training_Old",0.0237176916634319,0.814253908196771,0.981217417168527,0.995138273369422
"PSMD4","Training_Old",0.0133137959335947,0.839103543638992,0.983947986003869,0.997667203589107
"DRG2","Training_Old",0.459266831789989,0.0667927916874633,0.562615997794495,0.288560767833813
"RRAD","Training_Old",0.499726060698055,0.0564179738379807,0.545726621703761,0.237711820666568
"CSE1L","Training_Old",-0.109653037256606,0.143628446917796,0.691243596726719,0.808330297676205
"VCP","Training_Old",0.00450448082979804,0.946726632723031,0.995486406313297,0.999753433076729
"HADHB","Training_Old",-0.108578707170043,0.155375629639054,0.707607892285706,0.816961143219713
"NAP1L1","Training_Old",0.0625154661609315,0.538656108741822,0.902203658501844,0.96206146336388
"ADK","Training_Old",0.299377706765227,0.0207896114452986,0.437344795096919,0.313617800446757
"LAMB2","Training_Old",-0.0893705571929857,0.741216592336317,0.96052792178464,0.973591837223513
"CDH13","Training_Old",-0.165126381618311,0.138098114977351,0.676228153156142,0.721144531180036
"TPD52","Training_Old",0.597567325385679,0.0144700656544362,0.405768454928179,0.0795714510216605
"SEC13","Training_Old",0.0662279802656158,0.533606033461176,0.902203658501844,0.95925568119384
"SNU13","Training_Old",-0.186065786535469,0.103596996226189,0.647327976419261,0.655827759783746
"NPEPPS","Training_Old",-0.10898292086824,0.156799476131492,0.707607892285706,0.817158504638728
"HNRNPH2","Training_Old",-0.101354183855346,0.465568942809698,0.886220535877655,0.925441113441922
"OXCT1","Training_Old",-0.34128865097486,0.105057189181285,0.648774220908986,0.46347223645415
"SH3BGR","Training_Old",-0.0250309165741385,0.830077474808467,0.983448936784755,0.995349184918737
"EIF3B","Training_Old",0.0333840004336317,0.724789303587452,0.956914735934302,0.989312074954623
"ATP5MF","Training_Old",-0.202433629158016,0.094686353069626,0.632840435705855,0.620534798613879
"NDUFV3","Training_Old",0.133049329983841,0.457449033133115,0.881507625891549,0.901174357697961
"MARS1","Training_Old",0.207986021265562,0.0962283855151586,0.635316109452971,0.614527436824807
"ARPP19","Training_Old",-0.00510086900366957,0.972078799802371,0.995486406313297,0.999855561942314
"ATP5F1E","Training_Old",-0.0404876751690253,0.716011565454879,0.952877395236738,0.986565784863094
"ATP5ME","Training_Old",-0.0199996072347304,0.843452073928138,0.983947986003869,0.996600813295364
"EIF6","Training_Old",0.0247262690285659,0.771412440219048,0.963649026695388,0.993603285955185
"NDUFA6","Training_Old",0.13085699316709,0.383631249002979,0.863864408103037,0.882169897115862
"SYNJ2BP","Training_Old",-0.00277905867087114,0.977709727348128,0.995486406313297,0.999937355156394
"EEFSEC","Training_Old",0.366213698044593,0.0230134185248637,0.440993512113295,0.251266768397212
"MTPN","Training_Old",-0.062953800121246,0.430273198424987,0.879044859220351,0.948293582563851
"DEFA3","Training_Old",0.00781047116965894,0.971921368100164,0.995486406313297,0.99977757959273
"ARPC4","Training_Old",0.0705294049820004,0.517299818207889,0.902203658501844,0.954575792187432
"CD81","Training_Old",-0.157120579823609,0.423563429377372,0.876052777899389,0.873737974484592
"TPI1","Training_Old",-0.000795807093574297,0.991481749989092,0.999050312966108,0.999993192102262
"EIF3E","Training_Old",0.143012385317284,0.283151626740416,0.83226384650978,0.834895151184337
"SEC61B","Training_Old",-0.48791059333168,0.135927542911473,0.676228153156142,0.37768656088722
"GABARAPL2","Training_Old",-0.127520805034298,0.455566262096226,0.881507625891549,0.904603407413201
"ROMO1","Training_Old",-0.183354348545098,0.31367496237697,0.840923197016945,0.808495099273012
"MYL6","Training_Old",0.250065710268625,0.297928570592277,0.83226384650978,0.738743175677679
"ACTB","Training_Old",0.244407066692151,0.338241911133195,0.855529241093782,0.76725522475629
"EIF4A1","Training_Old",0.00572944954644683,0.943861047950857,0.995486406313297,0.999669028280611
"RPS20","Training_Old",0.193497109840607,0.0775588527630674,0.591895604868601,0.609743080417546
"PRPS1","Training_Old",-0.0466080834009901,0.714586737217707,0.952539548718268,0.984459333942198
"PSMA6","Training_Old",0.0240088051093359,0.748895946933953,0.963649026695388,0.993081770389748
"S100A10","Training_Old",0.10327696917178,0.351878666686726,0.855652243324924,0.897744674248517
"CDC42","Training_Old",-0.0849215850176961,0.38596857746446,0.864146108176337,0.922336374098071
"DSTN","Training_Old",0.197079710980624,0.256152115624993,0.827145827681917,0.764587064775328
"RAB2A","Training_Old",-0.188785862038802,0.0546552847226331,0.545726621703761,0.577673970868106
"RAB5B","Training_Old",-0.154206426581187,0.0989673295502023,0.635316109452971,0.700000560875986
"RAB10","Training_Old",-0.0710428589034429,0.437191037843209,0.879637326378204,0.942914378526129
"UBE2D3","Training_Old",-0.136907956980064,0.208309236141437,0.758532942639163,0.806725483933075
"UBE2M","Training_Old",-0.109428298778102,0.128235229996744,0.676228153156142,0.798713016911454
"UBE2K","Training_Old",-0.183409892140777,0.032250232729724,0.466523914556007,0.532660106325862
"UBE2N","Training_Old",-0.125194108246461,0.149067408602612,0.692919922906592,0.78797490127771
"RAB14","Training_Old",-0.0787233945720338,0.466633853541023,0.886901269473586,0.941760966586941
"ACTR3","Training_Old",0.0983008638064753,0.259657994201284,0.827145827681917,0.875860984649121
"ACTR2","Training_Old",0.178414060343485,0.0366995514349003,0.4905661558893,0.554517552262666
"ACTR1A","Training_Old",0.128656288779904,0.0984741148574584,0.635316109452971,0.742137805268738
"COPS2","Training_Old",-0.0261885958113552,0.706461541161799,0.9496049149363,0.990941097488988
"ABCE1","Training_Old",0.193202899175859,0.122077890700676,0.669684428986567,0.666094156414503
"RAP1B","Training_Old",0.0163842972403287,0.859985493127855,0.989415529220451,0.99753164796702
"RPS3A","Training_Old",0.268307379019344,0.0121254526920641,0.388810392279927,0.306084982779467
"RPL26","Training_Old",0.0599703153801165,0.741488742248769,0.96052792178464,0.982223068133637
"RPL15","Training_Old",0.0565297294823921,0.724181038642633,0.956914735934302,0.981922467452229
"RPL27","Training_Old",0.0233985639074277,0.921095515095016,0.993812647114009,0.998078684091882
"PCBD1","Training_Old",-0.0772695227947686,0.353384639306052,0.855652243324924,0.922769672931773
"RPL37A","Training_Old",0.438786923353998,0.0136126839714233,0.403202565683664,0.151774539759861
"RHOA","Training_Old",-0.106966501148907,0.180773121527587,0.732807740242349,0.832795189529962
"HSPE1","Training_Old",0.215093892513888,0.0213871561760796,0.437344795096919,0.437346965593858
"SEC61A1","Training_Old",-0.143941088486653,0.480740444160782,0.886901269473586,0.899940660427917
"VBP1","Training_Old",-0.0971109667041219,0.246871875676912,0.80527821946871,0.872976054727061
"B2M","Training_Old",0.0304245014899429,0.768867485172552,0.963649026695388,0.992035214433488
"DAD1","Training_Old",-0.173667423552324,0.301889170517941,0.83226384650978,0.812206501156166
"NPC2","Training_Old",-0.0488467613369234,0.787821709643576,0.968497934090357,0.988418443371578
"PKIA","Training_Old",-0.135052846896013,0.19178682244777,0.748189951684795,0.800096982128744
"SUMO2","Training_Old",0.114642153589685,0.395047006646348,0.871945426651606,0.898998458301593
"UFM1","Training_Old",-0.110862278681687,0.382467870355399,0.863864408103037,0.898929278623008
"NUTF2","Training_Old",-0.108560646939704,0.18773081559611,0.742485922357649,0.833939512000977
"HNRNPK","Training_Old",-0.0812011580293266,0.281342279484231,0.83226384650978,0.902146865169021
"YWHAG","Training_Old",-0.0458952945527358,0.477995612183835,0.886901269473586,0.966689643632727
"RRAS2","Training_Old",-0.141464297118951,0.160116829385812,0.709253370406334,0.771713747233198
"TIMM10","Training_Old",-0.153197177928877,0.193099865494035,0.751062460264091,0.777291312123597
"RPS7","Training_Old",0.279247457645187,0.0919869422225286,0.626382328945575,0.513597819259432
"PPP1CA","Training_Old",0.122784395715168,0.173555435750625,0.722976489754083,0.806519517211567
"PPP1CB","Training_Old",0.192114857992415,0.182281914360103,0.737158514431013,0.721070715358598
"PSMC1","Training_Old",0.0543174636916781,0.468635084268554,0.886901269473586,0.95966704448202
"PSMC5","Training_Old",-0.0135803071209963,0.845345567485585,0.983947986003869,0.997720976519904
"RPS8","Training_Old",0.137550419011244,0.178946243944054,0.72819743200355,0.789244708297052
"RPS15A","Training_Old",0.158153108224798,0.103342424890192,0.647327976419261,0.698401404894303
"RPS16","Training_Old",0.251830864984626,0.03476738204257,0.488036037777947,0.429162810115104
"UBE2G1","Training_Old",-0.0270519755869731,0.851408318052747,0.987326239869558,0.995657780536108
"YWHAE","Training_Old",-0.0524885481495758,0.425676982509966,0.876052777899389,0.956160847722156
"RPS14","Training_Old",0.181744641949848,0.0378730914506204,0.496076692538645,0.551593617591989
"RPS23","Training_Old",0.0813741399118655,0.576863127736542,0.908364110698607,0.956219295382126
"RPS18","Training_Old",0.21455021571429,0.0443712962780165,0.521175006151909,0.512549090554778
"RPS13","Training_Old",0.307284091460229,0.0403036979765212,0.509531539688675,0.372773192751268
"RPS11","Training_Old",0.191671175745423,0.0598554797394632,0.549376076002249,0.582916125735829
"SNRPD2","Training_Old",0.0324402504477206,0.771844527136594,0.963649026695388,0.991634069754281
"SNRPD3","Training_Old",0.173027658636943,0.0758125835075854,0.590834599143987,0.639976842671251
"TMSB4X","Training_Old",0.290239673374685,0.188551199163901,0.744336696512447,0.616170406800793
"PSMC6","Training_Old",0.0628752373051107,0.352682960398592,0.855652243324924,0.936573125195749
"RPL7A","Training_Old",0.0379631011803632,0.826791681011425,0.982105753822345,0.992805329215734
"ETF1","Training_Old",0.150318381069972,0.25523273876581,0.826458606182138,0.814426013315543
"CNBP","Training_Old",-0.0818291274907352,0.473597191353717,0.886901269473586,0.940673720480675
"RPS4X","Training_Old",0.185155041092699,0.0640752082967544,0.554138533128299,0.601246612961654
"RPL23A","Training_Old",0.253935077964801,0.0609619495056222,0.55270914119592,0.491455074321964
"RPS6","Training_Old",0.300012913102563,0.00405261964700566,0.324933608633403,0.191553398748557
"H2BC4","Training_Old",0.110884774304516,0.696247454389524,0.945046573871464,0.96064931967646
"RAB1A","Training_Old",-0.0341835971896352,0.664253570389863,0.941123262889294,0.986113112033611
"RAN","Training_Old",-0.0235479026069676,0.768047610710201,0.963649026695388,0.993804894090993
"RPL23","Training_Old",0.206729731154383,0.0633371138403406,0.554138533128299,0.565284576623519
"RAP1A","Training_Old",-0.0540620893848907,0.744401218268974,0.960987391799555,0.984168867250878
"RPS15","Training_Old",0.37385860817583,0.00222021271474376,0.260504958529934,0.101841965657268
"RPS24","Training_Old",0.0360484263116945,0.821941651366686,0.981506429635653,0.992956336659591
"RPS25","Training_Old",0.21102637546425,0.0559029895189101,0.545726621703761,0.544096277990279
"RPS26","Training_Old",0.0851423231480197,0.54582707434767,0.902203658501844,0.949756464237635
"RPS28","Training_Old",0.16376941803393,0.245198053391161,0.802881067848266,0.794367664226654
"GNB1","Training_Old",-0.152102752066821,0.0702799560939579,0.573093696024862,0.667728471627275
"GNB2","Training_Old",-0.156894245207031,0.143187496118548,0.691243596726719,0.737167817452212
"RPL30","Training_Old",0.119849137505078,0.516450168244036,0.902185901845661,0.92386114871715
"RPL31","Training_Old",0.116735979603344,0.386707960354513,0.864261600284373,0.895020047969002
"RPL10A","Training_Old",0.0987621410599182,0.589986756255963,0.908364110698607,0.94922220981053
"RPL32","Training_Old",0.509054958448658,0.0510679396230937,0.539277442419869,0.219976610010302
"RPL11","Training_Old",0.277284095576555,0.13495628202259,0.676228153156142,0.573873779113051
"RPL8","Training_Old",0.233552370856152,0.267849562846445,0.829469613976087,0.73516119171386
"PPIA","Training_Old",0.0444240919169197,0.669202066998982,0.941123262889294,0.982314467325053
"FKBP1A","Training_Old",-0.0870636937354838,0.483267213082408,0.886901269473586,0.938651076523643
"RPS27A","Training_Old",-0.207919645222891,0.29669272022008,0.83226384650978,0.776751741927255
"GRB2","Training_Old",0.0934184506112565,0.363468448941929,0.860596056117021,0.909786486539295
"RAC1","Training_Old",-0.0566219424577774,0.356360252516761,0.858190254635575,0.943250620035812
"AP2B1","Training_Old",0.172868457275499,0.136410324967734,0.676228153156142,0.708667274034565
"VAMP2","Training_Old",-0.247208666565385,0.300414669210158,0.83226384650978,0.742827782307119
"PPP3R1","Training_Old",-0.129585989654991,0.294608132177541,0.83226384650978,0.853535429802875
"YWHAZ","Training_Old",-0.0362945495834346,0.636035361598645,0.930153417065766,0.98371080327801
"UBE2B","Training_Old",0.0343112025526935,0.824794008700535,0.981506429635653,0.993412712843314
"PPP2R2A","Training_Old",-0.00586402756246684,0.930786237712176,0.995486406313297,0.999579487350784
"DYNLL1","Training_Old",-0.137596623329252,0.168833349080122,0.72014747959999,0.782890209192509
"DYNLT1","Training_Old",0.253695986689177,0.00547449288822466,0.324933608633403,0.266825248843236
"RPL38","Training_Old",0.123807355219036,0.292284445641649,0.83226384650978,0.858742223163361
"SKP1","Training_Old",0.00023854633764131,0.998116019684166,0.999560058644301,0.999999550159618
"RPS21","Training_Old",0.290800334141682,0.0131525061144867,0.396829898768513,0.283796507700028
"EIF5A","Training_Old",0.00922206416037952,0.911301997212751,0.993247846850757,0.99914381278771
"RACK1","Training_Old",0.185158253046453,0.0600092421771182,0.549376076002249,0.5939870896068
"UBE2I","Training_Old",-0.224712251857394,0.133900338008988,0.676228153156142,0.636468835548172
"SELENOW","Training_Old",-0.218002163921579,0.263985910251637,0.827805268081408,0.748003020137554
"TNNC1","Training_Old",0.0918172756071733,0.74706850340961,0.962859496838302,0.973581469900163
"PPP2CA","Training_Old",0.0131287301038832,0.820504339048011,0.981506429635653,0.997406033658662
"YBX1","Training_Old",0.0831300297146065,0.443687383506042,0.879679631210944,0.934676894934067
"CSNK2B","Training_Old",0.117694809188951,0.199473828752866,0.756466017673328,0.827180346852724
"TPM4","Training_Old",0.200634424139754,0.140722172076659,0.686386206526338,0.674733396743202
"UBE2L3","Training_Old",-0.109605091686827,0.10843623893449,0.653669669012681,0.783881123986498
"EEF1A1","Training_Old",0.0473855570783073,0.68421882127548,0.941123262889294,0.982178954348875
"ACTA1","Training_Old",0.322855318373172,0.23347070869313,0.789286641174775,0.625216557553523
"TUBA1B","Training_Old",0.155968222920599,0.0873198977872356,0.61885779908269,0.683671239409708
"TUBA4A","Training_Old",0.165742613554709,0.112628310897573,0.655291990676791,0.696333982029938
"TUBB4B","Training_Old",0.0142136868224902,0.865779102357598,0.989448788710031,0.997953542404562
"CSNK2A1","Training_Old",0.0821067026284013,0.531348678138393,0.902203658501844,0.949405678276564
"PAFAH1B2","Training_Old",0.186642754608741,0.322148049022981,0.84729349880017,0.809435270375957
"EIF4G2","Training_Old",-0.121906965115375,0.239332997215745,0.798364986543049,0.840032500653338
"PIP4K2B","Training_Old",-0.0811004932231647,0.347146733203443,0.855652243324924,0.917773226875939
"CCT2","Training_Old",0.120575000546221,0.131705327792105,0.676228153156142,0.78315220071686
"GSTO1","Training_Old",-0.264425145193695,0.015753716030832,0.405768454928179,0.333689653853468
"PRKDC","Training_Old",0.0513766787452248,0.542830027617536,0.902203658501844,0.96909847589018
"DCD","Training_Old",0.0340207820888523,0.878306805858541,0.989448788710031,0.995595216458907
"MRPS25","Training_Old",0.0920730026633514,0.377571493751382,0.863864408103037,0.914224900840207
"MRPS35","Training_Old",-0.0849131794758904,0.510878761282562,0.900647699356236,0.94456606994444
"MRPS5","Training_Old",0.182579277817943,0.242463783370076,0.800130485121251,0.772056833539676
"MRPS36","Training_Old",-0.218450823862437,0.201800753178124,0.756466017673328,0.704952425702412
"MRPS15","Training_Old",0.0051572312525856,0.982481366189737,0.995486406313297,0.999908855758632
"MRPS21","Training_Old",0.142371156311006,0.438316869626006,0.879637326378204,0.889203103501956
"SARNP","Training_Old",-0.000487329952886029,0.997332486179725,0.999560058644301,0.999998698304544
"LACTB","Training_Old",-0.0425065624857837,0.666542827847921,0.941123262889294,0.982904982115269
"RPL24","Training_Old",0.374929812381289,0.00669109686242669,0.328641780777795,0.153007992451261
"ARF1","Training_Old",0.0366223928143725,0.612893347693433,0.922749306191324,0.982230750926717
"ARF5","Training_Old",0.0565300096600794,0.505521192837823,0.898704342822797,0.962171266984553
"ERH","Training_Old",0.106475448948956,0.528294749703851,0.902203658501844,0.934314586406731
"RHOG","Training_Old",0.0756344602556407,0.61076269216336,0.920809108443433,0.963395430711632
"RPL19","Training_Old",0.216271998599382,0.158752799736814,0.709253370406334,0.671642884722849
"SRSF3","Training_Old",0.22664274334921,0.240851166183374,0.798552061191972,0.724232218984737
"MXRA7","Training_Old",-0.106296935031107,0.61840790056614,0.925543336551644,0.950195950769344
"H3-3A","Training_Old",-0.0442221886349259,0.879209702693572,0.989448788710031,0.994323369584374
"FBLN2","Training_Old",0.152796965415654,0.348494030860238,0.855652243324924,0.851233756712224
"HSPG2","Training_Old",-0.0607145677924663,0.746619495977725,0.962859496838302,0.982415668596095
"RBM3","Training_Old",0.0320880127061933,0.885073653899304,0.989448788710031,0.996090216996646
"CYCS","Training_Old",0.000208687073158131,0.998982119397182,0.999560058644301,0.999999787473317
"MPP1","Training_Old",0.0907444757899896,0.595049200968045,0.912388674191574,0.953985818961907
"TFAM","Training_Old",-0.137789546202818,0.302826597170581,0.83226384650978,0.848230645584649
"PITPNA","Training_Old",-0.00802542501267212,0.936890171017931,0.995486406313297,0.999476965657172
"SLC25A3","Training_Old",0.0881807326553279,0.352306974358197,0.855652243324924,0.912109928324362
"HDLBP","Training_Old",0.0344777165459309,0.767947133553012,0.963649026695388,0.990938006938586
"PURA","Training_Old",-0.123333999130079,0.324595902532279,0.851610616333134,0.870426254502815
"CLTC","Training_Old",0.0799203215679718,0.398426443343823,0.87207282892619,0.929094086741976
"FKBP3","Training_Old",0.0146390423896285,0.836770401663943,0.983947986003869,0.997394641148586
"REEP5","Training_Old",-0.0153264851375425,0.878253062492228,0.989448788710031,0.998012286148803
"SORD","Training_Old",-0.218884374870616,0.160519107879543,0.709253370406334,0.670042293573244
"HNRNPU","Training_Old",-0.225135798762665,0.0491666553158859,0.537719382355666,0.50751423750212
"MYBPC1","Training_Old",0.15216806322158,0.603814689899171,0.916132632950467,0.926105655834228
"PLIN5","Training_Old",-0.391491770184764,0.0763839654058967,0.590926501601663,0.365346166070443
"SPTBN1","Training_Old",0.157422240360052,0.118723466490181,0.661593565243436,0.715008942140865
"TIAL1","Training_Old",0.114904188696247,0.298909821434484,0.83226384650978,0.870437054110132
"SET","Training_Old",0.299117030204847,0.0460685424017504,0.528786747567918,0.39829193724076
"AMPD3","Training_Old",0.00620368891925693,0.979149984902931,0.995486406313297,0.999869294050158
"FABP5","Training_Old",-0.158664104654115,0.223668333870598,0.775231540817658,0.788507050101957
"ANK2","Training_Old",-0.0289026248440578,0.813825085824271,0.981217417168527,0.994063466770701
"CAP1","Training_Old",0.285524183757417,0.0444183243879468,0.521175006151909,0.411004231247592
"EWSR1","Training_Old",-0.168911895366886,0.0638759583475624,0.554138533128299,0.628358191126847
"TAGLN","Training_Old",0.58802987939676,0.0298859010364059,0.457150293148765,0.126919591028518
"OGDH","Training_Old",-0.00189487400801625,0.980333768168453,0.995486406313297,0.99996236436912
"COX6A2","Training_Old",0.1738916938811,0.425722492879468,0.876052777899389,0.862001845566301
"ALDH6A1","Training_Old",-0.522010739619141,0.00172951310919194,0.215965756512064,0.0361548521864049
"BDH1","Training_Old",-0.320500891579329,0.0802342472864988,0.594881933525775,0.44549858964693
"COL7A1","Training_Old",-0.145346401962719,0.379951167009275,0.863864408103037,0.868790263961949
"RPL18A","Training_Old",0.0805952260695726,0.659282029845603,0.939580293626359,0.966981144141228
"CACNB1","Training_Old",-0.035218797028076,0.6800390786702,0.941123262889294,0.986511254849702
"MAP2K1","Training_Old",0.0468736074719054,0.527496426515129,0.902203658501844,0.970463994014791
"FKBP4","Training_Old",-0.0881958884720113,0.406081218774333,0.876052777899389,0.92359434962095
"RPL6","Training_Old",0.268479537135221,0.155941214336212,0.707607892285706,0.607192668623254
"AKAP12","Training_Old",0.272684593911343,0.047461352160874,0.532511811605872,0.435570380746977
"SLC25A11","Training_Old",0.0449242588771241,0.732743849268508,0.959308930336345,0.986127515363411
"CAV1","Training_Old",-0.039790935745259,0.695667024545174,0.945046573871464,0.985664249870157
"ACY1","Training_Old",0.110936005827021,0.333757534049723,0.854859303067123,0.885383343189362
"LMNB2","Training_Old",-0.000494613559009593,0.997956113396356,0.999560058644301,0.999998988031958
"UBXN1","Training_Old",-0.0459293692312741,0.619441142032175,0.925543336551644,0.978242874867952
"GBE1","Training_Old",0.246369186145049,0.0499335215812535,0.538059171324527,0.477885600431674
"EIF4G1","Training_Old",-0.104740724169098,0.0756761632076732,0.590834599143987,0.763099844139331
"PRKCQ","Training_Old",-0.16668020839921,0.17509431598472,0.723745265492305,0.747942871328498
"GLO1","Training_Old",-0.170315984005811,0.0533885418325496,0.545726621703761,0.607105355609561
"AKR1C1","Training_Old",0.0890494966289417,0.558034118658857,0.904801489203699,0.949380413378792
"SSBP1","Training_Old",0.103682008805254,0.282774813900797,0.83226384650978,0.877251808975439
"YWHAH","Training_Old",0.0833964158926399,0.239284274465296,0.798364986543049,0.887572150466129
"PLP2","Training_Old",0.0799546450906945,0.768871616401592,0.963649026695388,0.979204686597999
"UBE3A","Training_Old",-0.0328419038209766,0.772014277068464,0.963649026695388,0.991538089194174
"SRSF11","Training_Old",0.00368823722426015,0.973132262088879,0.995486406313297,0.9998995548944
"EEF1A2","Training_Old",0.0635340996574101,0.613672256729157,0.922749306191324,0.969452948428458
"CALD1","Training_Old",0.223962969268857,0.271262426547397,0.83226384650978,0.746621104601634
"COL14A1","Training_Old",0.0748133481687745,0.865270114805953,0.989415529220451,0.989231890524666
"PTPN11","Training_Old",0.0327828617990988,0.751494502197822,0.963649026695388,0.99067794111357
"PSME1","Training_Old",0.1158305413134,0.180240104143627,0.732052115291037,0.819983037109959
"CACNG1","Training_Old",-0.418053669325317,0.0155063544067683,0.405768454928179,0.175200742712682
"ZNF33A","Training_Old",-0.238052436845063,0.551061893687206,0.902203658501844,0.867744999912767
"PRDX1","Training_Old",-0.0757330964561547,0.44727273697703,0.879679631210944,0.940885483202113
"RPL18","Training_Old",0.453939459100781,0.0179110930334841,0.415694818535368,0.161073162724737
"C1QBP","Training_Old",0.100635605199898,0.343094987712552,0.855652243324924,0.897937572781762
"CKAP4","Training_Old",0.283483867928751,0.134929538416554,0.676228153156142,0.566760242577952
"DPT","Training_Old",0.0350107707398983,0.877411024732023,0.989448788710031,0.995431767289197
"KLC1","Training_Old",0.138957114749413,0.234629613125615,0.790724510520038,0.817542264977495
"SRSF1","Training_Old",0.0247093799947073,0.862596701580852,0.989415529220451,0.996354416835344
"ARHGAP1","Training_Old",0.471959805145957,0.000699015931368266,0.168090332117833,0.0324134108653339
"ACTN3","Training_Old",-0.0166646921656408,0.977627046809446,0.995486406313297,0.999622998686485
"PPP3CA","Training_Old",-0.00444551418680206,0.96105248553428,0.995486406313297,0.999823411959032
"DHX9","Training_Old",0.00671663910304687,0.950082684577242,0.995486406313297,0.999656125158333
"CRYZ","Training_Old",0.0543959762391211,0.617504971648479,0.925543336551644,0.974118257794122
"SLC20A2","Training_Old",-0.0393714920118242,0.923456045184985,0.995071003791168,0.996869676053712
"PUDP","Training_Old",-0.0369519144319845,0.769840375786688,0.963649026695388,0.99038097219389
"CD47","Training_Old",-0.189388865291392,0.132789001823918,0.676228153156142,0.682239195058535
"PPID","Training_Old",-0.209888043545934,0.366675125604451,0.86208665733702,0.810117261354376
"AHNAK","Training_Old",0.0129110636546486,0.92181769682592,0.993812647114009,0.99894949087384
"LMOD3","Training_Old",0.163199335639485,0.553845625484819,0.90324388910379,0.908073937409182
"HSPA14","Training_Old",0.195000397063785,0.129990127514678,0.676228153156142,0.67175695298811
"SCRN3","Training_Old",-0.170049134148584,0.278050778052354,0.83226384650978,0.804403195201439
"NEXN","Training_Old",0.279371187076379,0.198347385061757,0.756466017673328,0.636386856588274
"AP1B1","Training_Old",0.249633232627824,0.0288928424911763,0.455385696577346,0.412821302172945
"BST2","Training_Old",-0.130989544099748,0.220590615418889,0.772329235159493,0.820383212125939
"PMPCA","Training_Old",0.311361816982107,0.0397869088302632,0.509272433027368,0.366448175754568
"ASPH","Training_Old",0.0943321625492217,0.620490703477512,0.925543336551644,0.955978820430955
"EFEMP1","Training_Old",0.12442450965073,0.481189986222671,0.886901269473586,0.913003403187424
"STX4","Training_Old",-0.0826373980990489,0.509313212439043,0.900141844913187,0.945771010592329
"GRSF1","Training_Old",0.127182525420487,0.421705815802495,0.876052777899389,0.895999511135398
"AIMP1","Training_Old",0.0336972987973496,0.650850872224279,0.937651461212604,0.985632079468762
"ILF3","Training_Old",0.0353629206912274,0.847895429622758,0.984472318506468,0.994182179496495
"TRAP1","Training_Old",-0.046685769095614,0.687521131345365,0.941123262889294,0.98266066987708
"ANK3","Training_Old",-0.00508984375284172,0.961650161434279,0.995486406313297,0.999800983746614
"HSPB3","Training_Old",0.130707006033269,0.383703028288388,0.863864408103037,0.882318248510291
"ECH1","Training_Old",-0.0242317506338914,0.834335246819589,0.983448936784755,0.995620762688803
"STRN3","Training_Old",-0.0390117349660244,0.653932682558254,0.939580293626359,0.983566263570888
"COASY","Training_Old",-0.0574589394382343,0.596922826414917,0.912388674191574,0.970788217543884
"TRDN","Training_Old",0.117283833713298,0.525770541157703,0.902203658501844,0.927371860186023
"ACACA","Training_Old",0.0024776894426104,0.98483290994766,0.995486406313297,0.999962133478675
"GPS1","Training_Old",-0.0884655430411918,0.203801687526574,0.756466017673328,0.86873774412396
"MTAP","Training_Old",-0.166269665235159,0.266320730156385,0.827805268081408,0.802531849938751
"PRKAA1","Training_Old",0.0107292355882294,0.878722977724089,0.989448788710031,0.998613826105183
"TARDBP","Training_Old",0.0239088041309294,0.763820972178486,0.963649026695388,0.993579148168695
"PAK1","Training_Old",0.00535253587683826,0.979757806671879,0.995486406313297,0.999890547306604
"AIMP2","Training_Old",-0.0312635956263243,0.636837992934232,0.930153417065766,0.985991658465946
"PRDX4","Training_Old",0.154424852524738,0.247073999155172,0.80527821946871,0.805818819561869
"PAK2","Training_Old",0.0600193708260974,0.541142463355168,0.902203658501844,0.963814666829376
"CBX3","Training_Old",0.0560965308689791,0.662287445062051,0.940020889765492,0.977150212282244
"PSMD2","Training_Old",0.0656005805172022,0.354908838553963,0.857511865690163,0.934302265442724
"MYBPH","Training_Old",1.71883830144356,0.0011732665550615,0.17699564030642,9.1783958882562e-06
"SELENBP1","Training_Old",-0.251875875038532,0.0270815174809656,0.446845038435932,0.402928641306341
"TRIM28","Training_Old",0.0426214213101126,0.655882646421013,0.939580293626359,0.982184033146679
"G3BP1","Training_Old",0.265146934555027,0.137194669099172,0.676228153156142,0.590564874770895
"PABPC4","Training_Old",0.0298225285494631,0.860765186590042,0.989415529220451,0.995538584730108
"SGCG","Training_Old",-0.173634054837077,0.0357522441209867,0.488036037777947,0.560795070046188
"EIF3I","Training_Old",0.120681385297321,0.195632168415706,0.755287761678227,0.821277698855739
"CTBP1","Training_Old",0.0460074569437268,0.593076758427596,0.910965900944787,0.976250815658288
"UBE2V1","Training_Old",-0.0957804650389456,0.346785673732287,0.855652243324924,0.903538874813712
"DYNC1I2","Training_Old",0.0888436151185452,0.301869653177307,0.83226384650978,0.899052969757654
"ILK","Training_Old",0.00293923428315779,0.966540619495945,0.995486406313297,0.999899977117283
"NNT","Training_Old",0.0701870287301496,0.482055055779324,0.886901269473586,0.950074134950018
"SNTA1","Training_Old",0.065695408948617,0.57984791164447,0.908364110698607,0.96483005346557
"SNTB2","Training_Old",-0.0692935450859018,0.398378783172538,0.87207282892619,0.938216587150416
"SF3B2","Training_Old",0.0388846051542693,0.739647949659156,0.96052792178464,0.9883416354351
"PDAP1","Training_Old",-0.0612197505301246,0.542514425466976,0.902203658501844,0.963253787804106
"TMED1","Training_Old",0.0658829953436673,0.588447310320691,0.908364110698607,0.965667567687095
"FKBP5","Training_Old",-0.175362485664536,0.101827096444631,0.645822305378559,0.669909987679599
"PICALM","Training_Old",-0.00290497516226651,0.980760905653109,0.995486406313297,0.999943567876677
"MTM1","Training_Old",0.0455156140966366,0.693736220213961,0.944662087099862,0.983494338449782
"SQSTM1","Training_Old",0.117035699342088,0.306660686426582,0.833877742136478,0.870804515011474
"MTX1","Training_Old",0.0331756785479946,0.735711597517196,0.96052792178464,0.989869480265515
"ART3","Training_Old",-0.431402455948803,0.0210038836491895,0.437344795096919,0.188901727154965
"ASAH1","Training_Old",-0.0833326574891657,0.473755178522419,0.886901269473586,0.939643362086689
"PIN1","Training_Old",0.0450136929494924,0.671182646186109,0.941123262889294,0.982212510113974
"CAMK2B","Training_Old",0.217583583369969,0.0528660822509586,0.545726621703761,0.527453652456753
"CAMK2G","Training_Old",-0.0212031310752003,0.811362220060817,0.981217417168527,0.995577491055994
"CAMK2D","Training_Old",0.542755049219306,0.000439900800757162,0.168090332117833,0.0150717556141384
"DCTN2","Training_Old",0.10683154484866,0.0692155277461136,0.573093696024862,0.751791051240782
"NAE1","Training_Old",-0.325415796349368,0.00469437757444057,0.324933608633403,0.174700724612646
"STIM1","Training_Old",0.0186918241411256,0.839107276917152,0.983947986003869,0.996726511144466
"CUL1","Training_Old",-0.0636680786389725,0.501536012323461,0.897554437942453,0.95701514791885
"CUL2","Training_Old",0.00579996649112147,0.956632583576106,0.995486406313297,0.999742886403573
"CUL3","Training_Old",-0.0480762563801278,0.59931436472883,0.913240936729646,0.97568689042606
"CUL4A","Training_Old",-0.0774845748872721,0.287271344987752,0.83226384650978,0.90787490087557
"FHL1","Training_Old",0.117348268545459,0.202946573405727,0.756466017673328,0.829320583211897
"FHL3","Training_Old",-0.203821361545916,0.132393346467246,0.676228153156142,0.662243287648334
"ITGA7","Training_Old",-0.185252952018715,0.067123753537723,0.562615997794495,0.606282955843815
"AAMP","Training_Old",0.239689967689255,0.161922589944634,0.710969893648144,0.646366628889276
"CACNA1S","Training_Old",-0.172968349609377,0.114425932014399,0.658494736824009,0.687312954190554
"MOGS","Training_Old",-0.104800528537675,0.565952590561709,0.908276497922743,0.942087450902819
"SPTAN1","Training_Old",0.101499512956625,0.352347903550404,0.855652243324924,0.899534547208606
"AUH","Training_Old",0.0223957605619383,0.870923445804917,0.989448788710031,0.996909664002523
"DDX39B","Training_Old",-0.0412735682609302,0.740613278084416,0.96052792178464,0.987682992883673
"BLMH","Training_Old",-0.101694729265333,0.444273313146189,0.879679631210944,0.920805458659325
"SNTB1","Training_Old",-0.0234425891544561,0.846046184935145,0.983947986003869,0.996088506692935
"TUBB2A","Training_Old",0.121503609223055,0.172526273176155,0.722976489754083,0.807746634928887
"IDI1","Training_Old",-0.34205561187164,0.0127026122477817,0.388810392279927,0.224608389606526
"PRKG1","Training_Old",-0.285670104504995,0.0420207561581083,0.510013533738365,0.404356825124217
"COX17","Training_Old",-0.0524752488134439,0.727672945706668,0.956937301618893,0.983456305621524
"HNRNPD","Training_Old",-0.0512145883583948,0.557094180218701,0.904801489203699,0.9704827915246
"SCARB2","Training_Old",-0.181037283608777,0.109620101621726,0.653669669012681,0.670168992431068
"NID2","Training_Old",-0.0327256254876325,0.907173628415595,0.993247846850757,0.996816900076172
"IL18","Training_Old",0.0729475807701228,0.780296860463353,0.964044286843193,0.982065868302052
"DAG1","Training_Old",-0.120106795251765,0.159267134799827,0.709253370406334,0.801991805696905
"EIF3A","Training_Old",0.0618023326041239,0.424631059142224,0.876052777899389,0.948440867050062
"UBAP2L","Training_Old",0.447054116780336,0.0980164288737232,0.635316109452971,0.354042997994095
"MLEC","Training_Old",-0.00816455628805102,0.927025654412675,0.995486406313297,0.99938152992381
"DPYSL3","Training_Old",-0.162502526626103,0.276163538586454,0.83226384650978,0.811312408157109
"DCTN1","Training_Old",0.083091686182243,0.319614441519053,0.845362329296353,0.909575118777869
"DYNC1H1","Training_Old",0.119364485062867,0.131613927782862,0.676228153156142,0.785011318995597
"EIF2B1","Training_Old",0.0762129598515635,0.417389465378695,0.876052777899389,0.935578737713471
"EIF4A2","Training_Old",0.143051122264755,0.185847898927125,0.742485922357649,0.786053638727524
"CTTN","Training_Old",0.401827210612502,0.0747721793703608,0.587058895279561,0.352726510137722
"ENDOG","Training_Old",0.0120596625556111,0.946963303769038,0.995486406313297,0.999343025356906
"FLOT2","Training_Old",0.191140409475818,0.0583886776588555,0.549376076002249,0.581025978905232
"TRIM25","Training_Old",-0.0751672631018252,0.58869270111482,0.908364110698607,0.960955240926338
"FLNC","Training_Old",0.207439070994628,0.237224273165624,0.797798829499678,0.741965290596443
"MYBPC2","Training_Old",0.111176813048118,0.73519458985068,0.96052792178464,0.966377998371269
"GAMT","Training_Old",-0.101539078290521,0.307176554631714,0.833877742136478,0.887053587394476
"CAPRIN1","Training_Old",0.279725491767318,0.205272963513842,0.756841664672357,0.642157650841578
"PRPSAP1","Training_Old",-0.174732723733129,0.395627268836721,0.871945426651606,0.8504185484058
"CLINT1","Training_Old",-0.00960048466101071,0.946570013345037,0.995486406313297,0.999472973047866
"GANAB","Training_Old",-0.0414243773809275,0.569394959405915,0.908364110698607,0.976940606514474
"SSPN","Training_Old",-0.314046875098729,0.00144652896556698,0.20367127835183,0.128294964311894
"MVP","Training_Old",0.433821276767642,0.068518168560348,0.571977754938557,0.312570337986662
"LASP1","Training_Old",0.142216050493815,0.482990156254899,0.886901269473586,0.901676914013695
"PTGR1","Training_Old",0.272499415289001,0.214204020889326,0.765480358914141,0.657129429396056
"KPNB1","Training_Old",0.010415913340033,0.877812241632781,0.989448788710031,0.998643492439573
"NUMA1","Training_Old",-0.00195487665819627,0.985512921351662,0.995486406313297,0.99997147281167
"PSME4","Training_Old",0.0836112693784568,0.629122112378954,0.927219749716924,0.961993136916454
"SLMAP","Training_Old",0.0441418121711408,0.697150834323741,0.945046573871464,0.984201808868392
"EMC2","Training_Old",0.144245379739411,0.33648273969919,0.854859303067123,0.854607240986243
"PSMD6","Training_Old",-0.0631361554318843,0.579155153764259,0.908364110698607,0.966103784885285
"ABRAXAS2","Training_Old",-0.016790111546733,0.822939073768959,0.981506429635653,0.996733405704022
"SEPTIN2","Training_Old",-0.0411778676958576,0.588884640864329,0.908364110698607,0.978431295050215
"KARS1","Training_Old",-0.104006621821611,0.099379379766068,0.636028030502836,0.786524352013659
"EIF4H","Training_Old",-0.191898384790832,0.0338966161454036,0.483713873642516,0.522323272730581
"EEA1","Training_Old",0.0341453277880674,0.74863221845594,0.963649026695388,0.990163372593878
"PDIA6","Training_Old",0.0478015610749765,0.587716605150988,0.908364110698607,0.974913014962327
"PAFAH1B3","Training_Old",-0.0230170314207072,0.886849695562542,0.989448788710031,0.997239936307007
"PLCL1","Training_Old",0.100755389723849,0.665325580924834,0.941123262889294,0.959775686665472
"PDK1","Training_Old",-0.0633926773028719,0.681475268521694,0.941123262889294,0.975982332227794
"PDK2","Training_Old",-0.0778448176201749,0.706454025131295,0.9496049149363,0.97331174492397
"PEA15","Training_Old",-0.158524945839314,0.346360266347009,0.855652243324924,0.845286068853209
"PGM5","Training_Old",-0.0729476363501362,0.610820814833925,0.920809108443433,0.964679211605732
"PLEC","Training_Old",-0.15876901252317,0.273352568783413,0.83226384650978,0.813896333884842
"PPP2R5A","Training_Old",0.00440823499407728,0.977942257935549,0.995486406313297,0.9999016806877
"PPA1","Training_Old",-0.0431166723347864,0.647244788270094,0.936288351250986,0.981417742537769
"PTGES3","Training_Old",-0.067618130814477,0.472951327151236,0.886901269473586,0.950630394935719
"STK38","Training_Old",-0.111415120485187,0.521726880060442,0.902203658501844,0.930076992978542
"NECTIN1","Training_Old",-0.338348354722374,0.513834695665263,0.901344582429432,0.798284288758622
"NONO","Training_Old",0.0311996879511121,0.740459163241934,0.96052792178464,0.990668776784054
"PTPA","Training_Old",-0.0305344606694256,0.823541821594787,0.981506429635653,0.994089546795332
"RABEP1","Training_Old",0.144711057668982,0.465032095672748,0.886220535877655,0.895119674344107
"RAB35","Training_Old",0.249809064285028,0.0699464691015119,0.573093696024862,0.51453156726299
"TMED2","Training_Old",0.0157012361912727,0.883149711717023,0.989448788710031,0.998050857901875
"PCBP1","Training_Old",0.0407539241568742,0.560231123773826,0.904884221487603,0.976663544454038
"PCBP2","Training_Old",0.0728980467481222,0.315768165461199,0.843453576137587,0.919400911835145
"ELOC","Training_Old",0.048427615085501,0.508305411351835,0.899754204380851,0.967761457463693
"ELOB","Training_Old",0.0580771226810874,0.482339676590353,0.886901269473586,0.958539584776499
"UBE3C","Training_Old",-0.0666150605952147,0.658423612466954,0.939580293626359,0.972545046165992
"DHCR24","Training_Old",0.220778710419019,0.191699751118723,0.748189951684795,0.694413428691976
"RSU1","Training_Old",-0.0804297969866958,0.410599535854089,0.876052777899389,0.930909205078605
"PPP1R7","Training_Old",-0.204036357177102,0.0408229184081252,0.509531539688675,0.520683628159528
"SEC23A","Training_Old",0.0761729530462745,0.383346975954114,0.863864408103037,0.929567595994267
"MAPRE2","Training_Old",-0.0849735911548564,0.327252813560921,0.854165305001674,0.909448057007792
"TGFBI","Training_Old",-0.45025738982568,0.0778091873732446,0.591895604868601,0.316722165751958
"TSN","Training_Old",-0.271852889632392,0.0157425657464308,0.405768454928179,0.323496636230948
"SF1","Training_Old",0.0508414926094005,0.811035425856012,0.981217417168527,0.98940807134823
"TRIP10","Training_Old",-0.0630712111681717,0.388281302038642,0.865031761503811,0.94207823582904
"MAPRE1","Training_Old",0.140191830001381,0.243976689584778,0.801147306649043,0.820561699180885
"TSC22D1","Training_Old",-0.272794333032337,0.381412878756485,0.863864408103037,0.768788759034464
"ELAVL1","Training_Old",0.00262525381218026,0.984228658970453,0.995486406313297,0.999958267127183
"MYLK","Training_Old",-0.739464072659423,0.00102738374462713,0.17699564030642,0.00616997898386194
"SPEG","Training_Old",-0.100142926654403,0.442583467921753,0.879679631210944,0.921613700012237
"TBCE","Training_Old",-0.0725559509001314,0.547558407877534,0.902203658501844,0.957241619201202
"UBE2V2","Training_Old",-0.163676367156143,0.0137455420119431,0.403202565683664,0.49574814585102
"NEDD8","Training_Old",0.0524953720524834,0.644551026842553,0.935439935590833,0.977207724437572
"ADIRF","Training_Old",0.24139321317319,0.447151506891967,0.879679631210944,0.823421375006716
"ADIPOQ","Training_Old",-0.129992852360157,0.217372740305215,0.767711082817081,0.82005201081295
"RAB11B","Training_Old",0.0293892571945058,0.597268107391362,0.912388674191574,0.984967232335415
"ZYX","Training_Old",0.0926170335153209,0.233572041067346,0.789286641174775,0.873987081319395
"HSPB2","Training_Old",0.262574576355675,0.0417977487008653,0.510013533738365,0.434460006515724
"ETFDH","Training_Old",-0.0199767279829608,0.856560716591786,0.989415529220451,0.996911780108736
"SEPTIN7","Training_Old",0.105200595293084,0.281876182785213,0.83226384650978,0.875277600339095
"ADRM1","Training_Old",-0.114364951836578,0.318151532731086,0.844907738434092,0.87724068154128
"DDB1","Training_Old",0.0255245283987833,0.648387078700027,0.9363189174117,0.989001978854887
"CDC37","Training_Old",-0.0112974836158841,0.86678213192439,0.989448788710031,0.998386129309512
"DPYSL2","Training_Old",0.0365285522796484,0.646215372171887,0.935439935590833,0.984177329236346
"SYPL1","Training_Old",-0.0635966708554001,0.583256268358166,0.908364110698607,0.966294345739338
"RBBP7","Training_Old",0.104112106468399,0.513403281981891,0.901336435200129,0.932943276447369
"SGCB","Training_Old",-0.149774225395937,0.0522695647180325,0.545726621703761,0.642727259011334
"SGCA","Training_Old",-0.125260309183489,0.132543605099534,0.676228153156142,0.776365788273276
"FXN","Training_Old",-0.146102869045958,0.22083483961618,0.772329235159493,0.801985272432192
"FSCN1","Training_Old",0.647715157272685,0.000149272284152359,0.157631532064891,0.00332528077752313
"DECR1","Training_Old",0.0729561406476478,0.497010558458857,0.893953138207252,0.950272162444225
"NDUFA5","Training_Old",-0.0348728682838022,0.760823877323307,0.963649026695388,0.99051267481339
"CLPP","Training_Old",-0.032807898762357,0.856010505153304,0.989415529220451,0.994912256312006
"TST","Training_Old",-0.172839694276401,0.145829879503733,0.691531700111243,0.716934512889211
"KYAT1","Training_Old",-0.327213436364225,0.0206343121829558,0.437344795096919,0.280873781387827
"GUK1","Training_Old",-0.00365459105352173,0.978922248766308,0.995486406313297,0.999922149063027
"HAGH","Training_Old",-0.182542844138769,0.0287883041526716,0.455385696577346,0.523288175720294
"NDUFA9","Training_Old",-0.0384309248134969,0.761576084312725,0.963649026695388,0.989587344543336
"PHKG1","Training_Old",0.160557493141759,0.0347494664447543,0.488036037777947,0.583093622079369
"PPP1R3A","Training_Old",0.180683604049719,0.0842245692060969,0.604088429451636,0.639505684614253
"HADH","Training_Old",-0.112409695733188,0.16825679745209,0.72014747959999,0.818449367756543
"UGP2","Training_Old",0.0422983980270217,0.60704153385686,0.917732082681237,0.979107744800695
"TXNRD1","Training_Old",-0.148367640449468,0.0520410350464026,0.545726621703761,0.64498152360035
"IMMT","Training_Old",-0.0463573198849296,0.551054837366184,0.902203658501844,0.972752790771096
"IAH1","Training_Old",-0.0251731551949028,0.789940447532162,0.969201907956971,0.99408180931263
"KLHL40","Training_Old",0.336092954634189,0.166020682198228,0.719991131011618,0.546892550509643
"TKFC","Training_Old",-0.0882859908557343,0.543348949622594,0.902203658501844,0.947569715561429
"TIMM50","Training_Old",0.00520809067647576,0.961799016921493,0.995486406313297,0.999797166627698
"NADK2","Training_Old",-0.10120584401999,0.438874996303906,0.879637326378204,0.920031724056859
"FAM98B","Training_Old",-0.00390264409689678,0.968482539273845,0.995486406313297,0.999875026315912
"HIKESHI","Training_Old",0.0972061413643104,0.263368502990027,0.827805268081408,0.878365453100556
"PDLIM3","Training_Old",0.0408209296881203,0.762337568557202,0.963649026695388,0.988983723549332
"HSD17B12","Training_Old",0.0952284375090286,0.467008413112539,0.886901269473586,0.930058590072222
"AGK","Training_Old",0.309840936238174,0.0392750641669642,0.505786192198954,0.36677511764133
"LACTB2","Training_Old",-0.00612427457651066,0.95113574414434,0.995486406313297,0.999693230165269
"DCAF6","Training_Old",-0.128454904526862,0.130053096378775,0.676228153156142,0.769492619421905
"CAVIN4","Training_Old",0.0130123691801245,0.907354239499955,0.993247846850757,0.998735706868287
"FLG2","Training_Old",0.223138358605375,0.543585519167837,0.902203658501844,0.872826872933772
"RABL3","Training_Old",-0.0956923383850388,0.444993178628633,0.879679631210944,0.925443927657817
"COQ5","Training_Old",-0.0718486237598874,0.584948891065906,0.908364110698607,0.96220529656778
"NOMO2","Training_Old",0.0937877947591374,0.38250404707298,0.863864408103037,0.913810942132039
"PITRM1","Training_Old",0.0310369258459531,0.858970777618948,0.989415529220451,0.995292868276127
"WDR44","Training_Old",0.077394370430806,0.633175273961643,0.929302417378033,0.965248356482768
"COA6","Training_Old",0.011038083968085,0.930793178129964,0.995486406313297,0.999208682001781
"TOR1AIP1","Training_Old",-0.211086293953617,0.173391632066435,0.722976489754083,0.690826946052151
"GNAS","Training_Old",-0.30975582212989,0.00490063644627986,0.324933608633403,0.192549439943569
"TTC38","Training_Old",0.0961581310267548,0.666968678389406,0.941123262889294,0.961803399590539
"C6orf136","Training_Old",-0.553318405095553,0.129277024420339,0.676228153156142,0.322395082557497
"HP1BP3","Training_Old",0.122982843874802,0.416015751243517,0.876052777899389,0.897753355057114
"IBA57","Training_Old",-0.104275984648702,0.534212852389514,0.902203658501844,0.936714286239532
"UBR4","Training_Old",-0.0479418828629434,0.599754747304854,0.913253083134716,0.975788377233734
"DCAF8","Training_Old",0.0981225291629855,0.415408642931328,0.876052777899389,0.917410811472924
"DDI2","Training_Old",0.142617492619507,0.606543211820303,0.917732082681237,0.931177099394773
"MICOS10","Training_Old",0.160327689987049,0.424436361009768,0.876052777899389,0.871621734382861
"LYRM7","Training_Old",-0.211462021096132,0.115239205736571,0.658833727898126,0.633233808084333
"OBSCN","Training_Old",0.0452181131658271,0.774926467637013,0.964044286843193,0.988536179033886
"MYOM3","Training_Old",-0.0324102511282653,0.907336139440098,0.993247846850757,0.996853314130521
"PDE4DIP","Training_Old",0.242995801465341,0.32836568542081,0.854165305001674,0.762916429994848
"BROX","Training_Old",0.000279233796820932,0.998330564424727,0.999560058644301,0.999999533447727
"LYPLAL1","Training_Old",-0.0389047943643455,0.792645050246102,0.970473244127402,0.991000057304818
"SYPL2","Training_Old",-0.292425586380332,0.0212104116386525,0.437344795096919,0.324070977013986
"ECPAS","Training_Old",-0.0833122577990508,0.205147112298719,0.756841664672357,0.876368211336324
"MICOS13","Training_Old",0.0912897761447518,0.549129888602824,0.902203658501844,0.946749308449028
"RNF123","Training_Old",-0.25960930483259,0.0056429296534506,0.324933608633403,0.26077723828548
"TMEM198","Training_Old",-0.141714730695259,0.431823245678957,0.879044859220351,0.887804803497925
"CRYBG3","Training_Old",-0.234086629494314,0.567061065528581,0.908364110698607,0.875644929516662
"NXN","Training_Old",-0.0552890856609167,0.580156090634427,0.908364110698607,0.970345980677643
"PTRHD1","Training_Old",0.0552852726520214,0.62353651288379,0.925543336551644,0.974224133340297
"ABLIM2","Training_Old",-0.0890148597748048,0.68675290877687,0.941123262889294,0.967103199462794
"LAMTOR1","Training_Old",-0.000711502537415143,0.994423783648288,0.999560058644301,0.999996021412739
"DHRS7B","Training_Old",-0.126804435463409,0.361095650692889,0.860596056117021,0.878829324920293
"TWF2","Training_Old",0.263809997568618,0.0735587145473424,0.579686586283534,0.502350400596614
"ETFRF1","Training_Old",-0.202244227190803,0.230061994278325,0.78623128141719,0.742911037846065
"RAB12","Training_Old",-0.13021882687487,0.246377139462546,0.80527821946871,0.833249226028982
"DENND5A","Training_Old",-0.175605322722777,0.198799995358262,0.756466017673328,0.753005555303526
"RCSD1","Training_Old",-0.101226597414538,0.336773802146949,0.854859303067123,0.895682449293429
"SLC25A24","Training_Old",0.2288358333528,0.0126482425337874,0.388810392279927,0.367854857835929
"HIBCH","Training_Old",0.178394111350098,0.28917705083989,0.83226384650978,0.801446984665927
"CAVIN1","Training_Old",-0.0290220736290934,0.728577263732566,0.956937301618893,0.990851924320895
"MRPL54","Training_Old",0.0625378842293607,0.726275164292014,0.956914735934302,0.980197436801096
"LPCAT3","Training_Old",-0.111563647026344,0.512425493175814,0.901277524351826,0.928122593660474
"TATDN1","Training_Old",-0.110272025079858,0.412580750303,0.876052777899389,0.906987693880525
"SFXN4","Training_Old",0.167917178532552,0.274691597767825,0.83226384650978,0.80495666140669
"FAHD1","Training_Old",-0.0531255561801274,0.625482906883993,0.925543336551644,0.975379968573088
"LMOD2","Training_Old",0.155410842701727,0.747219088692224,0.962859496838302,0.955723886492104
"SLC27A1","Training_Old",-0.352680297986263,0.00534395700588902,0.324933608633403,0.158001798351068
"CCDC137","Training_Old",-0.215820109973198,0.620824887743749,0.925543336551644,0.902232718822232
"CORO6","Training_Old",0.169339896710763,0.461930862162911,0.884494996272047,0.877403778337943
"TMEM205","Training_Old",-0.0992877256247517,0.329783101134146,0.854859303067123,0.895707051693285
"DHRS11","Training_Old",0.178286669080951,0.270439224685909,0.83226384650978,0.792037228411397
"APOOL","Training_Old",-0.0860564576092493,0.368006341217476,0.86262973657193,0.917569660628029
"NAPRT","Training_Old",0.010539112325354,0.963530466178255,0.995486406313297,0.999608536274496
"HSDL2","Training_Old",-0.0917617962905872,0.343945394837588,0.855652243324924,0.906707992155275
"KYAT3","Training_Old",-0.130169327015299,0.456545992084337,0.881507625891549,0.902974177758555
"TRIM72","Training_Old",0.0697816605914454,0.257691028017169,0.827145827681917,0.909715367372913
"UBN2","Training_Old",0.23526867942935,0.55822742471631,0.904801489203699,0.871831583605622
"TOM1L2","Training_Old",-0.157825486306152,0.045975132393766,0.528786747567918,0.615052290586467
"XIRP1","Training_Old",0.43352519329515,0.0770766415587437,0.591895604868601,0.329194813580457
"VPS13C","Training_Old",0.012989541635303,0.916018822910989,0.993812647114009,0.998861227533332
"UBE2R2","Training_Old",0.000490109219960289,0.997264811062717,0.999560058644301,0.999998657622918
"SND1","Training_Old",0.276562367774297,0.0255993942534167,0.446299191226819,0.362891030371998
"TRMT10C","Training_Old",0.0186833216956153,0.845575393948138,0.983947986003869,0.996871003580804
"BZW1","Training_Old",0.037897567048951,0.851085174725923,0.987326239869558,0.993907912511475
"EIF3M","Training_Old",0.0526069111189749,0.605172201814134,0.917533158816548,0.97392457925028
"COPS6","Training_Old",-0.0350835573375861,0.63663944619061,0.930153417065766,0.984282781597452
"CHMP1B","Training_Old",-0.0834147927539632,0.547336648545109,0.902203658501844,0.950969428859074
"RRM2B","Training_Old",0.0016615479545905,0.993111138005646,0.999560058644301,0.999988514283841
"ERMP1","Training_Old",-0.0687378292425542,0.756914902352397,0.963649026695388,0.981038287559517
"MRPL21","Training_Old",-0.297999883726938,0.210637942268,0.759159273157024,0.628657334049121
"DGLUCY","Training_Old",-0.0326676507165899,0.806593066146763,0.980232244459439,0.993003138870015
"MYH14","Training_Old",-0.00256571762752245,0.9839722842711,0.995486406313297,0.999958545151713
"SZRD1","Training_Old",-0.0488108051977321,0.700564682582299,0.94817759481339,0.982779760831784
"MAVS","Training_Old",-0.163071163661385,0.0559078443727505,0.545726621703761,0.624811369163341
"COMMD6","Training_Old",-0.0040796986500311,0.980117947205976,0.995486406313297,0.999918073378096
"HDDC2","Training_Old",-0.109572127461384,0.274603527101035,0.83226384650978,0.867956249374506
"HDGFL2","Training_Old",-0.0861679129411996,0.495888556147594,0.893953138207252,0.94135163757485
"DCXR","Training_Old",-0.13826605093648,0.290777449133112,0.83226384650978,0.843002105854788
"SPRED2","Training_Old",0.0211159874709743,0.943247548028027,0.995486406313297,0.998767027079916
"HUWE1","Training_Old",0.215326109207474,0.138288226900415,0.676228153156142,0.653113441500475
"GLRX5","Training_Old",-0.15099661666579,0.342910706699233,0.855652243324924,0.850773414776832
"MYPN","Training_Old",0.0732434348771491,0.735569049278307,0.96052792178464,0.977757246015246
"SRL","Training_Old",-0.0434777934172601,0.570089728513915,0.908364110698607,0.975863219318135
"PRUNE1","Training_Old",-0.3562072585779,0.00312713213818315,0.314500146468705,0.128160120325954
"ACOT1","Training_Old",0.0907660292128334,0.635081347200857,0.930153417065766,0.959629529899066
"ISCA2","Training_Old",-0.00945400888514314,0.938975794160923,0.995486406313297,0.99940490000442
"MTDH","Training_Old",0.0683001643712515,0.503137021761662,0.898072024443802,0.954168606443073
"KTN1","Training_Old",-0.0560677100707778,0.67665196343969,0.941123262889294,0.978338114820234
"NLRX1","Training_Old",-0.164836644355642,0.17031105652077,0.72014747959999,0.746931284677539
"ALYREF","Training_Old",-0.0114618255601187,0.940598663416177,0.995486406313297,0.999298338633458
"MDP1","Training_Old",-0.11168221241287,0.355672535201034,0.857511865690163,0.890964310236793
"SLC25A42","Training_Old",-0.757830048737393,0.0101572701805244,0.375570969196677,0.0308656708329133
"NRAP","Training_Old",0.333117432677241,0.146118291406706,0.691531700111243,0.526924674497054
"VPS36","Training_Old",-0.29881766499151,0.0118127707493356,0.388810392279927,0.265451179053051
"CAND1","Training_Old",-4.82141196798125e-05,0.999645401746299,0.999645401746299,0.999999982900326
"COMMD7","Training_Old",0.218379134451967,0.0784981078170981,0.594222235518678,0.573667578735294
"LDHD","Training_Old",-0.112565078050295,0.597891063011903,0.912388674191574,0.943746697641681
"CARM1","Training_Old",0.408876745950831,0.0669720938376956,0.562615997794495,0.33108180105616
"NIT1","Training_Old",-0.0834323932374907,0.525438034022822,0.902203658501844,0.947725225613106
"NDUFA11","Training_Old",-0.221900844705981,0.281879878301243,0.83226384650978,0.75503790293855
"ECHDC2","Training_Old",-0.236452562714994,0.0700888934949912,0.573093696024862,0.533397279058497
"PHYKPL","Training_Old",-0.17053434437857,0.265979169380643,0.827805268081408,0.797841765181742
"MUSTN1","Training_Old",0.771929099725792,0.0172001174951106,0.415694818535368,0.0434465556902853
"NAXD","Training_Old",-0.154008692773562,0.1872367259288,0.742485922357649,0.772577213691423
"MFN1","Training_Old",-0.101626956863271,0.528626900209164,0.902203658501844,0.937269536646935
"SLC44A2","Training_Old",-0.032056381278192,0.81299102587839,0.981217417168527,0.993385175354498
"HSCB","Training_Old",0.109660371959926,0.406711003418397,0.876052777899389,0.906054139563255
"ADHFE1","Training_Old",-0.0689327311680081,0.7119469304124,0.951665770272778,0.976852093513586
"UNC45B","Training_Old",0.208382071591387,0.0310793019291428,0.457150293148765,0.485129894346675
"MSRB3","Training_Old",-0.0139669416507111,0.933826332288833,0.995486406313297,0.999044213219777
"KLHDC8B","Training_Old",0.0335070343844315,0.858150051391826,0.989415529220451,0.994887331936649
"SUPV3L1","Training_Old",0.0072862066892867,0.967588765614396,0.995486406313297,0.99975996206781
"THNSL1","Training_Old",-0.0145608137255451,0.920440489324669,0.993812647114009,0.998793594160946
"PM20D2","Training_Old",0.0439970633501154,0.835357796187555,0.983448936784755,0.992116381815576
"MICU2","Training_Old",-0.083528041223822,0.497662458390104,0.893953138207252,0.943377609279755
"ELMOD2","Training_Old",-0.1022917513805,0.519880042372504,0.902203658501844,0.935274804985548
"ALDH16A1","Training_Old",0.0531864872958856,0.739819703248257,0.96052792178464,0.984100077472221
"FAM185A","Training_Old",-0.323444585337592,0.107355010091962,0.653669669012681,0.48587519309417
"ADSS1","Training_Old",0.0215749735333901,0.781756118862926,0.964044286843193,0.994702056655693
"NDUFAF2","Training_Old",-0.00402579652962132,0.977072287879394,0.995486406313297,0.999906627458127
"LRRC47","Training_Old",-0.0442619153643165,0.57933697490764,0.908364110698607,0.976128252510374
"GPD1L","Training_Old",-0.143570800232034,0.0194758357375857,0.432978579766116,0.568095810734571
"EHBP1L1","Training_Old",0.104740484857707,0.279605504907044,0.83226384650978,0.875046093109751
"CMYA5","Training_Old",-0.134062255129372,0.170224740819963,0.72014747959999,0.788695143403721
"TXLNB","Training_Old",-0.0989113215913164,0.200954273252441,0.756466017673328,0.853234539304947
"SYNPO","Training_Old",-0.15153230512254,0.379902877415435,0.863864408103037,0.863588434741424
"TOMM5","Training_Old",0.0166341535139942,0.905468719418681,0.993247846850757,0.998349549676678
"CHCHD4","Training_Old",0.123768211536003,0.342032434571342,0.855652243324924,0.875653609083784
"CBR4","Training_Old",-0.0255472218778259,0.874743220634167,0.989448788710031,0.996586983270476
"MMGT1","Training_Old",-0.067739774751546,0.621173371354778,0.925543336551644,0.968260652557869
"SMIM20","Training_Old",-0.014402525183197,0.925482257812548,0.995486406313297,0.998885285632691
"CISD2","Training_Old",0.0549471295874895,0.590092594639436,0.908364110698607,0.971432704816424
"ATPAF2","Training_Old",-0.324983816375809,0.025680951837347,0.446299191226819,0.30419309462713
"JAGN1","Training_Old",-0.152334575965821,0.333853364529024,0.854859303067123,0.846098779003507
"MRPL50","Training_Old",0.00803954453943945,0.967940021341336,0.995486406313297,0.999738064505748
"EMC1","Training_Old",0.119390671774084,0.433695427702465,0.879044859220351,0.905072261139949
"PTGR2","Training_Old",-0.144383265910054,0.219791987516791,0.772329235159493,0.803521539050668
"SMYD1","Training_Old",0.0415080839351667,0.807567785689201,0.980232244459439,0.991167783735218
"NHLRC2","Training_Old",-0.0225683788872537,0.834612449599793,0.983448936784755,0.995928224812788
"RDH13","Training_Old",0.222455555364437,0.186982547714742,0.742485922357649,0.688665145649244
"TXNDC5","Training_Old",0.256118319595689,0.00600019447760546,0.324933608633403,0.269741294337639
"ATAD1","Training_Old",0.109296719099152,0.297853225138242,0.83226384650978,0.876012247158466
"SCCPDH","Training_Old",0.104514454090324,0.160522306370373,0.709253370406334,0.825975118833394
"SERBP1","Training_Old",0.0264886284845964,0.832793963012448,0.983448936784755,0.995165127656264
"FAM98A","Training_Old",0.0552410804329782,0.763689558479581,0.963649026695388,0.985217688340032
"PDPR","Training_Old",0.0911864063239598,0.550815224758799,0.902203658501844,0.947072578018903
"NAXE","Training_Old",-0.0696311151845102,0.28300384409089,0.83226384650978,0.915857041718032
"NPEPL1","Training_Old",0.154558199065608,0.344229046774854,0.855652243324924,0.84803931371657
"ADPRHL1","Training_Old",-0.043521363551303,0.687871778255238,0.941123262889294,0.983848220567743
"CHDH","Training_Old",0.391807290825067,0.016893372327712,0.415694818535368,0.202118630106558
"ABCF1","Training_Old",0.0204725660094311,0.86009882312757,0.989415529220451,0.99691937570503
"MCU","Training_Old",-0.0865893713868928,0.546969317281313,0.902203658501844,0.949096513124031
"TOR1AIP2","Training_Old",0.100313024357515,0.526343601420212,0.902203658501844,0.937647684091253
"ABHD11","Training_Old",0.0796287757268956,0.67705314741123,0.941123262889294,0.969421612716152
"ATL2","Training_Old",-0.462142109517654,0.00869002707269785,0.351192486345986,0.111566774420095
"PPTC7","Training_Old",0.0686639070938568,0.675288298574262,0.941123262889294,0.973401618318162
"COQ8A","Training_Old",-0.0793837429726665,0.366125808888577,0.862068355664414,0.923335095954554
"NPLOC4","Training_Old",-0.00463157439436657,0.949743056460102,0.995486406313297,0.999761206949781
"SPATA20","Training_Old",0.226366069731927,0.49776936104722,0.893953138207252,0.853920531170445
"NUBPL","Training_Old",0.196767906681988,0.207415416670697,0.756922882374405,0.733797520913563
"DEPTOR","Training_Old",0.0442351088143234,0.760743510362253,0.963649026695388,0.987976378874099
"RDH11","Training_Old",0.122719241896348,0.477744046546939,0.886901269473586,0.913337077414583
"LRRC20","Training_Old",-0.146473379133568,0.120378165314926,0.666832492593259,0.733372663516738
"NT5C","Training_Old",-0.0677915072320658,0.631349882744174,0.927912980066594,0.969304009795143
"PNPT1","Training_Old",-0.102324575747037,0.3000491192711,0.83226384650978,0.884105168888619
"SPPL2A","Training_Old",-0.0744015201525556,0.670574345371068,0.941123262889294,0.970705271456155
"PREX1","Training_Old",0.445165103086312,0.0146640609475386,0.405768454928179,0.152644228173943
"NEK9","Training_Old",-0.0136744519131682,0.91134974897259,0.993247846850757,0.998731425945485
"GPT2","Training_Old",-0.592076886423477,0.0089793533440735,0.351192486345986,0.0613993408560366
"MYOZ3","Training_Old",0.374845064748655,0.447337085189656,0.879679631210944,0.73967717566808
"NEK7","Training_Old",0.0076063421149648,0.94096880678548,0.995486406313297,0.999537296996214
"DTD1","Training_Old",-0.00112501958070865,0.993783686165091,0.999560058644301,0.999992984722502
"UTP15","Training_Old",0.113024290919043,0.76829244729899,0.963649026695388,0.970647903959716
"SETD7","Training_Old",0.0347336027678367,0.711283410482359,0.951380977161964,0.988236543045729
"NUP133","Training_Old",-0.0145851160159616,0.949604639231793,0.995486406313297,0.999246094540256
"PDCD6IP","Training_Old",0.00506012760023822,0.939363560095756,0.995486406313297,0.999683525461305
"THEM6","Training_Old",-0.120172642569944,0.285308496152907,0.83226384650978,0.860089664115887
"SMIM4","Training_Old",0.0251362580302903,0.855494209780518,0.989415529220451,0.996084520110127
"NUDCD2","Training_Old",-0.042055847598828,0.712957869037542,0.951812275225846,0.98587187308567
"SCFD1","Training_Old",-0.0282763198157845,0.82370235456805,0.981506429635653,0.994530930016951
"PCNP","Training_Old",0.0294397501939443,0.825249124611651,0.981506429635653,0.994361464642546
"DNAJA4","Training_Old",0.304778267662439,0.0599678630554715,0.549376076002249,0.424166279392848
"SPRYD4","Training_Old",-0.0134679698165243,0.927601902223945,0.995486406313297,0.998988358797368
"RTN4IP1","Training_Old",-0.0282035098330269,0.858967147297537,0.989415529220451,0.995721551365198
"PALLD","Training_Old",0.0227715017830086,0.907663583848695,0.993247846850757,0.997796295131978
"SYNE2","Training_Old",-0.430904576500147,0.000497618526768547,0.168090332117833,0.037729200546628
"THAP4","Training_Old",0.095229485922804,0.423907106920146,0.876052777899389,0.921520880334308
"IFT81","Training_Old",-0.0874957989629195,0.824988274461677,0.981506429635653,0.983307906928016
"TTN","Training_Old",0.0192085692548254,0.945360007039754,0.995486406313297,0.998921263040917
"DDX1","Training_Old",0.0736359660407615,0.387885589797974,0.865031761503811,0.932639479531156
"HSD17B8","Training_Old",-0.0215463303081656,0.877102690700166,0.989448788710031,0.997178591519744
"CPT1B","Training_Old",-0.237601723036416,0.0533282499923035,0.545726621703761,0.498336696182685
"PSMF1","Training_Old",0.00483297896586521,0.959193209059566,0.995486406313297,0.999798665051592
"UBXN4","Training_Old",0.105712654401959,0.420781454866501,0.876052777899389,0.912552846914666
"HSPH1","Training_Old",0.370569005504741,0.708171777293108,0.950079131066936,0.879966249792462
"MYO18A","Training_Old",0.0656129489536177,0.720131063943071,0.955549579747197,0.978688197560602
"GCN1","Training_Old",0.119142890680681,0.265385196915133,0.827805268081408,0.853805609882467
"SGCD","Training_Old",-0.207827416472622,0.0205151757175,0.437344795096919,0.445864564916184
"AKAP1","Training_Old",-0.117467395133836,0.500096066921463,0.896606870405882,0.921825232080892
"RABGGTA","Training_Old",0.158694514373487,0.107202853767611,0.653669669012681,0.701615325974823
"TFG","Training_Old",0.0776671166304901,0.442986821274241,0.879679631210944,0.938720265079494
"ARPC1A","Training_Old",-0.15393672817337,0.0802679306409362,0.594881933525775,0.678217184925696
"P3H4","Training_Old",0.186162464126401,0.40489796989766,0.876052777899389,0.845089078637628
"DDX17","Training_Old",-0.0650650434740321,0.424067260162213,0.876052777899389,0.945712273663541
"CELF1","Training_Old",0.0683295151532981,0.627257544547025,0.925543336551644,0.968633703319917
"UFD1","Training_Old",0.173457807383276,0.209142856532405,0.759124420642231,0.762299331536389
"RPL3L","Training_Old",0.157844822290045,0.490889788893901,0.891685703440615,0.893765165721436
"COPS5","Training_Old",-0.0758852835219592,0.43142366583907,0.879044859220351,0.938198175079744
"KHSRP","Training_Old",-0.10923368722797,0.315946317550999,0.843453576137587,0.881740756376914
"GCDH","Training_Old",-0.0671707663736818,0.577801134617906,0.908364110698607,0.963825632345412
"TNPO1","Training_Old",0.130737727925858,0.1340200342747,0.676228153156142,0.768932385954513
"USP13","Training_Old",-0.0786728132274916,0.605922151929155,0.917732082681237,0.961351304423269
"USP9X","Training_Old",0.118876346227683,0.109663163420522,0.653669669012681,0.768928453191302
"CUL5","Training_Old",-0.076643579644454,0.289860114679117,0.83226384650978,0.909452871176773
"LPP","Training_Old",-0.0859909616225991,0.469466434173373,0.886901269473586,0.937046103678015
"ATP2A3","Training_Old",0.0524993582943303,0.754511842944056,0.963649026695388,0.985320563846037
"PHKB","Training_Old",0.226318556350545,0.0268795702376666,0.446845038435932,0.441112258515066
"UBE2F","Training_Old",-0.259500345126138,0.14656073179061,0.691531700111243,0.607548965635098
"RPL36AL","Training_Old",0.249904925211645,0.112204199563109,0.654627816235596,0.578885402334884
"WBP2","Training_Old",-0.0348060439418489,0.688018142945583,0.941123262889294,0.987068959175257
"ERGIC1","Training_Old",0.407464531456341,0.0255489327402997,0.446299191226819,0.224419654326638
"MTARC2","Training_Old",0.0449188785265484,0.673913526712492,0.941123262889294,0.982428814301048
"FAM162A","Training_Old",0.00827353558826971,0.936012583210502,0.995486406313297,0.999453050846792
"CCDC47","Training_Old",0.106562686492236,0.239977827010183,0.798364986543049,0.858913381685034
"TMEM230","Training_Old",0.011044974759951,0.927120917370528,0.995486406313297,0.999164561768048
"ISOC2","Training_Old",-0.0474440679466923,0.579764451732291,0.908364110698607,0.97446824655275
"FERMT2","Training_Old",-0.0557404005586868,0.64568324934425,0.935439935590833,0.975911446615985
"FUBP1","Training_Old",-0.106341494673469,0.252076656520729,0.817797079219324,0.86369038596516
"SLC25A46","Training_Old",-0.0512596087446937,0.671773970301457,0.941123262889294,0.979813744706119
"TMEM143","Training_Old",0.053748597661663,0.71848613009524,0.954512404702067,0.982387187664548
"PBXIP1","Training_Old",-0.0258230272569229,0.770403048587058,0.963649026695388,0.993286917922316
"PTER","Training_Old",0.0395093196261911,0.839087526553442,0.983947986003869,0.99309244248172
"ZBTB9","Training_Old",-0.0537975387961858,0.739247642831585,0.96052792178464,0.983877937744965
"FAM136A","Training_Old",0.130710171461555,0.447278878022533,0.879679631210944,0.900175194929236
"FGGY","Training_Old",0.0433657382184975,0.790688867144821,0.969201907956971,0.989867210887181
"GALM","Training_Old",0.0193403743406435,0.85175587549353,0.987326239869558,0.996901544115706
"DCPS","Training_Old",-0.141596556662638,0.327709249359009,0.854165305001674,0.853876120297025
"PPP1R14B","Training_Old",0.286501804162022,0.0483295738889687,0.532511811605872,0.419782800843831
"ACSF2","Training_Old",-0.181419365307441,0.146070356709118,0.691531700111243,0.70539988508749
"ISOC1","Training_Old",-0.0378808895327154,0.764570851693701,0.963649026695388,0.989882759132354
"CCDC124","Training_Old",0.111150301544004,0.348657946504121,0.855652243324924,0.889482839893043
"OPTN","Training_Old",-0.13156108133775,0.276874627175853,0.83226384650978,0.844551561609418
"AP2M1","Training_Old",0.0804394770382046,0.46036827000492,0.88276636608562,0.939507763523158
"KCTD12","Training_Old",0.181720855389585,0.24073098062092,0.798552061191972,0.771989624132133
"RMDN1","Training_Old",0.0859335180334604,0.435380788295072,0.879637326378204,0.931036624185609
"ECHDC3","Training_Old",-0.350503100446073,0.0719799275669655,0.575839420535724,0.397602452354623
"NUDT16","Training_Old",-0.135596572248321,0.223906837073282,0.775231540817658,0.816340533949337
"CMBL","Training_Old",-0.205513704145883,0.116240781040049,0.658833727898126,0.642566925035823
"MSI2","Training_Old",0.0401220307866339,0.738784569108076,0.96052792178464,0.987926574423959
"MRPL38","Training_Old",0.122201788016419,0.398599445448635,0.87207282892619,0.893685824518943
"MRRF","Training_Old",-0.00294326304060988,0.982397650790446,0.995486406313297,0.99994773162544
"MRPL53","Training_Old",0.113411593978753,0.504740290253217,0.898072024443802,0.925389282853567
"DAZAP1","Training_Old",0.355286045712493,0.398057092882391,0.87207282892619,0.720885302794894
"DNAJA3","Training_Old",-0.116645990314876,0.536076226447607,0.902203658501844,0.929855282254513
"PTCD3","Training_Old",0.238332562152404,0.0612376605302298,0.55270914119592,0.513933624822041
"MMAB","Training_Old",-0.285435697808751,0.017171911252459,0.415694818535368,0.313439860532562
"DYNLL2","Training_Old",-0.0283132084108146,0.882777001450261,0.989448788710031,0.996476057664299
"S100A16","Training_Old",0.442833195376412,0.161454173795241,0.710969893648144,0.445962078136564
"SCRN2","Training_Old",0.0086240635232997,0.960597655449025,0.995486406313297,0.999653375921229
"OTUB1","Training_Old",-0.122245382756073,0.0706804145230424,0.574051140599817,0.723322752973509
"CHMP6","Training_Old",0.0288516219123753,0.799468601258052,0.97599866234509,0.993563578685557
"PDXP","Training_Old",-0.118390375391193,0.376221367872362,0.863864408103037,0.890710540347863
"DCUN1D1","Training_Old",0.115478785747658,0.374257838840735,0.863864408103037,0.892709783623764
"FAHD2A","Training_Old",-0.0530744646091925,0.762457448282036,0.963649026695388,0.98570885187982
"SNF8","Training_Old",0.0673004839686584,0.527545615250974,0.902203658501844,0.957873072779156
"PDLIM5","Training_Old",-0.256286720563153,0.0567270558842509,0.545726621703761,0.479306135790193
"CRELD1","Training_Old",0.413610430195252,0.0643067911751901,0.554138533128299,0.32142718042932
"ERO1A","Training_Old",0.174053767124416,0.0438843946987687,0.520695739347188,0.580348625895278
"AHCYL2","Training_Old",0.0531613468527183,0.497087499905919,0.893953138207252,0.963522722652131
"PGAM5","Training_Old",-0.178719899789172,0.213279660094358,0.763468884947939,0.758699697926036
"DDRGK1","Training_Old",0.109244440019477,0.295361680413301,0.83226384650978,0.875264140313601
"PYURF","Training_Old",0.138250598089407,0.514992839879754,0.90187800814763,0.912339214517754
"SUCLG2","Training_Old",-0.0965480779230496,0.565340229539539,0.908276497922743,0.946424547378504
"ABHD14B","Training_Old",-0.0813727436210243,0.382938295665304,0.863864408103037,0.924864365660266
"NGLY1","Training_Old",0.279625724824605,0.0143190766157405,0.405768454928179,0.30503269993651
"TMX3","Training_Old",0.15305107586483,0.545320782700684,0.902203658501844,0.911369127499504
"BTF3L4","Training_Old",-0.0222561029890933,0.761834591987298,0.963649026695388,0.993964055333877
"USP47","Training_Old",-0.173769379843829,0.105924582352926,0.652223667432592,0.676977588795419
"CNDP2","Training_Old",-0.0380104570229527,0.687428867216775,0.941123262889294,0.985854794717529
"ALPK3","Training_Old",0.171352226358984,0.202621224601294,0.756466017673328,0.760674609445872
"STAC3","Training_Old",0.163138776349903,0.206533159269122,0.756841664672357,0.773122428188581
"COQ10A","Training_Old",0.120803969912519,0.436885628316037,0.879637326378204,0.904805011791757
"JSRP1","Training_Old",0.0215085761055107,0.81764262473941,0.981506429635653,0.995679042261708
"MCEE","Training_Old",-0.132122571403748,0.503370130483311,0.898072024443802,0.913298201000533
"QKI","Training_Old",0.242979137674919,0.205502369391801,0.756841664672357,0.680814547035421
"PLIN4","Training_Old",-0.287313677842988,0.0155251012589462,0.405768454928179,0.302175641165438
"ALKBH3","Training_Old",-0.0265361716200587,0.86488039777359,0.989415529220451,0.996155311666581
"VPS35","Training_Old",0.0298817588919995,0.763309932636496,0.963649026695388,0.99196168349629
"PURB","Training_Old",-0.0611890433114795,0.725101955071847,0.956914735934302,0.98052337864346
"BBS4","Training_Old",-0.156543717621471,0.350685906296053,0.855652243324924,0.848710980006018
"VPS13A","Training_Old",-0.121660845112444,0.450841340256438,0.88083620826346,0.907628730665082
"GFM1","Training_Old",-0.228431879041121,0.0297616791604231,0.457150293148765,0.448058477485056
"MCCC1","Training_Old",-0.138298216098487,0.320611696766792,0.84641487946433,0.854432633563657
"METTL26","Training_Old",0.00516430366321075,0.966495404140403,0.995486406313297,0.999824022547256
"CLCC1","Training_Old",-0.080772185395265,0.374164657243331,0.863864408103037,0.923666826704224
"PEBP4","Training_Old",-0.441667173414007,0.0174734675938204,0.415694818535368,0.167385003095891
"PLEKHF1","Training_Old",0.0457648764827958,0.683704418300708,0.941123262889294,0.982749365516025
"MYCBP","Training_Old",0.0899910993188779,0.401525886430558,0.874250177465298,0.921165675027361
"TBCB","Training_Old",0.0206405434320054,0.832568581634657,0.983448936784755,0.996224976806154
"PSMB7","Training_Old",0.0286741991370079,0.744143413920533,0.960987391799555,0.99156195940497
"PCYT2","Training_Old",-0.480648762342078,0.000482278531818557,0.168090332117833,0.0254584087498999
"PSMD1","Training_Old",0.0181628366597515,0.81496465107669,0.981217417168527,0.996290589116014
"PFDN5","Training_Old",-0.154710832845595,0.0772720467238752,0.591895604868601,0.672922456770834
"PAFAH2","Training_Old",-0.11382194555074,0.38407607917081,0.863864408103037,0.896804056314646
"PARK7","Training_Old",-0.0986502113632071,0.162257333682957,0.710969893648144,0.835769447024258
"VAT1","Training_Old",0.0755881321058816,0.479959464600261,0.886901269473586,0.946025511475888
"PLIN2","Training_Old",-0.425439908729789,0.0508428842781194,0.539277442419869,0.281565011030479
"S100A13","Training_Old",0.66100449961704,0.00943392523834896,0.355793751846304,0.0458418972379046
"TSNAX","Training_Old",-0.233168136399854,0.138319394963756,0.676228153156142,0.630494509450793
"EIF3C","Training_Old",0.163153879326313,0.116161245718714,0.658833727898126,0.703819212421475
"PHB2","Training_Old",0.0512613287018908,0.526435653228203,0.902203658501844,0.967644404369161
"COPS8","Training_Old",-0.0288027115229177,0.732597189318537,0.959308930336345,0.991077810525769
"SDHC","Training_Old",-0.154113329898127,0.484346548794659,0.887698857995787,0.894290001188838
"CHP1","Training_Old",-0.0508571205228314,0.626115497169677,0.925543336551644,0.976468934219634
"HSD17B10","Training_Old",-0.0117266662479629,0.904990289496366,0.993247846850757,0.998829999402518
"NAP1L4","Training_Old",-0.0239194876545596,0.738421454537023,0.96052792178464,0.992772883746232
"MGST2","Training_Old",0.0947019955594008,0.589912974827897,0.908364110698607,0.951246695939988
"TXN2","Training_Old",0.11189138604599,0.290340177893588,0.83226384650978,0.870770956603686
"DMAC2L","Training_Old",-0.298499560611216,0.026226955390778,0.446299191226819,0.337284929248445
"ACO2","Training_Old",-0.0239779994512404,0.751037046831519,0.963649026695388,0.99315860125698
"COQ7","Training_Old",-0.124595164307795,0.0928662693966013,0.626382328945575,0.743703966643427
"SLC29A1","Training_Old",-0.183439855653077,0.127702030424786,0.676228153156142,0.685553028789961
"TSG101","Training_Old",-0.197848773849813,0.0358155672048271,0.488036037777947,0.517517315291343
"CPNE1","Training_Old",-0.263564571598881,0.0353751148111193,0.488036037777947,0.414465296596732
"CCT7","Training_Old",0.0921296935782685,0.177515857318713,0.728027005237865,0.852771051238464
"PRMT1","Training_Old",-0.0977367835220058,0.304217656015885,0.83226384650978,0.890201060093847
"NIPSNAP1","Training_Old",-0.225034042812172,0.411484561420412,0.876052777899389,0.818872750188651
"ARPC5L","Training_Old",0.212469844407099,0.174103919069342,0.723745265492305,0.689754766214758
"MICU1","Training_Old",-0.0831941304614823,0.637711843040047,0.930786048721892,0.963265273063035
"MACROD1","Training_Old",-0.0989822438801618,0.2733432254784,0.83226384650978,0.879516770713988
"WDR77","Training_Old",-0.176812185888419,0.128266337863679,0.676228153156142,0.695510124063016
"APOL2","Training_Old",0.238163955599948,0.126088156893968,0.676228153156142,0.610679066524403
"FYCO1","Training_Old",-0.00714317464990799,0.96095126647225,0.995486406313297,0.999715516522258
"JPH2","Training_Old",-0.0919058752049366,0.344379748091012,0.855652243324924,0.906673736603647
"CORO1B","Training_Old",0.325484826351889,0.0220024952383676,0.440993512113295,0.288735222220853
"TXNDC17","Training_Old",0.144752752797249,0.0718847660791476,0.575839420535724,0.683116913965354
"PLCD4","Training_Old",0.0190785764088517,0.829109275166565,0.983448936784755,0.996430995590057
"CPPED1","Training_Old",0.0559026297552911,0.814422950907151,0.981217417168527,0.988590154093585
"VPS25","Training_Old",-0.0927588995798558,0.444510149836864,0.879679631210944,0.927551201457853
"MIEN1","Training_Old",0.317486699079641,0.0144449058097317,0.405768454928179,0.260455719787154
"PELO","Training_Old",0.1420970280859,0.333073941532336,0.854859303067123,0.855370850596836
"PRXL2A","Training_Old",-0.186966869721186,0.288424434509763,0.83226384650978,0.792581411579855
"ERP44","Training_Old",-0.360997943737775,0.156608999899785,0.707607892285706,0.512071364312409
"LXN","Training_Old",0.240851232828041,0.306542382531668,0.833877742136478,0.752177972069915
"NIPSNAP3B","Training_Old",-0.0934021981612716,0.508421280931435,0.899754204380851,0.938773128267633
"NTPCR","Training_Old",-0.0602545648740254,0.689023653454256,0.941829593891454,0.977806382990743
"AGMAT","Training_Old",0.0334876291579675,0.888948408098305,0.990221011552542,0.996065727217767
"TACO1","Training_Old",-0.0475312079181798,0.720375489037979,0.955549579747197,0.984531472461415
"ESYT1","Training_Old",-0.132699000994894,0.379164057922851,0.863864408103037,0.879246777405773
"UBAC1","Training_Old",0.0959238977278645,0.306990200888082,0.833877742136478,0.89290033158223
"COPS4","Training_Old",-0.0339524978528409,0.57084507370628,0.908364110698607,0.981144981181849
"DCTN5","Training_Old",-0.13721361081984,0.301797616496686,0.83226384650978,0.848418103751317
"AARSD1","Training_Old",-0.0420917109410368,0.798502344243987,0.97538285196258,0.99057334578992
"TMEM43","Training_Old",0.200741282519061,0.137018649910799,0.676228153156142,0.670989998281702
"DHRS4","Training_Old",0.348699098589581,0.0122732465312577,0.388810392279927,0.215586660692686
"TMEM70","Training_Old",0.2295646745936,0.243896222114213,0.801147306649043,0.723309105049261
"TUBB6","Training_Old",0.236382477562074,0.100449870135736,0.640936935730135,0.580869163297775
"CHCHD7","Training_Old",-0.018682500206431,0.901404270438915,0.993247846850757,0.998062608910294
"APOO","Training_Old",-0.00764039333001421,0.938418779575861,0.995486406313297,0.999514502365449
"MRI1","Training_Old",0.084840468051345,0.731522730819616,0.959016764426461,0.97382523686246
"ABHD6","Training_Old",-0.037006056800049,0.814723366935225,0.981217417168527,0.992445889656669
"ADI1","Training_Old",0.0626452588906083,0.769939913054416,0.963649026695388,0.983755240669856
"MECR","Training_Old",-0.0609209038458509,0.575643606354485,0.908364110698607,0.966915107136527
"NTMT1","Training_Old",0.227739795182554,0.147350817657958,0.691531700111243,0.64654801113305
"TMEM109","Training_Old",-0.184740372919148,0.117166813352931,0.658833727898126,0.672931127784541
"TMED9","Training_Old",0.0393821429294974,0.764115727179921,0.963649026695388,0.989460716356852
"TIMM21","Training_Old",0.0854187003803659,0.508002957199519,0.899754204380851,0.943790228372588
"TPPP3","Training_Old",0.0701944556527287,0.736404931162464,0.96052792178464,0.978751246682958
"NUDT9","Training_Old",-0.065503750293324,0.527317060437502,0.902203658501844,0.958947126355122
"FUNDC2","Training_Old",-0.201642428256736,0.0319690179807291,0.465645282588275,0.499447661837399
"SORBS1","Training_Old",-0.300993227490338,0.163150857453937,0.711931014344453,0.579421665704464
"HINT2","Training_Old",-0.169527148506159,0.309640171724007,0.837336802408581,0.819759559492809
"OSBPL11","Training_Old",0.180706628274162,0.234746339060636,0.790724510520038,0.769596415737842
"NT5C1A","Training_Old",0.261562477417154,0.170489460132573,0.72014747959999,0.629565475637993
"TMEM120A","Training_Old",-0.164216055536512,0.449886450991098,0.880593312783318,0.877069338685197
"NAA15","Training_Old",0.00956215754833778,0.957582534777834,0.995486406313297,0.999585629805157
"BCL2L13","Training_Old",-0.0210858953482926,0.776555894916721,0.964044286843193,0.994681850137182
"AP1M1","Training_Old",0.0135041837064485,0.910168918745002,0.993247846850757,0.998729725223235
"OSBPL1A","Training_Old",0.106627538187759,0.211086494751047,0.759479858456917,0.847166708256512
"HDHD5","Training_Old",0.111565521020818,0.448599627865321,0.880522689638994,0.914448933604218
"EIF2A","Training_Old",0.0120714590785305,0.921143708954536,0.993812647114009,0.99900895119125
"MRPL13","Training_Old",0.152392420998847,0.231217746145777,0.787870289048824,0.799984634363351
"MRPL9","Training_Old",0.312231430439596,0.259466248397174,0.827145827681917,0.656232345281322
"MRPL4","Training_Old",0.180117641462221,0.339629148652625,0.855652243324924,0.823238587634568
"MRPL1","Training_Old",0.126806106506237,0.353053882700995,0.855652243324924,0.87632151958537
"NLN","Training_Old",0.195104696771658,0.186072099827698,0.742485922357649,0.720296630910597
"TRIM54","Training_Old",0.0862985965483993,0.507379678478307,0.899754204380851,0.943128040885168
"BCO2","Training_Old",-0.385039353857387,0.11119733557504,0.653669669012681,0.429248510546949
"MRPL37","Training_Old",0.0410913431356867,0.807674092631507,0.980232244459439,0.991261431846108
"ASPSCR1","Training_Old",-0.205970834572241,0.081127149122416,0.594881933525775,0.596101280673476
"UBL5","Training_Old",-0.0155945964067392,0.880405923928967,0.989448788710031,0.998015653361274
"NIBAN1","Training_Old",-0.112605570866556,0.420839038544398,0.876052777899389,0.907138020694115
"UBXN6","Training_Old",0.106729716217625,0.319812737266944,0.845362329296353,0.885436997124512
"UBE2O","Training_Old",0.165026987298285,0.321495742147969,0.84729349880017,0.829221611278539
"LNPK","Training_Old",-0.0323304991597269,0.738249883893966,0.96052792178464,0.9902365442143
"PITHD1","Training_Old",-0.10015197091094,0.462752348025368,0.885265361439835,0.925729291798072
"SLIRP","Training_Old",0.0837107012956366,0.503815450067854,0.898072024443802,0.944228135077814
"NIF3L1","Training_Old",-0.114080283393704,0.21245585858937,0.762055677927484,0.838020463937955
"EGLN1","Training_Old",0.034360673816451,0.818041816139456,0.981506429635653,0.993122697241665
"ANKRD2","Training_Old",0.32755959727028,0.117210251644629,0.658833727898126,0.495485267983791
"NAA50","Training_Old",0.00485274891983067,0.957320072612422,0.995486406313297,0.999788357675282
"TMEM126A","Training_Old",-0.113596729770627,0.290896290216345,0.83226384650978,0.869125337940201
"PAIP1","Training_Old",0.0362619749423132,0.726670995440911,0.956914735934302,0.988488988424319
"CLPB","Training_Old",0.064027189775345,0.683249715299542,0.941123262889294,0.975907347240836
"TOLLIP","Training_Old",-0.0664122667255747,0.493209905068116,0.893953138207252,0.954143168903877
"PCBD2","Training_Old",-0.167930998620459,0.0467209250152996,0.53050856791566,0.597819017180385
"NT5C3A","Training_Old",-0.104237744455737,0.175796080112477,0.723745265492305,0.834260075806701
"HDHD2","Training_Old",-0.0470069417544181,0.60334434267595,0.916077104048603,0.976528771054386
"RAB1B","Training_Old",-0.095110269155235,0.45084466909697,0.88083620826346,0.927031324023179
"C11orf54","Training_Old",-0.265841449482565,0.00759294473247407,0.341521022254236,0.273227988937287
"NUCKS1","Training_Old",-0.117795103119914,0.184779943316973,0.742485922357649,0.819625629116545
"TMX4","Training_Old",-0.116627095203707,0.222455903615968,0.774014610275,0.839210591471331
"MYLK2","Training_Old",-0.551606976168461,0.00597423877828788,0.324933608633403,0.0593447023820821
"EHD4","Training_Old",0.125513712954589,0.331594005734604,0.854859303067123,0.870621851769115
"SH3BGRL3","Training_Old",0.234006295965617,0.0564869408671498,0.545726621703761,0.510443863684936
"SLK","Training_Old",0.193964551550909,0.0803135865979054,0.594881933525775,0.613151639093835
"PPIL3","Training_Old",-0.0277944088274786,0.871652800843663,0.989448788710031,0.996189325206506
"LRMDA","Training_Old",0.00696331797326977,0.958476034198599,0.995486406313297,0.999704724271862
"TNMD","Training_Old",-0.168925350245466,0.26652821131409,0.827805268081408,0.79982222216258
"PPA2","Training_Old",-0.0259111978038931,0.802421172182218,0.977343434630245,0.994312618950864
"MRPL46","Training_Old",0.0710469120090096,0.581939825427605,0.908364110698607,0.962266382374695
"TMEM245","Training_Old",-0.0747329219603401,0.465588291391161,0.886220535877655,0.944471425551042
"C11orf68","Training_Old",0.0207014348460284,0.868839321100402,0.989448788710031,0.997093670456574
"GHITM","Training_Old",0.0822468271601409,0.487011336176375,0.888227929192145,0.942542799332567
"BOLA2","Training_Old",0.156827117550613,0.195008742066983,0.755287761678227,0.773857913173154
"TMX1","Training_Old",-0.00680226625679481,0.950759940775405,0.995486406313297,0.999656587547662
"CHMP4B","Training_Old",0.0726309149091122,0.447062015390011,0.879679631210944,0.943204559232176
"RBKS","Training_Old",-0.282358412869861,0.0507436847760048,0.539277442419869,0.430976625543154
"FN3K","Training_Old",-0.00985521488323471,0.914748236552417,0.993812647114009,0.999122222724242
"RNPEP","Training_Old",-0.223071745070062,0.0416627736128481,0.510013533738365,0.492158304482901
"GLIPR2","Training_Old",0.60610421069635,0.00109836517596349,0.17699564030642,0.0160836327397211
"EHD1","Training_Old",-0.0481764569900811,0.547232706507142,0.902203658501844,0.97137306498261
"TMEM38A","Training_Old",-0.125903668915758,0.416833770751767,0.876052777899389,0.895678056484342
"OPA3","Training_Old",-0.087758977091827,0.573629409153293,0.908364110698607,0.952396387307143
"DCTPP1","Training_Old",-0.065877689369259,0.660864919267087,0.939580293626359,0.973082002614438
"AAMDC","Training_Old",-0.274604981197633,0.033564205882023,0.482228590631514,0.393729821597611
"PTGES2","Training_Old",0.0628362220222165,0.548759437545084,0.902203658501844,0.962994373410029
"UBE2Z","Training_Old",-0.0643079142799365,0.530996657642167,0.902203658501844,0.960110515394617
"ACAD9","Training_Old",0.00296604148799062,0.983334469194527,0.995486406313297,0.999950154058242
"METTL7A","Training_Old",-0.347036733447244,0.0123530286508314,0.388810392279927,0.217658329131177
"COQ10B","Training_Old",-0.140876447883535,0.384762955298123,0.864146108176337,0.874104787239172
"MOB1A","Training_Old",-0.0267994195862649,0.83879769577674,0.983947986003869,0.99530012369074
"GORASP2","Training_Old",-0.0617293458781027,0.485950757966502,0.887698857995787,0.956430782764791
"JPT2","Training_Old",0.413709003406991,0.0262950828754857,0.446299191226819,0.221966723982093
"SYNPO2L","Training_Old",0.0881422534564287,0.757026894408326,0.963649026695388,0.975763566799823
"ARMT1","Training_Old",-0.261756756018766,0.0611512411020968,0.55270914119592,0.48120860171903
"LRRC40","Training_Old",-0.0186065005373912,0.886302182919944,0.989448788710031,0.997756765028729
"SFXN1","Training_Old",0.0653098681532498,0.501899522353237,0.897554437942453,0.955976731201627
"L2HGDH","Training_Old",-0.0340291657456468,0.781916601970828,0.964044286843193,0.991663523272631
"COPS7B","Training_Old",-0.456230554894409,0.0357230286455137,0.488036037777947,0.218680867018587
"FN3KRP","Training_Old",0.0465634988809569,0.847053733088922,0.984036019958087,0.992300664317774
"TBC1D17","Training_Old",-0.0275856383116277,0.81014274238102,0.981217417168527,0.99420882060372
"CARS2","Training_Old",-0.113493479632124,0.5915259880555,0.909907419354126,0.942151006634649
"GRPEL1","Training_Old",-0.0197714112057703,0.877224075991938,0.989448788710031,0.997413438092636
"CACYBP","Training_Old",0.0599678326454054,0.656638283753944,0.939580293626359,0.975091673913474
"RDH14","Training_Old",0.136684994725353,0.225206050934297,0.778453649056031,0.815656700594558
"PARVB","Training_Old",-0.0715299488539181,0.480056942298523,0.886901269473586,0.948861634402946
"TNS1","Training_Old",-0.0655080485585948,0.623642715070175,0.925543336551644,0.969542046282576
"PLGRKT","Training_Old",-0.0323015219504228,0.857167498441884,0.989415529220451,0.995033998588705
"GLOD4","Training_Old",-0.0758667950291319,0.301962843766629,0.83226384650978,0.913157602715212
"MCCC2","Training_Old",-0.0117120476084587,0.940299621894616,0.995486406313297,0.99927930473318
"HHATL","Training_Old",-0.163786128829425,0.27722061025612,0.83226384650978,0.810480458540032
"PREB","Training_Old",-0.0105879647924212,0.906631826058672,0.993247846850757,0.99896271836181
"MRPL47","Training_Old",-0.160444975438722,0.134063841138103,0.676228153156142,0.724405168847992
"JPH1","Training_Old",-0.0173936602881994,0.86197547053268,0.989415529220451,0.997419880578014
"APMAP","Training_Old",0.147788563560418,0.151478640252299,0.700050083616752,0.756598211756694
"TXNRD2","Training_Old",-0.0886070821816283,0.532740508990094,0.902203658501844,0.945730414408972
"RAB18","Training_Old",-0.0763973211515392,0.390004796481073,0.866130525939038,0.930590981722505
"PALMD","Training_Old",-0.00371108130689279,0.975970137690496,0.995486406313297,0.999909738368226
"SSU72","Training_Old",0.0159489414390794,0.882301604064277,0.989448788710031,0.998004845365731
"VTA1","Training_Old",-0.0534819981437593,0.572395603747135,0.908364110698607,0.970601846974271
"SARS2","Training_Old",0.0077891931052747,0.94808759827669,0.995486406313297,0.999584856947306
"DYNLRB1","Training_Old",0.236227997187843,0.0598271370043352,0.549376076002249,0.514125466107976
"MYOZ1","Training_Old",0.0799443821340091,0.869447343136446,0.989448788710031,0.988878288889835
"MYOZ2","Training_Old",-0.412690636948742,0.420612074292496,0.876052777899389,0.699486784781643
"OSGEP","Training_Old",0.0851767557584928,0.403681091331396,0.876052777899389,0.92564323109401
"ACOT13","Training_Old",0.0779197811932058,0.460224927581726,0.88276636608562,0.94132307947015
"MRPL40","Training_Old",0.0421809490012741,0.765674250209123,0.963649026695388,0.988800933261862
"TIGAR","Training_Old",-0.249779313971777,0.259609182414783,0.827145827681917,0.71401817017684
"RTN4","Training_Old",-0.178932790641166,0.0309353885942439,0.457150293148765,0.536899505018291
"HINT3","Training_Old",-0.0494668271683665,0.796733388498187,0.974349112048738,0.98882233640525
"PFDN4","Training_Old",-0.0565786453944845,0.589620386733296,0.908364110698607,0.970553102793835
"NIT2","Training_Old",-0.073505447100608,0.278886199437839,0.83226384650978,0.910407580979534
"XPNPEP1","Training_Old",-0.0434125330548447,0.624913147142389,0.925543336551644,0.979796794554114
"GPHN","Training_Old",-0.192260265047121,0.136491586334623,0.676228153156142,0.681891422494817
"PDLIM7","Training_Old",0.0741825103523333,0.789688493565881,0.969201907956971,0.982636777423987
"ACSS2","Training_Old",-0.166687100249913,0.0618162681112801,0.554138533128299,0.628770891838663
"DIABLO","Training_Old",-0.0311671644038434,0.779436779170918,0.964044286843193,0.992263730883507
"SAR1A","Training_Old",-0.184595276725013,0.0496585699598644,0.537840511565301,0.574495577915157
"SH3GLB2","Training_Old",0.020492675135948,0.854595027384335,0.989415529220451,0.996785214187637
"EIF2B3","Training_Old",0.192691377682571,0.178559653746787,0.728027005237865,0.717505277881225
"MBNL1","Training_Old",0.0786513471804717,0.356801395633525,0.858273972184515,0.922141876536305
"SDR39U1","Training_Old",-0.163471487083051,0.317810853215915,0.844907738434092,0.829122653165706
"AASDHPPT","Training_Old",-0.143899744144889,0.296756497192166,0.83226384650978,0.839611791103548
"OSTC","Training_Old",0.0175164916412278,0.895241039201939,0.992150949809458,0.998063462620312
"CMC2","Training_Old",-0.0303136108430024,0.830153325034096,0.983448936784755,0.994373167222187
"HEBP1","Training_Old",0.186502667268517,0.0798298309353473,0.594881933525775,0.624095258887151
"PHPT1","Training_Old",-0.164286364230229,0.0635760939488965,0.554138533128299,0.635912696663444
"LTBP3","Training_Old",-0.0785040566031938,0.657779515567614,0.939580293626359,0.967650597418284
"TOMM22","Training_Old",0.164482166586669,0.409401701923181,0.876052777899389,0.863387055433211
"LANCL2","Training_Old",-0.174752160153801,0.0881081052836076,0.621860134869137,0.654092610768997
"FARSB","Training_Old",0.123011205118754,0.352154129331565,0.855652243324924,0.879514601020606
"IARS2","Training_Old",0.0916568291073077,0.297441346148436,0.83226384650978,0.894815784503238
"SIRT3","Training_Old",0.0377098343372886,0.790511090582433,0.969201907956971,0.991174513615514
"MAN2C1","Training_Old",-0.118148017108336,0.423110936114294,0.876052777899389,0.903371344628823
"OLA1","Training_Old",-0.0625380501859354,0.333342902168908,0.854859303067123,0.933603662323339
"CUTC","Training_Old",0.00764426939370466,0.951643719523996,0.995486406313297,0.999621186930738
"ACSS1","Training_Old",-0.0537812644770774,0.663671798574785,0.941123262889294,0.97819272091561
"ABHD10","Training_Old",-0.162757936366496,0.178553752193958,0.728027005237865,0.755473897281037
"DDX19A","Training_Old",-0.114544781658019,0.111190853253064,0.653669669012681,0.777556916945684
"SEPTIN11","Training_Old",-0.0915312030045605,0.477714438671496,0.886901269473586,0.934617470185848
"PARVA","Training_Old",-0.17353297922914,0.16037898166535,0.709253370406334,0.727891870932738
"PANK4","Training_Old",-0.131959011800927,0.220227251765439,0.772329235159493,0.819003795384518
"DNAJC11","Training_Old",-0.00161382867063153,0.99095468215539,0.999050312966108,0.999985336093473
"TMLHE","Training_Old",0.275592625565878,0.220574135517567,0.772329235159493,0.659308211447663
"ATAD3A","Training_Old",0.0096782341921795,0.95047163742416,0.995486406313297,0.999508495980274
"ARL8B","Training_Old",-0.0531512071004201,0.567122482511962,0.908364110698607,0.9703035671868
"MRPS18A","Training_Old",0.314941389013667,0.110862510686159,0.653669669012681,0.50022243929363
"PNPO","Training_Old",-0.200284738919848,0.206769716153385,0.756841664672357,0.729293728334207
"OXSM","Training_Old",-0.0907658791138814,0.518225210728998,0.902203658501844,0.942080520694672
"MRPL22","Training_Old",-0.0210039907626438,0.882924187917493,0.989448788710031,0.997388085358021
"CZIB","Training_Old",-0.14030131872309,0.170166368952283,0.72014747959999,0.779992757828111
"BABAM1","Training_Old",0.0535675204843358,0.548536839032525,0.902203658501844,0.968344524821653
"NDUFB11","Training_Old",0.0382067575505296,0.766995097157855,0.963649026695388,0.989915896356699
"OCIAD1","Training_Old",-0.0349053761788944,0.68185727250277,0.941123262889294,0.98672244733807
"MARCHF5","Training_Old",0.0942774248104214,0.495607809677017,0.893953138207252,0.93596241436674
"CHCHD3","Training_Old",-0.0561467290504112,0.549634062596705,0.902203658501844,0.966954380232728
"SIRT5","Training_Old",0.0104577318896517,0.920473215816129,0.993812647114009,0.999133770591195
"BABAM2","Training_Old",-0.0596335375600248,0.454379890875587,0.881507625891549,0.954049018770701
"DPP3","Training_Old",0.0305388228641661,0.755064165782046,0.963649026695388,0.991456742790527
"TUBA8","Training_Old",0.0872107759769847,0.263467487495663,0.827805268081408,0.890186809532709
"MAP3K20","Training_Old",-0.131070137017897,0.516242703298979,0.902185901845661,0.916988152834453
"UGGT1","Training_Old",-0.0370690726383067,0.752458016471237,0.963649026695388,0.989512562943859
"TECR","Training_Old",0.081270409460604,0.613244484370416,0.922749306191324,0.961038751445056
"ERAP1","Training_Old",0.140459911566296,0.343863376240629,0.855652243324924,0.86075748460506
"CISD1","Training_Old",0.0758455563362865,0.399701801339919,0.872978494756886,0.93281055876465
"CLIC5","Training_Old",-0.170760124031808,0.0895659671641994,0.623299452220506,0.662319912355237
"FAM120A","Training_Old",0.168557654870282,0.120610801217152,0.666832492593259,0.700100862293626
"GLTP","Training_Old",-0.0619418304017074,0.690748674942796,0.943025986735091,0.97734341331991
"COQ3","Training_Old",-0.069755367839047,0.48496939523799,0.887698857995787,0.950773104000986
"HSPBP1","Training_Old",-0.195447616280067,0.136907052106553,0.676228153156142,0.677979379099702
"MAT2B","Training_Old",-0.0357553808460622,0.676833116182252,0.941123262889294,0.986140522128829
"MYOF","Training_Old",0.0604420009847573,0.694829039220214,0.944931700472049,0.978234077126323
"EHD2","Training_Old",-0.0460467725042371,0.549336162971379,0.902203658501844,0.972792891256991
"TMOD4","Training_Old",0.24368632804558,0.438847800906794,0.879637326378204,0.818157270627664
"LMCD1","Training_Old",0.0648976802892172,0.600592381749179,0.913869675975696,0.967454043025711
"CHMP5","Training_Old",-0.0548306743198914,0.70421899540758,0.9496049149363,0.980956416863591
"CNIH4","Training_Old",-0.15226994893597,0.368546247310228,0.862937554677606,0.858993263504507
"NDUFAF4","Training_Old",0.185041227801793,0.28259517248253,0.83226384650978,0.791485292908285
"EMC3","Training_Old",-0.031917275338234,0.832949262306552,0.983448936784755,0.994183063352259
"NDUFA13","Training_Old",0.0207241744572357,0.864799942310704,0.989415529220451,0.996994193455391
"PDP1","Training_Old",0.137844625696353,0.337167518681304,0.854859303067123,0.860827378775327
"MRPL36","Training_Old",-0.0137573319970663,0.905350265809959,0.993247846850757,0.998632997233837
"VAPA","Training_Old",0.046850715050418,0.571434632756353,0.908364110698607,0.974122802335756
"RNF181","Training_Old",-0.176659788011346,0.303879114066084,0.83226384650978,0.810240676180298
"TMEM14C","Training_Old",-0.545563771786512,0.41341929273319,0.876052777899389,0.617613364409644
"LARS1","Training_Old",0.057369863045782,0.59751074695454,0.912388674191574,0.970887667628929
"SUCLA2","Training_Old",0.00847064427868816,0.919333158638837,0.993812647114009,0.999287815792251
"GMPR2","Training_Old",-0.00276431968404012,0.983194045357006,0.995486406313297,0.999953149259264
"DPM3","Training_Old",-0.0756537850021708,0.594391946180795,0.912322522044942,0.961408064975325
"IMPACT","Training_Old",-0.091168543623894,0.630613302471546,0.927475832047288,0.958836804730749
"ATXN10","Training_Old",0.219016389718394,0.0405519583285401,0.509531539688675,0.495600546838954
"EPS15L1","Training_Old",-0.0205882319994242,0.86359242919927,0.989415529220451,0.996985199945733
"SAE1","Training_Old",-0.328375444229923,0.0242406752423823,0.446299191226819,0.294797741904076
"RNF7","Training_Old",-0.159479746733648,0.0762418674129632,0.590926501601663,0.663334379267245
"MYOT","Training_Old",0.243689972138935,0.297169947419606,0.83226384650978,0.744006236057489
"GNG12","Training_Old",0.0557926109651099,0.667404593189344,0.941123262889294,0.97769234420049
"VPS29","Training_Old",0.36331235264818,0.0649298773011546,0.555189882024447,0.370293805742411
"EIF3K","Training_Old",0.100171502959007,0.373152624309495,0.863864408103037,0.905972942345704
"GRHPR","Training_Old",0.0188605075502757,0.778600092311181,0.964044286843193,0.99529113392064
"CTSZ","Training_Old",-0.00894259637974315,0.946797875789475,0.995486406313297,0.999511230917861
"UBA2","Training_Old",0.0688835178674232,0.553305937093289,0.903077387280546,0.96005153809759
"COPS7A","Training_Old",-0.0138299602875627,0.870225560148037,0.989448788710031,0.998079442927238
"HSPB7","Training_Old",0.200863232001147,0.148336553438134,0.69158234185726,0.681607297892896
"CLIP2","Training_Old",0.0106732900050162,0.951100903678027,0.995486406313297,0.999465036475734
"UQCR10","Training_Old",-0.0340819790485405,0.771940650906784,0.963649026695388,0.991216761216068
"DNAJB4","Training_Old",0.0402616473507642,0.876165889072844,0.989448788710031,0.994691556715609
"NIPSNAP3A","Training_Old",-0.0207358639929076,0.937054003153021,0.995486406313297,0.998652779301925
"TES","Training_Old",0.365214790467183,0.137741545254121,0.676228153156142,0.484812475012674
"KDM5B","Training_Old",0.0349228144259577,0.767343097998885,0.963649026695388,0.990794330552158
"WARS2","Training_Old",-0.16974764866017,0.413227506877558,0.876052777899389,0.860694490740926
"MLX","Training_Old",-0.0233167113268316,0.890144981614545,0.990453257471075,0.997290290553767
"SEPTIN9","Training_Old",-0.126598456724174,0.239817961294768,0.798364986543049,0.834629981000466
"UBQLN2","Training_Old",-0.154851472858351,0.143369749507724,0.691243596726719,0.740246232222457
"PCYOX1","Training_Old",-0.1230633232447,0.291688322016222,0.83226384650978,0.859312558985357
"DPP7","Training_Old",-0.0124003808468256,0.938495156649978,0.995486406313297,0.999213163505143
"SMPX","Training_Old",0.293004040092406,0.0390757299921656,0.505786192198954,0.386743560767886
"BCAP29","Training_Old",0.0572358998165754,0.578447348179601,0.908364110698607,0.969154366148878
"CYB5R1","Training_Old",-0.117054270018958,0.189548875966255,0.746879153061066,0.823102998670845
"PFDN2","Training_Old",-0.127439424445182,0.163665406050332,0.712703788821241,0.794012096431533
"PUF60","Training_Old",-0.102549483508906,0.265328528242417,0.827805268081408,0.872789155546732
"ENOPH1","Training_Old",-0.132820812030012,0.184611599044626,0.742485922357649,0.798994744037316
"NDUFA12","Training_Old",0.0200949333578748,0.890651479809612,0.990453257471075,0.99767567028164
"EIF2B4","Training_Old",-0.0785362585214031,0.588004149272853,0.908364110698607,0.959153241264497
"ATP6V1H","Training_Old",-0.102787320812475,0.386004818897291,0.864146108176337,0.906790525807162
"TRMT112","Training_Old",0.139892954178958,0.501273373915176,0.897554437942453,0.907909488525038
"XPO7","Training_Old",-0.079779314031196,0.528992905307799,0.902203658501844,0.950466946769502
"LCMT1","Training_Old",0.0921462577461405,0.446909664985185,0.879679631210944,0.928472528964424
"ATP5IF1","Training_Old",0.0775973537355519,0.540227100055767,0.902203658501844,0.953341796258161
"AK3","Training_Old",-0.00180561232634346,0.992201498656443,0.999298791207634,0.999985863837007
"NAGK","Training_Old",0.13423436333229,0.093020788420196,0.626382328945575,0.72702274016315
"SLC25A13","Training_Old",0.0884706304344895,0.359011052293203,0.860596056117021,0.913356046619786
"DBNL","Training_Old",0.0176198014337388,0.909251992315231,0.993247846850757,0.998325179440427
"DCTN4","Training_Old",0.0824243517263632,0.504292980408744,0.898072024443802,0.945134970666999
"HSPB8","Training_Old",0.0342827949194309,0.834721674881556,0.983448936784755,0.993825715128866
"STOML2","Training_Old",0.0890879629693337,0.277393495089592,0.83226384650978,0.892044626288211
"VPS28","Training_Old",-0.113927974018281,0.16805408515013,0.72014747959999,0.81612556491387
"JPT1","Training_Old",0.151455169355756,0.331576031511629,0.854859303067123,0.846037935221456
"APPL1","Training_Old",0.0349901724585564,0.657140105389407,0.939580293626359,0.985416479857823
"PACSIN3","Training_Old",0.191686231950477,0.0976756862017349,0.635316109452971,0.640259417469501
"ACAD8","Training_Old",0.0752302307127621,0.50993556529871,0.900488222333508,0.950596714096348
"AGO2","Training_Old",0.0286871972582965,0.807346873521657,0.980232244459439,0.993879691935516
"MYH2","Training_Old",0.467605577256649,0.126444207180262,0.676228153156142,0.380226983679332
"MYH13","Training_Old",0.264699818467193,0.389167436450333,0.865839865684608,0.77894932309567
"CDV3","Training_Old",0.0567717065622091,0.556305709353831,0.904801489203699,0.967255067583993
"RAB21","Training_Old",-0.176443660706603,0.0565673496600869,0.545726621703761,0.602418289710554
"PSME2","Training_Old",0.285039023149764,0.0476372581517647,0.532511811605872,0.419916785338206
"DNPEP","Training_Old",0.0260830655556212,0.722250690555093,0.956581373579467,0.991548927104282
"MCTS1","Training_Old",-0.00528860473058046,0.948163571414672,0.995486406313297,0.999718536454523
"TBC1D24","Training_Old",-0.474782477956229,0.000574026974391394,0.168090332117833,0.0289199705692998
"TMCO1","Training_Old",-0.179258997796843,0.0968861758353198,0.635316109452971,0.658079419108063
"EPDR1","Training_Old",-0.0906512724885857,0.498811364466497,0.895063382967919,0.938896121008322
"MYO6","Training_Old",0.265146002584327,0.0831711446042592,0.603633874241221,0.517172082270523
"NFU1","Training_Old",-0.349362701523187,0.00417404205195436,0.324933608633403,0.147472588269119
"SYNPO2","Training_Old",0.0380783912920286,0.812858093508756,0.981217417168527,0.992141248364259
"UBQLN1","Training_Old",-0.29981112388791,0.121353329810781,0.667443313959293,0.531359573888574
"SNX12","Training_Old",-0.0449507299835617,0.694759522268962,0.944931700472049,0.983762685709842
"NDRG2","Training_Old",-0.0591897599284898,0.575589793960752,0.908364110698607,0.967834615671883
"VPS4A","Training_Old",-0.0749008482112643,0.442097789301411,0.879679631210944,0.94069540628684
"G3BP2","Training_Old",-0.0994552704424478,0.60249440704878,0.915444739343182,0.950856912522862
"STUB1","Training_Old",-0.0758404054707604,0.421772277466738,0.876052777899389,0.936625043619065
"PACSIN2","Training_Old",0.0640048348080207,0.565799457283588,0.908276497922743,0.964204615092479
"SNX6","Training_Old",-0.0665909314676334,0.334665645260593,0.854859303067123,0.929701244938297
"PSMD13","Training_Old",-0.0105066129307723,0.871811348658694,0.989448788710031,0.998559717698528
"COPS3","Training_Old",0.0246805648341955,0.668538395712031,0.941123262889294,0.99011130588624
"NSFL1C","Training_Old",-0.0385877286594294,0.553083479452632,0.903077387280546,0.977405721138867
"PPP6R1","Training_Old",0.0182791193465555,0.842079911008589,0.983947986003869,0.996863108687266
"LIMCH1","Training_Old",-0.0424704930863236,0.686313684759234,0.941123262889294,0.984140346256561
"USP24","Training_Old",-0.250381514621459,0.0454248348144755,0.527127753451496,0.461116939805278
"MAPRE3","Training_Old",0.146344198640069,0.433422906309192,0.879044859220351,0.88483879797943
"PA2G4","Training_Old",0.146524847426239,0.106503434490096,0.653669669012681,0.720252213752257
"CAMK2A","Training_Old",0.226817779680022,0.168657074801539,0.72014747959999,0.66783763805901
"CHMP2B","Training_Old",-0.0291634758539274,0.783596233348589,0.964988480951732,0.992913383288472
"RTRAF","Training_Old",0.128787551036194,0.572954643098468,0.908364110698607,0.930783976934066
"RUVBL2","Training_Old",0.0787421019478565,0.536227667880214,0.902203658501844,0.95211276672781
"APOBEC2","Training_Old",0.210113799521363,0.281387495058673,0.83226384650978,0.7661103643619
"PIN4","Training_Old",-0.130530696384891,0.265748138022762,0.827805268081408,0.841154356128803
"EIF3L","Training_Old",0.117943635889119,0.337808483654554,0.855457455010095,0.879852132998286
"PLAA","Training_Old",-0.115064071789746,0.146032221317122,0.691531700111243,0.801416102442336
"NUDC","Training_Old",-0.0856464416016784,0.209938022372474,0.759124420642231,0.874861923377196
"BCS1L","Training_Old",-0.0431155271737893,0.80804182651699,0.980232244459439,0.990852390049549
"VDAC3","Training_Old",-0.192135681852623,0.11014939523713,0.653669669012681,0.654531543065505
"CFL2","Training_Old",0.0430064980041429,0.545022093250244,0.902203658501844,0.974235821075841
"FARSA","Training_Old",0.0444793521549762,0.726561407844294,0.956914735934302,0.98589231868434
"CNPY2","Training_Old",-0.0406870574935603,0.708939596764331,0.950079131066936,0.986101749504159
"FNDC3A","Training_Old",-0.0114402927052133,0.983282334175482,0.995486406313297,0.999807146895897
"PADI2","Training_Old",0.108944524497367,0.258404615240443,0.827145827681917,0.86292555779391
"GSTK1","Training_Old",0.0880068414486921,0.403958888541049,0.876052777899389,0.923325814083086
"LAMTOR2","Training_Old",0.0145935696148243,0.909563678118505,0.993247846850757,0.998617627967478
"COA3","Training_Old",-0.125136114683333,0.493424842349197,0.893953138207252,0.915399918139035
"TMA7","Training_Old",-0.0981836742714393,0.375863765917012,0.863864408103037,0.90839540595564
"SUGT1","Training_Old",0.0278786708614085,0.766378005153907,0.963649026695388,0.992609495266627
"COQ6","Training_Old",-0.0393856139446775,0.70125634616407,0.94817759481339,0.986119991565908
"ACOT9","Training_Old",0.0820909754420605,0.409452398047922,0.876052777899389,0.929320249594275
"MEMO1","Training_Old",0.0617534114289455,0.585762952834757,0.908364110698607,0.967511275348179
"TMX2","Training_Old",-0.0929891321423995,0.541607545765658,0.902203658501844,0.944573096949144
"SH3GLB1","Training_Old",-0.136021809502367,0.215077358896169,0.767010056975769,0.811368835840333
"CAB39","Training_Old",0.0284370240453526,0.686680263604013,0.941123262889294,0.98936783178094
"LUC7L2","Training_Old",-0.0471844699395163,0.575112408487287,0.908364110698607,0.974235745813837
"DHRS7","Training_Old",0.0838511430880651,0.396152664040654,0.871945426651606,0.925295218037944
"MOB4","Training_Old",-0.068124878001754,0.538841654354506,0.902203658501844,0.958750987652262
"SBDS","Training_Old",0.0730159576081952,0.367513519472067,0.86243172569445,0.929518451389267
"MRPL11","Training_Old",-0.128850519553275,0.310769132075278,0.838300018691988,0.860201818774117
"PPIL1","Training_Old",-0.0508404191254854,0.457162845172352,0.881507625891549,0.960987776175488
"MSRB2","Training_Old",0.100536166657644,0.541523323940191,0.902203658501844,0.940197064932137
"FIS1","Training_Old",-0.10833415783425,0.303128055243584,0.83226384650978,0.878703595986785
"PTRH2","Training_Old",0.626722213695061,0.0310658634164331,0.457150293148765,0.113522130406239
"STRAP","Training_Old",0.0166639375838606,0.781410233212178,0.964044286843193,0.995898191957442
"RTCB","Training_Old",0.136821352938345,0.0645445450518757,0.554138533128299,0.687326949601906
"RPL36","Training_Old",0.138685066060862,0.435508051808903,0.879637326378204,0.891115838092697
"SAMHD1","Training_Old",0.367896971118864,0.0310590916851596,0.457150293148765,0.278792321585777
"HBS1L","Training_Old",0.165465079375743,0.0795850923958205,0.594881933525775,0.657848720143419
"TLN1","Training_Old",0.0968992015626498,0.11142096630898,0.653669669012681,0.808447561722356
"USP15","Training_Old",0.0395561484726201,0.660269816505948,0.939580293626359,0.983714050905339
"TLN2","Training_Old",-0.363436944049326,0.0007958822543458,0.168090332117833,0.0747573617755875
"DTNA","Training_Old",-0.211988530533279,0.00826431541686244,0.351192486345986,0.361802653725426
"HYOU1","Training_Old",0.182706181673456,0.10109818203817,0.643130603809082,0.657900864365551
"AFG3L2","Training_Old",0.0513310633541622,0.556900536724594,0.904801489203699,0.970399347305922
"ARIH1","Training_Old",-0.285456319564691,0.0361768407431662,0.489778766984404,0.387699209532066
"RNF114","Training_Old",-0.205599986846931,0.0423419872609316,0.510013533738365,0.521992405440552
"SAMM50","Training_Old",-0.00715650105027521,0.924081069416053,0.99523672544962,0.999435114677179
"PPME1","Training_Old",0.160335448270697,0.421349104623751,0.876052777899389,0.870596303612497
"TIMM9","Training_Old",0.170803615253106,0.128960881201561,0.676228153156142,0.704795315977996
"TIMM8B","Training_Old",0.154495599561002,0.255529105036428,0.826458606182138,0.809938689987358
"UCHL5","Training_Old",0.076453013617126,0.386141420294964,0.864146108176337,0.929834200606774
"TIMM13","Training_Old",0.104717800975219,0.299859440737931,0.83226384650978,0.881503365239321
"SRPRB","Training_Old",0.0319520601733814,0.777243522987328,0.964044286843193,0.991980361156006
"GMPPB","Training_Old",0.024194581182222,0.823439439964089,0.981506429635653,0.995310861607619
"MPC1","Training_Old",-0.224450401481626,0.0730651403956187,0.57795347009568,0.555852167354324
"SNX5","Training_Old",-0.186795670248141,0.398874220048627,0.87207282892619,0.842243924901455
"HEBP2","Training_Old",-0.108230587446979,0.271158367011476,0.83226384650978,0.8682751933646
"HCFC2","Training_Old",-0.19290240702912,0.413237889431373,0.876052777899389,0.843265013625875
"FHOD1","Training_Old",0.00181449055441618,0.982095464890336,0.995486406313297,0.999967218570871
"MYH4","Training_Old",0.0716345678247698,0.852284701876099,0.987397306836161,0.988615612067762
"MRPS18B","Training_Old",0.170723592884315,0.13125827696112,0.676228153156142,0.707039084004229
"COPG1","Training_Old",0.0757708166165258,0.370542352055092,0.863864408103037,0.927535396493995
"CLIC4","Training_Old",0.251302459018468,0.0712127835403183,0.574051140599817,0.514807652751112
"NFS1","Training_Old",-0.0518031699881796,0.791848350611152,0.970060160377467,0.98798268902587
"SPCS1","Training_Old",-0.0553661780795807,0.584302285422689,0.908364110698607,0.970687897686272
"SAR1B","Training_Old",-0.0521226170069937,0.569172298184922,0.908364110698607,0.971052395513667
"MTCH2","Training_Old",0.0104219871211058,0.8963491850978,0.992150949809458,0.998860221740794
"BZW2","Training_Old",-0.0541402215659232,0.439378554406277,0.879637326378204,0.95645208121266
"DYNC1LI1","Training_Old",0.103085503102413,0.432703244618189,0.879044859220351,0.917268498189581
"CHCHD2","Training_Old",0.237689357122232,0.203718046322345,0.756466017673328,0.685115300608682
"NDUFB9","Training_Old",0.0487140491010507,0.704659183263177,0.9496049149363,0.983092645576578
"COX11","Training_Old",-0.0604385574387081,0.659927750081339,0.939580293626359,0.975193105597585
"SQOR","Training_Old",0.100487089297271,0.580368297678529,0.908364110698607,0.946793506555353
"SESN1","Training_Old",-0.073382945419521,0.545015721268175,0.902203658501844,0.956438210530405
"SEC23IP","Training_Old",0.0496359018048054,0.56212350768802,0.90695557542941,0.971812930277203
"MMP24OS","Aging",0.425640428323774,0.161212677983506,0.374205586974958,0.459872090031493
"ESYT2","Aging",-0.232448440694274,0.145757110251691,0.35518795232828,0.639126815550849
"ILVBL","Aging",-0.254475211481537,0.231118012892659,0.463795993927937,0.688829075491818
"FSD2","Aging",-0.615872099910607,0.00012618988262161,0.00373770877680629,0.00396944504493403
"TARS3","Aging",0.0596653378257148,0.787756934584818,0.888285701572049,0.985866723078723
"VWA8","Aging",0.664639685803568,0.0240137013629195,0.117171262102598,0.0838665636639297
"CARNS1","Aging",-0.371004657945186,0.159173987576299,0.371242757509709,0.505697527283888
"MAP1LC3B2","Aging",-0.482568630304598,0.0228338364469538,0.112457981376918,0.161399305363832
"PGP","Aging",0.119353433820265,0.185607784771187,0.406078976257563,0.817907976264115
"DHRS7C","Aging",-0.269100057258765,0.0772519234903839,0.241757135565889,0.502037697858709
"SMTNL1","Aging",-0.177553506522887,0.414983085242295,0.636168745914986,0.855421097686683
"NUDT19","Aging",-0.441300662446206,0.0921638601992662,0.26919527499869,0.349188499480969
"NACA","Aging",-0.263779500379208,0.00160482664547989,0.0195083840199087,0.18316784142678
"SLC35A4","Aging",-0.209264717362551,0.187929007436936,0.409124950972957,0.704810754034146
"PDLIM1","Aging",0.998961284252804,8.59760665292825e-06,0.000753365282962838,8.7024054552614e-06
"MYO1C","Aging",0.284860719595105,0.0628840049816351,0.213375855748532,0.45472757919879
"FXYD1","Aging",-0.574736192106581,0.00996348173381098,0.0650720561683369,0.0707317550213343
"STXBP3","Aging",-0.0941043999165316,0.456398619961438,0.66653215123535,0.928844046708556
"NDUFS8","Aging",-0.0227151693544876,0.887477912307982,0.946433088024182,0.997292125780176
"PSMD11","Aging",-0.0780456240989373,0.309029755296933,0.543840648861465,0.912424114964994
"PSMD12","Aging",-0.166352133262869,0.152293182535665,0.362709584227071,0.731201630849902
"PSMD9","Aging",-0.0443948901924749,0.658701229337133,0.812828618149878,0.981636491872718
"PGRMC1","Aging",0.0840668206009454,0.80288069142801,0.898505120144365,0.981712484249466
"CLIC1","Aging",-0.0454222107170672,0.727726350030921,0.853467446690108,0.985667157274087
"EIF3F","Aging",0.10170623673303,0.294931010726236,0.534130038528028,0.883216678195489
"PDHX","Aging",-0.0372971961960609,0.671556098096541,0.818714477853349,0.985259553147819
"DCTN6","Aging",-0.320239188768719,0.111084323557881,0.301044242837917,0.494744094295327
"IPO5","Aging",-0.102030733012601,0.137854304305193,0.341747962492641,0.816948021906409
"EEF2K","Aging",-0.00309748312431424,0.986788711731602,0.995307750969573,0.999958806386907
"EML1","Aging",-0.0847763253129656,0.435460208024533,0.651795599626757,0.931947351654417
"DNM1L","Aging",0.131201348316832,0.160624457764126,0.373252193014316,0.786685998967629
"RTCA","Aging",0.253486986881409,0.0220434197544566,0.110374551770529,0.380226846958197
"NDUFA4","Aging",0.0435010695107003,0.710491428671665,0.844160155082774,0.985241396000807
"PSMD14","Aging",-0.339265482991852,6.3908313845259e-05,0.00244362152757417,0.0377546450509166
"BIN1","Aging",-0.0262218085805976,0.717533331898982,0.8476485259516,0.991333810766684
"KPNA3","Aging",-0.139531749804483,0.290873932157016,0.529133182224933,0.841724159413645
"DDX3X","Aging",-0.295301544239351,0.0557834240664422,0.19878612107035,0.426423411707793
"KPNA4","Aging",0.00421620098222775,0.957556888968824,0.980408943062402,0.999817159466782
"CES2","Aging",0.358022596899865,0.152883196184475,0.363291933984125,0.510484265873558
"FBP2","Aging",-0.122807899712129,0.500977464828368,0.696796037390249,0.918618743392496
"PDXK","Aging",-0.0251509551201003,0.768313958793312,0.874885188002771,0.99339321543363
"SDHD","Aging",0.167201884543964,0.279330405122225,0.518762201034654,0.807960112719982
"COX7A2L","Aging",-0.115925909177978,0.679080450398486,0.822168213694886,0.956126412555001
"GAPDHS","Aging",0.397741889072471,0.312172526310769,0.547038895480138,0.62936064826784
"HSPB6","Aging",0.396198052067753,0.0425331199774745,0.167771650596231,0.286222917417632
"NDUFAB1","Aging",-0.267834278465571,0.103692098513451,0.290752644231716,0.544982993435764
"IMPA2","Aging",-0.199612128977186,0.153773639091184,0.364173381766621,0.688163704960623
"PDCD5","Aging",0.0284578228711183,0.746945970666458,0.861970982421642,0.991731450659713
"PRMT5","Aging",0.0910078624301782,0.331516261226164,0.564517163853136,0.904403366078123
"PSMA7","Aging",-0.073543499260559,0.275054036995566,0.515083383616807,0.909437461822488
"OPLAH","Aging",0.362512593046556,0.00269392153518768,0.0279358303149844,0.117079856700478
"MGST3","Aging",-0.156172506329519,0.241580246012901,0.476419736115407,0.801034378884608
"RGS12","Aging",-0.109239201403032,0.593372091786283,0.768387628710932,0.944579324362728
"HAT1","Aging",-1.64406807775926,0.00551320293118343,0.0445933298626106,0.000193514886826682
"UQCRQ","Aging",0.0254293478080072,0.805857415342928,0.899011360488097,0.994526150942543
"MYL12B","Aging",0.198660470816936,0.234350595636107,0.467724740576018,0.749578800065077
"UQCR11","Aging",-0.104166278128499,0.590782411038822,0.766931850370368,0.94665222352913
"CASQ2","Aging",0.226899826950572,0.228843710992573,0.463193767292956,0.715615116275708
"HGS","Aging",-0.155775229486942,0.290742093091204,0.529133182224933,0.82495037059915
"HNRNPDL","Aging",-0.265935724795163,0.0718512591436676,0.231044645228032,0.496460898411764
"XPO1","Aging",0.156502127177621,0.0892772833826305,0.264064876165502,0.685154838972928
"ATP2A1","Aging",-0.141846008501425,0.344961097848561,0.575299911796609,0.859873444252433
"SYNJ2","Aging",0.00678442921465816,0.980862417589949,0.99302662170072,0.999868912548955
"SYNM","Aging",-1.06254874221538,0.000257560971061137,0.00615512184251786,0.00015359784252078
"ARPC1B","Aging",0.0113918745865647,0.950711702809586,0.978153968203796,0.999424370112964
"ARPC2","Aging",NA,NA,NA,NA
"PGRMC2","Aging",0.223483647229244,0.15942629849913,0.371242757509709,0.663414855267389
"PFDN6","Aging",0.171235298735695,0.101574922423773,0.286343246457365,0.675969015390113
"NDUFA1","Aging",-0.772494722202378,0.0212397270116411,0.107372946888176,0.0510189337309459
"SURF4","Aging",-0.00876393153561139,0.956085276322743,0.980408943062402,0.999606505323167
"MAPK13","Aging",0.700186721068075,0.0112059914146176,0.0702490591430377,0.0430775495898583
"TCAP","Aging",-0.667873718034755,0.0251823728689205,0.120909886172009,0.0855331516737206
"PMM2","Aging",-0.108843423191541,0.601983029013658,0.773532397677654,0.946257195598319
"EIF3D","Aging",-0.259401234842699,0.0206654747786494,0.10548420742597,0.365571704010401
"EIF3H","Aging",-0.222006634301133,0.304329018954813,0.541000783484338,0.767889624548801
"BCAT2","Aging",0.232336444708128,0.0930749411805609,0.270836515634852,0.575999719569597
"STX7","Aging",0.085506945082205,0.503190432474247,0.698488105276133,0.942966027489197
"SLC16A3","Aging",-0.234290816072971,0.315487622273437,0.550485657213965,0.763160985310704
"YKT6","Aging",0.0697401078087445,0.435778114128476,0.651807520634555,0.943718201040127
"ARPC5","Aging",0.22519235387346,0.342501284075693,0.573928446542775,0.785614492412655
"TAPBP","Aging",-0.0603041590333273,0.857037473747736,0.929525429237488,0.990739800391412
"DHX15","Aging",0.210309774431142,0.131668342281497,0.330427832718362,0.652857390926326
"CYB5B","Aging",-0.0951331885987656,0.638498110723214,0.798901734197446,0.958217753527185
"NDUFS4","Aging",-0.226000988226978,0.189255430172921,0.410446049223202,0.686455220983323
"DYNC1LI2","Aging",-0.0328911021837328,0.81537274826534,0.903615014171285,0.993309084603476
"PSMD3","Aging",-0.320944764465281,0.00157801921364176,0.0194068678730329,0.126109791547205
"RASA4","Aging",0.460453035404935,0.0373410845950519,0.154888167462316,0.220069135330433
"HNRNPR","Aging",-0.362993798738128,0.00122559896591223,0.0163128773754014,0.0877179593867474
"TXNL1","Aging",-0.185090397593541,0.00991075557606155,0.0650720561683369,0.425695054191956
"TPD52L2","Aging",-0.0354364398646787,0.637458704579312,0.798901734197446,0.984170803423983
"ERI3","Aging",0.0144263832645457,0.930327288403462,0.967893309648241,0.998958685998631
"AKR7A2","Aging",0.450978973446897,1.65681133596698e-05,0.00115312251106137,0.00698220621175954
"LAT","Aging",-0.0423342889570719,0.816835170470912,0.904583656398277,0.991471588268363
"DENR","Aging",-0.094326107842921,0.285371447338202,0.523679017235811,0.888445912808617
"DNPH1","Aging",-0.0393015993475885,0.75689195170278,0.86838176455589,0.989112837000518
"TIMM44","Aging",0.292550438891187,0.0135755672845288,0.0797469776518547,0.284274254614049
"TRAPPC3","Aging",0.550760317204999,0.0299660588905116,0.134655174886209,0.144873199340974
"CHMP2A","Aging",0.1901577935101,0.0272071281416292,0.127734513185176,0.50389809498645
"NDUFB5","Aging",-0.0233441177729148,0.869892761820094,0.936704801898442,0.996751460232944
"NDUFB3","Aging",-0.123902626287485,0.433305918229494,0.64993590022328,0.901566777378286
"NDUFA2","Aging",-0.155265816042547,0.260738061822835,0.49622818462753,0.811627035150248
"BUB3","Aging",0.493609324298049,0.0596935476011192,0.207154340932597,0.248763320998747
"ACTN4","Aging",-1.78742720590785,0.000421282511510559,0.00830367293488336,9.26127369127384e-07
"GSTZ1","Aging",-0.285616496072063,0.17003971785134,0.387425272634203,0.60288224555193
"PRKAB2","Aging",0.081521439334896,0.423476367406848,0.644407236365125,0.932349146421793
"AP1G1","Aging",0.19116542395853,0.494447024975383,0.691831066881723,0.874029871770366
"SYNGR2","Aging",-0.269874988146629,0.128657602606638,0.32559198349189,0.574988162571124
"SGTA","Aging",0.273637640731639,0.00434377584548646,0.0384048897095493,0.225752001737629
"ENSA","Aging",0.0922870979400479,0.521048375349313,0.715718310489619,0.94161094183053
"SLC25A20","Aging",0.314212557698173,0.0527531981718963,0.189965711910099,0.396747798364871
"NARS1","Aging",-0.438311628399411,0.00056338097885149,0.00979165453326184,0.0376564012122
"LANCL1","Aging",-0.167097339599938,0.146273911962861,0.355623163997568,0.725273160160853
"SLC37A4","Aging",-0.301228040243362,0.0764654345656904,0.24032044787453,0.460965474370802
"IDH3B","Aging",0.162988222627806,0.211426447953392,0.441213829004211,0.776263052950589
"CALU","Aging",-0.248141719813749,0.0477796145730906,0.179398986832201,0.470180916021998
"AHCYL1","Aging",0.0483497099392771,0.676791050589153,0.820219535208862,0.98130165080028
"NDUFS5","Aging",0.22268594665136,0.192760763536839,0.41322720256674,0.693080529542171
"TIMM8A","Aging",0.503158276008335,0.067269419040115,0.222084125967601,0.25716198134311
"PPP1R12B","Aging",-0.00678088916239972,0.98122174032054,0.99302662170072,0.999871464234126
"PRPSAP2","Aging",-0.425110510311178,0.0171432821870207,0.0931584559155158,0.177539416453917
"SPAG9","Aging",-0.61556110864654,0.000548906008242799,0.00961957779445505,0.00983924477008252
"OPA1","Aging",0.225549495704691,0.044894782896028,0.172602794205387,0.496596277172628
"TBC1D4","Aging",-0.139146608133636,0.276045252371446,0.516479684819529,0.836015447865101
"SNX3","Aging",-0.0194537943499178,0.80407741680687,0.898976505871796,0.995766895906476
"SYNCRIP","Aging",-0.102054671407114,0.362173744869218,0.590885481349857,0.901540861857722
"SELENOF","Aging",0.442077854627804,0.374652717455441,0.60007209810266,0.647904166950539
"KLHL41","Aging",-0.442017832022099,0.0916233268560875,0.268776204274914,0.347686771783113
"PLIN3","Aging",0.34982469893751,0.0011524726417018,0.0155665966183155,0.0937747290248262
"KPNA6","Aging",-0.191344446073231,0.114322808601799,0.30534825083216,0.660357262760513
"SNX2","Aging",-0.09628964907224,0.376758426959615,0.601658141908677,0.910288911788102
"USO1","Aging",0.1357028909894,0.241721283136063,0.476419736115407,0.824734282899992
"TOM1","Aging",0.120319060431878,0.277261982873298,0.517834769078638,0.856976844249842
"PFKFB2","Aging",-0.0104318029550861,0.946110420356013,0.974850668304113,0.999422286853711
"EDF1","Aging",-0.0868008202401249,0.462479365148783,0.6708759503069,0.93525436145947
"DNAJA2","Aging",-0.156726634946192,0.0829512623253224,0.253887958155465,0.676940919390112
"CUTA","Aging",0.14446110827776,0.396445077527138,0.621718119343453,0.874889239702547
"PFDN1","Aging",-0.0768186779738578,0.46731362910909,0.674047024702618,0.94323467474842
"NOL3","Aging",0.133350929459191,0.319132830244708,0.55192133388538,0.858725058643453
"WDR1","Aging",-0.174137866718084,0.0457683180527037,0.174367342146442,0.584458445016379
"LDB3","Aging",-0.0195488555770567,0.864546628571573,0.933799245037173,0.997158707456424
"CLASP2","Aging",0.223747091392134,0.251031271232665,0.486113041806902,0.733991189521383
"COBL","Aging",-0.193027743860409,0.487988278730123,0.688441821663965,0.870671577937154
"CPNE3","Aging",0.0947197748169515,0.327931389925046,0.561138903997048,0.899777385863278
"CLUH","Aging",0.330920873481702,0.310015601517761,0.545119406347702,0.678716176342164
"CAND2","Aging",0.0334274577797551,0.800172538004304,0.896995121227639,0.99257578362939
"COQ9","Aging",0.175099631233504,0.0877811304398391,0.260874969006438,0.653115415271277
"GGCT","Aging",-0.134496573652473,0.2205312116679,0.453363334069583,0.816016561446297
"NDUFS7","Aging",-0.0405911149045757,0.833584998444687,0.915419974793304,0.992638848302929
"RTN2","Aging",-0.0636511801333413,0.512660739523528,0.707602709009007,0.958363667561669
"NDUFS2","Aging",-0.146242607153187,0.352230640914365,0.580973363014047,0.858473351474366
"NIPSNAP2","Aging",0.178167842282395,0.114770849633527,0.305522907315579,0.67997387033907
"CILP","Aging",-0.322724582064836,0.282277340140938,0.520727409049468,0.664843836594126
"TBCA","Aging",0.194193928099889,0.0286594583115998,0.131263949995894,0.501661541789607
"ATP6V1G1","Aging",0.13846847749863,0.162655544115621,0.375622747176717,0.777652551705767
"VPS4B","Aging",0.20851154860199,0.280446643954702,0.519171912180227,0.767132531320875
"MACROH2A1","Aging",-0.383189623807155,0.215789029810846,0.447124268944099,0.55565722018604
"SH3BGRL","Aging",-0.196194710456371,0.392483755123224,0.618993868647601,0.832357626833945
"FLNB","Aging",-0.812817627612137,0.000108337439525653,0.00340050201973803,0.000598409007370436
"NDUFS6","Aging",0.0330182923278883,0.829409889385055,0.91226411996693,0.99384326279285
"CS","Aging",0.21900869448303,0.0298599819369946,0.134465828722697,0.463480376516326
"SEC22B","Aging",0.162083302408139,0.065452623655688,0.217451607500651,0.642808406257542
"MTX2","Aging",0.0371369290324743,0.738902447278622,0.859464516939681,0.988825661870884
"VPS26A","Aging",0.0420537924597468,0.701026852041454,0.837106974103397,0.985173127555522
"NDUFB1","Aging",-0.125883556146555,0.440618496567107,0.654887383137807,0.901972610726079
"PMPCB","Aging",0.283332838529379,0.0246321623796825,0.11908376433212,0.350154610073516
"NDUFS3","Aging",0.043352646276194,0.745992091413596,0.861516402110265,0.987376284464372
"ECI2","Aging",0.366130521724667,0.00638594825724086,0.0488350879453728,0.157190403554957
"BANF1","Aging",-0.567652644941177,0.00290569209769805,0.0293782234685528,0.036308384132206
"CSDE1","Aging",-0.120762017975604,0.247797646700831,0.482763956373115,0.844947941944347
"PRKRA","Aging",-0.0491867005196447,0.84364291401785,0.920695925365614,0.991671856684991
"LYPLA1","Aging",0.0246640630333346,0.811211550938632,0.901685272935596,0.994852918564162
"TIPRL","Aging",-0.0647671129289655,0.475803865202053,0.679765984048857,0.953033003776731
"PPM1B","Aging",0.17800658451409,0.21250683956741,0.442477112485409,0.759045743983504
"SLC25A12","Aging",0.07286241472951,0.461018367172409,0.67048521864701,0.945143382817184
"TCEA3","Aging",0.20309934552975,0.33750221531945,0.570094103467312,0.80203494638681
"EIF3G","Aging",-0.368860049704814,0.00210170445507683,0.023140756382338,0.102897220557099
"EIF3J","Aging",-0.119895138726811,0.107400858164002,0.295247064992021,0.765283835118966
"PSMD10","Aging",0.00940046669508376,0.926753147568762,0.967076459323748,0.999285180522984
"IDH1","Aging",0.0588692072205319,0.495888236478283,0.692465445759515,0.959549726870555
"SCO1","Aging",-0.616745637296972,0.00270989509474884,0.0279358303149844,0.0261086634809218
"ALDH1L1","Aging",0.0576147957864492,0.684863950406288,0.826316057202768,0.978426880618506
"ARL6IP5","Aging",0.11425285118511,0.239626393223982,0.47451441144071,0.84939571316476
"DYSF","Aging",-0.189330974582628,0.0390199037548096,0.159337587565756,0.541111597528293
"PIAS2","Aging",-0.0730416503087312,0.578156789600662,0.759647327717509,0.960769969797606
"DCTN3","Aging",-0.651423926186318,0.0087080400755169,0.0601235334663046,0.0455003640129779
"ATP5PD","Aging",0.147038428017581,0.134273514705523,0.33457014386933,0.744356650378717
"FLOT1","Aging",0.00645109454131187,0.96014599208932,0.981140437980486,0.999737668845035
"ATP5MG","Aging",0.0378492448035246,0.713495605282275,0.845341553751338,0.987304170460546
"GLRX3","Aging",-0.300790224123677,0.0225171318103658,0.111946875170684,0.319486150919656
"SNCG","Aging",0.155375771050705,0.771446711052188,0.876000233986367,0.960483861999432
"DDAH1","Aging",-0.123429498124779,0.343974599867004,0.575022721399292,0.876584289861317
"TPPP","Aging",0.132647168666999,0.661515263673586,0.814023756293476,0.946662386608638
"BAIAP3","Aging",-0.158391326218528,0.36598328145277,0.593417764761122,0.85281739069805
"TOMM70","Aging",0.145252280276281,0.244681534677813,0.479367194822866,0.815066285933056
"UFL1","Aging",0.113104559888846,0.359749796980017,0.58875783894862,0.890802933355338
"TMEM63A","Aging",0.057587265404436,0.745719892501466,0.861516402110265,0.983245538911488
"PLPBP","Aging",0.137069956900479,0.131216559001341,0.330081846387345,0.757011961029451
"ERLIN2","Aging",-0.238031712683618,0.103032697911206,0.289289404148554,0.582179308502527
"ENDOD1","Aging",-0.1257742820499,0.168305263785339,0.385349692676944,0.799213835818063
"SEC31A","Aging",0.0471651575524135,0.752880877014599,0.865668936228378,0.986701469337415
"NDUFB6","Aging",-0.203044844610414,0.296670302639959,0.535075168483562,0.781354236952309
"MFN2","Aging",0.148756451359592,0.223826133775932,0.457440582440025,0.800377804349846
"NDUFA3","Aging",-0.0362911125545118,0.844713444909961,0.921386086434464,0.993894306651694
"NDUFB4","Aging",0.0479152618976464,0.773557214446395,0.877922731775914,0.98777285264204
"NDUFB8","Aging",-0.0211304880473406,0.875528634565307,0.940995224538808,0.997195119761584
"NDUFA7","Aging",-0.0942462041375265,0.586229748423102,0.763993050124716,0.950914074691079
"RTN3","Aging",0.135367283387012,0.516798828030768,0.711059121008449,0.914519800581513
"LETM1","Aging",0.296538569111071,0.0316098576411483,0.139070147739195,0.359037261369975
"STBD1","Aging",-0.425680637575361,4.82479628454196e-05,0.00215883969923228,0.0145392023376226
"ZRANB2","Aging",0.368728795657212,0.291362922024,0.529133182224933,0.634631315829707
"EPM2A","Aging",-0.167478907025828,0.389218152290925,0.616359769779982,0.853819336464933
"VAPB","Aging",-0.397614578152247,9.64532529213253e-05,0.00327163211118624,0.0253107986997793
"NDUFC2","Aging",-0.0431476600017753,0.82936482593111,0.91226411996693,0.991959779342239
"NDUFA10","Aging",-0.137243299333651,0.355033630794478,0.584984899870715,0.867516016162983
"PGLS","Aging",0.320890704029622,0.0456749848243866,0.174327573658231,0.371452479705021
"TACC2","Aging",0.342470418522392,0.0177373977650782,0.0951575191325497,0.251360246147238
"LYPLA2","Aging",-0.0469665689607588,0.820898993799654,0.906362194198826,0.990773728795625
"IPO7","Aging",-0.165419650818283,0.225342224541183,0.458755758189842,0.781533223884401
"ARIH2","Aging",-0.257800072625809,0.17046928455502,0.387757277877652,0.633750505418169
"PGM3","Aging",0.151732021158107,0.292961959271809,0.53157808485644,0.830038411307644
"SVIL","Aging",-0.666968370244707,0.017015308939909,0.0927025769446338,0.0660733201742536
"AHSA1","Aging",0.276397954459185,0.0137884661232203,0.0803244993272363,0.306031419027262
"H6PD","Aging",0.216515326261948,0.0830883807190544,0.253887958155465,0.58353097539027
"MPC2","Aging",-0.0536446061218854,0.679858167306996,0.822636205895634,0.979512870218983
"ETHE1","Aging",-0.26886550700485,0.198412223679733,0.423185503446733,0.647351827395561
"ACSL3","Aging",-0.0461748622366329,0.649401155761899,0.806669008013747,0.980263464365668
"ASMTL","Aging",0.0655913474788576,0.817626890820425,0.90498386915545,0.986880063263857
"CDS2","Aging",0.357028840703986,0.0101493015542112,0.065673788210788,0.194195969533681
"SNAP29","Aging",0.440720352855418,0.0592151743264663,0.206516602999268,0.287730727619165
"OXSR1","Aging",0.0467113584686523,0.541394014146292,0.733335678598947,0.9717444104704
"LSM8","Aging",-0.387810482994112,0.0526778277975266,0.189965711910099,0.31932570690544
"AP2A1","Aging",0.0317751768811831,0.837733696466643,0.916625371316,0.994389841668392
"CAVIN2","Aging",0.0352658083730262,0.750518544485669,0.863897372224062,0.98993007788788
"BAG2","Aging",-0.0865966174054051,0.64245511790913,0.800879142242383,0.962409355018779
"BAG3","Aging",-0.316105512001997,0.0389444019498611,0.159337587565756,0.358452742381267
"MLYCD","Aging",0.719226149460468,0.0181741578378596,0.0956899713817667,0.0559956144976517
"AIFM1","Aging",-0.00351121861075043,0.965975666625271,0.984053445329991,0.999878460813727
"EML2","Aging",0.0852814927731806,0.665699429962094,0.81645986198538,0.965892735667366
"BPNT1","Aging",0.334417272506524,0.0145269173190971,0.0825678570866518,0.242884087336013
"DDAH2","Aging",0.474144071362979,0.000705077197511204,0.0115841980184849,0.0320339211738663
"ABHD16A","Aging",0.577354605981288,0.0594775835060155,0.207088341246938,0.196050178180645
"TXNDC12","Aging",0.439013582620536,0.382591720049354,0.609076750388942,0.655866194217898
"NUDT3","Aging",0.270238871020446,0.0210077088836858,0.106713071938143,0.352080126280838
"NDUFB10","Aging",-0.0817986414853955,0.600482409078017,0.773309556822455,0.959139163834241
"CLPTM1","Aging",0.2638154987563,0.46235306849321,0.6708759503069,0.815858572632362
"MOCS2","Aging",-0.461103922148194,0.0100963421984143,0.065673788210788,0.120146803509333
"TOMM40","Aging",0.0313092436294689,0.799379906882515,0.896995121227639,0.993013784331997
"PEX11B","Aging",0.0904316742595821,0.73046011742805,0.855079627508509,0.971996730092839
"CYB5A","Aging",0.39180598560576,0.0278694336634818,0.129324479250103,0.245918895590123
"ADH1B","Aging",0.515932300966973,0.0867999275643506,0.258555591597492,0.283366073524383
"LDHA","Aging",-0.492023919391574,0.0049219603073968,0.0408538689428772,0.0731942130848188
"ALDH1A1","Aging",0.0929186141458196,0.546824510242257,0.736689266521119,0.945455727088434
"GLUD1","Aging",0.16602512069327,0.15678231752063,0.368394652230038,0.735189169451888
"CYB5R3","Aging",0.251616933236814,0.0179132151846457,0.0956012934692917,0.363470261955701
"GSR","Aging",-0.0534618177856245,0.507820875692123,0.702987921535965,0.964421205633203
"MT-CO1","Aging",-0.750390039267479,0.00343612803703752,0.032923462176979,0.0141609038462741
"MT-CO2","Aging",-0.0726123656691904,0.620431404641746,0.785983243668339,0.96593300202692
"MT-CO3","Aging",-0.175099624304046,0.358582729499885,0.58730489107341,0.835619884212525
"SOD1","Aging",0.0125822859668929,0.907778752572307,0.955649318932455,0.998783346745066
"CP","Aging",0.638041512922733,0.000618252454306697,0.0104014792912559,0.00896665796094368
"F13A1","Aging",0.671858171943143,0.0278529085540007,0.129324479250103,0.0901931537086734
"HPRT1","Aging",-0.117589884723085,0.497557731892184,0.692956231900174,0.921195610097861
"GOT2","Aging",0.197097242628697,0.0471902270940771,0.178160885665048,0.547797314870518
"PGK1","Aging",-0.272025817040468,0.00559886012286729,0.0447534257316063,0.244019739172748
"AK1","Aging",-0.129774057760429,0.280011993516494,0.51882398446272,0.847730616805878
"MT-ATP6","Aging",-0.311620250574666,0.0866925601975839,0.258555591597492,0.466717011979047
"CA2","Aging",0.442791345337614,0.00691959983925979,0.0516025477374586,0.110562169307402
"ASS1","Aging",0.437520034399814,0.231411188574126,0.463795993927937,0.527115054894687
"CST3","Aging",0.0457486780694225,0.740703155747626,0.860568776543297,0.986362140139692
"CSTA","Aging",-0.176171845332437,0.642071127411932,0.800875196291395,0.924914455056487
"JCHAIN","Aging",0.372980557466857,0.445705491935537,0.656280613432573,0.739778528275454
"HLA-B","Aging",0.23139674398673,0.394205749806535,0.620519978924508,0.806216362337293
"HLA-DRB1","Aging",0.082814306228876,0.738449056645961,0.859412488171808,0.975203063441203
"MB","Aging",0.317562156777399,0.00137782678411164,0.0176051473565182,0.123457214599225
"COL1A1","Aging",-0.865031806260106,0.0538561106764733,0.193275427905501,0.0798873304640007
"COL3A1","Aging",-0.972744928055111,0.0342715357955296,0.147388629402861,0.0375719778610189
"COL4A1","Aging",-0.695181166002971,0.100855402834901,0.28561266944932,0.202950640461787
"CRYAB","Aging",-0.165127154209809,0.323311837232783,0.556403268167384,0.829898942575737
"KRT14","Aging",0.0628241009780304,0.900869284231652,0.952502817867855,0.993462931249548
"LMNA","Aging",-0.435389967472453,0.03233224616767,0.141361151123929,0.22444524695566
"TNNC2","Aging",-0.718449231186234,0.0217223949603792,0.109287551678654,0.0638487824321161
"APOE","Aging",0.371094315491234,0.261934175556956,0.497603948686791,0.608267230564848
"LRG1","Aging",1.08135071850106,0.000113916018831534,0.0035230204059223,5.44233334224764e-05
"FN1","Aging",-0.262800713199237,0.613841697244632,0.78308156593419,0.879632095140116
"RBP4","Aging",0.316215269491053,0.556043746923096,0.744001201660215,0.830614601693435
"TTR","Aging",0.298796524412534,0.11302879059479,0.303188197220462,0.521310158683447
"PPBP","Aging",-0.66566945407871,0.0880597340672559,0.261198336732636,0.198413184574711
"TFRC","Aging",0.10375631772629,0.774742337113119,0.878793492421191,0.973866369243013
"FTL","Aging",0.408153868046529,0.435009614262353,0.651584913670747,0.71195395933997
"FTH1","Aging",0.634250594670164,0.0311306197860533,0.137248833144801,0.110739726176751
"MT2A","Aging",0.715061284822713,0.00177301273139784,0.0206628993098717,0.0107810327048595
"MT-ND1","Aging",-0.174640136331817,0.283376085888139,0.52105728813094,0.802344045915497
"MT-ND2","Aging",-0.799941521769036,0.000906376078966631,0.0133294328256421,0.00368149893622191
"MT-ND3","Aging",-0.296304091342645,0.125226141282173,0.32115923794684,0.540310411687267
"MT-ND4","Aging",-0.824353077561231,6.16632451688745e-05,0.00240144082574339,0.000338450599112093
"MT-ND5","Aging",-0.430187215395943,0.108019622939249,0.296343709777561,0.383906264866679
"MT-ATP8","Aging",-0.055744552365045,0.730660052607128,0.855079627508509,0.982659085593461
"CAT","Aging",0.106347572746632,0.587602938755902,0.765022027600019,0.945023568013013
"ALDOA","Aging",0.048906117546359,0.571534289936411,0.755372542792226,0.97301129508429
"CSTB","Aging",0.307360517744261,0.0270818298376083,0.127734513185176,0.329812491354364
"ANXA1","Aging",0.160867082957324,0.480228823754626,0.683752777011498,0.888700664504264
"SOD2","Aging",0.814880190712156,1.91815760289789e-05,0.00122238952693765,0.000143256998821094
"KRT1","Aging",-0.209618617103715,0.534609508450703,0.726632309064593,0.87698350461617
"VWF","Aging",-0.13047167358015,0.702226381770115,0.837652910302072,0.954925774745423
"GAPDH","Aging",-0.165031419765945,0.111450333168363,0.301647426837925,0.696207160587001
"HLA-A","Aging",0.415602678528913,0.0203028463404888,0.104393363946328,0.197977632243207
"CAPNS1","Aging",-0.0279439613238281,0.646986918575773,0.805096739505829,0.987906109307344
"HSPB1","Aging",-0.195346907934425,0.279485294233126,0.518762201034654,0.779557106588357
"RPN1","Aging",-0.120838609930239,0.115560675471311,0.306075693345298,0.770462085339254
"RPN2","Aging",-0.14020849492578,0.358354851072385,0.58730489107341,0.865986131318966
"GNAI2","Aging",0.14069745647134,0.10875688848005,0.297419683320605,0.731866584951691
"ATP1A1","Aging",-0.0332350471628544,0.689874223884946,0.829980259056087,0.987737427960631
"ATP1B1","Aging",0.0104096554263045,0.9046501675594,0.953623710464871,0.998957423881509
"APOD","Aging",0.135832164436376,0.573953727027145,0.756801331749694,0.927358644729843
"ALDH2","Aging",0.550797524611955,0.00631710442846857,0.0484849292447789,0.0614512596989139
"S100A8","Aging",-0.016472085032099,0.966272165766254,0.984053445329991,0.999435006724798
"SLC25A5","Aging",0.0255177087055287,0.800987059530596,0.897429827486864,0.994353355389534
"SERPING1","Aging",0.259667625040144,0.241349637294587,0.476419736115407,0.691342605288715
"PCCA","Aging",0.383435418393063,0.00393509876349687,0.0361376100420695,0.119624685318133
"PCCB","Aging",0.502374874249057,0.000995594931536195,0.0142792757468814,0.0310393174307425
"EIF2S1","Aging",-0.0705854166543354,0.244937982441072,0.479367194822866,0.905474601359514
"RPLP1","Aging",-0.419556010208076,0.0395612658180688,0.160923292099417,0.257914805228908
"RPLP2","Aging",-0.274531778913719,0.116906213615564,0.308087427610942,0.554742956349873
"RPLP0","Aging",-0.293141778418537,0.0690309348053118,0.225072954876854,0.456746493126175
"FABP3","Aging",0.32823502291771,0.0252833599489786,0.121118236839868,0.299057321950358
"CLEC3B","Aging",0.690414077344833,0.00429412911021203,0.0384048897095493,0.0232115234123619
"SSB","Aging",-0.0565851420105794,0.755508035086859,0.867267138530385,0.98426069259043
"ITGB1","Aging",0.154899070763914,0.0489861481814958,0.182010370363402,0.626748885192436
"KRT18","Aging",-0.33590781134896,0.291317554032887,0.529133182224933,0.660809952579144
"KRT8","Aging",-0.270607072171149,0.492830123039417,0.691183826792142,0.825736916617578
"MYL1","Aging",-0.896971837468229,0.00758889802811716,0.055017671439052,0.0125481588795299
"GSN","Aging",-0.139908416193819,0.467142432659297,0.674047024702618,0.898986515712048
"PTMA","Aging",0.310769234878849,0.156030773776616,0.367449851346275,0.561402795000305
"ATP5F1B","Aging",0.0830679553178122,0.399550976725445,0.622873020054567,0.92662372815324
"S100A9","Aging",-0.0188733643502523,0.957187577365933,0.980408943062402,0.999174519831893
"S100A6","Aging",-0.460834487635587,0.220245104902031,0.453363334069583,0.497953220109671
"EIF4E","Aging",-0.208233856460442,0.0328977272619096,0.143535104630282,0.49116084287991
"CKM","Aging",0.173346620241794,0.0372802045748663,0.154888167462316,0.565419248562019
"ENO1","Aging",0.00735545810265137,0.958031563477525,0.980408943062402,0.999684687733604
"PYGL","Aging",0.556805056534326,0.0143449787288529,0.081976875724939,0.0941111734133224
"GPI","Aging",-0.00642669003583407,0.932801051907259,0.967893309648241,0.99955303792093
"NPM1","Aging",0.00787182464314284,0.953669516914481,0.979453821313422,0.999626645420726
"TPM3","Aging",-0.799948754157391,0.0424910336467112,0.167771650596231,0.0799296904107918
"EPHX1","Aging",-0.069650299473107,0.67587556398495,0.819703754936765,0.973083632851173
"DBI","Aging",0.0663921492678767,0.639349319379126,0.798901734197446,0.970739143160756
"LDHB","Aging",0.387035900092418,0.0722946773906877,0.231761747793622,0.361770532576829
"GPX1","Aging",0.068057186109673,0.407479108398639,0.631487520237537,0.940729725119852
"P4HB","Aging",0.0252640510366646,0.754795908548191,0.866922881309036,0.992918218046908
"H1-0","Aging",0.0249255925107157,0.894095264870573,0.950597746219825,0.997213644776795
"CTSD","Aging",0.48299056383544,2.53046003090479e-05,0.00152044498428365,0.00602266526285674
"ANXA2","Aging",-0.087182021822688,0.471705500208416,0.676668940612755,0.936590984040913
"CAPN1","Aging",0.189990141439729,0.0040620058257137,0.0369800790107182,0.351304956599343
"TUBB","Aging",-0.0801951942883434,0.391613282523809,0.618754870884726,0.927575184014805
"CA3","Aging",0.650204442842202,1.13910279309838e-06,0.00023955331738859,0.000136631489456929
"DCN","Aging",-0.155819863670363,0.483864361394473,0.685691881410092,0.893045692195925
"PSAP","Aging",0.6904848261645,3.8724363501998e-06,0.00045242964691501,0.000183267422538977
"PFN1","Aging",0.0274455712483395,0.745748669511884,0.861516402110265,0.991980712419982
"BPGM","Aging",-0.0500012325465065,0.778955113589486,0.882093919365231,0.987587280635837
"APRT","Aging",-0.0427498438658667,0.675211417655046,0.819464450613461,0.983351030229389
"EPRS1","Aging",0.00196633387696821,0.97467061936491,0.990208846630147,0.999949553617417
"CTSB","Aging",0.480321785591869,0.000439433871868329,0.0083254903832351,0.024406675427292
"HSP90AA1","Aging",0.033550475376984,0.711790187728547,0.844748738596577,0.988658579089312
"UQCRH","Aging",-0.00958051256342784,0.925745892633117,0.967076459323748,0.999261083934291
"TPM2","Aging",-1.07591133805998,0.00387298158107597,0.0357231590570297,0.00254068447006119
"FH","Aging",0.217495419765005,0.00418293030654091,0.0379168208390325,0.303866575098821
"COL1A2","Aging",-0.780364987306456,0.143088433950863,0.349901135579842,0.219312477080847
"ANXA6","Aging",0.0246860066231385,0.749838859441116,0.863587689706828,0.992918169181399
"PFKM","Aging",-0.201664588056115,0.126284099282319,0.322691932917031,0.658830733121703
"HSP90AB1","Aging",-0.00887605747941933,0.923522488859118,0.96529214417034,0.999294069018559
"SOD3","Aging",0.325763861401732,0.25419018344314,0.48863067256026,0.64006226712783
"CTSG","Aging",-0.0485556722981961,0.963376001989796,0.983008118478671,0.998189955395602
"PDHA1","Aging",-0.0957997002642372,0.210512050059205,0.440066442618794,0.861331114154235
"COL4A2","Aging",-0.260473691155401,0.467672762961526,0.674102687120007,0.82040555936369
"CYC1","Aging",0.125388449076983,0.23719834160167,0.471036933322296,0.834922603599786
"MYL3","Aging",-0.396017606900362,0.287069050941353,0.52633497308602,0.610032623183432
"SNRNP70","Aging",NA,NA,NA,NA
"NFIC","Aging",0.0992608431993602,0.57650170215578,0.758761574903588,0.946796982767931
"VIM","Aging",-0.776273561122473,0.000782294825154268,0.0123063149903748,0.00387619504356298
"SERPINF2","Aging",-0.122371000779925,0.56506007601303,0.750351209463727,0.932531629297856
"RPS17","Aging",-0.303633270363303,0.0364710789067155,0.153091175530584,0.365897762563274
"KRT19","Aging",-0.396069971005286,0.253777185087777,0.48863067256026,0.580926982803808
"ANXA5","Aging",-0.0981679542878382,0.424112772648024,0.64447508550122,0.919243582007118
"RPSA","Aging",-0.12334637973893,0.257374525478408,0.492519317893552,0.845853977005923
"SNRPA","Aging",0.114440393536405,0.419629059220951,0.639478196769318,0.905400199261782
"ENO2","Aging",-0.486107639462265,0.00075935929351864,0.0122216790440079,0.0304481988266511
"ACAA1","Aging",0.227545385599687,0.078997189547775,0.2450311056327,0.561250338231375
"GSTP1","Aging",0.164554683865752,0.106346240488593,0.294099817324766,0.691580229919823
"LGALS1","Aging",0.36111160032528,0.0549335372255992,0.196137909652691,0.350704005623282
"QDPR","Aging",-0.0506569774778463,0.651241941567426,0.807048793822214,0.978508834484568
"HMGB1","Aging",0.416106357191143,9.61076350627766e-05,0.00327163211118624,0.021301001350756
"RBP1","Aging",NA,NA,NA,NA
"FBP1","Aging",0.165105059816852,0.527792657531005,0.720313819079943,0.8998648621225
"GSTM1","Aging",-1.04808717124669,0.112865820131712,0.303137700813525,0.101625536092195
"TPM1","Aging",-1.2860653216221,0.000775536687054891,0.0123063149903748,9.99598146461262e-05
"CLTB","Aging",0.0241834806885741,0.811216612645814,0.901685272935596,0.994953106704377
"ANXA4","Aging",0.384482166298973,0.00482847613963682,0.0404553200065985,0.128666736512244
"HMOX1","Aging",-0.946062375937149,0.00166128046247008,0.0198504137078102,0.00234620340309628
"DLD","Aging",0.082588799499991,0.339723735878509,0.572467160699122,0.914694884453917
"HNRNPA1","Aging",-0.182925507845749,0.326033427649379,0.560170178387781,0.814635305223089
"COX6C","Aging",-0.0693846929775397,0.696407380726159,0.834498416904337,0.975207702550846
"PARP1","Aging",0.036548369431916,0.743434747802995,0.860926913342345,0.989222842677073
"IFIT2","Aging",0.0701149129477372,0.644297375254771,0.802224618212424,0.969648001970108
"UCHL1","Aging",-0.771570885334761,0.00472765145984857,0.0400897218550868,0.0160629065258247
"LTA4H","Aging",-0.0128851040030931,0.888193199457381,0.946604934231852,0.998473431246144
"ALDOC","Aging",-0.274283946971568,0.599425393554354,0.772894912719072,0.869033095640664
"LIMS3","Aging",-0.480936290475704,0.0182461619230092,0.0956899713817667,0.145792197912948
"HSPA1A","Aging",-0.110242225804882,0.28369500471228,0.52105728813094,0.870324385901607
"CALM1","Aging",-0.200647145232999,0.0623585569345938,0.212200720442477,0.573058995276158
"FDX1","Aging",0.166648774028111,0.570633272416159,0.755218232782368,0.910745864517506
"COX8A","Aging",0.299871821941778,0.212243301487837,0.442366365737285,0.628255765616207
"GAA","Aging",0.511740629658295,0.00502009103235859,0.0412204088219304,0.0665825927298935
"RRAS","Aging",0.116283707041912,0.337250684592958,0.570094103467312,0.881269229132099
"ARAF","Aging",0.193216645604842,0.5426272632311,0.733335678598947,0.888589734505846
"DLAT","Aging",-0.0200767616024606,0.798329362822866,0.896362333164168,0.995488238760979
"TXN","Aging",-0.0553376963974124,0.60760881848432,0.777251426564796,0.972806031001137
"COX5B","Aging",-0.241108083218471,0.0983137376536161,0.279627614515121,0.571624905312914
"MAPT","Aging",-0.32623645245739,0.00503739660829107,0.0412204088219304,0.177981918747242
"PRKAR1A","Aging",0.099568153007155,0.24014068601476,0.474643908402349,0.867589163135969
"ESD","Aging",-0.200150919164976,0.208445020893087,0.437778318740436,0.730626681302992
"HSPD1","Aging",0.176930568590027,0.0409294113500958,0.164893777910443,0.56810243609459
"THRB","Aging",-1.68504239405951,0.000194336029597209,0.00510860837803663,5.57256329859876e-07
"CLU","Aging",0.628019166798968,0.00583467877328929,0.0459221813667591,0.0395381028653262
"MYL2","Aging",-0.0703663571266588,0.8389023903713,0.917426795086242,0.987715459658346
"HSPA5","Aging",-0.0570347077181879,0.494002991133332,0.691669966946336,0.960576496423058
"LAMC1","Aging",-0.380720947132364,0.197373984369546,0.42139846612097,0.539140685411327
"MYH3","Aging",-1.41786859207996,0.0108470563165122,0.0689164937571759,0.00163806240367573
"HSPA8","Aging",-0.120261592579659,0.0942817446084126,0.272792535749121,0.752771262182311
"EPB41","Aging",0.0974200524669122,0.728064954523088,0.853467446690108,0.969555348614996
"PDHB","Aging",-0.00290358545712266,0.969394968169531,0.98580155612211,0.99990975150123
"DBT","Aging",0.410205404445321,0.0234137438811393,0.115044634070178,0.214362165690614
"PYGB","Aging",0.0769147851412875,0.468451204581717,0.674211857884189,0.943342106959827
"PYGM","Aging",-0.0729649660553235,0.489897467706748,0.6905190178199,0.949267333491442
"RALA","Aging",0.113970311476322,0.304263061655792,0.541000783484338,0.873183969235052
"SPTB","Aging",-0.219684362641299,0.166423390957739,0.382083396489219,0.67439287690312
"LAMP1","Aging",0.131417307601936,0.273759817524849,0.51357439451807,0.843452522016846
"ACADM","Aging",0.605082523577575,3.02114680435198e-05,0.001671966244619,0.00184132718156705
"UBL4A","Aging",-0.209180559616637,0.273243354040107,0.513063190666379,0.762319679949585
"DMD","Aging",-0.0935175629496214,0.3348539303749,0.567901464176141,0.902746129424586
"MTHFD1","Aging",0.0447030057214626,0.533689643813654,0.725969806558935,0.972319484091797
"ADH5","Aging",0.0265422367205055,0.808278610410646,0.899599475743385,0.994366453926157
"PABPC1","Aging",-0.0316615327817757,0.685948400177792,0.827149934388702,0.988136032762816
"HARS1","Aging",0.202287420431318,0.0242896960238078,0.117970509787686,0.471401757601147
"COL6A1","Aging",-0.196623943486991,0.564608891540418,0.750351209463727,0.893691559795504
"COL6A2","Aging",-0.288339503828205,0.433356278114552,0.64993590022328,0.785756702441592
"COL6A3","Aging",-0.201797824596721,0.542205129178727,0.733335678598947,0.883801627856049
"SLC25A4","Aging",0.100068835473191,0.492277553923515,0.691183826792142,0.931536371703149
"SLC25A6","Aging",0.0819372299407206,0.70975669933627,0.843763899776244,0.972300087657246
"IMPDH2","Aging",-0.148960613993054,0.131432250504109,0.330229417933264,0.739130800964249
"CKB","Aging",0.343637140911834,0.000389715375356938,0.00811456865718455,0.0673680896196275
"ANXA3","Aging",0.208442105324192,0.274406970025524,0.514329641678856,0.763726570603488
"BCKDHA","Aging",-0.0351464665505112,0.8546042309883,0.928322674467146,0.994493118241562
"ACTN1","Aging",-2.07015919309581,0.000748458927508521,0.0122016211205459,3.38088262210312e-07
"MYH1","Aging",-0.963617943969464,0.0215280318818075,0.108569426972281,0.0247544372518421
"MYH7","Aging",-0.549864484781907,0.1322755114216,0.330767420356273,0.328800712551688
"PEPD","Aging",-0.0179027826162752,0.881417305192803,0.944279466541245,0.997742788842997
"XRCC6","Aging",0.27707488905029,0.0056243142118899,0.0447534257316063,0.238013054161395
"XRCC5","Aging",-0.0527642003345932,0.565020507928685,0.750351209463727,0.970326442074394
"COX4I1","Aging",0.0484565165925197,0.723741319007343,0.852615444856205,0.984455068098652
"IFITM1","Aging",0.234986900996821,0.176132316289297,0.395526227151008,0.664939380843002
"LAMP2","Aging",0.447749986298746,0.0173158249169304,0.0938535561863519,0.162653330608903
"RNH1","Aging",0.00980492150932122,0.914915981171689,0.960095620537797,0.999128496534919
"MYH8","Aging",-0.564587800330262,0.148928495098177,0.358348541409001,0.341250546743974
"VCAN","Aging",-0.0916752757029258,0.441951374287683,0.655091889226179,0.927875288260095
"EEF2","Aging",-0.173800449522734,0.00911676763001707,0.0619804884108087,0.44199710907367
"KRT10","Aging",-0.209809957873272,0.523225826831336,0.717771633285257,0.872927523837074
"KRT5","Aging",-0.124719400895007,0.735212192382196,0.85871913644288,0.962363342862308
"PDIA4","Aging",0.413579146881879,0.0461909266515324,0.175538206110744,0.280342207560611
"TPT1","Aging",0.0118840310551391,0.931106647462375,0.967893309648241,0.999152060255497
"ALAD","Aging",0.305098887482032,0.0574387602751541,0.202674014863505,0.418248934764436
"LCP1","Aging",-0.132506220244707,0.318911312371885,0.55192133388538,0.859474859644916
"PLS3","Aging",0.177741523733484,0.319874841429897,0.55215001252029,0.816609458284075
"APEH","Aging",0.0560662096510214,0.474494306950988,0.678817365658454,0.959063802018924
"ETFA","Aging",0.473531738544729,0.000277206435059685,0.00644269468846246,0.0206801872113926
"TNNT1","Aging",-0.603488575217924,0.111830540092536,0.301899391289607,0.266573567982721
"GYS1","Aging",-0.240230800973396,0.041874135614342,0.166766787290698,0.466604528085452
"PRKAR2A","Aging",0.0384233767709539,0.624556644153539,0.788796831419512,0.982076184609504
"ENO3","Aging",-0.245457412055249,0.0107549684173532,0.0685384805505874,0.328733431709745
"CD59","Aging",0.0200992582268995,0.836416203813136,0.916432552733092,0.996416128295116
"MIF","Aging",0.00779830852608754,0.954419245645107,0.979572315076456,0.99963625758422
"CD99","Aging",-0.192631316072312,0.305067421723164,0.54185539517214,0.795570169342656
"PRKCSH","Aging",0.00758733935044376,0.937194055216904,0.968986773904203,0.999507968961153
"FDPS","Aging",0.0367741960346244,0.592268469288819,0.767904186753629,0.980922180510759
"COX7A2","Aging",-0.148562714214179,0.351773593497126,0.580674934948553,0.856232354843354
"NID1","Aging",-0.417103645240946,0.171103065739608,0.38858504022721,0.478838464751367
"AKR1A1","Aging",0.153057919175403,0.174461825694197,0.394567945562777,0.765484221210702
"PKM","Aging",-0.0309116430795555,0.740910733932316,0.860568776543297,0.990773197679518
"ACYP2","Aging",-0.085757124854478,0.394783149764506,0.620964071768704,0.923389378617257
"HSP90B1","Aging",-0.0673040686607749,0.469927294641185,0.67503900316285,0.950443554311296
"MYL6B","Aging",0.322363238982529,0.482315294032482,0.685129897376448,0.790528562974213
"SLC2A4","Aging",0.144679164995221,0.578314489622317,0.759647327717509,0.923825821270494
"IDE","Aging",-0.141578845873518,0.229868748059543,0.463795993927937,0.812080468834
"COX6B1","Aging",0.153067510954756,0.299922540252362,0.538171588865799,0.831662435193636
"HNRNPL","Aging",-0.000884380611065438,0.994253166503676,0.997948272794138,0.999994902964859
"DARS1","Aging",0.0439112506758725,0.70434168212217,0.839224111899673,0.98472730017891
"JUP","Aging",-0.378304766321509,0.208584819485457,0.437778318740436,0.552689736915339
"UQCRB","Aging",-0.059460989291626,0.542940395424898,0.733335678598947,0.964335380142355
"CPA3","Aging",0.258298490210553,0.326891644133848,0.561138903997048,0.749154236330046
"FABP4","Aging",0.338137639543699,0.00570128551164404,0.0450744489886745,0.174264905957415
"GLUL","Aging",0.564814483192087,0.066160146590827,0.219424647199622,0.21570280783201
"AKR1B1","Aging",0.118608748888381,0.214690680045741,0.446140810411259,0.833196042810752
"GSPT1","Aging",-0.102859956439939,0.288294721819186,0.527125281570458,0.879911159309651
"PGAM2","Aging",0.0770554768782645,0.485551944521158,0.686233695784944,0.94585103206231
"EZR","Aging",-0.549387352579224,0.0159377160002219,0.0891410019906028,0.10290479813766
"UCHL3","Aging",-0.377829975487352,0.000509719954276584,0.00916188943456116,0.0570073945447618
"NME1","Aging",0.146611887212476,0.130388559536083,0.328785540412929,0.741794470249615
"RPS2","Aging",-0.300560675794152,0.0285149098446263,0.131263949995894,0.343285450533393
"RPA2","Aging",0.503304780689518,0.0615871957690778,0.210598166995725,0.245892196440027
"COX7C","Aging",-0.126728997660919,0.481202488442685,0.684225039347509,0.911468635343157
"NQO2","Aging",-0.160687488876729,0.68795674825809,0.828147133134953,0.941668638190678
"PFKFB1","Aging",-0.101228989591796,0.668030371667995,0.81645986198538,0.959984668473798
"CBR1","Aging",-0.277489033257755,0.0226265026444075,0.111979186060515,0.349481653244472
"ANK1","Aging",0.238825549775264,0.415746586998842,0.636733891604332,0.810898604374008
"ACADS","Aging",0.493401711225019,0.0110117066368331,0.069751864630301,0.108105483876853
"PPP3CB","Aging",0.0313805071497129,0.787584170928158,0.888285701572049,0.992534808648333
"ATP2A2","Aging",0.234949314124865,0.0361858059822706,0.152808734901034,0.458489665064574
"CD36","Aging",0.220172975830412,0.258251271305648,0.49283341520488,0.742245614949525
"FAH","Aging",0.367160449605986,0.00174501627760642,0.0206166810775635,0.0971175813103748
"YBX3","Aging",-0.409455657033362,0.0010110264815083,0.0142811401057755,0.0593721907662367
"TMEM11","Aging",0.224577141887671,0.0345241391981557,0.148171968844329,0.469565098899748
"GOT1","Aging",0.122665036627602,0.176228280951258,0.395526227151008,0.808201842988085
"CKMT2","Aging",0.333886984651485,0.0288894393822581,0.131263949995894,0.306239230083489
"NDUFB7","Aging",0.12519380562826,0.468678854921505,0.674211857884189,0.909485194988636
"PRKACA","Aging",0.0816174925507482,0.272673510654495,0.512909117089805,0.899370405478544
"CAPN2","Aging",0.041474130974045,0.691061956904108,0.82998474892595,0.984791080536285
"DES","Aging",-1.53233978124031,1.25417544368013e-05,0.000946113275697049,3.0833258165656e-08
"PFKL","Aging",-0.267846607271803,0.115519456043731,0.306075693345298,0.560964473952587
"LGALS3","Aging",0.153769822050162,0.350605601569895,0.580674934948553,0.851151513302042
"FLT1","Aging",-1.0202323788536,0.0480685871020389,0.179872310810654,0.0452056040234382
"PSMC3","Aging",-0.155987747733931,0.0192676567989243,0.100049091970711,0.540075309799769
"TCP1","Aging",-0.0421294456806081,0.621984284516899,0.786550180600744,0.980194002617021
"RPL35A","Aging",-0.694464213007056,0.0112017137588875,0.0702490591430377,0.044187341691933
"ARF4","Aging",-0.0273325283391728,0.894657518341977,0.950714886848499,0.996962122593186
"RPL7","Aging",-0.163653717484678,0.429795050875064,0.647463461311074,0.87092722444899
"VCL","Aging",0.0237716520585494,0.715226120058004,0.846380105884767,0.992064429689872
"RPL17","Aging",-0.476691555720798,0.00183356966765542,0.0209565054949964,0.0495948964289555
"PGAM1","Aging",0.0932746994145326,0.327853446603828,0.561138903997048,0.901208282852859
"ATP5PF","Aging",-0.0338765090009758,0.77708333850593,0.880973725540685,0.99149247985984
"TSPAN8","Aging",0.0143562098480636,0.938813301502144,0.969231405527251,0.999093979026636
"TNNI1","Aging",-0.370507845871302,0.296989306648406,0.535191526890829,0.637743930718824
"NCL","Aging",0.478285774988631,0.000592214554171966,0.0100437678018036,0.0285971434388657
"HK1","Aging",0.0465671607725113,0.595761063323599,0.77076763142247,0.976170652798326
"NDUFV2","Aging",-0.0965367261609558,0.502904726344556,0.698488105276133,0.935798637262462
"SRM","Aging",0.771584527687629,0.0936126498467639,0.271916301972023,0.160804295593353
"TYMP","Aging",-0.496830048371711,0.00138797939734651,0.0176051473565182,0.0380408329200309
"ATP2B1","Aging",0.252064779234292,0.526186893345434,0.720005268471628,0.850568357547902
"EIF2S2","Aging",-0.0965268362041805,0.367446565586541,0.59444519376265,0.907882345633868
"ANXA7","Aging",0.146435831149304,0.0518737594491561,0.188087096761337,0.648369089272872
"TPSB2","Aging",0.819650714426977,0.000591671797642884,0.0100437678018036,0.00226065233812704
"BTF3","Aging",-0.271878394563647,0.0783393398556078,0.243792924545607,0.500376647349769
"RAB6A","Aging",0.425071504398346,0.00492285749657556,0.0408538689428772,0.104478594282518
"PVALB","Aging",-1.33081143010526,0.0502775630854249,0.184849152392742,0.01869708782459
"PSMB1","Aging",-0.116695411822587,0.0837373699527927,0.254152179798495,0.748703090910061
"COX5A","Aging",-0.00131808066448968,0.992976261655993,0.997244067938182,0.999990709524037
"CAPN3","Aging",-0.517841082891412,0.000998123411693565,0.0142792757468814,0.0279289313497873
"CAST","Aging",-0.456539252700267,0.000434333819703837,0.00830367293488336,0.0291765891896072
"NEB","Aging",-1.50744565897373,9.20675226939308e-06,0.000774472000901346,2.56250157122009e-08
"PTMS","Aging",0.172664005533314,0.364120495082011,0.59268219903829,0.839929482480934
"GSTM3","Aging",-0.26827157298569,0.120500439193815,0.314017873140759,0.566833323645987
"ATP6V1B2","Aging",0.0736376479834533,0.464647626144698,0.672045362986451,0.945121785278515
"CSRP1","Aging",-0.578482871040414,0.014120302899167,0.081579662079528,0.0850582518675106
"FLNA","Aging",-0.597154902734719,0.0018248171970525,0.0209565054949964,0.0231485459419803
"MAOA","Aging",0.781344556469861,5.77199362410259e-06,0.000578023932927988,8.06845654016411e-05
"ACO1","Aging",0.114061630826896,0.257931132811843,0.492669547959405,0.856791520587011
"GPD1","Aging",-0.143094828371993,0.215801775072877,0.447124268944099,0.802983675650913
"VDAC1","Aging",0.279345942601914,0.00733382958434628,0.0539267259296511,0.253331283872183
"BGN","Aging",0.26271914324936,0.153350667798495,0.363581121060017,0.611032115754996
"RYR1","Aging",-0.134616314104054,0.162327153175622,0.375548958337001,0.782899057118198
"SDHB","Aging",0.204183681707633,0.0515870796610113,0.187529571910177,0.545911030661901
"COMT","Aging",-0.116159295124053,0.295638309484843,0.534130038528028,0.868008418274054
"TGM2","Aging",0.630465265072299,0.00689384267640307,0.0516025477374586,0.0433735504178389
"MMUT","Aging",0.286035123349652,0.122820017947163,0.317310193787326,0.548907280126712
"OSBP","Aging",0.0444646987458803,0.576918780865465,0.758761848755518,0.975838696921703
"PCMT1","Aging",0.0992244722083839,0.306475116480362,0.542979924143388,0.889278590326139
"GART","Aging",0.0165116922364028,0.850714628730393,0.926010799285722,0.997333973832969
"PAICS","Aging",-0.110119638966022,0.18154711321908,0.402311463751027,0.828705410855443
"SCP2","Aging",-0.0735723078450299,0.626884929752548,0.790371107475784,0.96622582402447
"UBA1","Aging",0.111174001702857,0.131996361394911,0.330462319063687,0.798416224864835
"GPX3","Aging",0.366006995600024,0.0303362666865297,0.135450464632212,0.278219471496878
"NME2","Aging",0.0177867804612113,0.854036491269227,0.928185395937563,0.997197511976795
"FDXR","Aging",0.31861509472564,0.419057699602252,0.639478196769318,0.757967769514379
"HNRNPA2B1","Aging",0.0404819115240151,0.770143517850072,0.874992878464993,0.989482697035845
"UQCRC2","Aging",0.0522449270382204,0.583765647599029,0.763993050124716,0.972270590526454
"FECH","Aging",0.262975147861567,0.0175336590446443,0.0945468845407359,0.345288509413444
"AMPD1","Aging",0.00127466508118701,0.995675233950139,0.997948272794138,0.999994475432098
"FBLN1","Aging",0.0255249288276929,0.901902375495118,0.953115927470469,0.99736804640644
"SFPQ","Aging",-0.0547473546425792,0.762908073174747,0.872584841598911,0.985293605919849
"PPIB","Aging",0.228128111617341,0.139562530743412,0.345294120180465,0.638113201550243
"S100A1","Aging",-0.0993745750547212,0.639126237355537,0.798901734197446,0.95648960737699
"HRC","Aging",-0.30216844622214,0.00226678281659631,0.0244463808374464,0.158813830990532
"ME2","Aging",-0.147064416717804,0.333708214126541,0.566415152791054,0.850950368503696
"WARS1","Aging",0.0841481728770397,0.393583866899045,0.620005147631979,0.924534512266726
"RPS3","Aging",-0.2876285625678,0.0260992215726732,0.124459553213904,0.350410296834985
"GCSH","Aging",0.147604613780487,0.433067242389424,0.64993590022328,0.883799782856286
"AHCY","Aging",0.0373619103438401,0.657244345728232,0.811617650655592,0.984441531162727
"CFL1","Aging",0.214380054832922,0.0916369655088507,0.268776204274914,0.599085294987819
"EIF4B","Aging",0.0891148170917972,0.38554733475231,0.612854153427141,0.918572396229876
"ATP2B4","Aging",-0.105999709083541,0.342245859779739,0.573928446542775,0.892565271437944
"CPT2","Aging",0.427130194491411,0.00101183541405637,0.0142811401057755,0.0525765395601386
"LAMA2","Aging",-0.411400965231397,0.0819068018499221,0.252196199546685,0.357222484124713
"GPT","Aging",0.311338921045806,0.0499289776738822,0.183889036861951,0.393320448623023
"COX7A1","Aging",0.0661957127360573,0.693783970741396,0.832303303176928,0.976089692912262
"COX7B","Aging",0.059380516022987,0.784583801968743,0.886609207705678,0.985697441985816
"EEF1B2","Aging",-0.0793493954146776,0.468710288267563,0.674211857884189,0.941643406930395
"ATP5PB","Aging",0.0562311784765015,0.556381394079212,0.744001201660215,0.967569123885482
"ACP1","Aging",-0.189893853519909,0.0766149831431836,0.24032044787453,0.613957107194154
"ACAT1","Aging",0.439912821636813,3.2493690974242e-05,0.00170835580297078,0.0106067627365515
"MYL9","Aging",-0.441023832493197,0.457676679365227,0.66747160659159,0.708432267189605
"AZGP1","Aging",0.302744886955789,0.0396785590178328,0.161088821649618,0.376460974297178
"MPST","Aging",0.433731740226015,0.000235503939285311,0.00575889284089545,0.0266944179173266
"RPS12","Aging",-0.230834789652093,0.0752000771281689,0.237559131720433,0.550290587496577
"DNAJB2","Aging",0.0779091809817807,0.600321611385027,0.773309556822455,0.961023654009497
"ATP5F1A","Aging",0.129130034478298,0.183577105764218,0.404352467135728,0.803409309709766
"PSMA1","Aging",-0.145018880984711,0.0300932728154794,0.134938491963653,0.60165750477074
"PSMA2","Aging",-0.185715292528741,0.0858847673487141,0.257138083911735,0.633887116114471
"PSMA3","Aging",-0.156194956057373,0.0419494201030809,0.166766787290698,0.609363928020424
"PSMA4","Aging",-0.0693836901729341,0.437532422403704,0.653407345444538,0.944260810889202
"MSN","Aging",-0.279910671679112,0.00913644860073737,0.0619804884108087,0.268658036661036
"DDX6","Aging",-0.0446650815335516,0.714423602880182,0.845964435167242,0.985092298255624
"U2AF2","Aging",-0.118361759155771,0.41503733684991,0.636168745914986,0.901148004468333
"RPL13","Aging",-0.272810688621504,0.188586890501671,0.409708916038237,0.634383375363097
"IVD","Aging",0.404145358154459,0.00383244701877881,0.0355050047598759,0.105529312077685
"S100A4","Aging",0.0942914347223613,0.717861162491584,0.8476485259516,0.969227768493271
"HMGB2","Aging",0.75254756185678,1.09630459645743e-06,0.00023955331738859,3.27163452349727e-05
"TARS1","Aging",-0.0662216925547519,0.653549413284127,0.807529034157767,0.972226433847754
"VARS1","Aging",0.189599271195238,0.106260775713556,0.294099817324766,0.653733931097128
"EEF1G","Aging",-0.318965508207267,5.92295318883407e-05,0.00239537895309962,0.0448317333501664
"PLN","Aging",0.520963602171889,0.0177906177626336,0.0952001759664593,0.122578193111999
"FKBP2","Aging",-0.0928321609639546,0.66651347141196,0.81645986198538,0.963038838940733
"STOM","Aging",0.245617793407892,0.174863207448649,0.394567945562777,0.651618284157647
"MAOB","Aging",0.554259635939658,3.01822425992335e-05,0.001671966244619,0.00312326414198611
"YWHAQ","Aging",0.257465084876909,0.00162744613972451,0.0196696507577049,0.191452180233215
"MAPK3","Aging",-0.137344830480092,0.361847587286875,0.590811705018865,0.869692619499626
"RPL10","Aging",-0.521238461803282,0.00431485888186873,0.0384048897095493,0.0585131699583306
"RPA1","Aging",0.230639677225021,0.096203136419154,0.275258769917661,0.582751087263778
"APEX1","Aging",0.21905251705865,0.0442328770807583,0.171176927487443,0.505064768564981
"CALR","Aging",0.145792252954298,0.0222629226691057,0.110945323159074,0.57423582424316
"MAP4","Aging",-0.227066613377154,0.0951541561209473,0.273373210822885,0.586185473230762
"CANX","Aging",0.08671973083786,0.307166466284939,0.543483216134188,0.902703640758754
"PSMA5","Aging",-0.00647869527439227,0.928262466064135,0.967076459323748,0.999517837301268
"PSMB4","Aging",-0.0351266060822546,0.703958159510522,0.839224111899673,0.987744995927067
"PSMB6","Aging",0.0120785314721985,0.903016091782382,0.953334759547364,0.998768568589584
"PSMB5","Aging",0.0892674694061668,0.443592535573679,0.655364787671317,0.930009051672703
"GSTM2","Aging",-0.0986547179388992,0.482816218693246,0.685129897376448,0.930686871406852
"TMOD1","Aging",-0.54475407574132,0.0752197067292249,0.237559131720433,0.244273907070097
"NDUFS1","Aging",0.00246673907279416,0.985256807980772,0.994266494159888,0.999963362311593
"MAPK1","Aging",-0.146379012271534,0.0949913139102596,0.273278704724044,0.708523694113258
"RBL1","Aging",-0.466189178174723,0.0140744097280485,0.081538522474066,0.1370307995867
"LAP3","Aging",0.102661569475771,0.211480522889322,0.441213829004211,0.852572259619251
"CD38","Aging",-0.160587897432173,0.399312661324321,0.622873020054567,0.862930274825861
"TPP2","Aging",0.16318782779091,0.097509454243504,0.278617367220229,0.683950594167841
"IMPA1","Aging",-0.0790974705035659,0.295291505823191,0.534130038528028,0.908025804322537
"EPHA2","Aging",0.155423280102575,0.585360463629904,0.763993050124716,0.920136332895364
"COL4A5","Aging",-0.254340810001313,0.616011526158392,0.78308156593419,0.884064302679853
"TKT","Aging",0.20789736977817,0.287538897586133,0.526737196536269,0.771728337412364
"EEF1D","Aging",-0.10202422086709,0.198839976220105,0.423239342096033,0.848067434577719
"MARCKS","Aging",0.325136785517657,0.0421479141449493,0.167239742352507,0.357161071723853
"GNA11","Aging",-0.26745745396676,0.226515540534522,0.460253315694783,0.672227312506105
"ALDH4A1","Aging",0.420769883257549,0.000273323281633277,0.00644269468846246,0.0316709317281105
"ERP29","Aging",0.083001865830358,0.465455295754063,0.672750850151749,0.93849778577559
"PRDX6","Aging",0.381959840727813,0.000522177808313242,0.00930627060070126,0.0557620129644233
"BLVRB","Aging",0.181664576661696,0.127223659799682,0.324241497578693,0.687593407055204
"PRDX5","Aging",0.0502103343587628,0.598191041922974,0.772250313790064,0.974529649960124
"DDT","Aging",-0.400293834165062,0.0507222327639539,0.18583424303588,0.303178840808616
"PRDX3","Aging",0.064593456618816,0.397955420124236,0.622873020054567,0.942219140207682
"ATP5F1D","Aging",0.204408807803045,0.123682512625557,0.318794242488391,0.652318689519305
"RPL12","Aging",-0.302400706693668,0.224577849642486,0.457908736200085,0.636579865247704
"ECHS1","Aging",0.469680124545636,1.81126257643255e-05,0.00119033912444927,0.00592608832257175
"CMPK1","Aging",-0.279670652181188,0.146015038993875,0.355404660884398,0.583857050080638
"PEBP1","Aging",0.198431965694517,0.033995533627648,0.147104130080131,0.511195654569577
"PDIA3","Aging",-0.117099710720936,0.175182600778915,0.394864961884306,0.8154794313158
"PPP2R1A","Aging",0.136883783053538,0.0285729649501379,0.131263949995894,0.614674676620672
"PPIF","Aging",0.384487264388252,0.0137361969981251,0.080242284130714,0.192323958273973
"NMT1","Aging",-0.0580013093865119,0.731650799612898,0.855762865175709,0.982040606196974
"ADSS2","Aging",-0.201653913768986,0.224438768442866,0.457908736200085,0.739854546990271
"LRPAP1","Aging",0.627555763006903,0.000430262220361104,0.00830367293488336,0.00771755758474336
"TSPO","Aging",0.102460893430123,0.454276350554605,0.665280755721682,0.922335053051129
"ADSL","Aging",-0.282753895764568,0.0088347241264717,0.0607170746338889,0.262589930083189
"CLIP1","Aging",-0.134620703220886,0.233588746224228,0.466955449914022,0.822205831635556
"SRI","Aging",0.208616058099921,0.145493483183711,0.354956838904111,0.668891565312502
"SERPINB1","Aging",0.186707299311752,0.220537656088057,0.453363334069583,0.754090445379525
"ALDH1B1","Aging",-0.471942056676848,0.114560042751581,0.30534825083216,0.359681563660146
"SDHA","Aging",0.261149762570195,0.00761300161139521,0.055017671439052,0.279749186273227
"GDI1","Aging",0.177455682928876,0.018544343220145,0.0970118253531468,0.492815412146961
"MAT2A","Aging",-0.0259076072121367,0.727602283741077,0.853467446690108,0.991795207498924
"CASQ1","Aging",-0.220929642441885,0.215404288670408,0.447124268944099,0.71235441617826
"DNAJA1","Aging",0.290964246309318,0.187595004010412,0.408821029465177,0.614516253379281
"AKT2","Aging",-0.271486549739883,0.191479075791485,0.411018066497493,0.638418693007117
"UQCRC1","Aging",0.118545384203177,0.217129861482766,0.449433168010096,0.83439398533152
"HIBADH","Aging",0.200358828887513,0.0111814324770052,0.0702490591430377,0.406442611923769
"ATIC","Aging",-0.261173772044454,0.00380926079399938,0.0354463515477022,0.233442025195942
"HNRNPH3","Aging",0.0228860253646808,0.899546064248945,0.952079900605772,0.997580103241965
"HNRNPH1","Aging",0.0211296939349417,0.845711381037129,0.921518670632685,0.996465407861788
"YWHAB","Aging",0.083803134469278,0.268842237846503,0.507518156365525,0.895756776691627
"STIP1","Aging",0.0658209150522957,0.351294132979007,0.580674934948553,0.93345984974268
"S100A11","Aging",0.243056144088374,0.183815116402718,0.404354801040707,0.662526626079175
"PRDX2","Aging",0.11438796276682,0.165059574161157,0.380197463812611,0.813780943850625
"GBP2","Aging",-0.0189532550508886,0.927593190222328,0.967076459323748,0.998576449372016
"ACSL1","Aging",0.209549424980192,0.0389970396123209,0.159337587565756,0.50670068367092
"KIF5B","Aging",0.142139165945206,0.184577142341816,0.405305020823654,0.786493506447989
"MCM5","Aging",0.374536569179149,0.281032146598068,0.519313746616426,0.621640017082617
"SHMT1","Aging",0.247762024107907,0.279100681734844,0.518762201034654,0.728921227877983
"SHMT2","Aging",0.0167866639400103,0.932585107200919,0.967893309648241,0.998829063157929
"HSPA4","Aging",0.0304001134624059,0.706279436644121,0.841056429933515,0.989484214871031
"MPI","Aging",-0.0991094508690651,0.283459383515679,0.52105728813094,0.882544611478636
"GPC1","Aging",0.0122215428933607,0.936315828398447,0.968554937098836,0.999196115994975
"PFN2","Aging",-0.0643166329935845,0.55649733248289,0.744001201660215,0.963006110377452
"CTNNA1","Aging",-0.18901371374683,0.492135859131145,0.691183826792142,0.874580609653937
"SERPINB6","Aging",-0.20790693023061,0.0591291370602108,0.206516602999268,0.555455189507695
"RDX","Aging",0.276852110628084,0.00107447987702225,0.0148659946143276,0.150688801780661
"RPA3","Aging",-0.364909837879463,0.0288018734801788,0.131263949995894,0.274048526542266
"RPL22","Aging",-0.565429589561276,0.000470202419967871,0.00859857121036899,0.0131344349570088
"SPR","Aging",0.242916172379264,0.120014696447045,0.313529076556691,0.597490703417274
"THBS4","Aging",-0.21569755688596,0.433599651932127,0.64993590022328,0.835066319455926
"FBN1","Aging",0.585946050772041,0.0415045828666643,0.166532226587006,0.154981136016778
"AGL","Aging",-0.194366253650873,0.0317500142358631,0.139395156446806,0.511433980136146
"MYH9","Aging",-0.100125567884565,0.564444260868089,0.750351209463727,0.944345505618881
"COPB2","Aging",-0.182937902639415,0.2628046774483,0.498807072810267,0.783121044659661
"ACTN2","Aging",-1.98720959449779,0.000878980564312705,0.0131099016081533,8.45368943037762e-07
"ADD1","Aging",0.511700696971275,0.118345679938291,0.310325392656141,0.335530065621972
"BSG","Aging",0.0365548429468596,0.70964221991171,0.843763899776244,0.98754016990106
"FUS","Aging",-0.0667556842864911,0.440733799610271,0.654887383137807,0.946774929340675
"DEK","Aging",-0.203070737664717,0.187216937347645,0.408821029465177,0.711597789105687
"MYH11","Aging",0.0311368986581186,0.932914759228238,0.967893309648241,0.997840144636634
"GLRX","Aging",-0.241765010911642,0.228343042090574,0.462625643079458,0.69972754157989
"PPM1A","Aging",0.212973200761319,0.0101196800749715,0.065673788210788,0.375970685960724
"KRT2","Aging",-0.50924315346969,0.130988382172214,0.329902476297206,0.355186815312986
"HMGCL","Aging",0.664148599438068,3.62823346484406e-06,0.00045242964691501,0.000243685227756164
"PSMC2","Aging",-0.214946181008148,0.00096982347528972,0.0140824815856543,0.225061444530244
"ARL3","Aging",0.263234192373989,0.112053920088538,0.302114607623327,0.562052259935012
"MAP2K2","Aging",0.136344681589861,0.195097261094372,0.416960914716936,0.80025707447945
"ATP5F1C","Aging",0.220074815850648,0.0371187177191299,0.154575571016495,0.484399220014759
"ATP6V1E1","Aging",-0.375106904319946,0.0511585215371407,0.18710673181323,0.327873428587898
"RPL4","Aging",-0.247652530863558,0.259719033454058,0.494736528400256,0.716144034854255
"LONP1","Aging",0.471346095631315,0.00010684976385883,0.00340050201973803,0.0134331519025591
"PGM1","Aging",0.0702576963008887,0.467268393281585,0.674047024702618,0.947947961277845
"PPP1CC","Aging",-0.113958015084181,0.745862075550537,0.861516402110265,0.967137934847635
"SERPINF1","Aging",-0.071899728945656,0.680911296224053,0.822963480436313,0.972745555112712
"DLST","Aging",0.0880739813096376,0.351084500691061,0.580674934948553,0.911932292439225
"GMPR","Aging",0.0826717336900415,0.58822663748418,0.765022027600019,0.957079160035722
"GPX4","Aging",-0.014573768936696,0.883902804678688,0.945016572566996,0.998203094190435
"SRP14","Aging",0.0454176287939738,0.735403311808667,0.85871913644288,0.986138486155686
"TAGLN2","Aging",0.235876520579836,0.0174534365101445,0.0943562390252798,0.384858422900433
"TALDO1","Aging",0.227105675632572,0.00826914291576217,0.0583557300397579,0.336545245384662
"SNCA","Aging",0.0699486365987454,0.90454525854249,0.953623710464871,0.993007112072472
"ETFB","Aging",0.546630084819977,0.000186415961629716,0.00496500933010129,0.00914816224165706
"ATP6V1A","Aging",0.0966335330643773,0.341427650363609,0.573350750757359,0.901365649739632
"HSPA9","Aging",0.0435437590021941,0.586345593391009,0.763993050124716,0.977022441108347
"RPS19","Aging",-0.358993378563717,0.00215365095412875,0.0235892081069414,0.110313229054427
"RPL3","Aging",-0.361019267412942,0.206889248230267,0.435523612640892,0.56619783671034
"COL15A1","Aging",-0.625892495008625,0.0126513189012693,0.0763213643870409,0.0648845119991808
"COL18A1","Aging",0.182257762965175,0.546502965881699,0.736689266521119,0.895723978247738
"DDOST","Aging",-0.327222496232636,0.00145044061919884,0.0181116854775109,0.117809124692483
"ANP32A","Aging",-0.130975418532913,0.18519242114164,0.405687147563406,0.801819554273463
"CAPG","Aging",-0.254335462523281,0.49490699811932,0.692014240056469,0.836192979949134
"CAP2","Aging",0.106199684314792,0.404039575848142,0.627544481542572,0.908243593430861
"CCT6A","Aging",0.101205536834019,0.312022554577362,0.547038895480138,0.888809773215385
"RPL13A","Aging",-0.313383400221198,0.178449204246505,0.398385006932484,0.582689383295501
"ARL1","Aging",-0.469965707268464,0.256719997961638,0.492144171115155,0.527796262534481
"STAT3","Aging",0.0963517302521346,0.445987189240862,0.656280613432573,0.92514883215395
"MDH1","Aging",0.228999988581638,0.00965608051840592,0.064261826994328,0.345556784554686
"MDH2","Aging",0.17722534274208,0.082903255036958,0.253887958155465,0.64319621205701
"HADHA","Aging",0.487546665132076,3.37730797343336e-06,0.00045242964691501,0.00214992284427416
"EIF2S3","Aging",-0.362383934417998,0.00865318272760078,0.0601235334663046,0.178840418496575
"NAA10","Aging",-0.17768884476931,0.312450263171722,0.547038895480138,0.813257731699207
"PPP1R2","Aging",0.1799600953591,0.129027777194134,0.32613631663373,0.691764811508356
"GARS1","Aging",0.379058416276646,0.00726359694945564,0.0535976995954569,0.154614978713243
"IARS1","Aging",-0.44678997204165,0.00691580814249444,0.0516025477374586,0.108358625141068
"EIF1","Aging",0.0778220833561925,0.584260964292926,0.763993050124716,0.959040307405258
"ECI1","Aging",0.354520950828064,0.00024390290610282,0.00589572197165782,0.0523832846274994
"TMPO","Aging",0.571841995163386,0.0197163349630523,0.102117348204752,0.105903424850081
"AKR1C3","Aging",0.196739732485689,0.367797587336077,0.59444519376265,0.821368430229102
"RPS27","Aging",-0.333591606559857,0.00260601816792999,0.0275399809404863,0.137401591311071
"LRPPRC","Aging",-0.00703906653005149,0.944843404899388,0.97450008852546,0.999600710735386
"ACAA2","Aging",0.379844785916191,0.0014179412055462,0.0178558703908004,0.0828079870444481
"RPL35","Aging",-0.576739865500585,0.00448824505240769,0.0390899705966416,0.0442444653522851
"SLC1A4","Aging",-0.170380877665821,0.426750499679279,0.646205217670316,0.864945469173534
"PAFAH1B1","Aging",-0.0636137586230419,0.652021124841712,0.807386479315601,0.97316053054695
"CRAT","Aging",0.45227421185934,5.37412574716278e-05,0.00221603655809477,0.011720019553897
"GPD2","Aging",0.115263964251831,0.398797154257942,0.622873020054567,0.89945843444385
"NAMPT","Aging",-0.360695771146826,0.084207686761554,0.254152179798495,0.409617889999834
"PSMC4","Aging",-0.24270430466752,0.00450982145785608,0.0390899705966416,0.269559334723881
"TSFM","Aging",0.0783444670236335,0.637067927228047,0.798901734197446,0.965292732026104
"TNNT3","Aging",-1.11826380632477,0.00188798064333287,0.021346361789941,0.00089917999820506
"ASPA","Aging",0.0894810167345987,0.589477223959388,0.766174661301973,0.953808429817458
"PPIC","Aging",-0.0327724738287323,0.88335218968716,0.945016572566996,0.995943437567062
"VDAC2","Aging",0.105359072410497,0.312667975447992,0.547038895480138,0.884713095110109
"ACADSB","Aging",0.431289124912205,0.0149359043743951,0.0844360400520237,0.163142048738205
"USP5","Aging",-0.0708670394790083,0.399504658291186,0.622873020054567,0.937046263071194
"MAP2K4","Aging",-0.327803696744052,0.0026790541059971,0.0279358303149844,0.143510217479977
"PHKA2","Aging",-0.436977082852763,0.00177840455306076,0.0206628993098717,0.0628530528659162
"PHKA1","Aging",-0.213654968684143,0.0610533869729767,0.210139562690949,0.550251021119671
"CRKL","Aging",-0.0424380880257686,0.650066522600259,0.806778834541769,0.981888755826653
"MTIF2","Aging",0.13570458359105,0.364099908613443,0.59268219903829,0.871877800961535
"BAG6","Aging",-0.0582955912676333,0.745848581564534,0.861516402110265,0.983051104327642
"NSF","Aging",-0.0346411421288622,0.821027094602361,0.906362194198826,0.99319207522674
"MAP2K3","Aging",0.011967840397439,0.896057578125304,0.951469390619711,0.998687384488983
"RPL27A","Aging",-0.698230176735176,0.00123832491412793,0.0163785993359185,0.00933532401848599
"RPL5","Aging",-0.418856895732134,0.04287694816476,0.168542471010262,0.267360678402715
"RPL28","Aging",-0.439222445710453,0.0154626965631934,0.0867148023263887,0.160211405997623
"RPS9","Aging",-0.113420850269563,0.4440774238857,0.655364787671317,0.912041217008687
"RPS5","Aging",-0.338698797445602,0.00737097588109867,0.0540110183900714,0.189554141920737
"RPS10","Aging",-0.764488072971979,5.31808550333045e-05,0.00221603655809477,0.000539996466237648
"GNPDA1","Aging",0.0655118831568373,0.551725650973875,0.740918929756104,0.961788984800654
"UTRN","Aging",-0.278146650663711,0.0559588129689239,0.19878612107035,0.448460106011145
"IQGAP1","Aging",0.124563710348436,0.462563066069902,0.6708759503069,0.90843205753512
"GYG1","Aging",-0.204751811551461,0.0415351438038602,0.166532226587006,0.521336480268496
"STT3A","Aging",-0.15357575867176,0.202169043755115,0.429022703347131,0.782302290290897
"CAPZA2","Aging",-0.491816213531653,0.00307146046294983,0.0306127078368886,0.0581079423796708
"CAPZB","Aging",-0.495863614371203,0.0144513839632174,0.082361139497686,0.122339314920404
"EIF1AX","Aging",0.0550926692463136,0.639190682745452,0.798901734197446,0.975644637582021
"QARS1","Aging",-0.0651068716535583,0.344401807622068,0.575279588108982,0.932953026439428
"RPL29","Aging",-0.449518173280346,0.0721739030935318,0.2317278140545,0.306775836783964
"UQCRFS1","Aging",-0.00783848934734266,0.933733641686058,0.968214313191883,0.999462705727574
"ATP5PO","Aging",0.150762959900057,0.139751937638477,0.345356433435626,0.743278581088303
"LIMS1","Aging",0.0500990950479014,0.622751327127676,0.787046899609076,0.976551948027896
"PREP","Aging",-0.152975481654533,0.135498366972582,0.336823954779361,0.736558413822939
"ME1","Aging",-0.157492162546887,0.135008584405201,0.336003613022647,0.729522571701698
"PIP4K2A","Aging",0.0757353054675924,0.628789639464615,0.791349259003044,0.965472133445888
"ARCN1","Aging",0.176201828101441,0.271462970318809,0.511089191209002,0.794728471191294
"LSS","Aging",0.348197965847927,0.0081120219535552,0.0576337235416438,0.18705228240026
"GCLM","Aging",-0.710513891569374,0.00125202431652258,0.0164562946102937,0.00866589754001446
"CD151","Aging",-0.64290310750194,0.00231653908416084,0.0247293487004581,0.0202230758427566
"PSMD8","Aging",-0.229066053067978,0.0443128454514553,0.171176927487443,0.489740348873441
"GSS","Aging",0.128042721541398,0.253068350822739,0.488259396128643,0.838665828986301
"CCT5","Aging",-0.0504406943392333,0.479331960719678,0.682950618830273,0.96358732273996
"NES","Aging",-0.424878103395208,0.496653155628089,0.692613784009199,0.742779073504775
"IDH2","Aging",0.411405578394923,3.22483193095016e-05,0.00170835580297078,0.0141962866370971
"TNNI2","Aging",-1.20308866270194,0.000657801658203485,0.010979022914301,0.000148554607187389
"PXN","Aging",0.35445524982622,0.0766785642053303,0.24032044787453,0.402408211375997
"ALDH9A1","Aging",0.219704000481237,0.0601008863692661,0.207540499235742,0.539156994404351
"RPL34","Aging",-1.02175711650586,0.00197687235261855,0.0221136306253022,0.00172642183300344
"LMAN1","Aging",-0.133836958112163,0.277594766350583,0.517996267644433,0.842379633026588
"FNTA","Aging",-0.149307685002622,0.194454295683806,0.416009546106862,0.783095978165854
"CCT3","Aging",-0.0143919000165305,0.849940347268136,0.925647100106106,0.997662769348284
"MRPL19","Aging",0.181091793822777,0.444945308478429,0.655725286426165,0.863597183147697
"TUFM","Aging",0.0294590271858475,0.764518650534157,0.872584841598911,0.992121192051248
"ALDH7A1","Aging",0.250733016300316,0.168131781666235,0.385349692676944,0.639506322467066
"CDC34","Aging",0.0295254300642789,0.917203907456553,0.96107614219289,0.997451503838775
"PCYT1A","Aging",0.0823623440853396,0.461543656705691,0.67078528683626,0.938304454261028
"AARS1","Aging",0.147673536323278,0.100243164546291,0.284495782781174,0.712003658268333
"CARS1","Aging",-0.0191303382735413,0.883863647347638,0.945016572566996,0.997641099014604
"SARS1","Aging",-0.101198668856338,0.455338247469312,0.665445680630969,0.923472291142122
"PSMB3","Aging",0.00589111696783462,0.953838053280974,0.979453821313422,0.999721616453482
"PSMB2","Aging",0.0190184751662876,0.806415373884078,0.899011360488097,0.995916415527712
"ACADVL","Aging",0.249616247087804,0.0116409524298182,0.0717976168187689,0.329032889348918
"ACOT2","Aging",0.185304080563693,0.114222911799132,0.30534825083216,0.668956423161263
"TMED10","Aging",-0.120183098958496,0.392647560996624,0.618993868647601,0.893729330411608
"HINT1","Aging",-0.0480318280631664,0.724876270275718,0.85299636596718,0.984664359914855
"NDUFV1","Aging",-0.0326244492542287,0.814274663108346,0.903615014171285,0.993319475307299
"GSK3A","Aging",0.342529760702288,0.0385987474477612,0.158851596639221,0.327988986216973
"GSK3B","Aging",-0.0126062985098869,0.89644298516081,0.951469390619711,0.99862282125313
"IDH3A","Aging",0.0915240114724796,0.387437449098218,0.614465275605998,0.916875901515504
"SULT1A1","Aging",0.352419050388828,0.14728302779826,0.356926412547776,0.509144627868217
"GDI2","Aging",0.0847505000707969,0.221520106979027,0.453680601745821,0.880082605341308
"EMD","Aging",0.40272664360133,0.00208026969015501,0.023140756382338,0.0831639913620252
"CPT1A","Aging",-0.326064425436392,0.132811891150264,0.33171426020072,0.517748397512253
"SERPINH1","Aging",0.102043727254834,0.862478961674713,0.932563124383106,0.985016575023458
"CSRP3","Aging",-0.370045630479549,0.0864556637307723,0.258261734127577,0.404170918777751
"ST13","Aging",0.0324281125632737,0.653050119503489,0.807386479315601,0.986277361578551
"DNM2","Aging",0.101416270281341,0.368141100777365,0.59444519376265,0.903621986901288
"METAP2","Aging",0.238929295125974,0.00176076286941448,0.0206628993098717,0.21974411379863
"NUDT2","Aging",-0.343694392059323,0.29118768309367,0.529133182224933,0.65439393454069
"LRBA","Aging",-1.72462152837207,0.005966726093211,0.0463026751808957,0.00014587692370871
"BCAM","Aging",-0.072664852099944,0.621413036140952,0.786300610712648,0.966019769720505
"RPL14","Aging",-0.328575023557065,0.1694364606132,0.387018464044891,0.558047175596963
"CCT8","Aging",0.023430276936331,0.735168884083216,0.85871913644288,0.992817475909312
"CCT4","Aging",-0.0391043367427883,0.638162049379167,0.798901734197446,0.982589129351929
"ATP1A2","Aging",0.0687267796083475,0.395836896245779,0.62169155549281,0.938293244631285
"ANXA11","Aging",-0.0399855112451668,0.58608683805962,0.763993050124716,0.97886283712902
"FXR1","Aging",-0.26670582773718,0.174495108646264,0.394567945562777,0.627739093782071
"RAB5C","Aging",0.264709388692921,0.0680463920396916,0.223946107135323,0.490944673278173
"RAB7A","Aging",0.0382787309996253,0.572152921506223,0.755372542792226,0.978853891352687
"DUSP3","Aging",-0.185337698940824,0.0541309207480312,0.193930709255723,0.582451391986555
"IDH3G","Aging",0.170205306552802,0.246239886259582,0.480819387933056,0.787781849085657
"GALK1","Aging",0.519395888323004,0.00296544986298603,0.0298389524490891,0.0486423159379697
"SSR4","Aging",-0.615516326638879,0.0689077526278655,0.225072954876854,0.192723662226625
"BCAP31","Aging",-0.0835241634184385,0.253066563304746,0.488259396128643,0.891570485494463
"MECP2","Aging",0.0821105658636156,0.660685243042948,0.813492482052485,0.966539606948623
"CAV2","Aging",-0.322957326644906,0.340924863929286,0.573350750757359,0.706429286159463
"ALDH3A2","Aging",0.0500077233002507,0.668930262577655,0.81645986198538,0.980093916615253
"ALDH5A1","Aging",0.539839715449197,3.83997347278249e-05,0.00183533277574127,0.00413280586386744
"HSD17B4","Aging",0.138619515084368,0.550007753686693,0.740029626361558,0.920470873406244
"PSMD7","Aging",-0.621798340911269,1.37688476160243e-07,7.2389716341248e-05,5.41723788257518e-05
"UBE2D1","Aging",0.0221951767795865,0.85181369073869,0.926727465920055,0.996446500893306
"SUOX","Aging",0.536850106551171,0.000102739790596253,0.00337596530662376,0.00722605866982524
"STAT5B","Aging",0.185272833050021,0.0569651929228378,0.201679799186411,0.58809604681669
"RPS6KA3","Aging",-0.0460805058125047,0.686530741279883,0.827377735765956,0.982818243986367
"HDGF","Aging",0.349921174962461,0.0011587037428042,0.0155665966183155,0.0938905268252929
"LUM","Aging",0.123602412918146,0.436732358112825,0.652770539524712,0.902671543556804
"PRELP","Aging",-0.164611439669827,0.439749924918144,0.654887383137807,0.873509411906256
"NDUFA8","Aging",-0.175229705769663,0.24993549109907,0.485331798505396,0.78429882701498
"HNRNPA3","Aging",0.0846200133156607,0.668606331522053,0.81645986198538,0.966509048141885
"MYOM1","Aging",-0.708856737861893,0.000428047252545975,0.00830367293488336,0.00409458795758395
"PGD","Aging",0.130675549866229,0.250323421006212,0.485636673778657,0.834447179139826
"HNRNPM","Aging",-0.0360391453263418,0.84549041677958,0.921518670632685,0.993969502770196
"KPNA1","Aging",0.0542128468221392,0.63771520811463,0.798901734197446,0.975906613730701
"MAP2K6","Aging",0.274799397175673,0.0246957229762713,0.119117214263987,0.361654126206912
"ARHGDIA","Aging",0.200018380972917,0.0197630816544623,0.102117348204752,0.456183538034327
"ARHGDIB","Aging",0.740452902417431,4.06725846109743e-05,0.00186473079438482,0.000560912027928151
"RIDA","Aging",0.197284748613207,0.0160229507926571,0.0891435595686714,0.442408105491813
"MRPL12","Aging",0.387193294920049,0.188163646394887,0.409212149295189,0.523727158460747
"THOP1","Aging",0.234376728503467,0.00859524398877979,0.0600524854099797,0.327973079122004
"AKR1C2","Aging",-0.108530095428399,0.659843533529769,0.813394461320695,0.955881179281699
"CAPZA1","Aging",-0.641922201097994,0.00164387795881863,0.0197547162708319,0.0163231836863791
"CRIP2","Aging",0.310820586730923,0.155005039690983,0.36601570492004,0.56019962310985
"BLVRA","Aging",-0.00660211347246431,0.953742561910436,0.979453821313422,0.999687362915644
"PPP5C","Aging",0.310712594834488,0.000761312389331924,0.0122216790440079,0.107414352793805
"NUBP1","Aging",-0.061357835499324,0.76003538930084,0.870563411601125,0.983304939536957
"SUCLG1","Aging",0.179817789255633,0.0959143314164643,0.275181226424044,0.656031272659974
"COPA","Aging",-0.205821781346359,0.0878266657425383,0.260874969006438,0.606143291480773
"HCCS","Aging",0.235784281302752,0.0307816653714449,0.136569287502423,0.440111829885006
"MAPK12","Aging",0.140871313119209,0.316141713388558,0.550485657213965,0.850252060024245
"TTC3","Aging",0.277292736980918,0.278132129963515,0.518079600808922,0.701285539022526
"SMTN","Aging",-0.453866567582182,0.00373875696749189,0.0351009192081939,0.0791301596124655
"SLC16A1","Aging",0.434719649518705,0.0289617084156419,0.131263949995894,0.214449355436107
"IST1","Aging",-0.0252383892268035,0.763733014347463,0.872584841598911,0.993220405916097
"SEC24C","Aging",0.359122266669157,0.00104714658054905,0.0146809950592977,0.0850782074835259
"SUB1","Aging",-0.0216076682880733,0.815127985376444,0.903615014171285,0.995592913316152
"RARS1","Aging",-0.205926748714045,0.0575648705883147,0.202778765238234,0.555498987612519
"CACNB3","Aging",-0.148663108117255,0.142461947598724,0.349618112498305,0.748490417513052
"CACNA2D1","Aging",0.0117664930516383,0.897168685472664,0.951469390619711,0.998724016367946
"MYOM2","Aging",-0.69419755477232,6.1307188299598e-05,0.00240144082574339,0.0011904213671127
"YARS1","Aging",-0.266051971332303,0.0752327064792241,0.237559131720433,0.50241868648383
"USP14","Aging",-0.0497551307970134,0.428262152559787,0.646731054719874,0.958684416052538
"PRKAG1","Aging",0.0594155478915894,0.54193730933318,0.733335678598947,0.964256193559737
"PRKAA2","Aging",0.0939928929424703,0.301539707242594,0.538317490943273,0.893433194509374
"HSPA2","Aging",0.273475127846073,0.255107675663392,0.489499490803023,0.688261759472852
"RAD23A","Aging",0.224110608443372,0.00696662031003186,0.0516078177094117,0.328547661032001
"RAD23B","Aging",0.269318708922988,0.00146409250174839,0.0181116854775109,0.172438633384974
"AK2","Aging",0.150684333413825,0.177367800056264,0.396813280338642,0.77057904875377
"NAPA","Aging",0.119453507176789,0.0622209160635002,0.212200720442477,0.717681040317029
"EIF5","Aging",-0.281999926829759,0.0182360854997872,0.0956899713817667,0.323282982426939
"PSMD4","Aging",-0.132547767451218,0.0842566129346673,0.254152179798495,0.720429036350203
"DRG2","Aging",-0.408508181163587,0.114135915780173,0.30534825083216,0.412049422228093
"RRAD","Aging",-0.286317012709663,0.399293257368024,0.622873020054567,0.768852639744931
"CSE1L","Aging",0.249709026610304,0.0049343236859205,0.0408538689428772,0.265447181382321
"VCP","Aging",-0.208541121063679,0.00929579803378649,0.062657254054657,0.376967775181764
"HADHB","Aging",0.414542663371648,1.25968481785627e-05,0.000946113275697049,0.00930785300806588
"NAP1L1","Aging",-0.0508464243287214,0.674910068055653,0.819464450613461,0.98020692165218
"ADK","Aging",-0.0977609325571258,0.525784025444454,0.720005268471628,0.939087089194096
"LAMB2","Aging",-0.214506817200107,0.507667588920526,0.702987921535965,0.864658832655211
"CDH13","Aging",0.149314581770764,0.244793406980487,0.479367194822866,0.810473623196091
"TPD52","Aging",-0.318119590993046,0.249031858075924,0.484471783102375,0.642594284697412
"SEC13","Aging",-0.0118664275139295,0.92844858363036,0.967076459323748,0.999119421090036
"SNU13","Aging",-0.0053715585713654,0.968288575949012,0.985152818200664,0.999826915858643
"NPEPPS","Aging",0.00473331770286833,0.957260646975644,0.980408943062402,0.999793272107086
"HNRNPH2","Aging",-0.0227653204456786,0.922085856995119,0.964426048385709,0.998155050896337
"OXCT1","Aging",0.134928709049088,0.68042552027909,0.822849263454241,0.949373929333427
"SH3BGR","Aging",0.385461856855603,0.00562640601568638,0.0447534257316063,0.135768772108203
"EIF3B","Aging",-0.139594806017097,0.205900859821717,0.434084006254513,0.802029317815286
"ATP5MF","Aging",-0.0642073290689389,0.643350128516123,0.801519739496094,0.972077562072731
"NDUFV3","Aging",-0.0866413372028099,0.675288584361925,0.819464450613461,0.966555361723565
"MARS1","Aging",-0.0543044020248971,0.824602539985316,0.909354557728957,0.989581839806108
"ARPP19","Aging",-0.191831247037094,0.266522946827187,0.504153794347755,0.775957532646245
"ATP5F1E","Aging",-0.0318241534656956,0.804717609586762,0.899011360488097,0.993109609969879
"ATP5ME","Aging",-0.0674683381672168,0.565171809695931,0.750351209463727,0.96223251819868
"EIF6","Aging",-0.0257327235826033,0.80015931794965,0.896995121227639,0.994279457742177
"NDUFA6","Aging",-0.317893375503971,0.0701745446089881,0.227041642019542,0.429742335038042
"SYNJ2BP","Aging",-0.0632681937547552,0.58289140865026,0.76393262362062,0.966427221503326
"EEFSEC","Aging",-0.581334648041082,0.0182185936791225,0.0956899713817667,0.0974489160254888
"MTPN","Aging",0.077541971516844,0.401201924476865,0.624520834326312,0.931631116671754
"DEFA3","Aging",0.448946061003021,0.0840340388481738,0.254152179798495,0.328956456853685
"ARPC4","Aging",-0.0346319173219207,0.794303834396547,0.894708604036388,0.992056361281782
"CD81","Aging",-0.391072625036905,0.114521565396616,0.30534825083216,0.42850567353563
"TPI1","Aging",-0.106008016223637,0.221752787806311,0.453680601745821,0.852426376789092
"EIF3E","Aging",-0.0547514533612485,0.72522943525883,0.85299636596718,0.982563951510141
"SEC61B","Aging",0.355861066652569,0.522331762620533,0.717012856913172,0.793648350172877
"GABARAPL2","Aging",0.031263374874932,0.871334465420026,0.937777062834348,0.995703371974538
"ROMO1","Aging",-0.00387362831548188,0.985259605401986,0.994266494159888,0.999942477833346
"MYL6","Aging",-0.368768489985364,0.185757477489194,0.406078976257563,0.53753956157404
"ACTB","Aging",-0.627790838566163,0.0360567203668205,0.152692639093209,0.124190727203221
"EIF4A1","Aging",-0.215597550562496,0.0248375624954449,0.119527217226363,0.450805728018165
"RPS20","Aging",-0.316377813344985,0.0137218678233917,0.080242284130714,0.25746539839484
"PRPS1","Aging",-0.209004704137836,0.159443795604572,0.371242757509709,0.681304476445495
"PSMA6","Aging",-0.140182499573541,0.109716610713573,0.298878280221041,0.733606184285311
"S100A10","Aging",0.0925074281289291,0.470409632817616,0.675270619669246,0.932613324842692
"CDC42","Aging",0.429480563154215,0.000314302388003805,0.00688518668720836,0.0313097002175666
"DSTN","Aging",0.141825353548111,0.485390421856696,0.686233695784944,0.902567671557031
"RAB2A","Aging",0.0481992106584421,0.667057594010927,0.81645986198538,0.98067433906897
"RAB5B","Aging",0.231714976904229,0.0364196360038751,0.153091175530584,0.464130289776726
"RAB10","Aging",-0.174577494734194,0.101745640011312,0.286440536738674,0.671018658134249
"UBE2D3","Aging",-0.0996425848525746,0.426821831718693,0.646205217670316,0.918664254091414
"UBE2M","Aging",-0.058679071266333,0.477535897197515,0.681314784129155,0.957556418275758
"UBE2K","Aging",0.351034473282738,0.000849625440631677,0.0128943018371006,0.0835704990783132
"UBE2N","Aging",-0.119704819580278,0.231824160806553,0.463868896456881,0.839472427481888
"RAB14","Aging",-0.108009045017191,0.396366865093307,0.621718119343453,0.904879767308106
"ACTR3","Aging",0.255670538911673,0.0129975975389208,0.077433279389095,0.329435470848959
"ACTR2","Aging",0.261835274489869,0.0087197706643951,0.0601235334663046,0.288902684813323
"ACTR1A","Aging",-0.0680127258594041,0.446258334383537,0.656280613432573,0.946601987130227
"COPS2","Aging",0.042679968107894,0.595943018874435,0.77076763142247,0.978150644298177
"ABCE1","Aging",0.00218831310613865,0.987804549786757,0.995459504555859,0.999973148828858
"RAP1B","Aging",-0.0737979392601744,0.492998449923068,0.691183826792142,0.949145154238542
"RPS3A","Aging",-0.423499479740663,0.00079971463117478,0.0123661755100041,0.0487971661454044
"RPL26","Aging",-0.416142671617074,0.0512778267473769,0.187217482030787,0.290500351094898
"RPL15","Aging",0.142149208737603,0.450520641421001,0.660700773297326,0.892844479532465
"RPL27","Aging",-1.08830251886945,0.00263322732408351,0.0276883853127381,0.00155851496612188
"PCBD1","Aging",0.0875063885863838,0.363555986078461,0.592680805211631,0.915265687620228
"RPL37A","Aging",-0.530165852732377,0.0112572196534492,0.0702490591430377,0.0926691818659681
"RHOA","Aging",0.0713373812058258,0.438166495116278,0.653520666120236,0.942834523443902
"HSPE1","Aging",-0.0311042692934471,0.768896450029157,0.874885188002771,0.991859147630469
"SEC61A1","Aging",-0.334123123597493,0.12787225558051,0.324776996963542,0.502983010513258
"VBP1","Aging",0.158121073362548,0.104958522385166,0.293520974170219,0.700168017747432
"B2M","Aging",0.133956141952915,0.300603089429466,0.538317490943273,0.85128310668919
"DAD1","Aging",0.545482254741993,0.254014325313231,0.48863067256026,0.473544409999763
"NPC2","Aging",0.885317066178363,0.0369029288307613,0.153981863752165,0.0538758956420198
"PKIA","Aging",-0.0196855860948304,0.868479939099218,0.936142138352462,0.997227969108435
"SUMO2","Aging",-0.177685471584969,0.263686563256534,0.499579137413055,0.789106731673964
"UFM1","Aging",0.0994635546240197,0.533004062322963,0.725747433539061,0.939333142998357
"NUTF2","Aging",0.0576843193858316,0.542909280933083,0.733335678598947,0.965379167946897
"HNRNPK","Aging",0.0811285347815804,0.351594426356998,0.580674934948553,0.918694362002106
"YWHAG","Aging",0.16113723473708,0.0341254810799976,0.147363217066191,0.580262321826276
"RRAS2","Aging",-0.0963919234830684,0.413416120375179,0.635072389444121,0.918380902913735
"TIMM10","Aging",0.438738738531601,0.00182631002239084,0.0209565054949964,0.0628849401090227
"RPS7","Aging",-1.20567369451992,2.56188405518525e-08,2.69382108402729e-05,7.03395928798546e-10
"PPP1CA","Aging",-0.260270128060188,0.0142309269637729,0.0817695065705312,0.330629625965975
"PPP1CB","Aging",-0.0211910514169702,0.89808213998104,0.951469390619711,0.997724686981589
"PSMC1","Aging",-0.0776293770711867,0.371169687922465,0.59767982672354,0.92594711191928
"PSMC5","Aging",-0.179748912743989,0.028608656787462,0.131263949995894,0.527906607668786
"RPS8","Aging",-0.145692184179069,0.217959653403874,0.449822523168153,0.800952147528765
"RPS15A","Aging",-0.0919913714142524,0.40919418866597,0.632746602032746,0.921087436371472
"RPS16","Aging",-0.192823882449446,0.158131321576006,0.369911200527631,0.700731308040174
"UBE2G1","Aging",0.372919969253854,0.107298500241403,0.295247064992021,0.434999757042259
"YWHAE","Aging",0.10606221547825,0.166304030685585,0.382083396489219,0.826736710045244
"RPS14","Aging",-0.224077132052564,0.0272718955873248,0.127734513185176,0.446148643044198
"RPS23","Aging",-0.640397769765652,0.000382262095323549,0.00803897186465422,0.00647666982515027
"RPS18","Aging",-0.214083589334827,0.0816241106257685,0.252078587045669,0.584841511086063
"RPS13","Aging",-0.318748241214401,0.0650754599372124,0.216883822896922,0.418580347498783
"RPS11","Aging",-0.0296999364611743,0.798172643114951,0.896362333164168,0.993327095991554
"SNRPD2","Aging",0.169033387103298,0.257743884225577,0.492669547959405,0.795190486598528
"SNRPD3","Aging",-0.394588859056583,0.000852262460940075,0.0128943018371006,0.0614948071769928
"TMSB4X","Aging",-0.433576714072665,0.0960854229766137,0.275258769917661,0.362162921179204
"PSMC6","Aging",-0.274367471308679,0.000784139899529349,0.0123063149903748,0.140579699995672
"RPL7A","Aging",-0.380150728128434,0.0585354393499747,0.205166714921661,0.339964360225248
"ETF1","Aging",0.0361887598995843,0.820741382114231,0.906362194198826,0.992876504225484
"CNBP","Aging",0.127325274306553,0.335918010098487,0.569247038869556,0.87031711389289
"RPS4X","Aging",-0.122999324057648,0.283185004591743,0.52105728813094,0.8562587281364
"RPL23A","Aging",-0.582372536006314,0.000350757722584741,0.00745094434945163,0.00972539177639759
"RPS6","Aging",-0.0881245772375827,0.457500565671511,0.66747160659159,0.933409370471554
"H2BC4","Aging",-0.2881222367029,0.381759786499749,0.608673867330533,0.757712498464226
"RAB1A","Aging",0.0765983084660888,0.416991000545334,0.637295958428802,0.935195366523648
"RAN","Aging",0.0834483766817868,0.367703023462581,0.59444519376265,0.919901753602507
"RPL23","Aging",-0.387033958087908,0.00329359773371597,0.0325184790328858,0.10945968895107
"RAP1A","Aging",0.399080469807455,0.162058385138007,0.375524190419519,0.483721436259284
"RPS15","Aging",-0.348797747352027,0.0124538329500739,0.0759142338956677,0.216593784432722
"RPS24","Aging",-0.556206855411599,0.00379840488724604,0.0354463515477022,0.045056517968549
"RPS25","Aging",-0.343359618169188,0.00800747162658725,0.0570837723075016,0.190609693918467
"RPS26","Aging",-0.241880856030605,0.140901827758943,0.346974875617164,0.622499812743075
"RPS28","Aging",-0.00472751867231835,0.976739685990323,0.990880346081602,0.999888743542907
"GNB1","Aging",0.149696669812343,0.122225835114476,0.316552870992296,0.73004787808772
"GNB2","Aging",-0.00776647264448016,0.949614010361516,0.977502821238506,0.999598556435345
"RPL30","Aging",-0.553435231479266,0.0114920902647425,0.071502561617614,0.0844416065396483
"RPL31","Aging",-0.435715443162653,0.00657242722620254,0.0498604897626151,0.111982310456881
"RPL10A","Aging",-0.247429139920008,0.245268236628342,0.479367194822866,0.706284172413606
"RPL32","Aging",-0.643450068149768,0.0363696537942757,0.153091175530584,0.11855162708484
"RPL11","Aging",-0.305653737703558,0.133591944836183,0.333266737829766,0.540494741050213
"RPL8","Aging",-0.159973114424343,0.52375871684698,0.718034277398435,0.901713462183378
"PPIA","Aging",0.488241269076074,0.000131536909509627,0.0038419738985937,0.0127396909162148
"FKBP1A","Aging",0.106344979096033,0.459282409732008,0.668885670129095,0.920584979855023
"RPS27A","Aging",-0.908408549765259,0.000186512476023777,0.00496500933010129,0.000409523813265962
"GRB2","Aging",0.176354512973894,0.140723594109748,0.346942225571864,0.707637211880085
"RAC1","Aging",0.0299149637264549,0.672759366309015,0.819231585030608,0.988212699617506
"AP2B1","Aging",0.0634886976443134,0.663727606167049,0.815757762310219,0.974312713158173
"VAMP2","Aging",0.0154223416119379,0.965084645868134,0.984053445329991,0.9994520484017
"PPP3R1","Aging",-0.0608121684057465,0.669576534197571,0.816774623792048,0.975902732356164
"YWHAZ","Aging",0.390001034000942,4.07882151886361e-05,0.00186473079438482,0.0194135069268273
"UBE2B","Aging",-0.220104324183431,0.320433167080602,0.552353238008611,0.778414071552257
"PPP2R2A","Aging",0.184939688926075,0.0205291223136593,0.105299376160062,0.487405362986566
"DYNLL1","Aging",0.396356270508328,0.00113362265536424,0.0155665966183155,0.0680017558472237
"DYNLT1","Aging",-0.372671145397515,0.000970974717032753,0.0140824815856543,0.075373611578059
"RPL38","Aging",-0.493039994998771,0.000837470873836104,0.0128554835596885,0.0304019193146866
"SKP1","Aging",-0.0408386037279271,0.72690291934676,0.853467446690108,0.987058494000733
"RPS21","Aging",-0.282442213851429,0.0360089153776329,0.152692639093209,0.391083286235664
"EIF5A","Aging",0.085549125299412,0.37323839172656,0.599175830382409,0.919144521910604
"RACK1","Aging",-0.174078425519554,0.124587998277493,0.32014250920056,0.695892125974358
"UBE2I","Aging",0.333190872948933,0.0561162135669497,0.199009101401847,0.383007835245552
"SELENOW","Aging",-0.170514768015451,0.463321636600361,0.671192728124938,0.877057458066059
"TNNC1","Aging",-0.385797800774412,0.243856606219093,0.479280787737151,0.580173446073302
"PPP2CA","Aging",0.120698915243835,0.075018341427801,0.237559131720433,0.731533017040123
"YBX1","Aging",-0.160230018654804,0.203774422677168,0.43069106622119,0.775005953934838
"CSNK2B","Aging",-0.242445765700982,0.0265572331005253,0.126071921468182,0.414906079558362
"TPM4","Aging",0.675797192110839,0.000161594486271636,0.00459234060309797,0.0027394621279593
"UBE2L3","Aging",-0.011112179533793,0.886961215106571,0.946361966194378,0.998667937338619
"EEF1A1","Aging",-0.254707596460669,0.0622661953462565,0.212200720442477,0.493045397390622
"ACTA1","Aging",-0.608077867475377,0.0546275485835604,0.195377099780999,0.170705693515701
"TUBA1B","Aging",-0.0573199384383116,0.583029891065666,0.76393262362062,0.969548217564396
"TUBA4A","Aging",-0.364978499888689,0.00323668069396908,0.0321072617897028,0.123378640667949
"TUBB4B","Aging",-0.151198659794918,0.123697623333584,0.318794242488391,0.729065006148213
"CSNK2A1","Aging",-0.12458163354901,0.412712919795597,0.635072389444121,0.895605615600114
"PAFAH1B2","Aging",-0.201219257169171,0.40440507285751,0.627648611231987,0.833458398628491
"EIF4G2","Aging",0.00311096785359766,0.979529520353308,0.99226906613825,0.999935658220976
"PIP4K2B","Aging",-0.193611082212858,0.0683360934097357,0.224548131938553,0.594806018084592
"CCT2","Aging",0.0595136120846185,0.516980216843518,0.711059121008449,0.961496700595977
"GSTO1","Aging",0.362733780197072,0.00455399086836766,0.0390899705966416,0.141455466342759
"PRKDC","Aging",0.401862180380721,0.000572034582004337,0.00986056332750098,0.0497657609660683
"DCD","Aging",-0.528620922699151,0.0431049674636894,0.168807721743275,0.189750344405563
"MRPS25","Aging",-0.0531592036881463,0.687458887655919,0.828021787365634,0.980275539184753
"MRPS35","Aging",0.33976210817546,0.125560945383873,0.321234389467501,0.4941114652736
"MRPS5","Aging",-0.0798740085036584,0.742307066404917,0.860568776543297,0.976479191334466
"MRPS36","Aging",0.5393339963682,0.00994413660539067,0.0650720561683369,0.0831801792110056
"MRPS15","Aging",0.260742234812792,0.368312927947091,0.59444519376265,0.770716118058311
"MRPS21","Aging",-0.452048315407682,0.0647612849593425,0.216311310080908,0.290173103633642
"SARNP","Aging",-0.239485825945167,0.279993922059053,0.51882398446272,0.737224783868359
"LACTB","Aging",0.0235107107105712,0.836685925462452,0.916432552733092,0.995816661693522
"RPL24","Aging",-0.662057570983198,5.20547249258717e-05,0.00221603655809477,0.00145898227449152
"ARF1","Aging",0.0205788592507474,0.805724334200655,0.899011360488097,0.995564552063186
"ARF5","Aging",0.0603206774242047,0.576557773036583,0.758761574903588,0.967328264322619
"ERH","Aging",0.288782688946441,0.194044561571905,0.415555715871401,0.622813866524567
"RHOG","Aging",-0.177427083378229,0.698819692989277,0.836435864744707,0.938396025821603
"RPL19","Aging",-0.46360813913579,0.0103859858169183,0.0667942757583461,0.120339726742215
"SRSF3","Aging",0.196474610074258,0.455239412475128,0.665445680630969,0.856747426581709
"MXRA7","Aging",0.152924897143434,0.635013953193276,0.798227342238768,0.932911940175946
"H3-3A","Aging",-0.549691886348931,0.106143528958396,0.294099817324766,0.291434909789707
"FBLN2","Aging",0.0382138587156859,0.93878225505455,0.969231405527251,0.997588876374375
"HSPG2","Aging",-0.137944715818115,0.526223536681357,0.720005268471628,0.915244045353236
"RBM3","Aging",-0.677631006976938,0.0116270519331604,0.0717976168187689,0.0488767393119154
"CYCS","Aging",-0.226260265303967,0.234538656349378,0.467724740576018,0.720285298249889
"MPP1","Aging",-0.276446766674315,0.224708424041126,0.457908736200085,0.66184648515371
"TFAM","Aging",0.460128730448719,0.0039633220289401,0.0362385488124393,0.0784870675611559
"PITPNA","Aging",-0.122158573655312,0.405074951360015,0.628224648016306,0.895482458349126
"SLC25A3","Aging",-0.0361260939048904,0.74110016488769,0.860568776543297,0.989234287841507
"HDLBP","Aging",-0.205192224275189,0.327487291167746,0.561138903997048,0.79528294871167
"PURA","Aging",-0.239535882246614,0.105918254596138,0.294099817324766,0.584043942684318
"CLTC","Aging",-0.145873150150496,0.184632529695226,0.405305020823654,0.781581135976678
"FKBP3","Aging",0.146871891380233,0.0776421062336522,0.24261716108376,0.68704707087835
"REEP5","Aging",-0.171188146792868,0.142585146014804,0.349618112498305,0.71645273429758
"SORD","Aging",-0.413185098600554,0.0516308236500201,0.187529571910177,0.293895678565585
"HNRNPU","Aging",-0.0776983203904642,0.551634684876902,0.740918929756104,0.954831549583127
"MYBPC1","Aging",-0.462256082885084,0.175741756210337,0.395526227151008,0.447650277312768
"PLIN5","Aging",0.603243498997752,0.0337656070231347,0.146712957788538,0.129512547419788
"SPTBN1","Aging",-0.067500280454329,0.559753119527517,0.747262333753166,0.961589460498478
"TIAL1","Aging",0.420878854004833,0.00563939981877113,0.0447534257316063,0.113120541175258
"SET","Aging",-0.27369345699557,0.129849340211307,0.327818922526264,0.571944989315212
"AMPD3","Aging",-0.0134763735969443,0.961431633596616,0.981681946870738,0.999470090146091
"FABP5","Aging",0.257478505794271,0.0896633496353711,0.264462867157343,0.537428711875787
"ANK2","Aging",-0.0954809171210798,0.554166555485895,0.743721931197727,0.945197451279238
"CAP1","Aging",0.612874178533531,0.00040013320782333,0.008200197842938,0.00827139827206414
"EWSR1","Aging",0.38923879215606,0.00478298819081012,0.0402344966610948,0.124982429181512
"TAGLN","Aging",-0.102438554150247,0.738411554081999,0.859412488171808,0.969412660010768
"OGDH","Aging",0.019845755126827,0.823441485967206,0.908550600728769,0.996152130391241
"COX6A2","Aging",-0.633583622181039,0.0209854222228567,0.106713071938143,0.0864558819329182
"ALDH6A1","Aging",0.777014506338922,0.000102689691515137,0.00337596530662376,0.000795973306636249
"BDH1","Aging",0.152574104881506,0.480545223215879,0.683752777011498,0.894212816717865
"COL7A1","Aging",0.138235932260976,0.492328430592386,0.691183826792142,0.906689468711604
"RPL18A","Aging",-0.339728482239693,0.1438008736749,0.351234886571793,0.517449058502763
"CACNB1","Aging",-0.00893272666572287,0.927908185926404,0.967076459323748,0.999331854468962
"MAP2K1","Aging",-0.151059579767715,0.0816288719819785,0.252078587045669,0.684894345945313
"FKBP4","Aging",0.384638854012142,0.00248660712052118,0.0264107816891719,0.0995977041698013
"RPL6","Aging",-0.437705159792433,0.0472723605330941,0.178160885665048,0.26294733390634
"AKAP12","Aging",0.0950370539196612,0.602001303539896,0.773532397677654,0.952913740376967
"SLC25A11","Aging",-0.63366285940846,9.22987165249283e-05,0.00327163211118624,0.00277520037791799
"CAV1","Aging",-0.00111362451182018,0.992444827795756,0.997244067938182,0.999991554466516
"ACY1","Aging",0.0621195144660547,0.638921740306161,0.798901734197446,0.972555744652295
"LMNB2","Aging",-0.288740736845895,0.205866150218597,0.434084006254513,0.633583721764554
"UBXN1","Aging",0.0432043798267046,0.690575632474512,0.82998474892595,0.984131701395325
"GBE1","Aging",-0.0471372432207744,0.741992310394701,0.860568776543297,0.986031944934133
"EIF4G1","Aging",-0.0314433448003371,0.640856485598779,0.799834533658297,0.98610670707642
"PRKCQ","Aging",-0.284358153361907,0.101949161754644,0.28662979568184,0.522427233987464
"GLO1","Aging",0.00879996852095744,0.930197292440946,0.967893309648241,0.999363449520319
"AKR1C1","Aging",-0.241287776401787,0.179055712028227,0.398943328228018,0.660321106056171
"SSBP1","Aging",0.0704181607689947,0.52704797003983,0.720313819079943,0.955901622571098
"YWHAH","Aging",0.245652118512762,0.00361095046689294,0.0342064361796209,0.251202845689778
"PLP2","Aging",-0.00527127716516773,0.989229074916165,0.995858661823215,0.999942917116472
"UBE3A","Aging",0.12181066940617,0.399361139119859,0.622873020054567,0.894215310672281
"SRSF11","Aging",-0.319430582853727,0.18028338610052,0.400777971426421,0.578534813191032
"EEF1A2","Aging",-0.369479523267199,0.0132338236249637,0.0783964255867569,0.202302474849707
"CALD1","Aging",-0.169479007245418,0.580329219898091,0.761817945971089,0.911901181456679
"COL14A1","Aging",0.106961361947729,0.836503036630397,0.916432552733092,0.981085869256886
"PTPN11","Aging",0.320178241328453,0.0154518104702631,0.0867148023263887,0.263118024919997
"PSME1","Aging",0.137088170658526,0.170554199732205,0.387757277877652,0.784688746104541
"CACNG1","Aging",0.208965850331353,0.300871203662812,0.538317490943273,0.778035410635863
"ZNF33A","Aging",-0.850715380317308,0.068827409412631,0.225072954876854,0.102627976807307
"PRDX1","Aging",0.110329242941507,0.339222512727796,0.572080949692506,0.887562058498197
"RPL18","Aging",-0.0141083451507491,0.948707473865868,0.977047902810931,0.999257404126907
"C1QBP","Aging",-0.174330373957385,0.157569423323966,0.369806464645414,0.724594418149164
"CKAP4","Aging",-0.161804791727381,0.603529857788853,0.773532397677654,0.921543857273624
"DPT","Aging",-0.25523945989508,0.388794846941826,0.616153400993715,0.785742930130901
"KLC1","Aging",0.0332467800477936,0.861265996893563,0.932324561737059,0.995046838366131
"SRSF1","Aging",0.169185339754019,0.463419800873709,0.671192728124938,0.877986416475452
"ARHGAP1","Aging",-0.597411491529307,0.000230283869885331,0.00570734600646951,0.00671080196698346
"ACTN3","Aging",-2.12099794690895,0.00222711000312947,0.0241423316318623,2.36900252909591e-06
"PPP3CA","Aging",-0.0839284389272521,0.426680735313401,0.646205217670316,0.931011670776989
"DHX9","Aging",0.0157707168011854,0.905766588775537,0.954322212522522,0.998440332388545
"CRYZ","Aging",-0.00410192114656383,0.974005879407358,0.990011775927344,0.999891969686732
"SLC20A2","Aging",-0.56516081089891,0.250868375041687,0.486113041806902,0.457709964559122
"PUDP","Aging",0.0218853832682875,0.886951167505082,0.946361966194378,0.99737795587688
"CD47","Aging",-0.0062017866278552,0.966242695311529,0.984053445329991,0.999787051842011
"PPID","Aging",0.106041932223469,0.747205468832455,0.861970982421642,0.969570375534498
"AHNAK","Aging",-0.257388146384685,0.0944919136772204,0.272962217669223,0.544852222523694
"LMOD3","Aging",-0.61726792799641,0.0815652580953117,0.252078587045669,0.212866382281914
"HSPA14","Aging",-0.186134249318235,0.330344196563101,0.562977184256241,0.813697954738677
"SCRN3","Aging",-0.60591000164133,0.00470457693152192,0.0400555679635247,0.0388827468301999
"NEXN","Aging",-0.633517399140253,0.0148314251793147,0.0840713939409673,0.0694084806689547
"AP1B1","Aging",-0.2044322523783,0.179268399988339,0.398943328228018,0.70370735248196
"BST2","Aging",0.1340454845629,0.304274001670442,0.541000783484338,0.852577733077692
"PMPCA","Aging",-0.313520830668715,0.20891994249117,0.437889652104895,0.612067800187347
"ASPH","Aging",-0.0907677832516569,0.690969791107574,0.82998474892595,0.967003519657266
"EFEMP1","Aging",-0.148742224372977,0.615972021051793,0.78308156593419,0.930462410655156
"STX4","Aging",-0.147565750627145,0.527819113267804,0.720313819079943,0.910014489541763
"GRSF1","Aging",0.0453902559020563,0.814189977080902,0.903615014171285,0.99071290246827
"AIMP1","Aging",0.209018294245713,0.0176273159121996,0.0948088116709867,0.429952846530463
"ILF3","Aging",0.0622873079776518,0.78680981547107,0.888285701572049,0.985176419317044
"TRAP1","Aging",0.213534766522734,0.115187758759602,0.305858404888185,0.630343994364604
"ANK3","Aging",0.0270349173371791,0.837196029912881,0.916513925511082,0.995207496338374
"HSPB3","Aging",-0.201485699085019,0.246877400631941,0.481617044089955,0.754386099328646
"ECH1","Aging",0.449721033377578,0.00129964772176854,0.0168713528325879,0.050353155139998
"STRN3","Aging",-0.0715169047917428,0.508103490601363,0.702987921535965,0.952731687528457
"COASY","Aging",-0.172548513054505,0.237785588974348,0.471757635484013,0.78047993216035
"TRDN","Aging",-0.46855480729505,0.0339687134186547,0.147104130080131,0.204988760712694
"ACACA","Aging",-0.0887059115077129,0.556874411162506,0.744032329526525,0.949395494103426
"GPS1","Aging",0.0012147942468097,0.987885870664802,0.995459504555859,0.999985194071685
"MTAP","Aging",0.157029615897667,0.387165609762056,0.614465275605998,0.861564088849605
"PRKAA1","Aging",-0.00664261550497258,0.934913244045384,0.968475869615245,0.999553041655131
"TARDBP","Aging",0.255721309865322,0.00897742675346049,0.0613465678195921,0.299624495099405
"PAK1","Aging",0.527211238803197,0.184980778646841,0.40564606620887,0.410790989120389
"AIMP2","Aging",-0.012192669902003,0.873443219850529,0.93956577562438,0.998351543764799
"PRDX4","Aging",-0.228224727088769,0.169677139253157,0.387018464044891,0.667084723889762
"PAK2","Aging",0.0550018071231797,0.628147100602225,0.791013983572743,0.974749474765189
"CBX3","Aging",0.323181098794967,0.117652559611347,0.309279166078328,0.500767266533659
"PSMD2","Aging",-0.149199346441623,0.071687750136697,0.230871881374386,0.674890219915779
"MYBPH","Aging",-2.27189871419792,0.000168574487373788,0.00472682862596102,2.67703007544035e-09
"SELENBP1","Aging",0.600237177400491,1.6998001827343e-05,0.00115312251106137,0.00137122108003939
"TRIM28","Aging",0.122122705787106,0.344770459635571,0.575299911796609,0.878055399930051
"G3BP1","Aging",-0.284994405356564,0.217560493770828,0.449822523168153,0.647461600093147
"PABPC4","Aging",0.022659670656342,0.917671935037675,0.96108768893637,0.99805508092213
"SGCG","Aging",-0.101249943676237,0.283468814849387,0.52105728813094,0.880169248916962
"EIF3I","Aging",-0.181002464408085,0.106473381554141,0.294099817324766,0.666696587657606
"CTBP1","Aging",0.0443636115826074,0.672050596849491,0.818842644944657,0.982523458053346
"UBE2V1","Aging",-0.106473559005938,0.365833583201589,0.593417764761122,0.898465173404456
"DYNC1I2","Aging",-0.122888922055921,0.217893713878216,0.449822523168153,0.829234962472818
"ILK","Aging",0.107613616832438,0.187430454757707,0.408821029465177,0.835117721146053
"NNT","Aging",0.220886685304535,0.0589448892820284,0.206258073477713,0.535066704510758
"SNTA1","Aging",-0.5402390370676,0.000198414941462757,0.00515143977649602,0.00999551429430899
"SNTB2","Aging",-0.0628175588149453,0.507640395327491,0.702987921535965,0.958305007756034
"SF3B2","Aging",0.422680675984623,0.00425322416187697,0.0383885425426063,0.0994729588670316
"PDAP1","Aging",0.0859544764794897,0.460147821759726,0.669682262394951,0.935458487988025
"TMED1","Aging",-0.423753251266366,0.0132764073526982,0.0784277659065291,0.16019512247673
"FKBP5","Aging",0.276026497601311,0.0360857069088563,0.152692639093209,0.399747993805688
"PICALM","Aging",0.262023732891462,0.308676585418059,0.543674086377034,0.73491625038258
"MTM1","Aging",-0.0756611613398626,0.61556440623457,0.78308156593419,0.963953730205844
"SQSTM1","Aging",-0.688259088515947,2.79935362951477e-06,0.000420502905919254,0.000150708253959387
"MTX1","Aging",-0.164891309254383,0.156244802595899,0.367542304093037,0.736318218993499
"ART3","Aging",0.142166638103131,0.515661963396308,0.710174924048746,0.910139394863498
"ASAH1","Aging",0.461712486880877,0.00146040742071732,0.0181116854775109,0.0490684402590678
"PIN1","Aging",-0.164868335866231,0.189630355846294,0.410446049223202,0.760238519556811
"CAMK2B","Aging",-0.142963458191332,0.26660608759358,0.504153794347755,0.827790424878581
"CAMK2G","Aging",-0.192494403085291,0.0651861949106533,0.216909126419468,0.591196148418352
"CAMK2D","Aging",-0.51634695732907,0.00332648228836045,0.0326896834225328,0.0525393391402149
"DCTN2","Aging",0.0203313505738016,0.762009019372261,0.872348920925348,0.994489242447551
"NAE1","Aging",0.371528526756641,0.00588368098117646,0.0459221813667591,0.148375099167273
"STIM1","Aging",-0.112480324616715,0.300582726996714,0.538317490943273,0.873536836300838
"CUL1","Aging",0.298730928666512,0.0101823389517142,0.065685456489126,0.254028502769202
"CUL2","Aging",-0.243824053750174,0.0695668692777269,0.226469235435077,0.522095409838335
"CUL3","Aging",0.154325624511173,0.147878548802552,0.357145868344905,0.744552109619953
"CUL4A","Aging",0.167280695023106,0.0495481654857748,0.183127929730377,0.604927470080168
"FHL1","Aging",-0.0221100452934841,0.834687325205709,0.916019150815287,0.996012727518849
"FHL3","Aging",-0.483383514265523,0.00269700780518871,0.0279358303149844,0.0572968584951144
"ITGA7","Aging",0.140146326462325,0.228050766149624,0.462479036849238,0.812887561161363
"AAMP","Aging",-0.124709193753716,0.585559247827349,0.763993050124716,0.935435715212949
"CACNA1S","Aging",-0.253638749876846,0.0467005005939879,0.176944798331042,0.459714685975407
"MOGS","Aging",-0.226456601354236,0.474330627899847,0.678817365658454,0.844590986396305
"SPTAN1","Aging",-0.116404302414519,0.389946623323759,0.617048719977325,0.896171733254833
"AUH","Aging",0.149182641380435,0.351137787636582,0.580674934948553,0.855447069934444
"DDX39B","Aging",-0.292499457856731,0.049201206664972,0.182165735240204,0.414384609609659
"BLMH","Aging",-0.294713345234783,0.067755007041197,0.223336645466516,0.45233774397965
"SNTB1","Aging",-0.114787040054878,0.412914971283715,0.635072389444121,0.903453445929748
"TUBB2A","Aging",0.0963404019108864,0.347890221628144,0.577437360760842,0.903279927133509
"IDI1","Aging",0.882946331508698,6.78257217775221e-07,0.000203767846997327,3.57645146888861e-06
"PRKG1","Aging",-0.224812760363591,0.162716273265806,0.375622747176717,0.664843801203424
"COX17","Aging",-0.102926846854352,0.555287172017614,0.744001201660215,0.941247869806878
"HNRNPD","Aging",0.21446123675188,0.0365553460885618,0.153139228733557,0.491822816724519
"SCARB2","Aging",0.231153556672947,0.108299751893536,0.296555179989721,0.598205916761348
"NID2","Aging",0.0100736551833513,0.975600590142761,0.990675056045498,0.999751191449692
"IL18","Aging",-0.211950406073839,0.547423419809878,0.737023976863107,0.880111169645445
"DAG1","Aging",-0.0492059509357432,0.615686383280707,0.78308156593419,0.976416784507417
"EIF3A","Aging",-0.170399837231159,0.0600412938786121,0.207540499235742,0.619224435768688
"UBAP2L","Aging",-0.546473054170967,0.0843455738518461,0.254152179798495,0.258893998854028
"MLEC","Aging",-0.326637949635931,0.0022979332972205,0.0246558863472179,0.137439847460926
"DPYSL3","Aging",0.441150156003076,0.0123217573740506,0.0753274876675243,0.143780484580155
"DCTN1","Aging",0.108213967366346,0.26305294937867,0.498828090661265,0.865447187923468
"DYNC1H1","Aging",-0.202097374723387,0.0289471596869065,0.131263949995894,0.488758814344764
"EIF2B1","Aging",-0.372699543628251,0.0081493225419711,0.0577037889083004,0.16652365669398
"EIF4A2","Aging",0.0545626058271544,0.660696699641295,0.813492482052485,0.977639741606936
"CTTN","Aging",0.122028076464282,0.737252428333735,0.859412488171808,0.963486116396317
"ENDOG","Aging",-0.142889614730439,0.496484425921473,0.692613784009199,0.904790584594538
"FLOT2","Aging",0.0590917722572897,0.668818476752787,0.81645986198538,0.976511035580214
"TRIM25","Aging",-0.0554221083197213,0.766823203060793,0.874053764789619,0.985393214613196
"FLNC","Aging",-0.771467186068339,0.000294534446770967,0.00664385107523712,0.00188822767336384
"MYBPC2","Aging",-0.973830099508504,0.0125065359409952,0.0760151592020602,0.0140260302090087
"GAMT","Aging",0.292636168674392,0.0127484219579571,0.0765998039359536,0.278989608979802
"CAPRIN1","Aging",-0.903114418888706,0.00344420431713523,0.032923462176979,0.00596636034147499
"PRPSAP1","Aging",-0.442480155299695,0.0712805542049721,0.22991258511205,0.310786724927255
"CLINT1","Aging",-0.31338583284268,0.0946770314515455,0.273121806779973,0.477715762704563
"GANAB","Aging",0.221119285966154,0.0104945426842985,0.067082137583829,0.365087418114732
"SSPN","Aging",-0.178439002531263,0.106563985164751,0.294099817324766,0.670637415133186
"MVP","Aging",-0.233882938831965,0.546558327604057,0.736689266521119,0.868235736262379
"LASP1","Aging",-0.000834644563177278,0.997556113060217,0.998346383096501,0.999997957728578
"PTGR1","Aging",-0.283082313236523,0.288440646696794,0.527125281570458,0.70331767838611
"KPNB1","Aging",-0.272456537435136,0.000893210338377388,0.0132283193070961,0.147661546919024
"NUMA1","Aging",-0.0482744144528411,0.697389074446456,0.835198874465203,0.982751813709017
"PSME4","Aging",-0.188140462759744,0.408009334824108,0.631843616447054,0.844794917429189
"SLMAP","Aging",0.111191378081603,0.39786767178435,0.622873020054567,0.902598046388211
"EMC2","Aging",-0.712040340792038,0.000226132220285488,0.00570734600646951,0.00253605690556171
"PSMD6","Aging",-0.275876526096912,0.0392660067159352,0.160031806441108,0.409375852306537
"ABRAXAS2","Aging",0.151553851008511,0.109067325155036,0.29788127896239,0.714757827664064
"SEPTIN2","Aging",0.239343139378462,0.00920394356814793,0.0622375991119456,0.325605050506592
"KARS1","Aging",0.0620892412892537,0.391317358692364,0.618752184458678,0.943409927053662
"EIF4H","Aging",0.0542480817415161,0.597937870303088,0.772250313790064,0.972487481929872
"EEA1","Aging",-0.182998183411218,0.191534809875199,0.411018066497493,0.739013948737787
"PDIA6","Aging",0.123593080271625,0.227830387708656,0.46247809396844,0.832923748572092
"PAFAH1B3","Aging",0.129669229536979,0.528805898182643,0.721192479817184,0.920704028056271
"PLCL1","Aging",-0.0553524409256649,0.856454318824506,0.929372256185726,0.991459579780508
"PDK1","Aging",0.0193717178573714,0.91209415993801,0.959067009174817,0.998219156140811
"PDK2","Aging",-0.119077609038118,0.666611610021304,0.81645986198538,0.952855846094966
"PEA15","Aging",-0.510831463598162,0.252521255346858,0.488099448524304,0.495079543382326
"PGM5","Aging",0.485928733561273,0.00453863262497735,0.0390899705966416,0.0726829502833223
"PLEC","Aging",-0.966656336687155,2.26505021878718e-07,8.85268546061907e-05,3.77262712233234e-07
"PPP2R5A","Aging",-0.296820580729833,0.157910701498612,0.369806464645414,0.57819196831447
"PPA1","Aging",0.250046677945356,0.0245192297637484,0.118810922104062,0.395641219029612
"PTGES3","Aging",0.176625456258602,0.10808160979524,0.296343709777561,0.6750500466609
"STK38","Aging",0.00478028376209494,0.984120388879541,0.994266494159888,0.999923484719753
"NECTIN1","Aging",0.672168509006994,0.273167243080748,0.513063190666379,0.418008454266167
"NONO","Aging",0.0133098377923098,0.902744359356619,0.953334759547364,0.998639119244062
"PTPA","Aging",0.134010765596038,0.488096412791713,0.688441821663965,0.908356648189282
"RABEP1","Aging",-0.335466350131561,0.151206312593896,0.361709152056944,0.530607416986019
"RAB35","Aging",-0.164831177964238,0.401142262878975,0.624520834326312,0.860223319026786
"TMED2","Aging",-0.120610949614228,0.36528730088858,0.593204010632189,0.885623109826436
"PCBP1","Aging",-0.0947431931528655,0.243735049206479,0.479280787737151,0.87481183995806
"PCBP2","Aging",-0.00579754796975962,0.944793937840742,0.97450008852546,0.999670820541726
"ELOC","Aging",-0.105777423037182,0.21376073264528,0.444647696095967,0.849418084560503
"ELOB","Aging",-0.273233873609506,0.00553862332831752,0.0446272983120757,0.241780316072999
"UBE3C","Aging",0.471662663898226,0.110417370638116,0.300398098902922,0.353701149592109
"DHCR24","Aging",-0.591754492266951,0.02985868434769,0.134465828722697,0.12520342725484
"RSU1","Aging",0.288611767492167,0.013916804104102,0.0808481741185818,0.291208238862921
"PPP1R7","Aging",0.159865005886246,0.162137881550606,0.375524190419519,0.747632513596585
"SEC23A","Aging",0.0492658444312397,0.625261206836104,0.788796831419512,0.977131011467692
"MAPRE2","Aging",-0.119478154691258,0.234640799480599,0.467724740576018,0.840963168554076
"TGFBI","Aging",0.276257360730845,0.368160325380798,0.59444519376265,0.758777637280775
"TSN","Aging",0.237323151721341,0.0701262533104021,0.227041642019542,0.53223172121423
"SF1","Aging",-0.0141197341467727,0.959884276066294,0.981140437980486,0.99942206917968
"TRIP10","Aging",0.239972011184136,0.0065911631735649,0.0498604897626151,0.299648383985138
"MAPRE1","Aging",-0.321089239867643,0.0477889916342193,0.179398986832201,0.376657299767634
"TSC22D1","Aging",0.297361715851224,0.60313552079971,0.773532397677654,0.860406732089991
"ELAVL1","Aging",-0.0936364755261572,0.673759065700358,0.819464450613461,0.963699818566375
"MYLK","Aging",-0.316389992288926,0.220445466674868,0.453363334069583,0.619765023230017
"SPEG","Aging",-0.805679835923669,2.47234702334495e-06,0.00039994967616111,3.03837465576534e-05
"TBCE","Aging",0.112778019814705,0.560002585827385,0.747262333753166,0.936701833851794
"UBE2V2","Aging",0.0192130290305172,0.797785648976586,0.896362333164168,0.995668888678911
"NEDD8","Aging",0.0684236418919362,0.603296162677532,0.773532397677654,0.966013291196611
"ADIRF","Aging",NA,NA,NA,NA
"ADIPOQ","Aging",0.336523730861874,0.0104429632202131,0.066955950158866,0.215420572795103
"RAB11B","Aging",0.048436189965237,0.452174687618863,0.662664367987783,0.962286399911805
"ZYX","Aging",-0.128170325554702,0.155183798608799,0.36601570492004,0.787572452134019
"HSPB2","Aging",-0.265235269741559,0.0743688776156375,0.237325871966139,0.5019415502854
"ETFDH","Aging",0.0985165330819058,0.442023485882999,0.655091889226179,0.922721212220246
"SEPTIN7","Aging",0.0794919946007866,0.487340229507423,0.6882985242808,0.944463467941097
"ADRM1","Aging",-0.127304890543613,0.337163759289491,0.570094103467312,0.870746697267779
"DDB1","Aging",-0.00903182222640808,0.888989417550122,0.946604934231852,0.998937790498854
"CDC37","Aging",0.304054634289507,0.00023068207824532,0.00570734600646951,0.0783713824872898
"DPYSL2","Aging",0.385616778811375,8.41501469961479e-05,0.00307625887290346,0.0268307485118599
"SYPL1","Aging",-0.221872410857568,0.101314233782292,0.286240091275706,0.601707893375779
"RBBP7","Aging",-0.350340077242556,0.244858287295304,0.479367194822866,0.610818759167056
"SGCB","Aging",-0.015351603117967,0.861391642156493,0.932324561737059,0.997712069877586
"SGCA","Aging",0.115241948767359,0.230058314044966,0.463795993927937,0.844222572057235
"FXN","Aging",0.628167116276206,2.79789107683594e-05,0.00163443470405166,0.00137990387980416
"FSCN1","Aging",0.14180778758352,0.492816280069742,0.691183826792142,0.904524524227332
"DECR1","Aging",0.163730419158174,0.189902047500797,0.410446049223202,0.761856814935426
"NDUFA5","Aging",0.0263293246896481,0.84249544588839,0.919921039825173,0.995497661495232
"CLPP","Aging",0.00689601506325488,0.977036369168757,0.990880346081602,0.999839808731926
"TST","Aging",0.465795850677971,0.00107445724785343,0.0148659946143276,0.0414133363723627
"KYAT1","Aging",-0.156152117378923,0.3464360013111,0.576330291573589,0.847444293002752
"GUK1","Aging",0.0989031953862121,0.751308208367896,0.86433323971427,0.972115833015909
"HAGH","Aging",0.21260585116022,0.0277655339952571,0.129324479250103,0.466745645359098
"NDUFA9","Aging",0.00131661636839198,0.992828311521884,0.997244067938182,0.999990523660861
"PHKG1","Aging",-0.199438454639516,0.0237694854989803,0.11624936745199,0.47436855727058
"PPP1R3A","Aging",-0.488444223462203,0.000121953308921434,0.00366382583802538,0.0122552977311106
"HADH","Aging",0.348748379960831,0.000405525713583239,0.008200197842938,0.0656223699940605
"UGP2","Aging",-0.17048713134222,0.0765615613446032,0.24032044787453,0.645265134438151
"TXNRD1","Aging",0.0875540670962884,0.316208594348298,0.550485657213965,0.904108726550383
"IMMT","Aging",0.0923458200739162,0.305981526968755,0.542562522103956,0.896408781107491
"IAH1","Aging",0.00307058646811598,0.977216280443767,0.990880346081602,0.999929233839671
"KLHL40","Aging",-1.05043574760358,0.000347068424615865,0.00744780507109351,0.000232235364308655
"TKFC","Aging",0.209289474531936,0.414642723404742,0.636168745914986,0.831731600985735
"TIMM50","Aging",0.26603800997032,0.0405550500835047,0.164013981395405,0.426272235369314
"NADK2","Aging",0.395040867155231,0.0279188366997369,0.129324479250103,0.243257326327551
"FAM98B","Aging",-0.200919774604099,0.0926449919425801,0.270225267760397,0.620031992181177
"HIKESHI","Aging",-0.199819127012454,0.0570790602704825,0.201743300418193,0.564313295573555
"PDLIM3","Aging",-0.114555730511512,0.464011228593383,0.671586795410794,0.915796390730644
"HSD17B12","Aging",0.180619072547984,0.266820339091322,0.504153794347755,0.787706076326786
"AGK","Aging",-0.153711053505088,0.440505582082506,0.654887383137807,0.881599625616787
"LACTB2","Aging",0.276198562263588,0.0449793688454278,0.172612431901341,0.424584588177428
"DCAF6","Aging",0.239129280647806,0.0163231574556928,0.0903357898140049,0.373791263703044
"CAVIN4","Aging",-0.0476326672199718,0.713134364617017,0.845341553751338,0.984025064088629
"FLG2","Aging",-0.358594910425477,0.426441818849937,0.646205217670316,0.736664265676614
"RABL3","Aging",-0.0258356682653247,0.865534320400647,0.933799245037173,0.996276067423622
"COQ5","Aging",0.602084759506116,0.000184965386248016,0.00496500933010129,0.00565551371068416
"NOMO2","Aging",-0.299822296624278,0.0342060553572676,0.147388629402861,0.363489100816469
"PITRM1","Aging",0.463362293471871,0.0351689695210011,0.150325900208669,0.212004557917139
"WDR44","Aging",-0.00334782066806483,0.990199909036523,0.996359047226702,0.999967029772996
"COA6","Aging",-0.0901935519426473,0.540210116876219,0.732470584004312,0.945973305508433
"TOR1AIP1","Aging",-0.235872357735847,0.310925872907975,0.54580727105632,0.75915730942611
"GNAS","Aging",-0.156511220071398,0.207250595528472,0.435848002396376,0.781670859244319
"TTC38","Aging",0.147304862698242,0.711536795817464,0.844748738596577,0.951103879102077
"C6orf136","Aging",-0.326604333512599,0.431905156225699,0.64993590022328,0.760179699671807
"HP1BP3","Aging",-0.0814534643484741,0.700397055533176,0.836925030276403,0.971410421579299
"IBA57","Aging",0.661564448676533,0.00365867247738884,0.0345030861881109,0.0244332633936951
"UBR4","Aging",-0.000109010987344504,0.999417123386193,0.999417123386193,0.999999936441522
"DCAF8","Aging",-0.100531443689835,0.492363518164686,0.691183826792142,0.931247358537401
"DDI2","Aging",-1.18097196441309,0.0004518387811959,0.0083652302496394,0.000112106113632565
"MICOS10","Aging",-1.32235253861587,2.30329279961901e-06,0.00039994967616111,3.50782635404633e-08
"LYRM7","Aging",0.138499617100077,0.376652959422176,0.601658141908677,0.873510327627821
"OBSCN","Aging",-1.05432448760576,2.52573051658176e-07,8.85268546061907e-05,1.10656025291181e-07
"MYOM3","Aging",-1.34956777889608,8.48421372460299e-05,0.00307625887290346,3.20173512351147e-06
"PDE4DIP","Aging",-0.256592523090809,0.372005816558762,0.598110269283698,0.775900928873416
"BROX","Aging",0.139651515851227,0.495556348059681,0.692461793999674,0.906607445499471
"LYPLAL1","Aging",-0.316310049817318,0.386263071671615,0.613528126680821,0.740162369117421
"SYPL2","Aging",-0.305323342393613,0.036820166752813,0.153941969545061,0.364915666476573
"ECPAS","Aging",-0.0225900716454959,0.765090764860503,0.872584841598911,0.993969520997594
"MICOS13","Aging",-0.432797556303829,0.0180830089942342,0.0956899713817667,0.176096618675925
"RNF123","Aging",-0.136429632770103,0.203679292616065,0.43069106622119,0.804859132705149
"TMEM198","Aging",-0.161466665166213,0.438785242779513,0.653979706283002,0.875458624647411
"CRYBG3","Aging",-1.18963068975365,0.0161674668946839,0.0897102450646974,0.00739512507127893
"NXN","Aging",0.597928747907392,5.02367886608164e-06,0.000528239832768484,0.000678560603535527
"PTRHD1","Aging",-0.289591013954638,0.0292404872298559,0.132242461600832,0.359553007943865
"ABLIM2","Aging",-0.651421854086372,0.0236251312336571,0.115812706257298,0.087172685379057
"LAMTOR1","Aging",0.554528985320305,0.000402786880047884,0.008200197842938,0.0131043613351364
"DHRS7B","Aging",-0.775043045785846,8.30760987681365e-06,0.000753365282962838,0.00011544503977201
"TWF2","Aging",-0.131083172759929,0.443934131291091,0.655364787671317,0.899020085777834
"ETFRF1","Aging",-0.207216652998412,0.308125132668175,0.543483216134188,0.783530209792399
"RAB12","Aging",0.175184398976548,0.200496161939535,0.42590245308974,0.754640084691423
"DENND5A","Aging",0.225123685527826,0.221127680200267,0.453680601745821,0.7119731922389
"RCSD1","Aging",0.155800849399913,0.202554394366145,0.429407148540325,0.779755780730465
"SLC25A24","Aging",-0.106254780427133,0.313886344273848,0.548714033256777,0.884157558927876
"HIBCH","Aging",0.282605446838431,0.148258841210224,0.357145868344905,0.583076994638657
"CAVIN1","Aging",0.116908012383934,0.22942634403008,0.463795993927937,0.841887530734057
"MRPL54","Aging",0.0481343167576078,0.862942387089646,0.932563124383106,0.992929760551569
"LPCAT3","Aging",-0.467259747009464,0.0582499377676916,0.204506876670209,0.264894091665686
"TATDN1","Aging",0.293312981323375,0.0785241883867781,0.243923734383153,0.474122067343854
"SFXN4","Aging",-0.442215922234627,0.0710776420155002,0.229610262916431,0.3106118747152
"FAHD1","Aging",0.154485080677333,0.236232127897761,0.470005832515603,0.800184655451356
"LMOD2","Aging",-2.34702499315856,3.6456980029976e-05,0.00178300067448929,3.83167226261877e-11
"SLC27A1","Aging",0.417900508020942,0.0219910734073055,0.110374551770529,0.202872854617773
"CCDC137","Aging",-0.992907531934851,0.049183148143651,0.182165735240204,0.0502451994849766
"CORO6","Aging",-0.642908792770537,0.0165608958431404,0.0909335873580268,0.071619837680958
"TMEM205","Aging",-0.375518558716323,0.00209501249700493,0.023140756382338,0.098640635073475
"DHRS11","Aging",0.103634597803197,0.712192400218437,0.844749361342004,0.965437100323884
"APOOL","Aging",0.0867750507856577,0.432301118302009,0.64993590022328,0.929812419606486
"NAPRT","Aging",-0.000739057095309192,0.997871658235304,0.998346383096501,0.999998425358874
"HSDL2","Aging",0.307289718235445,0.00757664495211297,0.055017671439052,0.223041185747631
"KYAT3","Aging",-0.167688235791086,0.473664176316696,0.678552971930526,0.882226761131489
"TRIM72","Aging",0.0037609080906833,0.957727984121254,0.980408943062402,0.999837573995614
"UBN2","Aging",-0.291000898749669,0.531415725570798,0.724282093892021,0.831957543981475
"TOM1L2","Aging",0.210237181661075,0.0302326257717187,0.13527491914452,0.479225069542757
"XIRP1","Aging",-0.742247421852493,0.00991447505615837,0.0650720561683369,0.0325638967378314
"VPS13C","Aging",-0.209462482530768,0.230705364276487,0.463795993927937,0.735503058592851
"UBE2R2","Aging",0.104207677537211,0.569035438506295,0.754052632122708,0.942939082672019
"SND1","Aging",-0.202976760400123,0.190977619410277,0.41066046382394,0.714588712995163
"TRMT10C","Aging",0.312065233666704,0.0152526675593408,0.0859956028881868,0.271072451884532
"BZW1","Aging",-1.01436104859888,5.29400759659592e-05,0.00221603655809477,4.59593229659203e-05
"EIF3M","Aging",-0.330718261482069,0.00937688322166628,0.0630018703359878,0.213463052342136
"COPS6","Aging",-0.0196880767109207,0.818626385724742,0.905505478404568,0.996067626877316
"CHMP1B","Aging",-0.146806735779759,0.376132104608816,0.601658141908677,0.866277652337876
"RRM2B","Aging",NA,NA,NA,NA
"ERMP1","Aging",-0.218437142696423,0.73774443816993,0.859412488171808,0.935719654626677
"MRPL21","Aging",0.0469513208471213,0.883653650042643,0.945016572566996,0.994209417246178
"DGLUCY","Aging",0.102827995697588,0.513177518613445,0.707602709009007,0.933700089268584
"MYH14","Aging",0.222556896047703,0.147692841074745,0.357145868344905,0.653333934582199
"SZRD1","Aging",0.0831682121217838,0.598662967750457,0.772385411766387,0.958227561033095
"MAVS","Aging",0.372299321422631,0.0002867294237613,0.00655426063228276,0.0479865278569666
"COMMD6","Aging",0.0897349486537635,0.75350459329678,0.86591265557548,0.974922985852781
"HDDC2","Aging",0.350905675307658,0.0142722053126672,0.0817832364374365,0.225112933684281
"HDGFL2","Aging",0.522006760795556,0.0206242105265839,0.10548420742597,0.13185407967759
"DCXR","Aging",0.719758893767381,1.05900100061305e-05,0.00085656888626509,0.000262497345048972
"SPRED2","Aging",0.743785011080419,0.0333474890403458,0.145196210045232,0.0797033361532502
"HUWE1","Aging",0.338766648520252,0.0454082841616258,0.173624766530726,0.350818232015703
"GLRX5","Aging",0.0618837335652209,0.769632714125119,0.874885188002771,0.983926821904388
"MYPN","Aging",-0.421797182643058,0.10677614219118,0.294299117992203,0.389236147625494
"SRL","Aging",-0.0771474972574424,0.384550823161376,0.611732512184852,0.928924078287157
"PRUNE1","Aging",0.680351700994251,0.0484504350986705,0.180690058277089,0.127508765570033
"ACOT1","Aging",-0.14049005138342,0.570589326700431,0.755218232782368,0.924199855260662
"ISCA2","Aging",0.29422072724666,0.0582194207751931,0.204506876670209,0.433169005117563
"MTDH","Aging",-0.141018632896692,0.279110885201454,0.518762201034654,0.835303302320105
"KTN1","Aging",-0.139155088272386,0.4285692188686,0.646731054719874,0.888779126439162
"NLRX1","Aging",0.296122402233326,0.0417112510040048,0.166765705059738,0.390324729734697
"ALYREF","Aging",-0.283890767301092,0.148003046156248,0.357145868344905,0.581363148642171
"MDP1","Aging",0.607963788007122,0.00116212823065883,0.0155665966183155,0.0164354173287987
"SLC25A42","Aging",-0.283738150395255,0.668685973377767,0.81645986198538,0.892090416930729
"NRAP","Aging",-0.915831346351062,0.000873413428803251,0.0131099016081533,0.00158005887902209
"VPS36","Aging",-0.027392448090616,0.880064212969278,0.943310417876856,0.996506446449442
"CAND1","Aging",-0.0221163555929245,0.860140132217883,0.931929262263889,0.996673495898086
"COMMD7","Aging",0.0202936780195824,0.938130928715318,0.969231405527251,0.998704768431131
"LDHD","Aging",0.237924889016334,0.411883393277382,0.635037225852152,0.809739292356826
"CARM1","Aging",-0.857378725093977,0.000448751692108811,0.0083652302496394,0.00134741462738801
"NIT1","Aging",0.265534242264607,0.088493837669615,0.26211625439324,0.525253976789564
"NDUFA11","Aging",-0.780622079080747,0.00160034021758226,0.0195083840199087,0.00656971315852174
"ECHDC2","Aging",0.225414747534348,0.146653577521143,0.356134495989565,0.648739095309783
"PHYKPL","Aging",0.147259722807245,0.482632053221205,0.685129897376448,0.898275187586096
"MUSTN1","Aging",-1.35117187669119,0.000453464692562478,0.0083652302496394,3.03679570414112e-05
"NAXD","Aging",0.660513942249484,6.13616925377196e-06,0.000586561997303747,0.00036085565718776
"MFN1","Aging",0.0443565706958857,0.839945267534559,0.91808986363055,0.992293241917059
"SLC44A2","Aging",0.0174774793318306,0.915621050651776,0.960095620537797,0.998460499255443
"HSCB","Aging",0.125773045403738,0.573988646762132,0.756801331749694,0.932559464538986
"ADHFE1","Aging",0.316701181504552,0.151825466913359,0.362005620089336,0.550466476640384
"UNC45B","Aging",-0.101781007473235,0.355219076145936,0.584984899870715,0.900013572016343
"MSRB3","Aging",-0.432294121831539,0.361284542690587,0.590350732927976,0.643962957726661
"KLHDC8B","Aging",-0.0656956475660202,0.781997332769354,0.884161500437608,0.983974970061005
"SUPV3L1","Aging",0.10996344427361,0.749024755044106,0.863502019741966,0.9687220086958
"THNSL1","Aging",0.352160946777074,0.412578563683177,0.635072389444121,0.732143921750935
"PM20D2","Aging",0.215856651763538,0.429001341575951,0.646731054719874,0.833035970924902
"MICU2","Aging",0.0384611926299243,0.828267305564346,0.91226411996693,0.992779362296365
"ELMOD2","Aging",-0.430002922969885,0.319434826708974,0.551989680007373,0.61218533917394
"ALDH16A1","Aging",-0.00170806758719522,0.996904569375451,0.998328718760273,0.999994704609289
"FAM185A","Aging",-0.0563586013552566,0.876993051214467,0.940995224538808,0.992629877127982
"ADSS1","Aging",0.217738471428028,0.0181303179507984,0.0956899713817667,0.417626317165518
"NDUFAF2","Aging",0.143401900714935,0.478986321693707,0.682920836963976,0.89982431937601
"LRRC47","Aging",0.201378661502194,0.0321650569704889,0.140923155851955,0.500517254003268
"GPD1L","Aging",0.347919302860035,4.55468652450634e-06,0.000504131882159833,0.0138539814683864
"EHBP1L1","Aging",-0.235571381204611,0.048458959994426,0.180690058277089,0.490130533481788
"CMYA5","Aging",-0.0774120037906201,0.491149389390857,0.691183826792142,0.946446842490993
"TXLNB","Aging",-0.0486124769146237,0.584892917661712,0.763993050124716,0.974264784740648
"SYNPO","Aging",-0.378828769966287,0.0689687567449881,0.225072954876854,0.36311828298957
"TOMM5","Aging",0.0156856962759733,0.932607472489308,0.967893309648241,0.998906193776979
"CHCHD4","Aging",0.439827603376081,0.0241916314745336,0.117766205997556,0.194576918038755
"CBR4","Aging",0.548192699132315,0.00469716778087032,0.0400555679635247,0.052931906049964
"MMGT1","Aging",0.0197830304090179,0.913148476219941,0.959663097793268,0.998204191815441
"SMIM20","Aging",-0.0302360430882551,0.869448322099558,0.936704801898442,0.9957790204779
"CISD2","Aging",0.112839278254206,0.519643924252205,0.714255668432933,0.928796250975835
"ATPAF2","Aging",0.260873428307395,0.203048751941433,0.43002167707234,0.659737731579051
"JAGN1","Aging",-0.265169302274852,0.155247745501035,0.36601570492004,0.610217620114985
"MRPL50","Aging",0.0375979265269812,0.889675904550549,0.946856491533302,0.995614520699343
"EMC1","Aging",-0.24862787987966,0.18982532965142,0.410446049223202,0.661574451586041
"PTGR2","Aging",-0.0609228123352246,0.652755752707014,0.807386479315601,0.974347986782344
"SMYD1","Aging",0.0646045001632061,0.743196608303253,0.860926913342345,0.981008386674347
"NHLRC2","Aging",0.34800586390843,0.0116419340633382,0.0717976168187689,0.212307534236613
"RDH13","Aging",0.0370521962805839,0.865862352744883,0.933799245037173,0.994677611397864
"TXNDC5","Aging",0.155203070895425,0.169672844716579,0.387018464044891,0.759335089731856
"ATAD1","Aging",-0.204764578478194,0.0941051476110526,0.272792535749121,0.616357062163839
"SCCPDH","Aging",0.0110202605446617,0.897417601461329,0.951469390619711,0.998807944494383
"SERBP1","Aging",-0.133814408216423,0.358139716152451,0.58730489107341,0.871617210865971
"FAM98A","Aging",-0.104428419056994,0.64044802763359,0.799799407430784,0.954534036234106
"PDPR","Aging",0.00290523475285198,0.988540684389702,0.995642269766064,0.99996651633696
"NAXE","Aging",0.168203057507188,0.0272524905287016,0.127734513185176,0.545544948355073
"NPEPL1","Aging",0.389736887446397,0.041900891847403,0.166766787290698,0.290422048523465
"ADPRHL1","Aging",-0.130914411694938,0.298017159872412,0.536124967674664,0.853435306052961
"CHDH","Aging",-0.232841710005175,0.374462794353465,0.60007209810266,0.795557814702363
"ABCF1","Aging",0.0771186398418351,0.572186619433198,0.755372542792226,0.957859116503424
"MCU","Aging",0.257483730309033,0.124677467919762,0.32014250920056,0.585032663760073
"TOR1AIP2","Aging",0.0930152708670384,0.790239449206315,0.890607482144094,0.978340423700022
"ABHD11","Aging",0.684389180197446,0.00440415403509284,0.038591399732501,0.0244053470572742
"ATL2","Aging",-0.338098824258662,0.101402219686353,0.286240091275706,0.461260022083757
"PPTC7","Aging",0.481734398408463,0.0407706838577832,0.164569574189862,0.214070502190848
"COQ8A","Aging",0.285416360824215,0.00627342916659998,0.048326086217435,0.235164570364746
"NPLOC4","Aging",-0.247052616344561,0.00869717064514371,0.0601235334663046,0.309683410716718
"SPATA20","Aging",-0.653656709322931,0.12765270476264,0.324611412473798,0.260405723521079
"NUBPL","Aging",-0.313333793224682,0.174697956110589,0.394567945562777,0.57887283496835
"DEPTOR","Aging",-0.234883780038551,0.166095640813101,0.382083396489219,0.655956130133191
"RDH11","Aging",-0.372613093514058,0.178301007317339,0.398385006932484,0.525981052333587
"LRRC20","Aging",0.0561557992879926,0.603598033565873,0.773532397677654,0.972048016422688
"NT5C","Aging",-0.340978797134593,0.0433363135625263,0.16908398408533,0.34292205900451
"PNPT1","Aging",0.158881619683559,0.221770641271851,0.453680601745821,0.787183851711862
"SPPL2A","Aging",-0.0736877560998188,0.715849033309416,0.846380105884767,0.975668127318475
"PREX1","Aging",-0.850908212601222,0.000685223859320503,0.0113466596547324,0.00203041058239062
"NEK9","Aging",-0.0472153067680274,0.815530811648644,0.903615014171285,0.9904182403752
"GPT2","Aging",1.67716055476474,0.0132237975968432,0.0783964255867569,0.000706663582816761
"MYOZ3","Aging",-0.726195089664081,0.0634976627089182,0.213812589301221,0.135073001124958
"NEK7","Aging",0.0683269365297008,0.565802012341561,0.750713963378109,0.961834436759892
"DTD1","Aging",0.296656425406766,0.110707847534895,0.300796196010172,0.520534336877509
"UTP15","Aging",-0.86105121312637,0.040396204718814,0.163686355536929,0.063093969618541
"SETD7","Aging",-0.108591492841953,0.318862913627102,0.55192133388538,0.88327434913367
"NUP133","Aging",-0.0694193264713334,0.829027079792061,0.91226411996693,0.987068051208147
"PDCD6IP","Aging",0.120692630402907,0.120404365054051,0.314017873140759,0.774533653621644
"THEM6","Aging",-0.162249398571586,0.307452607011422,0.543483216134188,0.825833160908187
"SMIM4","Aging",-0.356279058629699,0.0440658938080451,0.170978920070699,0.328792683560323
"NUDCD2","Aging",-0.0194307317780655,0.8867949883208,0.946361966194378,0.997668286335095
"SCFD1","Aging",0.45784488588513,0.00549943644763138,0.0445933298626106,0.0923456066095938
"PCNP","Aging",0.150778058071872,0.513254074920782,0.707602709009007,0.904324886840971
"DNAJA4","Aging",-0.193809928715734,0.320052717671057,0.55215001252029,0.801875635531677
"SPRYD4","Aging",0.170739301265318,0.34395856223469,0.575022721399292,0.833418966408108
"RTN4IP1","Aging",0.215095297184604,0.327224208178065,0.561138903997048,0.786403671828734
"PALLD","Aging",-0.122686535607006,0.600910965459661,0.773387858238475,0.939426876656781
"SYNE2","Aging",0.270579719809966,0.066589525212633,0.220185175349319,0.480438168888771
"THAP4","Aging",0.254797026345617,0.0824966809257076,0.253270832097464,0.529555199091048
"IFT81","Aging",-0.810109139331789,0.064800820423667,0.216311310080908,0.108955837987189
"TTN","Aging",-1.72892846246472,1.32858810297476e-06,0.000254001889141447,6.9145246495795e-11
"DDX1","Aging",0.043001701658234,0.662222055090821,0.814416948453799,0.982432796254142
"HSD17B8","Aging",0.274925274329991,0.0919673669540246,0.269072831684093,0.518891701460991
"CPT1B","Aging",0.278063537399113,0.05070229784592,0.18583424303588,0.436430813176161
"PSMF1","Aging",0.0815436058897596,0.47346398596866,0.678552971930526,0.94085289814815
"UBXN4","Aging",0.15393242522194,0.370659035111819,0.597314904858356,0.858323915476726
"HSPH1","Aging",-1.4720606394812,0.276780649650041,0.517395294412477,0.150934999499698
"MYO18A","Aging",-0.21276277170605,0.317449203469264,0.551235277885804,0.783384240394826
"GCN1","Aging",-0.19528432099299,0.280784890582203,0.519313746616426,0.780325931061648
"SGCD","Aging",-0.0631050157937381,0.534867719653823,0.726632309064593,0.96128238470572
"AKAP1","Aging",0.271576330768188,0.231567186697258,0.463795993927937,0.672142436705296
"RABGGTA","Aging",0.0536823030728613,0.658997999974105,0.812828618149878,0.977861350481721
"TFG","Aging",-0.188991722615036,0.115078026610768,0.305858404888185,0.664561744103415
"ARPC1A","Aging",-0.0813697102871167,0.485133448881376,0.686233695784944,0.942841344335483
"P3H4","Aging",-0.323439675324732,0.235215982518736,0.468427283368279,0.626191884618376
"DDX17","Aging",0.122030946145959,0.24014318523067,0.474643908402349,0.840230032382434
"CELF1","Aging",-0.631331591239107,0.000794618437585708,0.0123661755100041,0.0110400799941702
"UFD1","Aging",0.12859870109628,0.442423106776046,0.655222389823962,0.900440874836174
"RPL3L","Aging",-0.267215652444253,0.329867939100436,0.562977184256241,0.743520483374864
"COPS5","Aging",0.0335642450583258,0.763076339105017,0.872584841598911,0.990965381723761
"KHSRP","Aging",0.212589767972009,0.118502201204651,0.310348853217162,0.635453409199523
"GCDH","Aging",0.359412082133026,0.0222020546151949,0.110904800132434,0.254491759879101
"TNPO1","Aging",-0.202547001859962,0.063496994224174,0.213812589301221,0.572138592941302
"USP13","Aging",-0.129273838026503,0.575164332224394,0.757876309942294,0.930995073736514
"USP9X","Aging",0.0676018534000455,0.511101697386095,0.70620687884557,0.955640517498586
"CUL5","Aging",0.112246216996901,0.181460070182516,0.402311463751027,0.825659495077108
"LPP","Aging",0.328137992876016,0.0262445892473833,0.124869618070695,0.302849517864907
"ATP2A3","Aging",-0.402396931690308,0.0415736656957576,0.166532226587006,0.278110079773991
"PHKB","Aging",-0.389354562446613,0.00129160006332519,0.0168710244296452,0.0750247451610276
"UBE2F","Aging",0.377712774303195,0.16839580008089,0.385349692676944,0.510241092967837
"RPL36AL","Aging",-0.478958217677565,0.00968877131417936,0.0642759813051079,0.108519266144432
"WBP2","Aging",-0.053740025591452,0.618418155225688,0.784398902557069,0.974503721001812
"ERGIC1","Aging",-0.206657947222666,0.346675139724484,0.576330291573589,0.803380654141791
"MTARC2","Aging",0.0491126186683815,0.700422279261279,0.836925030276403,0.982664399052048
"FAM162A","Aging",0.0305153596637133,0.798033405389417,0.896362333164168,0.993139231023006
"CCDC47","Aging",-0.388910455019985,0.00284372635305061,0.0291492044135843,0.10227991225951
"TMEM230","Aging",-0.083284326693434,0.609220119927699,0.778838852406049,0.959566477155706
"ISOC2","Aging",0.146607879380166,0.142109659212976,0.3495398986256,0.751221385311318
"FERMT2","Aging",0.0220338559543691,0.877009339085146,0.940995224538808,0.997112505647837
"FUBP1","Aging",0.124567042289002,0.261823720348504,0.497603948686791,0.846258611725248
"SLC25A46","Aging",0.94501693716699,0.000151341017100954,0.00435986519127815,0.000245467687927382
"TMEM143","Aging",0.163887720955607,0.343582366127694,0.575022721399292,0.839384907347524
"PBXIP1","Aging",0.259037828839524,0.0135431015394087,0.0797469776518547,0.328128778589369
"PTER","Aging",0.512671472462625,0.324436300642589,0.557881880826954,0.561526181800113
"ZBTB9","Aging",-0.0561113977845942,0.808484550240132,0.899599475743385,0.988141937426484
"FAM136A","Aging",-0.393347969759798,0.0778536766615619,0.242917332372796,0.366342154818976
"FGGY","Aging",0.665685366600936,0.0278131830631783,0.129324479250103,0.092121383798853
"GALM","Aging",-0.202241205577593,0.0948506611930562,0.273247863683558,0.621034046277346
"DCPS","Aging",0.0876061445997767,0.707572557082049,0.84211946097541,0.970150283232808
"PPP1R14B","Aging",0.147194712621218,0.374511075242798,0.60007209810266,0.865398730957889
"ACSF2","Aging",0.36607795230746,0.01266578990541,0.0763213643870409,0.202029835508559
"ISOC1","Aging",-0.0373916760453099,0.841509229057337,0.919321511016924,0.993568527050314
"CCDC124","Aging",-0.0934530426089424,0.510769467290084,0.70620687884557,0.939145175404014
"OPTN","Aging",0.374494408694829,0.0202315582740676,0.104281781986187,0.232069174379319
"AP2M1","Aging",-0.227499467339829,0.0836938257731527,0.254152179798495,0.56873941510471
"KCTD12","Aging",-0.380111735360646,0.35728286885968,0.587004588446802,0.676230397463114
"RMDN1","Aging",0.126410127568278,0.322012237028091,0.554620585151577,0.866542931995738
"ECHDC3","Aging",0.448044730143888,0.059622501930124,0.207154340932597,0.282702072200012
"NUDT16","Aging",0.0842250571707162,0.581361988560916,0.762697605704059,0.955345592170228
"CMBL","Aging",0.0120747433574699,0.935778871639647,0.968475869615245,0.999198846979649
"MSI2","Aging",0.0537615650793306,0.724094714461808,0.852615444856205,0.982793736648907
"MRPL38","Aging",-0.136741011301936,0.440951276520749,0.654887383137807,0.894074300500728
"MRRF","Aging",0.0445671832109795,0.803228542972614,0.898505120144365,0.99028214386469
"MRPL53","Aging",-0.106767875469306,0.664088107025723,0.815757762310219,0.957236865427756
"DAZAP1","Aging",-0.535940580106601,0.346313245578013,0.576330291573589,0.566477681173006
"DNAJA3","Aging",-0.154821308841637,0.504483835845994,0.699821574395862,0.899486031068799
"PTCD3","Aging",0.150252212271752,0.317622365670024,0.551235277885804,0.841707190516213
"MMAB","Aging",-0.0363879978889905,0.830460861792064,0.912942599241355,0.993262835858897
"DYNLL2","Aging",-0.123731872517329,0.560720487351961,0.747745836969673,0.93091906495214
"S100A16","Aging",-0.747645556189816,0.121968947827049,0.316277061997885,0.207414126927704
"SCRN2","Aging",-0.0577585650889745,0.778142183817006,0.881698821426274,0.985615947396397
"OTUB1","Aging",0.52004914373391,8.62690609814653e-09,1.81423835244022e-05,6.40100747943741e-05
"CHMP6","Aging",0.150457820249954,0.290112916673328,0.529133182224933,0.830116434655045
"PDXP","Aging",0.319758186395791,0.17686901238649,0.39654108000937,0.574685829211059
"DCUN1D1","Aging",-0.301457304484085,0.0602026605412132,0.207551139537986,0.428653361499229
"FAHD2A","Aging",0.470631423038988,0.0430056827154903,0.168733117072157,0.227454390631591
"SNF8","Aging",0.128227476845865,0.41601158681139,0.636733891604332,0.893632283820754
"PDLIM5","Aging",-0.557236476761478,0.000541068889202295,0.00956191490749939,0.0151233905587181
"CRELD1","Aging",-0.20571727599221,0.443784384331414,0.655364787671317,0.84609121996454
"ERO1A","Aging",-0.176720978713856,0.091535988303587,0.268776204274914,0.655377458425527
"AHCYL2","Aging",0.0365035123224224,0.695722215937597,0.83415269105859,0.986843661292696
"PGAM5","Aging",0.270276066242584,0.171395906055479,0.388830194643659,0.620824222507152
"DDRGK1","Aging",-0.187412319219113,0.128162164390191,0.325044907214356,0.68042960474166
"PYURF","Aging",-0.854338746240614,0.00335789808718707,0.032844928731881,0.00769881030827523
"SUCLG2","Aging",0.0329777727748279,0.865044630670782,0.933799245037173,0.995230484957901
"ABHD14B","Aging",0.0624228305997434,0.562216887508159,0.749266232211444,0.964691146258095
"NGLY1","Aging",-0.400053305673357,0.00758240009794022,0.055017671439052,0.141843572335993
"TMX3","Aging",-1.34854194084197,0.0383650335870423,0.158510148592436,0.0123133930441823
"BTF3L4","Aging",-0.192983868998869,0.0287801971145067,0.131263949995894,0.50423147642646
"USP47","Aging",-0.0332056469608588,0.818959305718254,0.905505478404568,0.993390081089312
"CNDP2","Aging",0.0259694403735118,0.812100705373961,0.902191116429709,0.994609537316714
"ALPK3","Aging",-0.474853466112354,0.00852710471109472,0.059775004024774,0.104095981835019
"STAC3","Aging",-0.29074643138787,0.0743357652884856,0.237325871966139,0.469682948269361
"COQ10A","Aging",0.08166976986751,0.649061333342904,0.806669008013747,0.96531581053117
"JSRP1","Aging",-0.0855651727183897,0.428910416951972,0.646731054719874,0.930129425988224
"MCEE","Aging",0.836487555778493,0.0112506811054396,0.0702490591430377,0.0234334013207449
"QKI","Aging",-0.0849168239452531,0.715982029657156,0.846380105884767,0.97202794128007
"PLIN4","Aging",0.624535587336364,1.62676295256869e-05,0.00115312251106137,0.00102164871357933
"ALKBH3","Aging",NA,NA,NA,NA
"VPS35","Aging",0.159253878565245,0.182590588311772,0.403772878254108,0.762759400740916
"PURB","Aging",0.0551634114180608,0.801635326712725,0.897677897804505,0.987877366541611
"BBS4","Aging",-0.0791363282132664,0.682556848167673,0.824005196151903,0.970229233233942
"VPS13A","Aging",-0.537047390246848,0.173393754054596,0.39293864738881,0.390233815213015
"GFM1","Aging",-0.0455064257396849,0.729791299555797,0.855014542042251,0.985767875108249
"MCCC1","Aging",0.63279349705547,0.000493548805466484,0.00894769946462083,0.00808278065953008
"METTL26","Aging",0.033096177622145,0.825086317874172,0.909411177405337,0.993656891260843
"CLCC1","Aging",-0.212079848824139,0.104648301067397,0.29304311204359,0.619590784110664
"PEBP4","Aging",0.00147236608620105,0.995073138298981,0.997948272794138,0.999992727953366
"PLEKHF1","Aging",-0.0155354757533601,0.922235274989853,0.964426048385709,0.998743117512916
"MYCBP","Aging",-0.274388912228121,0.0613432266617737,0.210437815295539,0.464918256471348
"TBCB","Aging",0.176951201553212,0.121203894892559,0.315460137325558,0.688378277007247
"PSMB7","Aging",0.09700803175026,0.341433526266637,0.573350750757359,0.90100447810387
"PCYT2","Aging",0.222872930759028,0.183207919786139,0.404287781018101,0.68506254470952
"PSMD1","Aging",-0.0978380990319394,0.278039095335692,0.518079600808922,0.882292067796452
"PFDN5","Aging",-0.067558218246738,0.513457790750235,0.707602709009007,0.955965494147089
"PAFAH2","Aging",-0.0077452481679785,0.959720386862056,0.981140437980486,0.999681617977924
"PARK7","Aging",0.0620454195643276,0.444855709064036,0.655725286426165,0.950984877156739
"VAT1","Aging",0.0229516992714558,0.852642039627828,0.927149022408129,0.996347829569277
"PLIN2","Aging",1.12441874217732,0.000184088575844872,0.00496500933010129,6.31431400322445e-05
"S100A13","Aging",-0.297022095278411,0.30206225660369,0.538792981880882,0.700772679473853
"TSNAX","Aging",-0.147312001796276,0.409596266723854,0.632902974959783,0.876789589979546
"EIF3C","Aging",-0.486719073626734,0.000118619369443048,0.00361531208606854,0.012280517146475
"PHB2","Aging",0.201031850592525,0.0346804810109483,0.14853981989007,0.508757246824933
"COPS8","Aging",0.178904198728787,0.0847838306128011,0.255079250041088,0.643088438916698
"SDHC","Aging",-0.341360223198091,0.189425704194911,0.410446049223202,0.566691091097538
"CHP1","Aging",-0.359489761041988,0.00676729842827075,0.0510094214862128,0.165980292253507
"HSD17B10","Aging",0.0779146704102835,0.49381513360932,0.691669966946336,0.946507742468774
"NAP1L4","Aging",-0.220388128248377,0.00962938006444256,0.064261826994328,0.35942560280553
"MGST2","Aging",-0.647949357823137,0.00197075411941759,0.0221136306253022,0.0176627706134569
"TXN2","Aging",-0.145958749306445,0.247924428379916,0.482763956373115,0.815822362438412
"DMAC2L","Aging",0.348265101005197,0.0528667239353387,0.190049094762423,0.359193930155091
"ACO2","Aging",0.296986813349378,0.00114032785480742,0.0155665966183155,0.133652362089368
"COQ7","Aging",0.377162392143266,3.43823645850747e-05,0.00172157411243838,0.0207240060512431
"SLC29A1","Aging",0.0628150549080431,0.701370655430425,0.837106974103397,0.977964723539806
"TSG101","Aging",-0.159005364573691,0.183072223752462,0.404287781018101,0.763401510500431
"CPNE1","Aging",-0.221783095948581,0.122670890006011,0.317310193787326,0.62791126166403
"CCT7","Aging",-0.114404594861128,0.148232471716334,0.357145868344905,0.803807603240826
"PRMT1","Aging",-0.015317700530602,0.888837594823146,0.946604934231852,0.998196578907767
"NIPSNAP1","Aging",-0.0808609438158037,0.798163600008803,0.896362333164168,0.981935723132005
"ARPC5L","Aging",0.165375066604831,0.616262478184063,0.78308156593419,0.923065443947982
"MICU1","Aging",0.70413840242027,0.00346067204522549,0.0329311914529828,0.0185024128379148
"MACROD1","Aging",-0.251885657027877,0.0179564959202902,0.0956012934692917,0.363298377645875
"WDR77","Aging",0.0846839051021107,0.54590198698609,0.736689266521119,0.950031147260045
"APOL2","Aging",-0.286999220976959,0.147319127956001,0.356926412547776,0.577153084422601
"FYCO1","Aging",-0.00349827362734345,0.983969916548227,0.994266494159888,0.999943469653467
"JPH2","Aging",-0.27426769633497,0.01678376555183,0.0916785946896067,0.32594513722749
"CORO1B","Aging",-0.0786008584882172,0.83267733344938,0.914900957285291,0.985710547514002
"TXNDC17","Aging",-0.183059944986159,0.0496948526497703,0.183347851092047,0.577227266817794
"PLCD4","Aging",0.117914190456553,0.251346291596969,0.486275300118146,0.849735211905502
"CPPED1","Aging",-0.407277329471786,0.149638167769594,0.359644647793663,0.461331876939952
"VPS25","Aging",0.000760636549706817,0.996050130572941,0.997948272794138,0.999996989640284
"MIEN1","Aging",-0.498969849649193,0.0118906485069919,0.0731170579245728,0.109543244110913
"PELO","Aging",-0.22431507353728,0.243244117059327,0.478972264209517,0.728249245891505
"PRXL2A","Aging",0.101903792817751,0.615720313364126,0.78308156593419,0.951781760570323
"ERP44","Aging",0.0560709437494005,0.856208168006092,0.929372256185726,0.991333223743062
"LXN","Aging",NA,NA,NA,NA
"NIPSNAP3B","Aging",0.303632154357924,0.0662551835338849,0.219424647199622,0.438615976772301
"NTPCR","Aging",0.149700400077354,0.424133865113499,0.64447508550122,0.879502427780546
"AGMAT","Aging",0.226892227784933,0.499962126800944,0.695844045441684,0.854458883753588
"TACO1","Aging",0.451276598359396,0.00589585780742984,0.0459221813667591,0.0986052490591822
"ESYT1","Aging",-0.175266210589506,0.315818574740708,0.550485657213965,0.817087068256046
"UBAC1","Aging",0.209884327510668,0.0559243910963341,0.19878612107035,0.545935245956027
"COPS4","Aging",0.166304547817131,0.0188047064536236,0.0981297708981894,0.516419556448918
"DCTN5","Aging",0.434409548221966,0.0212322836819086,0.107372946888176,0.187599378729502
"AARSD1","Aging",-0.224131932301045,0.249518015429142,0.484968933870134,0.732607373750947
"TMEM43","Aging",-0.207290812896368,0.183621781319363,0.404352467135728,0.703749741398032
"DHRS4","Aging",0.140173345847373,0.527727254909651,0.720313819079943,0.914301040988108
"TMEM70","Aging",-0.115393754561747,0.605870764730673,0.775972118287824,0.943817467664979
"TUBB6","Aging",0.0584834201444515,0.726425547002048,0.853467446690108,0.981481191158537
"CHCHD7","Aging",0.319150744684869,0.0755541078959378,0.238216325195138,0.438525882820316
"APOO","Aging",0.0469179952204435,0.681938272738648,0.823731296708431,0.982199371207711
"MRI1","Aging",0.00169327255643736,0.995760997583162,0.997948272794138,0.999992806982954
"ABHD6","Aging",-0.711025480356074,0.000302130487416548,0.00668821489512631,0.00314288608459603
"ADI1","Aging",-0.235202099346633,0.416400766429683,0.636866044946636,0.813782433387065
"MECR","Aging",0.23176236104084,0.0690002565559307,0.225072954876854,0.538132594607628
"NTMT1","Aging",0.407542622413139,0.0432306626906864,0.168985285573445,0.277988641085256
"TMEM109","Aging",-0.181656454600436,0.181756576412091,0.402351663362767,0.733637636537334
"TMED9","Aging",0.120255219829872,0.437779814422898,0.653407345444538,0.905438858953563
"TIMM21","Aging",0.125981111494749,0.442923724357937,0.655364787671317,0.902493592388943
"TPPP3","Aging",0.286278818471487,0.301093087441251,0.538317490943273,0.709190773209271
"NUDT9","Aging",0.0363713240420331,0.787583627538544,0.888285701572049,0.991352652450494
"FUNDC2","Aging",-0.0542373278143451,0.611738072799078,0.78110817674345,0.973697115912874
"SORBS1","Aging",-0.03584798445236,0.91403004511646,0.959663097793268,0.996782745353378
"HINT2","Aging",-0.113514771445072,0.555402414439874,0.744001201660215,0.935425508378667
"OSBPL11","Aging",-0.368128426474955,0.131981921487803,0.330462319063687,0.474500164373625
"NT5C1A","Aging",-0.588621123169208,0.00898466138299304,0.0613465678195921,0.0624292158966906
"TMEM120A","Aging",-0.00528099621688582,0.99098828818902,0.996675451966288,0.999952194592305
"NAA15","Aging",0.0348952227018664,0.893027954080076,0.949943240986545,0.996059828331525
"BCL2L13","Aging",0.0916177158996696,0.288502709979837,0.527125281570458,0.89236014755961
"AP1M1","Aging",-0.162684082700892,0.290775475725167,0.529133182224933,0.817954957028163
"OSBPL1A","Aging",-0.31808795154722,0.0043463451026499,0.0384048897095493,0.177302870610765
"HDHD5","Aging",0.0957455497776003,0.585353670714584,0.763993050124716,0.950016923169424
"EIF2A","Aging",-0.312082592879626,0.0478567910665073,0.179398986832201,0.387287400105462
"MRPL13","Aging",-0.307043804525136,0.0856663290078714,0.256998987023614,0.470246931572394
"MRPL9","Aging",-0.895304670351816,0.00510566790564771,0.0416171302541749,0.00887173897488558
"MRPL4","Aging",-0.121901227541741,0.765119566290249,0.872584841598911,0.96789101869533
"MRPL1","Aging",-0.322950681775268,0.0643008639785488,0.21566940501896,0.41220457318644
"NLN","Aging",0.0733329678307371,0.723761532327463,0.852615444856205,0.976570769828518
"TRIM54","Aging",-0.572012803054431,0.00031847230122603,0.00690461081936434,0.00999337585258106
"BCO2","Aging",0.170688860079434,0.650890400736207,0.807048793822214,0.929325534912762
"MRPL37","Aging",-0.175174330073148,0.449535761132908,0.659716472897771,0.869307065428439
"ASPSCR1","Aging",-0.283330863345711,0.105405347228142,0.293988654138968,0.528623942191525
"UBL5","Aging",-0.0395379293043447,0.741964010139978,0.860568776543297,0.988269075651271
"NIBAN1","Aging",-0.00432655330395093,0.978973168072371,0.992183408412625,0.999908060450719
"UBXN6","Aging",-0.0439968187560957,0.749353868772748,0.863502019741966,0.987385225837017
"UBE2O","Aging",NA,NA,NA,NA
"LNPK","Aging",0.0562837853873433,0.62078847728631,0.785983243668339,0.973522704689466
"PITHD1","Aging",0.342850020006697,0.0931121259172602,0.270836515634852,0.443122466604238
"SLIRP","Aging",0.0603580185952595,0.691541466242458,0.830086588760211,0.97798399059589
"NIF3L1","Aging",-0.125211299081109,0.236544588852586,0.470182675195642,0.8348468937426
"EGLN1","Aging",0.395170398500051,0.142640199963645,0.349618112498305,0.4632137580252
"ANKRD2","Aging",-0.217623857086906,0.36510263199623,0.593204010632189,0.803102645668023
"NAA50","Aging",0.18535582397449,0.0855070663404401,0.256887657877065,0.633928609177831
"TMEM126A","Aging",0.0617560854051327,0.618418059871411,0.784398902557069,0.970756715277502
"PAIP1","Aging",0.239509558994275,0.0614402370858111,0.210437815295539,0.512652269444136
"CLPB","Aging",0.182613449945791,0.419445245852088,0.639478196769318,0.853287592058014
"TOLLIP","Aging",-0.235571953955194,0.0385902436608193,0.158851596639221,0.46452997969601
"PCBD2","Aging",0.29501404449255,0.00306883525523882,0.0306127078368886,0.181393579252702
"NT5C3A","Aging",0.0900228595334873,0.310598623876051,0.545688309115569,0.900090855237189
"HDHD2","Aging",0.0110569208342604,0.915811609509662,0.960095620537797,0.999028076122883
"RAB1B","Aging",-0.00593397996792433,0.967489183923575,0.984815950528209,0.999803895060096
"C11orf54","Aging",0.15932845852327,0.157800517620848,0.369806464645414,0.745136523456036
"NUCKS1","Aging",0.200980789100715,0.0523877527374704,0.18929801375756,0.552827690634331
"TMX4","Aging",-0.0771579182651827,0.497369223985743,0.692956231900174,0.947537432998915
"MYLK2","Aging",-0.218480466572974,0.333460502194028,0.566415152791054,0.786673495010215
"EHD4","Aging",0.177819454116289,0.469581385001562,0.675003180217556,0.874226177180826
"SH3BGRL3","Aging",0.227850788581311,0.151357134479368,0.361709152056944,0.65037376384105
"SLK","Aging",-0.102722561264965,0.501575488286404,0.697166722978393,0.93157489814854
"PPIL3","Aging",0.169893542800761,0.40212346733006,0.625492346002306,0.856610157682166
"LRMDA","Aging",-0.593795066057112,0.000278785171968656,0.00644269468846246,0.00774851841198631
"TNMD","Aging",0.139265812911979,0.427326169659774,0.646205217670316,0.888336322939451
"PPA2","Aging",0.0623181747086576,0.603242428027452,0.773532397677654,0.968993033161963
"MRPL46","Aging",-0.0245902636564139,0.886585939864518,0.946361966194378,0.997044269336349
"TMEM245","Aging",0.24994618244483,0.100908327817805,0.28561266944932,0.563683546876969
"C11orf68","Aging",-0.166329772978372,0.295582930319323,0.534130038528028,0.816503811695243
"GHITM","Aging",-0.21904603965033,0.112526988513631,0.3030016092755,0.619700057828485
"BOLA2","Aging",-0.0187216141812563,0.900102657573127,0.952170970259701,0.998031556347166
"TMX1","Aging",0.215494174186382,0.105276775976645,0.293988654138968,0.615628002486649
"CHMP4B","Aging",0.0425265178184766,0.699878028373319,0.836925030276403,0.98493901439633
"RBKS","Aging",-0.11696159067515,0.47617481474664,0.679834104149479,0.916876935751895
"FN3K","Aging",0.274220787893725,0.012092779191302,0.0741431913682451,0.297981157387619
"RNPEP","Aging",0.341630368211447,0.00772383660204604,0.055627494431859,0.189853949711244
"GLIPR2","Aging",-0.164838307796643,0.551590736888007,0.740918929756104,0.906585101263495
"EHD1","Aging",0.095531562522833,0.30357387659223,0.541000783484338,0.892359617843363
"TMEM38A","Aging",-0.526849947345386,0.00439455842082197,0.038591399732501,0.0573020315608572
"OPA3","Aging",0.029154027974716,0.876330323687507,0.940995224538808,0.996158709992792
"DCTPP1","Aging",0.371693396259158,0.0943034586255877,0.272792535749121,0.415756156234648
"AAMDC","Aging",0.322367293917306,0.0311257469463747,0.137248833144801,0.326761666233806
"PTGES2","Aging",-0.0421587250746107,0.727774657158558,0.853467446690108,0.986692816632736
"UBE2Z","Aging",0.212743146632256,0.112686757296436,0.303043798714073,0.628481435081915
"ACAD9","Aging",0.0603669649004992,0.722288945459872,0.851920163938368,0.980552406700682
"METTL7A","Aging",0.146710092881769,0.349971386514409,0.580433616592903,0.857245020927336
"COQ10B","Aging",-0.228732247560401,0.230452345856873,0.463795993927937,0.714828319959904
"MOB1A","Aging",0.107941821103672,0.538646948198699,0.731123190317311,0.935398106439709
"GORASP2","Aging",-0.00933829715422974,0.930878951520882,0.967893309648241,0.999331358488248
"JPT2","Aging",0.735073180854384,0.00976448222477994,0.0645745475431202,0.0332847314193888
"SYNPO2L","Aging",-1.87230204809862,8.35196112717209e-07,0.000219552178130536,4.16631491044755e-12
"ARMT1","Aging",-0.135642751764273,0.410816811056246,0.634301619239142,0.886327408838182
"LRRC40","Aging",0.295066995314842,0.426319270361579,0.646205217670316,0.777583449642528
"SFXN1","Aging",0.314597593078506,0.00842600794037044,0.0592638618682242,0.222538743343544
"L2HGDH","Aging",0.256564585422286,0.0748338271974854,0.237559131720433,0.514201582687675
"COPS7B","Aging",1.01123088006004,0.0129685036321077,0.077433279389095,0.0123508247795768
"FN3KRP","Aging",0.266256228394383,0.449023114621198,0.659716472897771,0.808005608019524
"TBC1D17","Aging",0.0844006877186487,0.538868732758836,0.731123190317311,0.949154648974816
"CARS2","Aging",NA,NA,NA,NA
"GRPEL1","Aging",0.459698342910283,0.0288626994358048,0.131263949995894,0.195983471346351
"CACYBP","Aging",0.197425440234614,0.231339111008791,0.463795993927937,0.74900823268846
"RDH14","Aging",0.0131009263780442,0.926680401336745,0.967076459323748,0.9990029072199
"PARVB","Aging",0.0453343919384714,0.735855626882197,0.85877046799848,0.986191202948952
"TNS1","Aging",0.29338941344534,0.0646795415698367,0.216311310080908,0.447807752690356
"PLGRKT","Aging",0.201577867666483,0.341611265192092,0.573350750757359,0.805323574051196
"GLOD4","Aging",0.172638074413562,0.0448567814461935,0.172602794205387,0.585132473006065
"MCCC2","Aging",0.07793713951461,0.720467233043894,0.850248367615774,0.97477158465288
"HHATL","Aging",-0.326329292144294,0.0637112022972328,0.214033000688627,0.407174515898087
"PREB","Aging",0.190027436858525,0.153232100388513,0.363581121060017,0.700154850640466
"MRPL47","Aging",-0.0164659000353318,0.907935016275343,0.955649318932455,0.998410946573149
"JPH1","Aging",-0.244727099791309,0.0377254419286345,0.156174418062832,0.448398188180001
"APMAP","Aging",-0.0768151330000038,0.588122108342028,0.765022027600019,0.960045056710899
"TXNRD2","Aging",0.137587072860907,0.427423422624541,0.646205217670316,0.889632984060933
"RAB18","Aging",0.0954800976243746,0.360342524717496,0.589269307527912,0.907141748041296
"PALMD","Aging",0.192583767675284,0.205998972059916,0.434084006254513,0.737669023582827
"SSU72","Aging",-0.303232585435284,0.0633552234575427,0.213812589301221,0.433173008520431
"VTA1","Aging",-0.0558295815245913,0.615601168579117,0.78308156593419,0.973277482266484
"SARS2","Aging",0.222411595821271,0.137966723802307,0.341747962492641,0.643688634240472
"DYNLRB1","Aging",-0.253528276208208,0.106540528541881,0.294099817324766,0.566823066817991
"MYOZ1","Aging",-1.79069379445856,0.00219558348818142,0.0239238967650027,1.73592118539909e-05
"MYOZ2","Aging",-0.686693109952063,0.220822361108316,0.453505298252723,0.354453183631425
"OSGEP","Aging",-0.335853109521217,0.0271397411785056,0.127734513185176,0.297797881673949
"ACOT13","Aging",0.0958463194650498,0.432470397681694,0.64993590022328,0.922800368848587
"MRPL40","Aging",0.305858288654861,0.110849763151633,0.300796196010172,0.510298405584413
"TIGAR","Aging",0.390529559266843,0.269843441631047,0.508951352242234,0.599559609762448
"RTN4","Aging",0.065895847993545,0.484722388974226,0.686233695784944,0.953400334147088
"HINT3","Aging",-0.451251994918621,0.0355756981944699,0.151755970188581,0.221924421223158
"PFDN4","Aging",0.214065645869812,0.0859572387018304,0.257138083911735,0.591379799319377
"NIT2","Aging",-0.0723058228170039,0.356567217202638,0.586286831725682,0.928147963847998
"XPNPEP1","Aging",-0.251414940829754,0.0167057374607446,0.0914900153123592,0.357438947837305
"GPHN","Aging",0.192370678814974,0.253470363180118,0.488586777055718,0.767950218609414
"PDLIM7","Aging",-0.663251911671015,0.0426010753297133,0.167771650596231,0.123299287621525
"ACSS2","Aging",0.257418472289746,0.0190809263565943,0.0993247230889056,0.360906362619501
"DIABLO","Aging",0.222217466127034,0.0983948809991389,0.279627614515121,0.597339042819881
"SAR1A","Aging",0.241971557400579,0.0267924479189232,0.126902067507873,0.416508348701342
"SH3GLB2","Aging",-0.357149168607808,0.0438532816393289,0.170468486668223,0.327334799545451
"EIF2B3","Aging",-0.280051291697138,0.454971577784428,0.665445680630969,0.802080673958855
"MBNL1","Aging",-0.0926494945969765,0.364870705304663,0.593204010632189,0.910819666337836
"SDR39U1","Aging",0.429220096385031,0.0387828354875792,0.159297466856209,0.247865301858903
"AASDHPPT","Aging",0.108532575321551,0.591698629405508,0.76763862901899,0.94463816365889
"OSTC","Aging",-0.352980444876831,0.0982572160315413,0.279627614515121,0.440884019051265
"CMC2","Aging",0.0962450056780462,0.592635544662478,0.767906685412933,0.950893657147321
"HEBP1","Aging",0.0883907454708712,0.475202104311865,0.679367794267744,0.936351772489902
"PHPT1","Aging",0.450000599234311,3.36062973734664e-05,0.00172157411243838,0.00970256629840836
"LTBP3","Aging",0.397094291917973,0.0751361385690144,0.237559131720433,0.357771715793529
"TOMM22","Aging",-0.395094784148135,0.0895896225667981,0.264462867157343,0.385516068954538
"LANCL2","Aging",-0.256533582701511,0.0452683564808646,0.173405015809214,0.452028903769746
"FARSB","Aging",0.0373077720037642,0.80667353173611,0.899011360488097,0.992016973570124
"IARS2","Aging",0.177386169120364,0.0837094557311753,0.254152179798495,0.644043347296485
"SIRT3","Aging",0.168123447115288,0.332726038767431,0.566118818388274,0.831096749307856
"MAN2C1","Aging",-0.0826735042115345,0.627943915909337,0.791013983572743,0.962262162623478
"OLA1","Aging",0.0338081283408584,0.650256835258344,0.806778834541769,0.985554740409899
"CUTC","Aging",0.259950301720156,0.0783661516846555,0.243792924545607,0.51585586812538
"ACSS1","Aging",0.174601107072053,0.369746981238329,0.596302071736354,0.840534746481031
"ABHD10","Aging",0.17159705268114,0.258956243933488,0.493730717127947,0.793069736328277
"DDX19A","Aging",0.169036643737208,0.0434747335135381,0.169309934405501,0.588588999229189
"SEPTIN11","Aging",0.185940612052647,0.271283102682233,0.511089191209002,0.784603567017491
"PARVA","Aging",0.0426275641057856,0.795864265022314,0.89598637545071,0.990314204410333
"PANK4","Aging",0.17958408384396,0.150205144963888,0.360120643400902,0.711452149224488
"DNAJC11","Aging",0.24064798534965,0.190853615670641,0.41066046382394,0.671277357478163
"TMLHE","Aging",-0.346701243063457,0.190881058393412,0.41066046382394,0.563170089080161
"ATAD3A","Aging",0.477295483664264,0.012595020370391,0.0763213643870409,0.123946281710686
"ARL8B","Aging",-0.05776246705733,0.590789157203992,0.766931850370368,0.970057277698462
"MRPS18A","Aging",-0.209248757004426,0.413291935738296,0.635072389444121,0.831193694298273
"PNPO","Aging",0.664687836233945,0.000433287485665981,0.00830367293488336,0.00581441483344158
"OXSM","Aging",-0.0132886938395202,0.9533982805923,0.979453821313422,0.999366030824627
"MRPL22","Aging",-0.489980091629345,0.016424700203929,0.0905530590849593,0.133545505900988
"CZIB","Aging",0.0489376955846375,0.67708089069072,0.820219535208862,0.981096980566646
"BABAM1","Aging",-0.191189294645039,0.116616588132238,0.307877323059317,0.663093187329517
"NDUFB11","Aging",0.243664728191447,0.105931510882537,0.294099817324766,0.578672737384086
"OCIAD1","Aging",0.144917256919431,0.150349940516401,0.360120643400902,0.75988533262564
"MARCHF5","Aging",-0.60279594956349,0.00138965975329625,0.0176051473565182,0.018956441026777
"CHCHD3","Aging",0.0130306344916313,0.90432874548668,0.953623710464871,0.998690467245108
"SIRT5","Aging",0.242539657287953,0.0488216199846249,0.181720118279055,0.480768991623629
"BABAM2","Aging",0.0051575911850712,0.961609515241902,0.981681946870738,0.999798117087178
"DPP3","Aging",-0.0332190540288089,0.769257549878797,0.874885188002771,0.991323523592879
"TUBA8","Aging",-0.221401399409018,0.0160139394976883,0.0891435595686714,0.40038093105651
"MAP3K20","Aging",0.350653171146853,0.136165694127615,0.338083181523465,0.497001952069399
"UGGT1","Aging",-0.151317791180773,0.2952202897741,0.534130038528028,0.831426176531018
"TECR","Aging",-0.0906538397783478,0.631383525764446,0.794138489642721,0.95917050589743
"ERAP1","Aging",-0.171219924578896,0.318841346064593,0.55192133388538,0.822246599846168
"CISD1","Aging",0.348300257295548,0.0013125694056841,0.0169345611052372,0.0991382498244596
"CLIC5","Aging",-0.202599031935804,0.0818476395265207,0.252196199546685,0.602249017377898
"FAM120A","Aging",-0.234089867428255,0.126634025768153,0.323193393434983,0.616475959581581
"GLTP","Aging",-0.0183215197181283,0.945658220447471,0.974850668304113,0.998976826027569
"COQ3","Aging",0.235744153096825,0.0443611153022617,0.171176927487443,0.479776243735238
"HSPBP1","Aging",0.0509822166212999,0.76480387497149,0.872584841598911,0.986422852304202
"MAT2B","Aging",0.348191061645736,0.00285531911992314,0.0291492044135843,0.130041416835698
"MYOF","Aging",-0.899711415203956,3.82729174117222e-06,0.00045242964691501,1.33710559647384e-05
"EHD2","Aging",0.0112133050312622,0.899563843320813,0.952079900605772,0.998813828964746
"TMOD4","Aging",-1.01784887257447,0.0058957053436582,0.0459221813667591,0.0053795053928079
"LMCD1","Aging",0.0118366725223993,0.934144955523694,0.968214313191883,0.999193967633407
"CHMP5","Aging",-0.216248526124414,0.382425599090148,0.609076750388942,0.81231859415273
"CNIH4","Aging",-0.187036862702026,0.347031488002927,0.576466997843724,0.820412063636117
"NDUFAF4","Aging",-0.185500081613288,0.408620682823237,0.632324721101742,0.847032145243461
"EMC3","Aging",-0.676570175812401,0.000418690866939747,0.00830367293488336,0.00518171929928741
"NDUFA13","Aging",-0.144051539171922,0.308278723561167,0.543483216134188,0.844075961373948
"PDP1","Aging",0.53722019053318,0.00290283271492361,0.0293782234685528,0.0433487677171337
"MRPL36","Aging",-0.202160002600984,0.140200495842302,0.346058266145964,0.672212968490399
"VAPA","Aging",-0.0934721122557214,0.330296648068763,0.562977184256241,0.901635403314278
"RNF181","Aging",-0.0439273543323928,0.858744721210421,0.930896983868822,0.993332909440488
"TMEM14C","Aging",-0.769376749606067,0.190248529763096,0.410489026071898,0.278950132086119
"LARS1","Aging",-0.213792308131772,0.115960846645029,0.306749258483643,0.630894831753498
"SUCLA2","Aging",0.199706392003435,0.0423981911766894,0.167771650596231,0.53195205082765
"GMPR2","Aging",0.0658822398051235,0.664557281101576,0.815857537744666,0.97343742312672
"DPM3","Aging",-0.152192609243642,0.619626352371059,0.785457636549931,0.929744684316795
"IMPACT","Aging",0.0325829405478615,0.897887755188657,0.951469390619711,0.996496635694146
"ATXN10","Aging",0.0566358655653438,0.665863008389798,0.81645986198538,0.977231033664167
"EPS15L1","Aging",-0.21214476747839,0.179166745374701,0.398943328228018,0.694356436647505
"SAE1","Aging",0.361676284928571,0.305420743229731,0.542025167098839,0.651178441305161
"RNF7","Aging",-0.0997266916706856,0.333550544161384,0.566415152791054,0.896285745025627
"MYOT","Aging",-0.416392478459464,0.125543166674753,0.321234389467501,0.421448212860333
"GNG12","Aging",-0.455590885250583,0.00338608302268295,0.032923462176979,0.0749122331689337
"VPS29","Aging",0.128326511933995,0.7818688769336,0.884161500437608,0.968916271900604
"EIF3K","Aging",-0.21716924454087,0.0977725072072404,0.278989935762315,0.603540106121512
"GRHPR","Aging",-0.197888697474536,0.0128849203842091,0.0771993947806033,0.422674976394274
"CTSZ","Aging",1.04754411656787,1.15803828645045e-07,7.2389716341248e-05,5.41930697155229e-08
"UBA2","Aging",0.268657350627571,0.082051704065854,0.252273002412999,0.510812660763456
"COPS7A","Aging",0.158716268981632,0.109224424203567,0.297923429442414,0.703664596617199
"HSPB7","Aging",-0.300555760699456,0.0630082769471413,0.213375855748532,0.435664359928012
"CLIP2","Aging",-0.118401705005375,0.61671849986342,0.783187805080177,0.944378171310004
"UQCR10","Aging",-0.384197523219523,0.0061508607511182,0.047556103527947,0.14142124207452
"DNAJB4","Aging",-0.262889496105707,0.403755841377808,0.627544481542572,0.78786675393333
"NIPSNAP3A","Aging",0.491794096214242,0.121772057014622,0.316156340619445,0.355040363260218
"TES","Aging",-0.729695170157223,0.0635439221651276,0.213812589301221,0.133847077073756
"KDM5B","Aging",-0.182645541081243,0.19877343044316,0.423239342096033,0.744471845238944
"WARS2","Aging",-0.0105288473871141,0.985283582419975,0.994266494159888,0.999843913825477
"MLX","Aging",-0.188983110255087,0.371947140355738,0.598110269283698,0.829522567751305
"SEPTIN9","Aging",0.323568541546514,0.0843548366616024,0.254152179798495,0.449286092439241
"UBQLN2","Aging",0.294535194565597,0.030951418836631,0.137033334344074,0.359295936664803
"PCYOX1","Aging",-0.11540582726715,0.391970866392077,0.618854903920825,0.897550962583063
"DPP7","Aging",0.317934459567255,0.281264078647698,0.519313746616426,0.668119955050738
"SMPX","Aging",-0.275200009918688,0.0919939923827212,0.269072831684093,0.51859293393687
"BCAP29","Aging",-0.21267453475815,0.117361913430869,0.308901256502025,0.634033384967479
"CYB5R1","Aging",0.310983913510025,0.00340030308076933,0.032923462176979,0.170742521927414
"PFDN2","Aging",0.232021710081735,0.0304074928782198,0.135480842209526,0.444650277575866
"PUF60","Aging",-0.219227210635694,0.176148144832723,0.395526227151008,0.68340154075758
"ENOPH1","Aging",-0.184935387879047,0.116680088672504,0.307877323059317,0.672132169682914
"NDUFA12","Aging",-0.151283476438365,0.372476263617345,0.598409153848187,0.861220393935472
"EIF2B4","Aging",0.157703024173909,0.42268421091265,0.643667556516512,0.873014779802194
"ATP6V1H","Aging",-0.427356089340581,0.00776296430895749,0.0557184776168519,0.125397951526314
"TRMT112","Aging",-0.671237889828909,0.05986151098275,0.207394987803498,0.151068941301014
"XPO7","Aging",0.193843894354448,0.337160883151723,0.570094103467312,0.80997967419241
"LCMT1","Aging",0.0678468538676675,0.638394654106036,0.798901734197446,0.970009345019959
"ATP5IF1","Aging",0.296460784498706,0.0462425897219934,0.175538206110744,0.402010455046254
"AK3","Aging",0.125864308095576,0.556456219571208,0.744001201660215,0.928878368116222
"NAGK","Aging",0.231860773739228,0.0164485347458176,0.0905530590849593,0.385824565860536
"SLC25A13","Aging",0.109096369556951,0.328437242980313,0.561547578851706,0.885618565254879
"DBNL","Aging",0.0318090019863213,0.913678295377791,0.959663097793268,0.997132506010884
"DCTN4","Aging",0.24510005783549,0.121758669149663,0.316156340619445,0.59683731888655
"HSPB8","Aging",-0.521418474281006,0.00779817107539364,0.0557807951413362,0.0795877231103491
"STOML2","Aging",0.12189537962356,0.19975917651217,0.424765973918195,0.821741089262296
"VPS28","Aging",0.0584478897727116,0.567032012431394,0.751871577643898,0.967383961616817
"JPT1","Aging",-0.376775852683895,0.0467814112563289,0.176944798331042,0.315439256758306
"APPL1","Aging",0.36248355548576,0.000296967190238844,0.00664385107523712,0.052651994218522
"PACSIN3","Aging",0.243149705915869,0.0699864076385163,0.227041642019542,0.523799912215625
"ACAD8","Aging",0.430370382387714,0.00433530387239094,0.0384048897095493,0.0961707930650554
"AGO2","Aging",0.198768085136102,0.154110346174647,0.36456024522529,0.689551775857818
"MYH2","Aging",-1.02254230983546,0.0047626195974678,0.0402240522629509,0.00422181479359873
"MYH13","Aging",-0.868967675536659,0.0358020493119257,0.152412367819797,0.0553850685324409
"CDV3","Aging",-0.137193246243594,0.245045098317135,0.479367194822866,0.824534209067771
"RAB21","Aging",-0.0490160624628153,0.647423504371296,0.805163589410311,0.978915492682722
"PSME2","Aging",-0.266243447105904,0.142880748090442,0.349800015406519,0.595685857083027
"DNPEP","Aging",-0.120448572943822,0.159076963615326,0.371242757509709,0.801373058586948
"MCTS1","Aging",0.0290565889484995,0.757592077427187,0.86871108987425,0.991966040834294
"TBC1D24","Aging",0.222034728629259,0.378630897512405,0.604143230249308,0.80602649042643
"TMCO1","Aging",-0.403889888389564,0.00169000914769342,0.0200796002124252,0.0759228356042377
"EPDR1","Aging",0.73064791632676,2.40277904486991e-05,0.00148618950922395,0.000421626781428228
"MYO6","Aging",-0.346029641436068,0.0513960649211848,0.187323959322793,0.358049873638489
"NFU1","Aging",0.202612659246526,0.31561265490618,0.550485657213965,0.791630180001306
"SYNPO2","Aging",-0.773094569896269,9.54537207552547e-05,0.00327163211118624,0.000779829556638348
"UBQLN1","Aging",0.116896861856386,0.673556903226576,0.819464450613461,0.954855146626656
"SNX12","Aging",-0.0862751865839577,0.533181067435972,0.725747433539061,0.947187734326588
"NDRG2","Aging",-0.339593364006422,0.00696938669970182,0.0516078177094117,0.18516682754185
"VPS4A","Aging",0.183602610243053,0.124279717312695,0.319902381283473,0.681913868898633
"G3BP2","Aging",-0.252943862215734,0.338439301667441,0.57121817929906,0.760300110912657
"STUB1","Aging",-0.196502932145442,0.0749449422656231,0.237559131720433,0.60101258808033
"PACSIN2","Aging",0.159073521717698,0.346192636254351,0.576330291573589,0.844729506052935
"SNX6","Aging",0.00707580471772573,0.935548090965968,0.968475869615245,0.999528701683638
"PSMD13","Aging",-0.218582415536062,0.00495973703191999,0.0409032430514813,0.3135218297976
"COPS3","Aging",-0.0694043936496875,0.299742192265934,0.538171588865799,0.919780088827499
"NSFL1C","Aging",0.0527994653351875,0.483210660033921,0.685227254249047,0.962326790534975
"PPP6R1","Aging",-0.120849976648156,0.417287938543253,0.637295958428802,0.899766209153175
"LIMCH1","Aging",0.215005143175567,0.163381063357303,0.376743833596939,0.677383046260522
"USP24","Aging",0.158838949402185,0.395326620445468,0.621354172493886,0.862940642979067
"MAPRE3","Aging",-0.336933169819584,0.119348135906498,0.31217553459125,0.488594492581462
"PA2G4","Aging",-0.126459471859807,0.226359498230517,0.460253315694783,0.828720700598123
"CAMK2A","Aging",-0.314348842765149,0.11165430163089,0.301811049267045,0.50199657321622
"CHMP2B","Aging",-0.112999337128215,0.376787338513423,0.601658141908677,0.895569228522606
"RTRAF","Aging",0.173031423179108,0.609986101582776,0.779344332702659,0.918023087882653
"RUVBL2","Aging",0.249609882274104,0.117948013525951,0.309668754613077,0.586522676410308
"APOBEC2","Aging",-0.392454219191325,0.0842874893263935,0.254152179798495,0.37880107526877
"PIN4","Aging",0.0339245519787781,0.808103477191382,0.899599475743385,0.992797919987347
"EIF3L","Aging",-0.189820994950445,0.190312315939183,0.410489026071898,0.729840045580111
"PLAA","Aging",0.0468150330543651,0.606826868417365,0.776723617943834,0.976886643002573
"NUDC","Aging",-0.0163591643642569,0.835001765151168,0.916019150815287,0.997054438625355
"BCS1L","Aging",-0.0459058994639321,0.876116560611371,0.940995224538808,0.993947056401949
"VDAC3","Aging",0.0404400143280483,0.769080325534986,0.874885188002771,0.989438246661094
"CFL2","Aging",0.190935009071261,0.0227632691236655,0.112373603209081,0.485666982798206
"FARSA","Aging",0.179875308824634,0.23089083244543,0.463795993927937,0.76823233315739
"CNPY2","Aging",-0.0383125852166302,0.805115433529697,0.899011360488097,0.991729386885245
"FNDC3A","Aging",-1.49972951810363,0.00651776704242746,0.0496625510515396,0.000526913708421301
"PADI2","Aging",0.244313313972533,0.0307245907737626,0.136569287502423,0.427044092463329
"GSTK1","Aging",0.127350656297374,0.297292919723774,0.535279974468405,0.856859682794269
"LAMTOR2","Aging",0.543012343186341,0.127353056110319,0.324241497578693,0.326594631458755
"COA3","Aging",0.496136732368594,0.025693254363389,0.122802077105016,0.162574659300478
"TMA7","Aging",0.154424985296082,0.229861055981167,0.463795993927937,0.796882525373896
"SUGT1","Aging",0.314618589257439,0.0141677550092917,0.0816295583138097,0.262038401057886
"COQ6","Aging",0.119103555692327,0.317637879999633,0.551235277885804,0.872325091386007
"ACOT9","Aging",0.306194559567825,0.00947654626081842,0.0634687158805769,0.240138207499445
"MEMO1","Aging",-0.0640519387295733,0.62502908784835,0.788796831419512,0.970346880431137
"TMX2","Aging",-0.763403822160043,0.000107182863277374,0.00340050201973803,0.000931928347156233
"SH3GLB1","Aging",0.376755420957338,0.00453236094374198,0.0390899705966416,0.130920467085602
"CAB39","Aging",0.0797905486842829,0.329466965278634,0.562850550756269,0.915220933442657
"LUC7L2","Aging",0.318382057794182,0.00343647917579426,0.032923462176979,0.164264159143311
"DHRS7","Aging",-0.119508028794179,0.296588090568533,0.535075168483562,0.864804877038598
"MOB4","Aging",-0.130271010466636,0.411104663349002,0.634301619239142,0.890654342037102
"SBDS","Aging",-0.0955846091476964,0.308309784521202,0.543483216134188,0.893624468025195
"MRPL11","Aging",-0.0308739033487804,0.879634338285215,0.943310417876856,0.996048281977411
"PPIL1","Aging",0.0460530440850526,0.57210624722299,0.755372542792226,0.974610449199371
"MSRB2","Aging",0.381789549713865,0.159583192006075,0.371242757509709,0.496259486678446
"FIS1","Aging",0.0122770501174436,0.919309133436372,0.96232309985898,0.998967630253992
"PTRH2","Aging",-1.11167451180821,0.00187436303880929,0.0213069484898158,0.000929610416186294
"STRAP","Aging",0.0696812527381638,0.317687663717353,0.551235277885804,0.923206302377199
"RTCB","Aging",-0.14811029700066,0.0831806006510298,0.253887958155465,0.691901298073473
"RPL36","Aging",-0.404833167246185,0.0520897444673824,0.188545150800181,0.302342179651762
"SAMHD1","Aging",0.235564634314246,0.458173327733473,0.667732853931736,0.832052269659285
"HBS1L","Aging",-0.190823243503189,0.0906234470525315,0.266920320940439,0.632436992564127
"TLN1","Aging",0.128000718809222,0.0699755355677662,0.227041642019542,0.711462947604463
"USP15","Aging",-0.108187601571743,0.307559411008979,0.543483216134188,0.880238315598987
"TLN2","Aging",0.228904441918765,0.0629680599264367,0.213375855748532,0.531022967530812
"DTNA","Aging",-0.0832911336830477,0.357678713275857,0.587196201420083,0.91793078170606
"HYOU1","Aging",0.00254806589008183,0.98431678069923,0.994266494159888,0.999959722254176
"AFG3L2","Aging",0.146543370642803,0.150001158230427,0.36010552027236,0.7572898350567
"ARIH1","Aging",-0.0507030519901335,0.759095681908255,0.869960882317744,0.986122046384094
"RNF114","Aging",0.489040005966519,7.3043267400044e-05,0.00274303555968379,0.00948691987056014
"SAMM50","Aging",0.102944123937657,0.238685651930259,0.473097008491361,0.862880937643197
"PPME1","Aging",-0.373317976086422,0.210006780836674,0.439447024974652,0.558441280072128
"TIMM9","Aging",0.188425640483995,0.177317924964093,0.396813280338642,0.721847962730713
"TIMM8B","Aging",-0.0202219136685713,0.908790104568104,0.956070830368545,0.998067822600333
"UCHL5","Aging",-0.144184205713621,0.181498909155871,0.402311463751027,0.781882223125149
"TIMM13","Aging",0.120768352177109,0.301352298741022,0.538317490943273,0.865144570968073
"SRPRB","Aging",-0.102211775881845,0.449233670515092,0.659716472897771,0.921464432457692
"GMPPB","Aging",0.0697026365022424,0.597951288005411,0.772250313790064,0.964790498635676
"MPC1","Aging",0.132577919543788,0.355536354836086,0.585049259953277,0.871880846420269
"SNX5","Aging",0.151915585019896,0.737182697672636,0.859412488171808,0.954734461604239
"HEBP2","Aging",0.118154249041673,0.298826400414608,0.537121299206769,0.866998850285521
"HCFC2","Aging",0.393207638106137,0.15170046026151,0.362005620089336,0.476384686746438
"FHOD1","Aging",-0.0161930090886067,0.862573558053455,0.932563124383106,0.997608972018417
"MYH4","Aging",-0.808309346597731,0.0733924180938949,0.234922762939819,0.121086370070253
"MRPS18B","Aging",-0.127884678954402,0.341162240540607,0.573350750757359,0.871510977935525
"COPG1","Aging",-0.174490631041937,0.128286863047035,0.325044907214356,0.698853503620064
"CLIC4","Aging",-0.636357480653263,0.000206295442381215,0.00529072335765482,0.00451541746206396
"NFS1","Aging",NA,NA,NA,NA
"SPCS1","Aging",0.0535494401604382,0.652903737294338,0.807386479315601,0.977429125184666
"SAR1B","Aging",-0.121031755543381,0.255066281980823,0.489499490803023,0.84759068893101
"MTCH2","Aging",0.116998578357119,0.20905430847043,0.437889652104895,0.832666866759936
"BZW2","Aging",-0.0226480341610831,0.779329768036424,0.882093919365231,0.994369281719039
"DYNC1LI1","Aging",0.18935030754573,0.257384084814557,0.492519317893552,0.773380934453933
"CHCHD2","Aging",0.501129716951581,0.0226301255709552,0.111979186060515,0.149790663284589
"NDUFB9","Aging",-0.0623866739326218,0.674817981851829,0.819464450613461,0.975761150830934
"COX11","Aging",0.327147261500524,0.0612074487926563,0.210325596096334,0.400964886337931
"SQOR","Aging",-0.221336084256787,0.441952883660524,0.655091889226179,0.834658664769595
"SESN1","Aging",0.0859175295904855,0.56401613090584,0.750351209463727,0.951988237159406
"SEC23IP","Aging",-0.15567465971462,0.152864404862615,0.363291933984125,0.746478273043297
"MMP24OS","Interaction",0.0551172154683641,0.898985411591759,0.987468304529308,0.994147842916641
"ESYT2","Interaction",-0.0329007007074225,0.855213280799966,0.985431172218709,0.994867402998227
"ILVBL","Interaction",-0.226157361526575,0.336238668270472,0.848465025583376,0.78153401191181
"FSD2","Interaction",0.109690884238372,0.538915839590807,0.933267267884209,0.934437578744962
"TARS3","Interaction",-0.0327742287027029,0.896784485158759,0.987207627268441,0.996435951460526
"VWA8","Interaction",-0.325150212215952,0.335313715862496,0.848465025583376,0.700971555903205
"CARNS1","Interaction",-0.324024405820875,0.279388785498518,0.825353117366385,0.661543170761683
"MAP1LC3B2","Interaction",0.473984823483104,0.110941619597548,0.717953696739967,0.352686865213122
"PGP","Interaction",-0.0748721111186512,0.489704696418728,0.922485112263943,0.947948457313154
"DHRS7C","Interaction",0.0322056996335967,0.859338333904545,0.985431172218709,0.995129753680738
"SMTNL1","Interaction",-0.203661306293366,0.438919350858979,0.910335198573263,0.845605125279007
"NUDT19","Interaction",0.306739444456177,0.327630373766204,0.847636923831845,0.710148551630743
"NACA","Interaction",-0.168258091755156,0.0864454372273911,0.717953696739967,0.662366334033617
"SLC35A4","Interaction",0.182333853969293,0.340777117154217,0.849755482400417,0.82177614599196
"PDLIM1","Interaction",-0.0191701272117442,0.938830221149953,0.990341070301427,0.998790701394673
"MYO1C","Interaction",-0.359391809771758,0.0614878171358673,0.687159062779027,0.367029281759297
"FXYD1","Interaction",-0.0505627832073507,0.846718479525617,0.985431172218709,0.991622299691799
"STXBP3","Interaction",0.416044189987915,0.00799624365254184,0.600075593630651,0.134124437144769
"NDUFS8","Interaction",0.338619137377727,0.0845690372891452,0.717953696739967,0.433244686641871
"PSMD11","Interaction",-0.0573362643501305,0.535177612007025,0.933267267884209,0.964790649984973
"PSMD12","Interaction",-0.121809846275209,0.383189240167575,0.872515210270836,0.889724682490813
"PSMD9","Interaction",-0.0562033839310523,0.643543322949112,0.961069163803318,0.975531784371578
"PGRMC1","Interaction",-0.124364450870132,0.758776785836519,0.980798083318214,0.96625209346378
"CLIC1","Interaction",-0.0604080598544563,0.703740750831416,0.975727073107871,0.978999561432445
"EIF3F","Interaction",-0.105367958363804,0.368624083935249,0.868599959641268,0.900185078976487
"PDHX","Interaction",-0.076913528042386,0.469904328376811,0.916129806509033,0.943567751026982
"DCTN6","Interaction",-0.207610844359856,0.374460321817952,0.868822416946716,0.815519630040013
"IPO5","Interaction",-0.080954441207183,0.327439855379509,0.847636923831845,0.913582442849826
"EEF2K","Interaction",0.1809053354539,0.422735976005329,0.898955754642911,0.855763826708899
"EML1","Interaction",0.0105598774730318,0.935766616313222,0.990341070301427,0.99929918413121
"DNM1L","Interaction",-0.0623773820494229,0.578374921637694,0.943782221954246,0.966422980027527
"RTCA","Interaction",-0.0972163349619386,0.458820271817743,0.916129806509033,0.927056350949186
"NDUFA4","Interaction",-0.0119812636085364,0.932535638792986,0.990341070301427,0.999163483856853
"PSMD14","Interaction",-0.0212321252666321,0.824940695499166,0.985431172218709,0.995922345868436
"BIN1","Interaction",-0.202889279820138,0.0232394862976952,0.626620812936794,0.466149127883823
"KPNA3","Interaction",-0.0979106954455098,0.541794690486042,0.933267267884209,0.941758556506874
"DDX3X","Interaction",0.0426014218877384,0.816736705186498,0.985431172218709,0.991412913248466
"KPNA4","Interaction",-0.0820715914628884,0.392648577475541,0.874819365086014,0.926145592946743
"CES2","Interaction",-0.125011133001436,0.66474758195201,0.966602353126656,0.95023302790331
"FBP2","Interaction",-0.204949825288537,0.353458519615786,0.861173270977526,0.808038483859538
"PDXK","Interaction",-0.033726382040058,0.7456038084782,0.979245936480035,0.990148103720591
"SDHD","Interaction",-0.186915207694401,0.320166653235809,0.847636923831845,0.808252897716245
"COX7A2L","Interaction",0.225691448484358,0.478304745252714,0.922157656949289,0.846665936639165
"GAPDHS","Interaction",-0.0899368546942014,0.842977949698271,0.985431172218709,0.984754884588594
"HSPB6","Interaction",-0.346471157515584,0.139006030759903,0.738363254812349,0.504761095396962
"NDUFAB1","Interaction",0.214378014734777,0.278196969189769,0.824389044101135,0.760118616805106
"IMPA2","Interaction",0.0969034836746268,0.563922090551357,0.933267267884209,0.946002458043064
"PDCD5","Interaction",-0.105465097869946,0.324052976633534,0.847636923831845,0.887947052869748
"PRMT5","Interaction",-0.268792074435126,0.0207236373140747,0.626620812936794,0.352760053019418
"PSMA7","Interaction",-0.0530591351105549,0.513280478993208,0.932917824517434,0.9652319153822
"OPLAH","Interaction",0.0558306389792733,0.681303823050294,0.970226543375727,0.978803045164899
"MGST3","Interaction",0.255937085767066,0.113886560333251,0.717953696739967,0.573477410115882
"RGS12","Interaction",0.158261919666135,0.519302334575113,0.933267267884209,0.901491977906288
"HAT1","Interaction",1.02496732593999,0.124255554576558,0.717953696739967,0.117951454236121
"UQCRQ","Interaction",0.190806836027733,0.130424546414912,0.726479121003239,0.677960691045794
"MYL12B","Interaction",0.412764173125641,0.0431089824407457,0.644064577675981,0.273148295857189
"UQCR11","Interaction",0.421163252472109,0.0753597518405615,0.714035532790025,0.336583174947377
"CASQ2","Interaction",-0.199590428807227,0.379711164153551,0.872168498722824,0.824257518086645
"HGS","Interaction",0.00914795269915203,0.958854843552306,0.992391145962264,0.999615717336639
"HNRNPDL","Interaction",0.215956303368262,0.223056127826478,0.778210533237577,0.723245816788376
"XPO1","Interaction",-0.131880113593237,0.233198937559546,0.786701621321792,0.825307340577162
"ATP2A1","Interaction",-0.0529674564723166,0.769665155817923,0.983019144299973,0.986228836761944
"SYNJ2","Interaction",0.0820334514060796,0.810342609874575,0.985431172218709,0.982896472085775
"SYNM","Interaction",-0.287759589519581,0.388174630017009,0.872779472505912,0.761620492279645
"ARPC1B","Interaction",0.100964990168375,0.642394911566055,0.961069163803318,0.95630128672744
"ARPC2","Interaction",NA,NA,NA,NA
"PGRMC2","Interaction",-0.29874062023466,0.12023630372445,0.717953696739967,0.531091400802167
"PFDN6","Interaction",0.00241797427867851,0.984567172114978,0.995538562014884,0.999962393581889
"NDUFA1","Interaction",0.717998834718408,0.0745056961988135,0.711789529752256,0.154964906605983
"SURF4","Interaction",-0.282741804380716,0.145495407967082,0.74336736762335,0.579832423312112
"MAPK13","Interaction",NA,NA,NA,NA
"TCAP","Interaction",0.118860002709074,0.736589742761555,0.978541316414806,0.964313934432401
"PMM2","Interaction",0.178093683202121,0.470256074791538,0.916129806509033,0.874268496037538
"EIF3D","Interaction",0.0247025348640726,0.850630061939202,0.985431172218709,0.996011649114961
"EIF3H","Interaction",-0.218181141853528,0.37358255189955,0.868599959641268,0.806682836493978
"BCAT2","Interaction",-0.0471110928052134,0.774052361508934,0.984833588391771,0.988006607795926
"STX7","Interaction",-0.102483683772231,0.495976725159349,0.922485112263943,0.930657221932842
"SLC16A3","Interaction",0.666207738995119,0.0186697215743172,0.626620812936794,0.0705047943546682
"YKT6","Interaction",-0.139975956832252,0.205539980838654,0.774693599548634,0.801349561814386
"ARPC5","Interaction",-0.110773750326981,0.679158915189852,0.970029150791216,0.958047059998037
"TAPBP","Interaction",0.382559643247195,0.297010715038162,0.83680003466234,0.628497984481749
"DHX15","Interaction",-0.291571943704071,0.080508507214649,0.717953696739967,0.479704905191859
"CYB5B","Interaction",-0.257594920618246,0.294464724623506,0.83491280220511,0.729836650761664
"NDUFS4","Interaction",0.284122611881774,0.172228309685078,0.765014119763952,0.606680486691399
"DYNC1LI2","Interaction",-0.279280799145013,0.0881658171619901,0.717953696739967,0.507507666732312
"PSMD3","Interaction",-0.183325506947355,0.12322003390316,0.717953696739967,0.681237729379126
"RASA4","Interaction",0.05591066505065,0.824391018879178,0.985431172218709,0.989261150953086
"HNRNPR","Interaction",0.0352374832137947,0.786087424106328,0.985431172218709,0.991554650529063
"TXNL1","Interaction",-0.051275229620181,0.544071093074758,0.933267267884209,0.969272035030915
"TPD52L2","Interaction",0.0646691174749741,0.477229454301726,0.922157656949289,0.95328678835197
"ERI3","Interaction",0.139575948064479,0.490358756077457,0.922485112263943,0.905322239394445
"AKR7A2","Interaction",0.0369262469669955,0.752681693797344,0.980078434896075,0.989563619355349
"LAT","Interaction",0.0445189833925355,0.840239202028269,0.985431172218709,0.992280588944789
"DENR","Interaction",0.00682587453981398,0.948749755260013,0.990341070301427,0.999640953791612
"DNPH1","Interaction",0.0856014566010437,0.574445445006955,0.941427363463036,0.953655122170224
"TIMM44","Interaction",0.00162469792194742,0.990720237483176,0.995538562014884,0.999984852913419
"TRAPPC3","Interaction",-0.349528267159684,0.187083250717211,0.769457682955611,0.556615918792775
"CHMP2A","Interaction",-0.0642966101201026,0.528889032416232,0.933267267884209,0.95987190229686
"NDUFB5","Interaction",0.422449919636406,0.016555121722073,0.626620812936794,0.176843102847969
"NDUFB3","Interaction",0.395158855386537,0.0415074158346051,0.644064577675981,0.284406902038412
"NDUFA2","Interaction",0.245065622197014,0.143244450042682,0.739451079950063,0.621131682312372
"BUB3","Interaction",-0.214642817671002,0.424261479952557,0.899468586660265,0.831905943794227
"ACTN4","Interaction",1.08823617343123,0.0651026683720223,0.707483028598449,0.0511582036528711
"GSTZ1","Interaction",-0.130915725731512,0.597918692570643,0.947645471598398,0.93488661616037
"PRKAB2","Interaction",-0.0203402973944442,0.868401984043117,0.985431172218709,0.997134087313971
"AP1G1","Interaction",0.183109535598366,0.568747639280482,0.936472406056656,0.90182743493839
"SYNGR2","Interaction",-0.208803857344467,0.32451635016435,0.847636923831845,0.790577250778306
"SGTA","Interaction",0.0409984022755978,0.714783386681378,0.978331221844706,0.986328052986416
"ENSA","Interaction",0.097189829074857,0.57322489086689,0.941368697809415,0.947352601314072
"SLC25A20","Interaction",0.187803788771959,0.332462542907614,0.848465025583376,0.813170230798064
"NARS1","Interaction",-0.0203355927213025,0.888088978728847,0.985806590130533,0.997589414080213
"LANCL1","Interaction",0.132253775584399,0.33893370350495,0.849755482400417,0.866674268419646
"SLC37A4","Interaction",-0.21415256782668,0.297115745044725,0.83680003466234,0.771126588957095
"IDH3B","Interaction",0.000485881218125428,0.997524427001204,0.999171833373611,0.999998795674987
"CALU","Interaction",-0.083518024809397,0.575820961222539,0.94221171302847,0.954947910933316
"AHCYL1","Interaction",-0.11487650362006,0.413354399611077,0.890298328441241,0.903492345861964
"NDUFS5","Interaction",0.418766965383153,0.0446674566696636,0.644064577675981,0.272057637223789
"TIMM8A","Interaction",0.485596511185587,0.122478936982973,0.717953696739967,0.360716328151425
"PPP1R12B","Interaction",-0.605906804300604,0.0646432755615763,0.707483028598449,0.190233941830901
"PRPSAP2","Interaction",0.193532034520533,0.35121953019875,0.859036359659572,0.816685628232585
"SPAG9","Interaction",0.298013513580168,0.130233525231012,0.726479121003239,0.544722645127249
"OPA1","Interaction",-0.0192704359305651,0.885384125111545,0.985431172218709,0.997656888137962
"TBC1D4","Interaction",0.203936481134082,0.176248634722067,0.767898348762207,0.701871391158764
"SNX3","Interaction",-0.0381124774790145,0.687644795607246,0.97092857229222,0.985828899297986
"SYNCRIP","Interaction",-0.151829337454291,0.242585538424684,0.795453983372154,0.806500138681641
"SELENOF","Interaction",0.38507356330725,0.524296839554332,0.933267267884209,0.77985993373481
"KLHL41","Interaction",-0.330510610366151,0.293114370617514,0.833795672351873,0.666576671439504
"PLIN3","Interaction",-0.207050110338447,0.100044845192137,0.717953696739967,0.620855032479876
"KPNA6","Interaction",0.12400389779166,0.379430841702266,0.872168498722824,0.886769618870852
"SNX2","Interaction",-0.00421436818719556,0.974382500065487,0.995538562014884,0.999890637470838
"USO1","Interaction",-0.0250362736528587,0.857370326261267,0.985431172218709,0.99615469684258
"TOM1","Interaction",-0.048094434282195,0.718131214221417,0.978331221844706,0.984201909528386
"PFKFB2","Interaction",0.0579600685989625,0.758636949323787,0.980798083318214,0.984117063136553
"EDF1","Interaction",0.0459585678800032,0.7488690778854,0.979245936480035,0.986797123702107
"DNAJA2","Interaction",-0.0956295349277667,0.376964222386138,0.87128914327093,0.910923232898688
"CUTA","Interaction",-0.11011680818342,0.59203908212035,0.947307175785749,0.943912962309517
"PFDN1","Interaction",0.160306193083514,0.2078818085676,0.774737832930386,0.777395026730946
"NOL3","Interaction",-0.0312912915642087,0.846004029644021,0.985431172218709,0.994780788792094
"WDR1","Interaction",0.070730818513745,0.495747120676978,0.922485112263943,0.951580435909128
"LDB3","Interaction",0.122494786295331,0.377803275090548,0.871311395131989,0.887599920202836
"CLASP2","Interaction",0.0433984820877527,0.864283268453424,0.985431172218709,0.993690118556996
"COBL","Interaction",0.318824567955055,0.311121896251949,0.843185706479854,0.689181816351129
"CPNE3","Interaction",-0.128559067981971,0.279960612280059,0.825353117366385,0.849022690748522
"CLUH","Interaction",-0.412111030030179,0.260954126073465,0.806271498353456,0.574856780599752
"CAND2","Interaction",-0.245605419322519,0.127243916905205,0.717953696739967,0.602690022982915
"COQ9","Interaction",0.0396425714833839,0.746272479661698,0.979245936480035,0.988465070345805
"GGCT","Interaction",0.0637447825900885,0.629081164084094,0.954962427779603,0.970886810401314
"NDUFS7","Interaction",0.584491044895131,0.0145315030944842,0.626620812936794,0.0843115292383438
"RTN2","Interaction",-0.186753635713782,0.114918405228708,0.717953696739967,0.66761231599013
"NDUFS2","Interaction",0.459963623993609,0.0175671509882216,0.626620812936794,0.155821171234631
"NIPSNAP2","Interaction",0.146528896563119,0.280486494906996,0.825353117366385,0.830047886344257
"CILP","Interaction",1.04102757526877,0.0403014999944735,0.644064577675981,0.0353265252218914
"TBCA","Interaction",-0.046080003554767,0.661499652800365,0.964476593014273,0.981137791664421
"ATP6V1G1","Interaction",-0.268542438324797,0.022742689739216,0.626620812936794,0.362028113790719
"VPS4B","Interaction",0.28629373406698,0.224832838493674,0.778210533237577,0.652291179295612
"MACROH2A1","Interaction",0.657277834494948,0.111876603577253,0.717953696739967,0.237004946122606
"SH3BGRL","Interaction",0.292445555685131,0.280432793884452,0.825353117366385,0.689477322175061
"FLNB","Interaction",-0.139277509216804,0.559710870336406,0.933267267884209,0.922352687857454
"NDUFS6","Interaction",0.455113148820057,0.0163501351595353,0.626620812936794,0.153797782948317
"CS","Interaction",-0.0144159106348596,0.904000133903602,0.990017849989727,0.998546121019749
"SEC22B","Interaction",-0.214942524908572,0.043779944975123,0.644064577675981,0.510448889442219
"MTX2","Interaction",0.195428284825233,0.149855501467619,0.74336736762335,0.69008585875127
"VPS26A","Interaction",-0.0389985668958062,0.766269616327335,0.981049618692261,0.9896714645185
"NDUFB1","Interaction",0.252536609498534,0.205891066237359,0.774693599548634,0.67091629813489
"PMPCB","Interaction",0.241399493745504,0.105253052799816,0.717953696739967,0.580721562412161
"NDUFS3","Interaction",0.281742374784326,0.085062646640049,0.717953696739967,0.499415587931712
"ECI2","Interaction",-0.0673203564237497,0.668992664604135,0.966602353126656,0.973301300010068
"BANF1","Interaction",0.421440015818941,0.061425337880243,0.687159062779027,0.308575310039209
"CSDE1","Interaction",-0.00681756888641516,0.956704257875893,0.991313052186383,0.999698293339824
"PRKRA","Interaction",-0.12555272059652,0.660600702854835,0.963834775484728,0.949276774924577
"LYPLA1","Interaction",0.112912328044402,0.366945089811174,0.868525444796021,0.892972520227375
"TIPRL","Interaction",-0.092141012153288,0.393931315889272,0.875819782733715,0.917744173556098
"PPM1B","Interaction",0.18838860724037,0.270113142110716,0.815384643066976,0.781465282865135
"SLC25A12","Interaction",0.114487686508046,0.338489188592436,0.849660436359268,0.883361917985304
"TCEA3","Interaction",0.472207830035174,0.0724846073361257,0.708326325642792,0.289600387077763
"EIF3G","Interaction",0.214508089947607,0.127427390669766,0.717953696739967,0.642793727387713
"EIF3J","Interaction",-0.109231771828451,0.22269526147764,0.778210533237577,0.848690447920996
"PSMD10","Interaction",0.123633680454844,0.310554418554841,0.843185706479854,0.865388493278968
"IDH1","Interaction",0.0530178778129269,0.61146985570097,0.948620337080771,0.974258174920993
"SCO1","Interaction",0.439425592284767,0.0642511731196644,0.707483028598449,0.299331505100628
"ALDH1L1","Interaction",-0.307899873515737,0.0761878584870462,0.714035532790025,0.452618987638473
"ARL6IP5","Interaction",-0.141180229853944,0.229270866177505,0.78413593527298,0.812257830255822
"DYSF","Interaction",-0.170155107854381,0.121886658745443,0.717953696739967,0.698989696196097
"PIAS2","Interaction",0.112163812260221,0.480090563424317,0.922157656949289,0.920992284212028
"DCTN3","Interaction",0.482484558636543,0.0708486597382455,0.707485206942097,0.278806418936833
"ATP5PD","Interaction",-0.150086902656227,0.204707244170541,0.774693599548634,0.78815224582163
"FLOT1","Interaction",-0.068357229114067,0.658829308107639,0.963834775484728,0.971878150011066
"ATP5MG","Interaction",-0.149019678347162,0.233986740517971,0.786701621321792,0.805373031087455
"GLRX3","Interaction",-0.325010990441051,0.0404927885642959,0.644064577675981,0.35268130763018
"SNCG","Interaction",0.107399187767175,0.869111468245814,0.985431172218709,0.985046554129
"DDAH1","Interaction",0.198889703397814,0.208223463022902,0.774737832930386,0.731918234853556
"TPPP","Interaction",NA,NA,NA,NA
"BAIAP3","Interaction",-0.0372721604945738,0.857363821803975,0.985431172218709,0.994280497342445
"TOMM70","Interaction",-0.403913580839745,0.0089153157145557,0.600075593630651,0.148604645245244
"UFL1","Interaction",0.00800131885397448,0.956752403121022,0.991313052186383,0.999646319109055
"TMEM63A","Interaction",-0.218412413043506,0.315332490907617,0.845042810455234,0.777185817848151
"PLPBP","Interaction",-0.0213737272087293,0.844172467757457,0.985431172218709,0.996385870280838
"ERLIN2","Interaction",0.149271098995246,0.39376907233854,0.875819782733715,0.870124243484665
"ENDOD1","Interaction",0.00303167459082587,0.977905332200564,0.995538562014884,0.999932267374312
"SEC31A","Interaction",-0.0268241313473894,0.870634495120552,0.985431172218709,0.99629086773815
"NDUFB6","Interaction",0.523185308415393,0.0283877621025441,0.626620812936794,0.15513184131901
"MFN2","Interaction",-0.226450817947129,0.120665389118703,0.717953696739967,0.619474815800819
"NDUFA3","Interaction",0.508458636706013,0.0260170909543237,0.626620812936794,0.156395631125721
"NDUFB4","Interaction",0.437986458841301,0.0325870382814524,0.626620812936794,0.223220356430093
"NDUFB8","Interaction",0.304974119170861,0.0649801169893712,0.707483028598449,0.434438969974918
"NDUFA7","Interaction",0.429511766723362,0.0432361653372053,0.644064577675981,0.259465910846445
"RTN3","Interaction",-0.0592823969564371,0.813971011161565,0.985431172218709,0.987872017099132
"LETM1","Interaction",-0.0585135192379518,0.720731458566877,0.978541316414806,0.98101991935058
"STBD1","Interaction",-0.175539975378118,0.140966480116694,0.738363254812349,0.708982994234361
"ZRANB2","Interaction",0.100711658772084,0.810544010334273,0.985431172218709,0.979067738254996
"EPM2A","Interaction",0.404222234681143,0.0885850380304456,0.717953696739967,0.375404659585686
"VAPB","Interaction",0.0390910514941467,0.735576118283545,0.978541316414806,0.988066860580349
"NDUFC2","Interaction",0.56566615561243,0.022067338934884,0.626620812936794,0.115641951042207
"NDUFA10","Interaction",0.401238691545053,0.02769874910247,0.626620812936794,0.237167268156242
"PGLS","Interaction",-0.0565264358228177,0.760197409733777,0.981033353537815,0.984621223997925
"TACC2","Interaction",-0.347915874996751,0.0483081211008,0.654808789888909,0.348457420785442
"LYPLA2","Interaction",0.144383609905827,0.561095973658768,0.933267267884209,0.919951809742156
"IPO7","Interaction",-0.281182736045704,0.0923202421458921,0.717953696739967,0.511751779109785
"ARIH2","Interaction",0.52440105163571,0.0214565303291014,0.626620812936794,0.133373038236953
"PGM3","Interaction",-0.155777446120819,0.363192794542836,0.868525444796021,0.854042139981706
"SVIL","Interaction",-0.40694375637846,0.202288874411354,0.774693599548634,0.52187877918572
"AHSA1","Interaction",-0.177205926365684,0.179240970488634,0.767898348762207,0.73740259703488
"H6PD","Interaction",-0.0835689361298293,0.575622928086161,0.94221171302847,0.954893627085147
"MPC2","Interaction",-0.126816298454361,0.420376916776056,0.894844885660075,0.895924212056214
"ETHE1","Interaction",0.25151969740627,0.250385038856546,0.79855408175234,0.70589183827344
"ACSL3","Interaction",-0.23920382562158,0.0546738069130279,0.663986522105616,0.498967183247255
"ASMTL","Interaction",-0.0652277241284196,0.832502231792302,0.985431172218709,0.988113701165239
"CDS2","Interaction",-0.265244419041956,0.105837567904843,0.717953696739967,0.551177098204148
"SNAP29","Interaction",-0.58859707581551,0.0154838325840158,0.626620812936794,0.0860137255329663
"OXSR1","Interaction",-0.0081530616929193,0.929601056347651,0.990341070301427,0.999405005560808
"LSM8","Interaction",0.53077740457687,0.0223076073486657,0.626620812936794,0.132860586521836
"AP2A1","Interaction",-0.0757822076183245,0.670733858574931,0.966602353126656,0.970187318362355
"CAVIN2","Interaction",-0.0323902478448765,0.808994480499527,0.985431172218709,0.993157973895337
"BAG2","Interaction",-0.219378364586193,0.318945263119732,0.846090906331512,0.778262423393207
"BAG3","Interaction",-0.0940246100387689,0.605413196772998,0.948620337080771,0.953910245431467
"MLYCD","Interaction",0.170005223867111,0.610563192455167,0.948620337080771,0.91954520904142
"AIFM1","Interaction",-0.0538934302994214,0.588365458680548,0.94603594567955,0.971819246254919
"EML2","Interaction",-0.0786636334840836,0.736406106098671,0.978541316414806,0.976218357899702
"BPNT1","Interaction",-0.124773777953635,0.443700393823511,0.91106105878806,0.903578862417456
"DDAH2","Interaction",-0.337773021822045,0.035683451425907,0.626620812936794,0.324386188740084
"ABHD16A","Interaction",-0.579348425389426,0.0971501758619647,0.717953696739967,0.259046088439614
"TXNDC12","Interaction",-0.982741153813773,0.159195170380963,0.749359442940781,0.16432500622439
"NUDT3","Interaction",0.0356120672709963,0.799787433489293,0.985431172218709,0.992075498897305
"NDUFB10","Interaction",0.38137421166088,0.0465287369799179,0.654808789888909,0.310386802702677
"CLPTM1","Interaction",-0.644449615807286,0.102435007929704,0.717953696739967,0.230294653232173
"MOCS2","Interaction",0.216189805085786,0.281428426323286,0.826966606580731,0.760254443344762
"TOMM40","Interaction",0.313548480395927,0.0371390223694002,0.634382812992763,0.356100444959463
"PEX11B","Interaction",0.0925161449054812,0.755955379011235,0.980798083318214,0.974448593925815
"CYB5A","Interaction",-0.352385986879572,0.0982285913570386,0.717953696739967,0.441447196946954
"ADH1B","Interaction",0.121025827356902,0.738498984908398,0.978918843717694,0.963977590581236
"LDHA","Interaction",-0.00113847465696182,0.995561870776562,0.998413121957783,0.999994936069629
"ALDH1A1","Interaction",0.0415042315997383,0.823523989420672,0.985431172218709,0.991973813759035
"GLUD1","Interaction",-0.197773665696534,0.162636982228143,0.749359442940781,0.698232325242494
"CYB5R3","Interaction",-0.232767040838315,0.0673472659303616,0.707483028598449,0.533668423012869
"GSR","Interaction",-0.0925526108236809,0.343622575737253,0.851357348613171,0.905864309586814
"MT-CO1","Interaction",0.719536778148694,0.0166353318510402,0.626620812936794,0.0524767239330743
"MT-CO2","Interaction",0.304388353157645,0.0891874306638051,0.717953696739967,0.479164525042929
"MT-CO3","Interaction",0.454091610787902,0.0499167705840742,0.655122090098122,0.256380297685556
"SOD1","Interaction",-0.128277773500322,0.330209947804298,0.847636923831845,0.867503972461324
"CP","Interaction",-0.146639533353053,0.48351098882493,0.922485112263943,0.898920933790074
"F13A1","Interaction",-0.610385763252445,0.0656557064151753,0.707483028598449,0.189705516057623
"HPRT1","Interaction",0.0450559091355132,0.820276805615514,0.985431172218709,0.991113539475034
"GOT2","Interaction",0.0925913488697994,0.434144221239971,0.909015415384482,0.925652643109247
"PGK1","Interaction",-0.023311569547726,0.839350300831202,0.985431172218709,0.995925833574658
"AK1","Interaction",-0.180911117515937,0.213351621447972,0.776688055214058,0.756181413009547
"MT-ATP6","Interaction",-0.256893582896307,0.23951885725693,0.793499218776923,0.692717811533599
"CA2","Interaction",-0.0963297879965914,0.616738236274201,0.948620337080771,0.954509953982323
"ASS1","Interaction",-0.401423307808184,0.348910557884713,0.857381382591557,0.655291879165493
"CST3","Interaction",-0.0434283525035006,0.796348454394531,0.985431172218709,0.990159303331087
"CSTA","Interaction",0.261414835524544,0.586949580527489,0.945660203885014,0.869979091698391
"JCHAIN","Interaction",-0.134847464548663,0.809274269199972,0.985431172218709,0.971867238822503
"HLA-B","Interaction",0.717660996599658,0.0337752356334923,0.626620812936794,0.0879088203773154
"HLA-DRB1","Interaction",0.151972918672858,0.602064245580168,0.948620337080771,0.925788280465838
"MB","Interaction",-0.0572590420292229,0.618893340201658,0.949120370630426,0.972899815133126
"COL1A1","Interaction",1.10589551259394,0.0487824170571404,0.655122090098122,0.0354287872281138
"COL3A1","Interaction",1.47783006362941,0.0089806042338724,0.600075593630651,0.000944785941671526
"COL4A1","Interaction",1.31650803303726,0.0107858908532663,0.600075593630651,0.00257181159342057
"CRYAB","Interaction",0.00935659165773472,0.96291227641005,0.994630625731325,0.999646449169011
"KRT14","Interaction",0.118440780880363,0.847056943247037,0.985431172218709,0.980532318926717
"LMNA","Interaction",0.443675409352846,0.0695942800256421,0.707485206942097,0.306533782569923
"TNNC2","Interaction",0.470843242140866,0.206340695947061,0.774693599548634,0.475638420093459
"APOE","Interaction",-0.0336562893922441,0.928602902996742,0.990341070301427,0.997510046511134
"LRG1","Interaction",-0.598728144042767,0.0482714397971669,0.654808789888909,0.162887706380012
"FN1","Interaction",0.0911833100894164,0.881486518066776,0.985431172218709,0.988563528589492
"RBP4","Interaction",-0.099106217685268,0.859506591381152,0.985431172218709,0.98510764180144
"TTR","Interaction",0.221627568445374,0.327597324349781,0.847636923831845,0.780883163836172
"PPBP","Interaction",0.185386035941995,0.649101369848361,0.96126340992448,0.923007783063391
"TFRC","Interaction",-0.622665919699266,0.160788120702455,0.749359442940781,0.320450823139763
"FTL","Interaction",0.928752081718748,0.149211478340464,0.74336736762335,0.17087050548948
"FTH1","Interaction",0.796404704480569,0.0253149379144049,0.626620812936794,0.0535108469992345
"MT2A","Interaction",-0.302191035326032,0.257579121279068,0.801738864899738,0.66371629717487
"MT-ND1","Interaction",0.463005797942188,0.0206871300451645,0.626620812936794,0.16601963234053
"MT-ND2","Interaction",0.587905362494656,0.0348365007104371,0.626620812936794,0.138948632973655
"MT-ND3","Interaction",0.333540066039621,0.152687235082521,0.743885707745097,0.534275806953846
"MT-ND4","Interaction",0.292870001139548,0.21094328907465,0.774737832930386,0.633969568657548
"MT-ND5","Interaction",0.47713182673051,0.139507950189483,0.738363254812349,0.3907157678071
"MT-ATP8","Interaction",-0.095383528942687,0.62608351653206,0.952499252884764,0.95631742307623
"CAT","Interaction",-0.0421098064920251,0.858798700835612,0.985431172218709,0.993610514825344
"ALDOA","Interaction",-0.0542000639789855,0.603733234559377,0.948620337080771,0.9730200502405
"CSTB","Interaction",0.0577489823790174,0.726006222308519,0.978541316414806,0.981678877058727
"ANXA1","Interaction",-0.339589959080921,0.219355805588306,0.778210533237577,0.597394006452069
"SOD2","Interaction",-0.0129700472132228,0.951565160498965,0.990341070301427,0.999356281879473
"KRT1","Interaction",0.298526194166499,0.464502215034229,0.916129806509033,0.795402830523384
"VWF","Interaction",0.200075464686016,0.679014726682621,0.970029150791216,0.925471718144907
"GAPDH","Interaction",-0.0495426253532756,0.689678802713633,0.971171704702424,0.981761829126901
"HLA-A","Interaction",0.0420150658506699,0.843801058504489,0.985431172218709,0.992889622399779
"CAPNS1","Interaction",-0.00592916415836697,0.935853711264849,0.990341070301427,0.999606996749871
"HSPB1","Interaction",-0.162266831421537,0.456080128916143,0.916129806509033,0.880387135521789
"RPN1","Interaction",-0.0131936009152049,0.885796061876983,0.985431172218709,0.998401310634991
"RPN2","Interaction",-0.132943989487782,0.467287379584748,0.916129806509033,0.903801766138886
"GNAI2","Interaction",-0.0377589006193659,0.719022191500131,0.978331221844706,0.987621979392128
"ATP1A1","Interaction",-0.0830045238411081,0.410497929889017,0.890298328441241,0.928759055703392
"ATP1B1","Interaction",-0.0377790210471858,0.719130098419519,0.978331221844706,0.987621023629025
"APOD","Interaction",-0.0600160153135931,0.836932887032415,0.985431172218709,0.989373331688282
"ALDH2","Interaction",-0.250295945417353,0.291834074356031,0.833795672351873,0.734726508242914
"S100A8","Interaction",0.123654276460879,0.794357048043009,0.985431172218709,0.971933430472883
"SLC25A5","Interaction",-0.00153845881133918,0.989962584118042,0.995538562014884,0.999984479947352
"SERPING1","Interaction",0.190683598988208,0.460526246198522,0.916129806509033,0.862557656342069
"PCCA","Interaction",-0.180723415256171,0.24280803231587,0.795453983372154,0.774288196561394
"PCCB","Interaction",-0.220150999225641,0.213149603869847,0.776688055214058,0.71155623491926
"EIF2S1","Interaction",-0.0208303332803368,0.77530450033317,0.984833588391771,0.994712719330234
"RPLP1","Interaction",0.00468777081437466,0.984550319416085,0.995538562014884,0.99992701280378
"RPLP2","Interaction",0.191262670161329,0.362807865416105,0.868525444796021,0.823725648114984
"RPLP0","Interaction",0.106441196379429,0.580194120233501,0.943782221954246,0.94370110087417
"FABP3","Interaction",-0.151891977457197,0.383362207034774,0.872515210270836,0.864477297799957
"CLEC3B","Interaction",-0.45635336311274,0.0870594374203566,0.717953696739967,0.328232363930592
"SSB","Interaction",0.139327531704197,0.536647006497306,0.933267267884209,0.916934250449648
"ITGB1","Interaction",-0.0670978322851887,0.474290638839031,0.918805726620306,0.951181274114219
"KRT18","Interaction",0.493521638878526,0.200428435169827,0.774693599548634,0.452378365802806
"KRT8","Interaction",0.27766754544205,0.56009997740948,0.933267267884209,0.851337011563973
"MYL1","Interaction",0.692889284680216,0.0825760644109529,0.717953696739967,0.177623272805545
"GSN","Interaction",0.0213607317001347,0.926641813418328,0.990341070301427,0.998373888253609
"PTMA","Interaction",0.128250931287292,0.612679485534783,0.948620337080771,0.939101377496423
"ATP5F1B","Interaction",-0.0153113052759082,0.897461479334946,0.987207627268441,0.99834491638547
"S100A9","Interaction",0.234590657205725,0.584096334710961,0.944135483533572,0.881494163111655
"S100A6","Interaction",-0.643278916175781,0.151540396384027,0.74336736762335,0.297064810486427
"EIF4E","Interaction",-0.00124796896547252,0.991391598798049,0.995538562014884,0.999989210533468
"CKM","Interaction",-0.100415594815345,0.311511985446309,0.843185706479854,0.889481596338079
"ENO1","Interaction",0.0162846348416537,0.923188888925674,0.990341070301427,0.998699355452813
"PYGL","Interaction",-0.20901805937828,0.440046341363016,0.91106105878806,0.84233477487973
"GPI","Interaction",0.0156625761340266,0.864966466483247,0.985431172218709,0.997730494829871
"NPM1","Interaction",-0.0163228977962575,0.92058201000626,0.990341070301427,0.998650205232461
"TPM3","Interaction",0.836353525438515,0.0779693165564221,0.714035532790025,0.118374048999408
"EPHX1","Interaction",-0.266863488001707,0.187717985002318,0.770303684550528,0.639919355136636
"DBI","Interaction",-0.0392283712172095,0.81863545613375,0.985431172218709,0.992180492133271
"LDHB","Interaction",-0.122819830463488,0.63278436161355,0.955237334105422,0.945344851683762
"GPX1","Interaction",0.0171342418704974,0.862611988775203,0.985431172218709,0.997470928817483
"P4HB","Interaction",-0.100470922308691,0.305858990957896,0.839438685332597,0.887789175707414
"H1-0","Interaction",0.435959096011686,0.05756652740243,0.667443630784733,0.288061254721882
"CTSD","Interaction",-0.0856071466652217,0.506753684009559,0.931199101197199,0.943470892730369
"ANXA2","Interaction",-0.134147729665603,0.36003335304224,0.867465682043288,0.871935550735264
"CAPN1","Interaction",-0.100219644130792,0.197460840447488,0.774693599548634,0.849949953851332
"TUBB","Interaction",-0.078764159567914,0.485774549647165,0.922485112263943,0.944718232864655
"CA3","Interaction",-0.297042425091927,0.0456579614390001,0.648286207415566,0.399778593210944
"DCN","Interaction",0.27814490273304,0.302148397528717,0.837531354783784,0.716846096337211
"PSAP","Interaction",0.0303474033393414,0.854340291423088,0.985431172218709,0.995233932797134
"PFN1","Interaction",-0.127593897632412,0.214867222474205,0.776688055214058,0.821843243339517
"BPGM","Interaction",0.179228048283775,0.406215541673242,0.890298328441241,0.850899360828449
"APRT","Interaction",0.045067791050414,0.71464058708447,0.978331221844706,0.984972383412118
"EPRS1","Interaction",-0.199115687180761,0.00962897163686945,0.600075593630651,0.396733732006165
"CTSB","Interaction",0.0888376437166372,0.568687087303526,0.936472406056656,0.951094187472297
"HSP90AA1","Interaction",-0.0397893354067875,0.716888363621331,0.978331221844706,0.986844017114033
"UQCRH","Interaction",0.139609265066866,0.263437706927832,0.810553269008582,0.830082527815721
"TPM2","Interaction",0.613479846156572,0.161744146247117,0.749359442940781,0.32706364613783
"FH","Interaction",0.0114408386520672,0.897406778557536,0.987207627268441,0.998762341146368
"COL1A2","Interaction",1.14871915199845,0.080338553946065,0.717953696739967,0.0552160376186261
"ANXA6","Interaction",0.00687871710076493,0.94136185739135,0.990341070301427,0.999584421545251
"PFKM","Interaction",-0.151892993318363,0.337779976595542,0.848894414865112,0.848013551211482
"HSP90AB1","Interaction",-0.105938935224597,0.34474514783968,0.852128888954315,0.893311752771585
"SOD3","Interaction",-0.0927840084718774,0.788233832910859,0.985431172218709,0.978163027356347
"CTSG","Interaction",2.19682408541999,0.0482938595225285,0.654808789888909,0.00128452351414656
"PDHA1","Interaction",-0.0030909798888139,0.973156955040005,0.995538562014884,0.999915898284975
"COL4A2","Interaction",0.934202735788787,0.0327494523111218,0.626620812936794,0.0410109239150754
"CYC1","Interaction",0.199369319289147,0.121368513342435,0.717953696739967,0.656748127341749
"MYL3","Interaction",0.835019238444136,0.0656686127668431,0.707483028598449,0.102913191340719
"SNRNP70","Interaction",NA,NA,NA,NA
"NFIC","Interaction",0.375752469229401,0.0768555160219608,0.714035532790025,0.381320053975788
"VIM","Interaction",0.0763561417158023,0.774615869638896,0.984833588391771,0.980688459569076
"SERPINF2","Interaction",0.0694559572267863,0.772561859226971,0.984833588391771,0.982237017989725
"RPS17","Interaction",0.201418573441124,0.24058020102851,0.793499218776923,0.75054070075944
"KRT19","Interaction",0.439875265442218,0.29381884097184,0.834207276867346,0.583473842331838
"ANXA5","Interaction",-0.166245816039716,0.263795683202045,0.810553269008582,0.801287142208217
"RPSA","Interaction",0.202695844338123,0.125116139078799,0.717953696739967,0.65618932978077
"SNRPA","Interaction",0.384763657591954,0.0300606642350852,0.626620812936794,0.259650500447969
"ENO2","Interaction",0.155202193226199,0.352900463170488,0.861142709780716,0.850735652905394
"ACAA1","Interaction",-0.160870412523934,0.300107448675149,0.837531354783784,0.823966014628354
"GSTP1","Interaction",-0.20847840288727,0.0907602749836949,0.717953696739967,0.606378481844437
"LGALS1","Interaction",0.0658521511246022,0.768792475491662,0.98250181934792,0.982834256176441
"QDPR","Interaction",0.0876115944980711,0.517986158795447,0.933267267884209,0.943997747558196
"HMGB1","Interaction",0.155739234251278,0.201220720769457,0.774693599548634,0.779030604738343
"RBP1","Interaction",NA,NA,NA,NA
"FBP1","Interaction",-0.300997593483896,0.341784914371257,0.850817660063993,0.723870272988728
"GSTM1","Interaction",1.05993850709217,0.168445335125573,0.759449890770018,0.151388921424332
"TPM1","Interaction",0.62625924104746,0.159200074697311,0.749359442940781,0.316380418498983
"CLTB","Interaction",-0.315961146154102,0.0107437853802233,0.600075593630651,0.238738362957375
"ANXA4","Interaction",-0.141619901960055,0.372669041339612,0.868599959641268,0.869542573104177
"HMOX1","Interaction",0.544530198946905,0.181347884457993,0.767898348762207,0.394673221528765
"DLD","Interaction",-0.0636555006652415,0.541652794657946,0.933267267884209,0.961722720289067
"HNRNPA1","Interaction",0.0788318987738847,0.725316862945814,0.978541316414806,0.975001176258895
"COX6C","Interaction",0.445984643773553,0.0411704992191813,0.644064577675981,0.241060853619693
"PARP1","Interaction",0.289135774479039,0.0340609198122807,0.626620812936794,0.376376768654111
"IFIT2","Interaction",-0.055364371294349,0.762756304168263,0.981049618692261,0.985118248478897
"UCHL1","Interaction",-0.732520919700377,0.0246605859970601,0.626620812936794,0.0663909443385391
"LTA4H","Interaction",-0.029798092835783,0.787915823857604,0.985431172218709,0.992922372101088
"ALDOC","Interaction",-0.162064056990769,0.79524800638105,0.985431172218709,0.96355175313107
"LIMS3","Interaction",0.296280763671241,0.169681465969731,0.761981244392719,0.591228681133856
"HSPA1A","Interaction",-0.0819268580611983,0.508448589507756,0.931199101197199,0.946092813284786
"CALM1","Interaction",-0.0199865570308297,0.876178398963815,0.985431172218709,0.99736155266322
"FDX1","Interaction",-0.158184357341757,0.671675340537322,0.96723090505066,0.938986441745886
"COX8A","Interaction",0.06669688538706,0.820572632249884,0.985431172218709,0.986897101088086
"GAA","Interaction",-0.0761052108142337,0.719429670514074,0.978331221844706,0.975250244446654
"RRAS","Interaction",0.0326540967091162,0.822910256324482,0.985431172218709,0.993655661953224
"ARAF","Interaction",-0.16264255156775,0.642879914954265,0.961069163803318,0.93066579072252
"DLAT","Interaction",-0.0317969053006486,0.737748427035246,0.978541316414806,0.990375509769618
"TXN","Interaction",0.0208411971294602,0.872721568585023,0.985431172218709,0.997166727614459
"COX5B","Interaction",0.424165006646181,0.0174026054733296,0.626620812936794,0.17936187781808
"MAPT","Interaction",-0.243546225637456,0.0772385494902705,0.714035532790025,0.535964710050547
"PRKAR1A","Interaction",-0.0921883222070754,0.366981541269735,0.868525444796021,0.911727975904995
"ESD","Interaction",0.061443439155628,0.747834766426194,0.979245936480035,0.982304616796182
"HSPD1","Interaction",-0.0506224496304419,0.622798713261459,0.950729686697701,0.97631368561281
"THRB","Interaction",0.854896940721101,0.10379264669049,0.717953696739967,0.144186242627674
"CLU","Interaction",-0.357341302905937,0.180365222773336,0.767898348762207,0.542241400629918
"MYL2","Interaction",1.04999082814194,0.0142819799043876,0.626620812936794,0.0115490101375061
"HSPA5","Interaction",-0.0847031669293621,0.401009499863358,0.885001007576592,0.925520287591388
"LAMC1","Interaction",0.829154755556289,0.0211647940541419,0.626620812936794,0.0408954436868546
"MYH3","Interaction",0.810647693736563,0.215181569059825,0.776688055214058,0.287832592049178
"HSPA8","Interaction",-0.140898851902872,0.104489078739746,0.717953696739967,0.727424988783668
"EPB41","Interaction",0.115145124420557,0.72172690478738,0.978541316414806,0.963146452617959
"PDHB","Interaction",-0.0482596991122719,0.598085623674192,0.947645471598398,0.975498637364
"DBT","Interaction",-0.0409988225251077,0.845828256227365,0.985431172218709,0.993158709247823
"PYGB","Interaction",-0.0885962048025739,0.489398690394729,0.922485112263943,0.938653496241697
"PYGM","Interaction",-0.227983029500276,0.0773403260968734,0.714035532790025,0.557924498919553
"RALA","Interaction",0.18944746440328,0.159147103807657,0.749359442940781,0.705964390102807
"SPTB","Interaction",-0.0608728399639702,0.74921271848545,0.979245936480035,0.982577599118249
"LAMP1","Interaction",-0.0253185439570025,0.860833345895337,0.985431172218709,0.996213094480639
"ACADM","Interaction",-0.0222418886027675,0.891497053355401,0.985806590130533,0.997448709188392
"UBL4A","Interaction",-0.352835307204856,0.0983596969513928,0.717953696739967,0.441194755170614
"DMD","Interaction",-0.0732757925621357,0.530835293208507,0.933267267884209,0.954654470442596
"MTHFD1","Interaction",-0.107731209668337,0.216618336443171,0.777974572422396,0.848073791285363
"ADH5","Interaction",0.00117722120708308,0.99289194951186,0.996211072552253,0.999991602406617
"PABPC1","Interaction",-0.00267617588592373,0.977419393166747,0.995538562014884,0.999938879475221
"HARS1","Interaction",-0.182105506816846,0.09270958599445,0.717953696739967,0.648496608855514
"COL6A1","Interaction",0.852861705670453,0.0433306027777026,0.644064577675981,0.068766105430575
"COL6A2","Interaction",0.801704963342551,0.0869009169852525,0.717953696739967,0.141062170757981
"COL6A3","Interaction",0.737276178654607,0.0686265018663287,0.707485206942097,0.138730887995396
"SLC25A4","Interaction",0.0747615550370782,0.670778786700935,0.966602353126656,0.970587737869994
"SLC25A6","Interaction",-0.122732225638522,0.644632158050045,0.961069163803318,0.947537557941973
"IMPDH2","Interaction",0.193722401310044,0.10497339077434,0.717953696739967,0.646191315346807
"CKB","Interaction",-0.0727970497674448,0.513217845314647,0.932917824517434,0.95260053701854
"ANXA3","Interaction",-0.189120656324775,0.447685833718798,0.91106105878806,0.858997403858184
"BCKDHA","Interaction",-0.0721220748879929,0.751651944562247,0.97966546868814,0.979620970325223
"ACTN1","Interaction",1.19430343616161,0.0953753733610523,0.717953696739967,0.0604139466656242
"MYH1","Interaction",0.519889094023988,0.296447338760047,0.83680003466234,0.5314608689677
"MYH7","Interaction",0.841762082806664,0.057879907297739,0.667443630784733,0.0908537476058386
"PEPD","Interaction",-0.0463058204199704,0.749564869217471,0.979245936480035,0.986740464890717
"XRCC6","Interaction",0.173322358484228,0.142322827985926,0.739123468190351,0.713252907294741
"XRCC5","Interaction",-0.001822733367284,0.986857623101115,0.995538562014884,0.99997588643577
"COX4I1","Interaction",0.239585172657875,0.151287963125771,0.74336736762335,0.636052977164634
"IFITM1","Interaction",0.220681580041735,0.27907673269422,0.825353117366385,0.754538518211611
"LAMP2","Interaction",0.00582643651940273,0.978815278385429,0.995538562014884,0.999875250152464
"RNH1","Interaction",-0.039322248661076,0.72300896411255,0.978541316414806,0.987327452850354
"MYH8","Interaction",-0.0347459102920133,0.940610940057967,0.990341070301427,0.997874919251815
"VCAN","Interaction",-0.275778444581011,0.070827276510067,0.707485206942097,0.481848036941432
"EEF2","Interaction",0.0896623190378207,0.254812965885887,0.79855408175234,0.884627517905837
"KRT10","Interaction",0.392584665916971,0.32398926987315,0.847636923831845,0.642453692819271
"KRT5","Interaction",0.240582289515416,0.589527023604348,0.946215642927987,0.880617393102575
"PDIA4","Interaction",0.00261946055386986,0.991239559825997,0.995538562014884,0.999976951531566
"TPT1","Interaction",0.0833969550674354,0.615954436349333,0.948620337080771,0.960393015587405
"ALAD","Interaction",0.0255266600264967,0.893800214572215,0.986278493075747,0.997138148165
"LCP1","Interaction",0.341849380774622,0.0345187036503461,0.626620812936794,0.316398800504896
"PLS3","Interaction",0.243663376296084,0.243444508000141,0.795453983372154,0.708741964119434
"APEH","Interaction",-0.116223110472433,0.221685231629806,0.778210533237577,0.839381689977358
"ETFA","Interaction",-0.127876481555429,0.392235022875189,0.874819365086014,0.887205325058294
"TNNT1","Interaction",0.753667119696178,0.100545425340067,0.717953696739967,0.17705707279356
"GYS1","Interaction",-0.130998127617048,0.352047817031253,0.860061004165887,0.872179080630063
"PRKAR2A","Interaction",-0.105686583754839,0.267181929605781,0.811595430348472,0.869803595689692
"ENO3","Interaction",0.1198885915666,0.291868412598026,0.833795672351873,0.862744171934783
"CD59","Interaction",-0.0726883197038575,0.537143611574707,0.933267267884209,0.9558301507074
"MIF","Interaction",-0.0362338298613203,0.826065852852788,0.985431172218709,0.99310032421622
"CD99","Interaction",-0.0135575044412981,0.952160381727217,0.990341070301427,0.999335607668319
"PRKCSH","Interaction",-0.147957904443448,0.206417192327443,0.774693599548634,0.791792227758979
"FDPS","Interaction",0.0265965215034676,0.748367955940269,0.979245936480035,0.992320359208832
"COX7A2","Interaction",0.383725416132609,0.0492729376192561,0.655122090098122,0.315007312491053
"NID1","Interaction",0.862954454090694,0.0199958523769093,0.626620812936794,0.0341812969917183
"AKR1A1","Interaction",-0.14323353753754,0.2914829111583,0.833795672351873,0.838136279937673
"PKM","Interaction",0.0679446329536226,0.547935148339788,0.933267267884209,0.959948752749694
"ACYP2","Interaction",-0.0507586206849773,0.676111693356422,0.970029150791216,0.980329272563204
"HSP90B1","Interaction",-0.0940670997704913,0.403595058854494,0.886980354239846,0.918189808695939
"MYL6B","Interaction",0.0212327497329312,0.969389089020581,0.995538562014884,0.999340108387136
"SLC2A4","Interaction",-0.226985167321242,0.604870343471693,0.948620337080771,0.892155544324916
"IDE","Interaction",0.125761451934505,0.365869028981876,0.868525444796021,0.881217675050961
"COX6B1","Interaction",0.438219789528411,0.0159979693992252,0.626620812936794,0.163299810853874
"HNRNPL","Interaction",0.341455007934112,0.0232677067710762,0.626620812936794,0.27689800796005
"DARS1","Interaction",-0.292589825576147,0.0395997422682637,0.644064577675981,0.388775646307784
"JUP","Interaction",0.0452144417670866,0.895581962949141,0.987207609735648,0.995026093045536
"UQCRB","Interaction",0.118209790198666,0.318088821337312,0.846090906331512,0.873366142063855
"CPA3","Interaction",0.225472191656792,0.464768048689891,0.916129806509033,0.841339019739468
"FABP4","Interaction",-0.151357230814014,0.292829494691441,0.833795672351873,0.830363586256912
"GLUL","Interaction",-0.137729872887448,0.686604535671908,0.97092857229222,0.949532054106437
"AKR1B1","Interaction",-0.138989756426991,0.228688684752339,0.78413593527298,0.81459468796856
"GSPT1","Interaction",-0.0698339707165907,0.554205446122954,0.933267267884209,0.959620491918439
"PGAM2","Interaction",0.0825927059126812,0.53598321815218,0.933267267884209,0.949794967312372
"EZR","Interaction",-0.445199495223886,0.101094243402056,0.717953696739967,0.360499533768096
"UCHL3","Interaction",0.0636144230362063,0.61111682111377,0.948620337080771,0.969157624564663
"NME1","Interaction",-0.0434074223941501,0.710728029939698,0.978331221844706,0.985287172527456
"RPS2","Interaction",0.0187825224506888,0.908047467019304,0.990017849989727,0.998189903908362
"RPA2","Interaction",0.982513124180244,0.00426619023965811,0.560204105845105,0.0046933550561441
"COX7C","Interaction",0.344335979696783,0.116133188287104,0.717953696739967,0.476464807512049
"NQO2","Interaction",0.246417527767978,0.607828839124611,0.948620337080771,0.884544981671647
"PFKFB1","Interaction",0.482109227086287,0.0989625454738831,0.717953696739967,0.327874190630542
"CBR1","Interaction",-0.167377995393849,0.247631577585372,0.798041603532807,0.791655926890368
"ANK1","Interaction",0.0469708563146973,0.886936663947001,0.985433067664013,0.994380207068582
"ACADS","Interaction",-0.230881757107102,0.31404170739012,0.843185706479854,0.765356105172218
"PPP3CB","Interaction",0.0319707247958227,0.820262417252125,0.985431172218709,0.993685629279316
"ATP2A2","Interaction",-0.222655072723921,0.0981063665511994,0.717953696739967,0.596343190975327
"CD36","Interaction",0.00714956769464692,0.975636361551127,0.995538562014884,0.999823669013134
"FAH","Interaction",-0.0995935959941754,0.465353455139881,0.916129806509033,0.92664483338113
"YBX3","Interaction",0.0489067510811054,0.734169890751239,0.978541316414806,0.985000716103236
"TMEM11","Interaction",0.310328042758368,0.0161978912345089,0.626620812936794,0.278192075175675
"GOT1","Interaction",0.0185156141928005,0.864859734709558,0.985431172218709,0.997315366179816
"CKMT2","Interaction",0.00570153607599622,0.974881759711291,0.995538562014884,0.999854968643345
"NDUFB7","Interaction",0.412964191898169,0.0509578740002652,0.655122090098122,0.29249911706721
"PRKACA","Interaction",-0.0348285827278403,0.697240805244975,0.972778654610916,0.987518509946505
"CAPN2","Interaction",-0.146667687541406,0.247057282445028,0.798041603532807,0.814597432514448
"DES","Interaction",0.372767165743983,0.34285015527688,0.850828064833827,0.670968553408233
"PFKL","Interaction",-0.121155938609263,0.5523193633308,0.933267267884209,0.930603796746507
"LGALS3","Interaction",-0.128516703658192,0.513304619296599,0.932917824517434,0.917864074747227
"FLT1","Interaction",1.70500803136924,0.00878070396527036,0.600075593630651,0.000311674305732121
"PSMC3","Interaction",0.00450310389475916,0.954403815253664,0.991018481770315,0.999789869378705
"TCP1","Interaction",-0.104549255041103,0.312780956604752,0.843185706479854,0.885579897874327
"RPL35A","Interaction",0.0957864715646615,0.75905648904113,0.980798083318214,0.973939272119294
"ARF4","Interaction",-0.066509272164545,0.788302678844875,0.985431172218709,0.98430372075517
"RPL7","Interaction",0.0166446605241468,0.94688084902747,0.990341070301427,0.999091913481356
"VCL","Interaction",-0.0948724939548491,0.230649434760465,0.785404315124373,0.870085046672112
"RPL17","Interaction",0.0642513049374891,0.717701883737588,0.978331221844706,0.978913278500971
"PGAM1","Interaction",0.0785418706420771,0.494471488844129,0.922485112263943,0.946187664957719
"ATP5PF","Interaction",-0.00162381988792148,0.991036012869552,0.995538562014884,0.999985378574353
"TSPAN8","Interaction",-0.10097362981087,0.652655657438922,0.96208678201189,0.957828999262315
"TNNI1","Interaction",0.707869458192356,0.101359146989832,0.717953696739967,0.197824803455945
"NCL","Interaction",0.192030764794239,0.233496782130928,0.786701621321792,0.756293726756851
"HK1","Interaction",0.000299405654512697,0.997745124425434,0.999171833373611,0.999999324115426
"NDUFV2","Interaction",0.481416408635443,0.00716524221191907,0.600075593630651,0.0927839699724257
"SRM","Interaction",-0.419208786347198,0.447032107574538,0.91106105878806,0.713540975710407
"TYMP","Interaction",0.0210235601534183,0.906439332101212,0.990017849989727,0.99793696194729
"ATP2B1","Interaction",-0.213786866627924,0.588704465760882,0.94603594567955,0.892908734395969
"EIF2S2","Interaction",0.0326830932171056,0.795403270416354,0.985431172218709,0.992546558428823
"ANXA7","Interaction",-0.0718795989092342,0.423726629667549,0.899310482644989,0.940145504907449
"TPSB2","Interaction",0.316628439673487,0.24675280943373,0.798041603532807,0.642055985388716
"BTF3","Interaction",-0.0517190634909923,0.778848458887295,0.985431172218709,0.987156589767539
"RAB6A","Interaction",-0.334771205609705,0.0577996151295267,0.667443630784733,0.385059747525307
"PVALB","Interaction",0.194667937888482,0.793075946715784,0.985431172218709,0.955872165845222
"PSMB1","Interaction",-0.0160847638523727,0.841745972798057,0.985431172218709,0.997232800826488
"COX5A","Interaction",0.299006103817568,0.102091591437528,0.717953696739967,0.505454367148114
"CAPN3","Interaction",0.108704351726793,0.553596323389102,0.933267267884209,0.937743328281692
"CAST","Interaction",0.0403458606366272,0.786612343823523,0.985431172218709,0.990362934594611
"NEB","Interaction",-0.0522177965243991,0.89025571291186,0.985806590130533,0.993948247913937
"PTMS","Interaction",-0.128788523093515,0.546740259213718,0.933267267884209,0.925186334240985
"GSTM3","Interaction",0.0986561413904603,0.63352746542787,0.955427547925484,0.955967095304062
"ATP6V1B2","Interaction",-0.11872914117734,0.330023885056688,0.847636923831845,0.87667234257072
"CSRP1","Interaction",0.357760727633043,0.20093408764648,0.774693599548634,0.563196511029947
"FLNA","Interaction",-0.215458632089881,0.334487378192052,0.848465025583376,0.78981160041843
"MAOA","Interaction",0.309925085104602,0.108525488697134,0.717953696739967,0.502443341924075
"ACO1","Interaction",-0.0922659535605384,0.447545424348395,0.91106105878806,0.928504801793257
"GPD1","Interaction",0.00449709327349268,0.974157729937505,0.995538562014884,0.999882263819218
"VDAC1","Interaction",0.168283557925307,0.171840865759742,0.765014119763952,0.7435057952748
"BGN","Interaction",0.268717507618128,0.233605002065002,0.786701621321792,0.676550304852351
"RYR1","Interaction",-0.0738324214075732,0.523319372592748,0.933267267884209,0.953313784450692
"SDHB","Interaction",-0.104438284489476,0.404022667993652,0.886992294101006,0.909690563967681
"COMT","Interaction",0.0319258472618884,0.811191640639927,0.985431172218709,0.993341751119665
"TGM2","Interaction",0.640169518692836,0.0265478671060613,0.626620812936794,0.0979742189447292
"MMUT","Interaction",-0.0115924033468708,0.957932166453515,0.991924830812635,0.999501902175905
"OSBP","Interaction",0.137982602787751,0.151818393582708,0.74336736762335,0.77096916499364
"PCMT1","Interaction",0.0116703336072632,0.920374727733429,0.990341070301427,0.999032130003486
"GART","Interaction",-0.178074354265931,0.0943431833664175,0.717953696739967,0.656783508047074
"PAICS","Interaction",-0.0626455160468282,0.52702563413514,0.933267267884209,0.960669506931364
"SCP2","Interaction",0.103672744003923,0.577232194579171,0.943782221954246,0.944623088035376
"UBA1","Interaction",-0.136252693901792,0.126664544604479,0.717953696739967,0.754630467390527
"GPX3","Interaction",-0.140819624290941,0.48298919613931,0.922485112263943,0.902593466883638
"NME2","Interaction",-0.0783269743810102,0.50327645525608,0.930795627194563,0.947640065851696
"FDXR","Interaction",0.272951020652908,0.517286373779355,0.933267267884209,0.835338685929832
"HNRNPA2B1","Interaction",0.183771878412692,0.274483369162272,0.820326541408155,0.78852421949506
"UQCRC2","Interaction",0.175096561202572,0.131681057702561,0.726479121003239,0.701183291449651
"FECH","Interaction",-0.00865007035565313,0.947243776366422,0.990341070301427,0.999531286453244
"AMPD1","Interaction",0.111764540824691,0.69432046066096,0.972778654610916,0.960045954876428
"FBLN1","Interaction",-0.218809473012325,0.384449734704317,0.872515210270836,0.811257946978282
"SFPQ","Interaction",0.239067197242143,0.283889933051063,0.827873019387222,0.740058585638593
"PPIB","Interaction",0.132330487396342,0.471954097934778,0.918125518297193,0.90541356422993
"S100A1","Interaction",-0.189494605761244,0.459888587790828,0.916129806509033,0.863126585347728
"HRC","Interaction",-0.269062156068514,0.0221356873261431,0.626620812936794,0.358696515336963
"ME2","Interaction",-0.211620659292816,0.246504977677061,0.798041603532807,0.743528726447841
"WARS1","Interaction",-0.162568259164662,0.174509767225894,0.767898348762207,0.752911542041286
"RPS3","Interaction",0.0220817488564187,0.88532406713496,0.985431172218709,0.99731402305732
"GCSH","Interaction",-0.091765106657288,0.678363462087472,0.970029150791216,0.965015154608282
"AHCY","Interaction",-0.21626652362059,0.0366396956493929,0.634382812992763,0.489137388435759
"CFL1","Interaction",-0.0537344712260577,0.723483730946643,0.978541316414806,0.982757754349092
"EIF4B","Interaction",-0.108816627043964,0.38066564175575,0.872168498722824,0.900235589319742
"ATP2B4","Interaction",-0.097406826819256,0.461361897425913,0.916129806509033,0.927417679035989
"CPT2","Interaction",-0.029142242517807,0.846158197532385,0.985431172218709,0.995143649602669
"LAMA2","Interaction",0.458708515921799,0.11756059485237,0.717953696739967,0.374559794929937
"GPT","Interaction",0.0954949008753481,0.613549562299192,0.948620337080771,0.954422619490912
"COX7A1","Interaction",0.342225873368495,0.0955765260273814,0.717953696739967,0.447764659137925
"COX7B","Interaction",0.543299947996175,0.0433365607787323,0.644064577675981,0.1817201511833
"EEF1B2","Interaction",-0.150274952207102,0.257565904910296,0.801738864899738,0.815588847296078
"ATP5PB","Interaction",-0.208738574075845,0.0740533959908666,0.711789529752256,0.580805113038175
"ACP1","Interaction",0.393228788497122,0.00303047053283081,0.510217133395767,0.102248572662513
"ACAT1","Interaction",-0.040370275892915,0.734711582619864,0.978541316414806,0.987631883618005
"MYL9","Interaction",0.648612040030851,0.327052474902224,0.847636923831845,0.484367535989423
"AZGP1","Interaction",-0.13037305569835,0.456746016870005,0.916129806509033,0.902881510860428
"MPST","Interaction",-0.296326266569412,0.0321064923208728,0.626620812936794,0.360964288737796
"RPS12","Interaction",0.34207280441877,0.0301302184080635,0.626620812936794,0.301792223177053
"DNAJB2","Interaction",-0.0129699912668464,0.942427622780376,0.990341070301427,0.999231225041123
"ATP5F1A","Interaction",-0.120411371625131,0.303380954365076,0.839192945238468,0.866214605600191
"PSMA1","Interaction",-0.0595785955213124,0.453255124675133,0.916129806509033,0.95394949426398
"PSMA2","Interaction",-0.0636657711694752,0.622238601854266,0.950729686697701,0.9702465570899
"PSMA3","Interaction",-0.11732683111023,0.201437240361077,0.774693599548634,0.828622884971197
"PSMA4","Interaction",0.0128640718606974,0.904950242216101,0.990017849989727,0.998716021741445
"MSN","Interaction",-0.225339641497655,0.0778401610472896,0.714035532790025,0.562528130325987
"DDX6","Interaction",-0.0259976282346877,0.857318986224536,0.985431172218709,0.996005787650574
"U2AF2","Interaction",0.301625864250518,0.0836976187765458,0.717953696739967,0.473219256047906
"RPL13","Interaction",-0.0637757693258294,0.797879109887539,0.985431172218709,0.985702737676835
"IVD","Interaction",0.033577366931933,0.837005012228645,0.985431172218709,0.994043550003443
"S100A4","Interaction",-0.579769845943474,0.0695144045790564,0.707485206942097,0.213142418499561
"HMGB2","Interaction",-0.132103910676374,0.429447607182386,0.904077577845884,0.894346888051288
"TARS1","Interaction",-0.289978547675982,0.0935200625199322,0.717953696739967,0.503019087606792
"VARS1","Interaction",-0.372221866235414,0.0098513797789086,0.600075593630651,0.179116556648866
"EEF1G","Interaction",-0.070548991436894,0.433075386249162,0.908513461837789,0.942670511116289
"PLN","Interaction",-0.338307750343912,0.195525371285717,0.774693599548634,0.575716294970637
"FKBP2","Interaction",0.226808405949381,0.373733633277347,0.868599959641268,0.799932809838808
"STOM","Interaction",0.129632695516637,0.551026049359318,0.933267267884209,0.925651364313765
"MAOB","Interaction",0.223862473633705,0.137371054029949,0.738363254812349,0.641220050205893
"YWHAQ","Interaction",-0.050756359290304,0.59526546780863,0.947508748359726,0.974013855431249
"MAPK3","Interaction",0.0123161698406804,0.946254033342947,0.990341070301427,0.999319834322496
"RPL10","Interaction",0.233548022755993,0.276127593867789,0.820743911073778,0.740410042847498
"RPA1","Interaction",0.0253802485223424,0.875203197078469,0.985431172218709,0.996622549779514
"APEX1","Interaction",0.112183272322799,0.38346919578608,0.872515210270836,0.898052080608103
"CALR","Interaction",-0.147899085724735,0.0534931859558257,0.658913523358297,0.64850974360977
"MAP4","Interaction",-0.186024103180717,0.254971976801774,0.79855408175234,0.775520514459965
"CANX","Interaction",-0.159131371255263,0.12297849009327,0.717953696739967,0.716412682729377
"PSMA5","Interaction",-0.0683017608343341,0.433284383037346,0.908513461837789,0.944476070015725
"PSMB4","Interaction",-0.0264795918699079,0.81254559800309,0.985431172218709,0.994518359695677
"PSMB6","Interaction",-0.141984781343645,0.238465910980163,0.793499218776923,0.815838150388216
"PSMB5","Interaction",-0.236356341885884,0.096123711778173,0.717953696739967,0.574891047443382
"GSTM2","Interaction",0.00278552370668805,0.986890237291553,0.995538562014884,0.999963241639724
"TMOD1","Interaction",0.0142621065962878,0.969110819482976,0.995538562014884,0.999552607848469
"NDUFS1","Interaction",0.351432790258194,0.0324770541416287,0.626620812936794,0.299860473027395
"MAPK1","Interaction",0.156415813718716,0.138839514662198,0.738363254812349,0.734303311447729
"RBL1","Interaction",0.0538125900048385,0.786293589975951,0.985431172218709,0.987145441085035
"LAP3","Interaction",-0.120970242697428,0.22289201896234,0.778210533237577,0.833947739148768
"CD38","Interaction",0.108450504659025,0.636965847612115,0.957271277419924,0.952261656090763
"TPP2","Interaction",-0.0696721892926249,0.554360930909209,0.933267267884209,0.95973088408631
"IMPA1","Interaction",0.00732583235214079,0.935779130262281,0.990341070301427,0.999513860204429
"EPHA2","Interaction",-0.0974153576622889,0.777018252543636,0.985431172218709,0.975722496208898
"COL4A5","Interaction",-0.118290797265843,0.867915625794834,0.985431172218709,0.983382454397548
"TKT","Interaction",-0.034840547975211,0.879029945157793,0.985431172218709,0.995517863038109
"EEF1D","Interaction",-0.219570640220237,0.0240415478801192,0.626620812936794,0.441069353702278
"MARCKS","Interaction",-0.288799237051791,0.125968380102535,0.717953696739967,0.549738585337784
"GNA11","Interaction",0.0957053400599612,0.71721256516445,0.978331221844706,0.968689812056438
"ALDH4A1","Interaction",-0.118108745802207,0.373424270913192,0.868599959641268,0.890170870910677
"ERP29","Interaction",0.0707627760835443,0.606174550915033,0.948620337080771,0.965197102911682
"PRDX6","Interaction",-0.0417958527798206,0.741407209523715,0.979245936480035,0.987572330148001
"BLVRB","Interaction",0.0486180967793111,0.733218391528576,0.978541316414806,0.985026471786059
"PRDX5","Interaction",-0.103042824310236,0.371762517056054,0.868599959641268,0.90306488150857
"DDT","Interaction",0.152377972953424,0.525175150141091,0.933267267884209,0.906526525057066
"PRDX3","Interaction",-0.041898986386034,0.649323692218559,0.96126340992448,0.9820697103434
"ATP5F1D","Interaction",-0.163227801257584,0.306355339317744,0.839438685332597,0.824399482501038
"RPL12","Interaction",0.244501628972426,0.414893004385072,0.890298328441241,0.806463575682039
"ECHS1","Interaction",-0.0756151985243889,0.538176838690324,0.933267267884209,0.954231701727496
"CMPK1","Interaction",0.0413800173319281,0.857509541902698,0.985431172218709,0.993659129444522
"PEBP1","Interaction",-0.108521347534513,0.330260867128313,0.847636923831845,0.886718411237494
"PDIA3","Interaction",-0.0932279919556507,0.369700115595565,0.868599959641268,0.911405163493091
"PPP2R1A","Interaction",-0.136095345361241,0.0698926692487886,0.707485206942097,0.69619760216607
"PPIF","Interaction",0.024290235546772,0.894935971288684,0.987013373059068,0.997307340193296
"NMT1","Interaction",0.10533456855255,0.638068540212784,0.957558573562184,0.953774670504626
"ADSS2","Interaction",0.208794662549309,0.297248506599988,0.83680003466234,0.776229603530459
"LRPAP1","Interaction",0.121705569932708,0.564059505453356,0.933267267884209,0.932684711590268
"TSPO","Interaction",-0.199193120823264,0.230408209978805,0.785404315124373,0.746472782133917
"ADSL","Interaction",0.0182362814784511,0.885718356962312,0.985431172218709,0.997789360146704
"CLIP1","Interaction",-0.223317127712793,0.103709303962006,0.717953696739967,0.602858293663757
"SRI","Interaction",0.079781245628304,0.64506982486809,0.961069163803318,0.965628749624287
"SERPINB1","Interaction",-0.0550116850077167,0.763834171167283,0.981049618692261,0.985288882414512
"ALDH1B1","Interaction",-0.804087546682009,0.0276265627510998,0.626620812936794,0.0558072129432072
"SDHA","Interaction",-0.119189248966549,0.301429060105681,0.837531354783784,0.866811102913178
"GDI1","Interaction",0.0287391998274309,0.74694017421769,0.979245936480035,0.991649816426396
"MAT2A","Interaction",-0.0319299998613758,0.722390149329154,0.978541316414806,0.98967040663325
"CASQ1","Interaction",0.204809037063281,0.340654443612334,0.849755482400417,0.802072622546338
"DNAJA1","Interaction",-0.359824317036413,0.141102465418202,0.738363254812349,0.494290050872071
"AKT2","Interaction",0.301905464616677,0.179615704197268,0.767898348762207,0.595500967009578
"UQCRC1","Interaction",0.140885782491786,0.22469292624312,0.778210533237577,0.810304340512833
"HIBADH","Interaction",0.0162600016001164,0.861146422370136,0.985431172218709,0.997572232326894
"ATIC","Interaction",-0.0919156178944718,0.384554538177436,0.872515210270836,0.915906524372119
"HNRNPH3","Interaction",0.132346970258666,0.547396653523248,0.933267267884209,0.923347294175607
"HNRNPH1","Interaction",0.406344255515343,0.00282489049982318,0.510217133395767,0.0920935363904188
"YWHAB","Interaction",-0.0332018283292506,0.715738659249749,0.978331221844706,0.988957396703121
"STIP1","Interaction",-0.107140068296509,0.210549674360115,0.774737832930386,0.846260680451074
"S100A11","Interaction",-0.356538718738204,0.107910523557474,0.717953696739967,0.45211592650794
"PRDX2","Interaction",-0.0585310766452878,0.55407249500581,0.933267267884209,0.966030139934492
"GBP2","Interaction",-0.113739029951908,0.623599535979541,0.950785649559518,0.947704150751335
"ACSL1","Interaction",-0.0502471910995297,0.677026170970749,0.970029150791216,0.98059212242935
"KIF5B","Interaction",-0.0427117202352463,0.739757122506244,0.979245936480035,0.987207787568812
"MCM5","Interaction",-0.0314590679031923,0.938722490518806,0.990341070301427,0.998012651262235
"SHMT1","Interaction",-0.0413534760512455,0.880606595215077,0.985431172218709,0.994755939735438
"SHMT2","Interaction",0.223114763662579,0.336397604146098,0.848465025583376,0.784212743406634
"HSPA4","Interaction",-0.160338361405742,0.103473185896893,0.717953696739967,0.695086905594425
"MPI","Interaction",-0.0528350681694612,0.634793120990573,0.956057596559995,0.97627475546011
"GPC1","Interaction",-0.142650075585578,0.441678500574201,0.91106105878806,0.889967979201478
"PFN2","Interaction",-0.116298717211258,0.379682570718496,0.872168498722824,0.893484787166282
"CTNNA1","Interaction",0.0642178578892629,0.843060870726078,0.985431172218709,0.989096851639465
"SERPINB6","Interaction",0.130199279405108,0.322924146182868,0.847636923831845,0.863147946081866
"RDX","Interaction",-0.0683808818363758,0.485696162129087,0.922485112263943,0.95181674226252
"RPA3","Interaction",0.225825441644535,0.25963067176622,0.80336383119415,0.737473950286841
"RPL22","Interaction",0.403850103412303,0.0328392737999442,0.626620812936794,0.251678072722112
"SPR","Interaction",-0.0982041859750638,0.59973636241916,0.94827554108588,0.951031233134457
"THBS4","Interaction",0.54974439135253,0.076392188445953,0.714035532790025,0.243199358903242
"FBN1","Interaction",0.451649943056751,0.192573883305075,0.774693599548634,0.475213151371087
"AGL","Interaction",0.00421549146680533,0.968668146776877,0.995538562014884,0.999865816439284
"MYH9","Interaction",0.250744161863071,0.234414347005105,0.786701621321792,0.695067869986079
"COPB2","Interaction",-0.0166436154054992,0.926010818149244,0.990341070301427,0.998721433969692
"ACTN2","Interaction",1.2816780384926,0.0667813629005619,0.707483028598449,0.031159213160402
"ADD1","Interaction",-0.410674795597096,0.223176982315406,0.778210533237577,0.540140479813337
"BSG","Interaction",0.181592821163683,0.129181539828431,0.72376110714542,0.689604971166011
"FUS","Interaction",0.140522630002312,0.18463835869448,0.767898348762207,0.788681453513512
"DEK","Interaction",0.0999889653477552,0.624533824296949,0.951519626430667,0.954020819584997
"MYH11","Interaction",0.472194111271104,0.254618516479906,0.79855408175234,0.52416105362042
"GLRX","Interaction",0.0820523180010078,0.735832368639162,0.978541316414806,0.975144327934197
"PPM1A","Interaction",-0.0984145901375228,0.310644262037038,0.843185706479854,0.891315182592137
"KRT2","Interaction",0.422306975987947,0.297626256904269,0.83680003466234,0.599415120538832
"HMGCL","Interaction",-0.0750867645472582,0.631655687689128,0.955237334105422,0.966092520040288
"PSMC2","Interaction",-0.0742000071553477,0.326174546615105,0.847636923831845,0.920233398992918
"ARL3","Interaction",-0.19010218558871,0.328924219204694,0.847636923831845,0.809466474013989
"MAP2K2","Interaction",-0.0450975239181304,0.721140873723015,0.978541316414806,0.985364833118796
"ATP5F1C","Interaction",-0.128337213362727,0.307889087521253,0.841189821693305,0.859690147799497
"ATP6V1E1","Interaction",0.0982212966209133,0.649044167499789,0.96126340992448,0.958432062072511
"RPL4","Interaction",0.104813788223975,0.687283768768055,0.97092857229222,0.961456447988224
"LONP1","Interaction",0.0189895151392179,0.890674211230909,0.985806590130533,0.997803874237373
"PGM1","Interaction",-0.028473901817037,0.807013493436003,0.985431172218709,0.993913370501774
"PPP1CC","Interaction",0.459176072074181,0.223332081384929,0.778210533237577,0.502404972967066
"SERPINF1","Interaction",0.174636109298653,0.402504266462823,0.886437593122003,0.853058187821646
"DLST","Interaction",0.0314848477127114,0.781960052527972,0.985431172218709,0.992286156174383
"GMPR","Interaction",-0.0729043739195028,0.692586707172336,0.972676919631736,0.973576019113601
"GPX4","Interaction",-0.0548117970389228,0.649708560207179,0.96126340992448,0.976640588508275
"SRP14","Interaction",-0.0804753453018812,0.614988217644147,0.948620337080771,0.961632167479689
"TAGLN2","Interaction",0.169528813348396,0.1513368028366,0.74336736762335,0.726067459953349
"TALDO1","Interaction",-0.0212323497250289,0.833502135772297,0.985431172218709,0.996140651895736
"SNCA","Interaction",0.0504339592248364,0.938411024955154,0.990341070301427,0.996799186322312
"ETFB","Interaction",-0.055980757218812,0.737350917438663,0.978541316414806,0.983087791668342
"ATP6V1A","Interaction",0.0561120529169443,0.646615363035139,0.961069163803318,0.975831783768767
"HSPA9","Interaction",0.074964793104698,0.438739109672845,0.910335198573263,0.940108702712521
"RPS19","Interaction",0.170906148500059,0.211825813850134,0.774737832930386,0.767018160935684
"RPL3","Interaction",-0.720448152020456,0.0348109303889627,0.626620812936794,0.0889983020557561
"COL15A1","Interaction",0.520335119813897,0.0918845655351975,0.717953696739967,0.288761105925127
"COL18A1","Interaction",0.214350626921222,0.587380564526389,0.945660203885014,0.892211394723748
"DDOST","Interaction",-0.0103814096872163,0.929834492510984,0.990341070301427,0.999245051331223
"ANP32A","Interaction",-0.0726059942314485,0.544012581681755,0.933267267884209,0.956761353473611
"CAPG","Interaction",0.118713174529987,0.771935532203272,0.984721647333986,0.969737940357752
"CAP2","Interaction",0.332750844158639,0.0331681181622012,0.626620812936794,0.321935306428123
"CCT6A","Interaction",-0.22409070317191,0.0665116240798139,0.707483028598449,0.544781416847425
"RPL13A","Interaction",-0.12838645868916,0.643710577072294,0.961069163803318,0.94501449389571
"ARL1","Interaction",-0.207808399653725,0.670639847101441,0.966602353126656,0.920328837450538
"STAT3","Interaction",0.185587069370381,0.214595261716153,0.776688055214058,0.751549064280696
"MDH1","Interaction",-0.00995385100235779,0.92377692379625,0.990341070301427,0.999211123624832
"MDH2","Interaction",-0.036579348196117,0.764369094771666,0.981049618692261,0.990219111693679
"HADHA","Interaction",-0.0790619381327993,0.495816723263491,0.922485112263943,0.946044360703857
"EIF2S3","Interaction",-0.365374437025974,0.0271752269068889,0.626620812936794,0.267847074227859
"NAA10","Interaction",-0.091608126938862,0.632884516456329,0.955237334105422,0.958958265723136
"PPP1R2","Interaction",-0.0540984772384299,0.703221028562687,0.975727073107871,0.981133042028597
"GARS1","Interaction",-0.273960698685681,0.0967449771566338,0.717953696739967,0.52735376986089
"IARS1","Interaction",0.13285812707861,0.473889609237027,0.918805726620306,0.905547171524588
"EIF1","Interaction",-0.258130580969951,0.142477393915798,0.739123468190351,0.604722257651194
"ECI1","Interaction",0.159038684818583,0.153309143956986,0.743885707745097,0.742119451936336
"TMPO","Interaction",0.20645730890835,0.554008514813715,0.933267267884209,0.885211595866948
"AKR1C3","Interaction",-0.582381193721506,0.0299012835907563,0.626620812936794,0.129500195702446
"RPS27","Interaction",-0.169815221073225,0.191088143324405,0.774693599548634,0.75499234589258
"LRPPRC","Interaction",0.0130373064829534,0.915548299195463,0.990341070301427,0.998850351652983
"ACAA2","Interaction",-0.148396140675764,0.284251721659385,0.827873019387222,0.82972017245262
"RPL35","Interaction",0.312256104544208,0.194318652477972,0.774693599548634,0.599562285243076
"SLC1A4","Interaction",0.147606859865672,0.555943493192973,0.933267267884209,0.91699037057853
"PAFAH1B1","Interaction",-0.223659268412213,0.192167694308305,0.774693599548634,0.691494098004456
"CRAT","Interaction",0.0961019896896289,0.44837548026792,0.91106105878806,0.925810472586069
"GPD2","Interaction",-0.020969146934636,0.898627101317787,0.987468304529308,0.997761178114452
"NAMPT","Interaction",0.132955439423281,0.594318639979498,0.947508748359726,0.933156839590636
"PSMC4","Interaction",-0.0398703992664089,0.690005299402781,0.971171704702424,0.985314744867269
"TSFM","Interaction",0.101882088257316,0.611735576457929,0.948620337080771,0.951162386667432
"TNNT3","Interaction",0.564099982296661,0.180278373364025,0.767898348762207,0.380432678774332
"ASPA","Interaction",0.0752556503941442,0.707378881570734,0.978331221844706,0.974283775131662
"PPIC","Interaction",0.00358114659985276,0.988617049076292,0.995538562014884,0.999959003041217
"VDAC2","Interaction",0.247097662294223,0.0526367002884672,0.655122090098122,0.483095971778694
"ACADSB","Interaction",-0.131627084596996,0.529228883830356,0.933267267884209,0.919653027099557
"USP5","Interaction",-0.184841045316183,0.0718666492629522,0.707485206942097,0.614666194944872
"MAP2K4","Interaction",0.154896345105275,0.214631784818345,0.776688055214058,0.787919500150137
"PHKA2","Interaction",0.326343133740281,0.0478553750546132,0.654808789888909,0.370855270777817
"PHKA1","Interaction",0.0529280837229003,0.697047076577803,0.972778654610916,0.981079415893333
"CRKL","Interaction",0.0687719142853211,0.543169655126021,0.933267267884209,0.958894895822571
"MTIF2","Interaction",-0.0964701272711572,0.572568079355566,0.941287585857624,0.947627275814142
"BAG6","Interaction",-0.192444913522031,0.357837679770535,0.865151858685724,0.820557754770082
"NSF","Interaction",0.12320661414666,0.506258945780679,0.931199101197199,0.919552993662795
"MAP2K3","Interaction",-0.0120685377149137,0.913177648107041,0.990341070301427,0.99890447750344
"RPL27A","Interaction",-0.0603458470015674,0.805935987579396,0.985431172218709,0.987064714930331
"RPL5","Interaction",0.173898644242943,0.480156599820446,0.922157656949289,0.880223418259132
"RPL28","Interaction",-0.0121566065448562,0.954698432700198,0.991018481770315,0.99943658134945
"RPS9","Interaction",0.128546883682844,0.472725753038437,0.918775954795334,0.9081802113864
"RPS5","Interaction",0.268657502046821,0.0737635333400375,0.711789529752256,0.496406183116417
"RPS10","Interaction",0.29821629447531,0.166006285145005,0.757084853107736,0.585367258836566
"GNPDA1","Interaction",0.0447058776510829,0.734696340295095,0.978541316414806,0.986311813986669
"UTRN","Interaction",0.142480569346102,0.408666663248739,0.890298328441241,0.880293842464524
"IQGAP1","Interaction",0.0757211018749899,0.690516869790974,0.971171704702424,0.97234883964024
"GYG1","Interaction",-0.177120482281747,0.141276548517165,0.738363254812349,0.707066077746175
"STT3A","Interaction",-0.0957662274495164,0.500528501263933,0.928984435649756,0.935869796143619
"CAPZA2","Interaction",0.122770300000454,0.526750503601322,0.933267267884209,0.924317886916764
"CAPZB","Interaction",0.167994196397981,0.483086774263905,0.922485112263943,0.884948624606959
"EIF1AX","Interaction",-0.0944592642378268,0.506275426928698,0.931199101197199,0.937727385146592
"QARS1","Interaction",-0.129953709559857,0.120603723887834,0.717953696739967,0.759660276986497
"RPL29","Interaction",0.00308355905393043,0.991747839265661,0.995538562014884,0.999974448727941
"UQCRFS1","Interaction",0.185760541061665,0.106610614117189,0.717953696739967,0.659786894273339
"ATP5PO","Interaction",-0.0822637430878608,0.501863819866082,0.929337615180512,0.944863504021616
"LIMS1","Interaction",0.177696893458503,0.150979086018478,0.74336736762335,0.714654388038338
"PREP","Interaction",0.0741482948209011,0.546263078507021,0.933267267884209,0.956156088429821
"ME1","Interaction",-0.0964773400512549,0.445551545567776,0.91106105878806,0.924967787717683
"PIP4K2A","Interaction",0.00189504820898279,0.991380249299966,0.995538562014884,0.999983594483114
"ARCN1","Interaction",-0.275842498719989,0.144421374274983,0.741880947070268,0.586395522794917
"LSS","Interaction",-0.0486759555847343,0.750073971183582,0.979245936480035,0.986099122815131
"GCLM","Interaction",0.249763075046882,0.323350991655915,0.847636923831845,0.75428369471912
"CD151","Interaction",-0.106520665571118,0.662231671916663,0.964874301454167,0.957048309509384
"PSMD8","Interaction",-0.0963917424980707,0.474091804525462,0.918805726620306,0.930584504240404
"GSS","Interaction",-0.0604628799844456,0.653675062882416,0.96208678201189,0.974622088297377
"CCT5","Interaction",-0.0831769123783772,0.335205609556015,0.848465025583376,0.913096877734344
"NES","Interaction",-1.01391018276371,0.14865616451869,0.74336736762335,0.144766420628945
"IDH2","Interaction",-0.0286345369483492,0.797036372187096,0.985431172218709,0.993525165789945
"TNNI2","Interaction",0.512328132055025,0.210801545551429,0.774737832930386,0.45040325678371
"PXN","Interaction",-0.28656268848987,0.184343013888376,0.767898348762207,0.615964960952918
"ALDH9A1","Interaction",0.0315410273530539,0.820763183451118,0.985431172218709,0.993789361699003
"RPL34","Interaction",-0.44862425095539,0.221468426141141,0.778210533237577,0.50850005631075
"LMAN1","Interaction",-0.122033191493998,0.411188464808812,0.890298328441241,0.897222553711917
"FNTA","Interaction",0.0773602137314704,0.561860634770473,0.933267267884209,0.95638160739095
"CCT3","Interaction",-0.0461058768306017,0.616252567578511,0.948620337080771,0.977927462800985
"MRPL19","Interaction",-0.111296954249006,0.667426218927519,0.966602353126656,0.955997195045755
"TUFM","Interaction",0.0175897510943024,0.88229212441117,0.985431172218709,0.997799623427699
"ALDH7A1","Interaction",-0.016716627869517,0.938909204550502,0.990341070301427,0.998946797324747
"CDC34","Interaction",-0.0853749960415442,0.803611960230023,0.985431172218709,0.98150685261515
"PCYT1A","Interaction",0.078827966370369,0.559694774781796,0.933267267884209,0.955281813512599
"AARS1","Interaction",-0.147519499233546,0.175875288219251,0.767898348762207,0.773843240402266
"CARS1","Interaction",-0.0556475824122913,0.727951128401141,0.978541316414806,0.982485890367782
"SARS1","Interaction",-0.14957394524464,0.362551693293781,0.868525444796021,0.859197932303849
"PSMB3","Interaction",-0.112144750660637,0.363383867197531,0.868525444796021,0.892683103427251
"PSMB2","Interaction",-0.0614014673136545,0.513253124991016,0.932917824517434,0.959873352853234
"ACADVL","Interaction",-0.0121539818646887,0.916901327321077,0.990341070301427,0.998946131952909
"ACOT2","Interaction",0.0200059957116565,0.88664145159525,0.985433067664013,0.997595881075772
"TMED10","Interaction",-0.163614111570528,0.330421056933975,0.847636923831845,0.834281650468482
"HINT1","Interaction",-0.156942005780191,0.342763603975376,0.850828064833827,0.845319982952377
"NDUFV1","Interaction",0.327410894009645,0.0545616900594623,0.663986522105616,0.385872039076671
"GSK3A","Interaction",-0.136303418390582,0.462371990852823,0.916129806509033,0.900196248469645
"GSK3B","Interaction",0.105070744086511,0.36244824037117,0.868525444796021,0.898855021149319
"IDH3A","Interaction",0.0297113958587829,0.815877342783041,0.985431172218709,0.993972231235691
"SULT1A1","Interaction",0.00620408477400503,0.982503085394414,0.995538562014884,0.999890492764425
"GDI2","Interaction",-0.120548036452753,0.151073802183214,0.74336736762335,0.79625626952556
"EMD","Interaction",0.471371585722881,0.00258858231663962,0.510217133395767,0.0603380017620975
"CPT1A","Interaction",0.0952153381227703,0.70422699314418,0.975727073107871,0.967163526572279
"SERPINH1","Interaction",-0.0935158683481348,0.875455493721506,0.985431172218709,0.98763840429349
"CSRP3","Interaction",0.0155633581842771,0.951844729633526,0.990341070301427,0.999232190949706
"ST13","Interaction",-0.056003851140499,0.520906654246516,0.933267267884209,0.964134145314361
"DNM2","Interaction",-0.121942358168447,0.370480864958292,0.868599959641268,0.885960342833151
"METAP2","Interaction",-0.0610184176370119,0.48255785500011,0.922485112263943,0.956512576173874
"NUDT2","Interaction",0.621324431973552,0.127112107680964,0.717953696739967,0.277593598568834
"LRBA","Interaction",0.240727173738975,0.742791373941193,0.979245936480035,0.930923818296046
"BCAM","Interaction",0.175547645575595,0.321255936322589,0.847636923831845,0.819273452785531
"RPL14","Interaction",-0.128066673411727,0.655033835449818,0.963069340993748,0.947260673739348
"CCT8","Interaction",-0.114434430894025,0.174572307228476,0.767898348762207,0.818947159254738
"CCT4","Interaction",-0.0404849194881471,0.686927264758177,0.97092857229222,0.98491180987633
"ATP1A2","Interaction",-0.104686159399904,0.285283229907829,0.827873019387222,0.876950261495554
"ANXA11","Interaction",0.0873733573465714,0.326085266468838,0.847636923831845,0.90673026300826
"FXR1","Interaction",0.0839701402918749,0.7175546825698,0.978331221844706,0.972514587506399
"RAB5C","Interaction",0.0163521641947924,0.924667452598557,0.990341070301427,0.998720100009498
"RAB7A","Interaction",-0.0257543368510618,0.752901758173377,0.980078434896075,0.992717040765701
"DUSP3","Interaction",0.0755698363262702,0.510163473518967,0.931236714042875,0.950411415976566
"IDH3G","Interaction",-0.0448503497987254,0.799352410851119,0.985431172218709,0.990005889596296
"GALK1","Interaction",-0.242054725395885,0.217061342393733,0.778210533237577,0.690902327087048
"SSR4","Interaction",0.447538583426336,0.223424675647137,0.778210533237577,0.511341534820231
"BCAP31","Interaction",-0.114906659005776,0.193855812067839,0.774693599548634,0.828183497535055
"MECP2","Interaction",-0.274699946145951,0.219479301501562,0.778210533237577,0.659296619564282
"CAV2","Interaction",1.30947660516127,0.0232670709242798,0.626620812936794,0.00726585093815618
"ALDH3A2","Interaction",-0.082222481361363,0.560902490043794,0.933267267884209,0.953570695815156
"ALDH5A1","Interaction",0.077136200290262,0.601865799375934,0.948620337080771,0.961593329577652
"HSD17B4","Interaction",-0.164808809579281,0.556410732590593,0.933267267884209,0.907901921385812
"PSMD7","Interaction",0.18203023976529,0.154818196511688,0.746885773513582,0.712070682255588
"UBE2D1","Interaction",-0.196709982058564,0.173801964156136,0.767898348762207,0.708779535558452
"SUOX","Interaction",-0.0970694640964709,0.536781394769186,0.933267267884209,0.941394341869884
"STAT5B","Interaction",-0.119866513740686,0.306848600826004,0.839438685332597,0.867959350690803
"RPS6KA3","Interaction",0.159574085976271,0.249676475740263,0.798432687260718,0.801377390520474
"HDGF","Interaction",-0.0750182165408546,0.54775791036405,0.933267267884209,0.955849213951436
"LUM","Interaction",0.231900218395001,0.228804619563299,0.78413593527298,0.710329325454591
"PRELP","Interaction",0.239484213602569,0.368821778314268,0.868599959641268,0.78751603227015
"NDUFA8","Interaction",0.362367534513993,0.0512718175554761,0.655122090098122,0.340801839376609
"HNRNPA3","Interaction",0.136019944483117,0.559183402806473,0.933267267884209,0.923979522082422
"MYOM1","Interaction",0.218263611126869,0.346578781742965,0.854650258734705,0.79351568622649
"PGD","Interaction",-0.0709546152440055,0.603905372381437,0.948620337080771,0.964847624846146
"HNRNPM","Interaction",0.322314773648078,0.126086662854853,0.717953696739967,0.513017737191968
"KPNA1","Interaction",-0.119968460747266,0.389592708698171,0.872779472505912,0.893071458953186
"MAP2K6","Interaction",0.0921237535188588,0.5253617346049,0.933267267884209,0.942426700664848
"ARHGDIA","Interaction",-0.111670186372791,0.27318635247677,0.819423007534722,0.865105895118368
"ARHGDIB","Interaction",-0.357813886121505,0.0784020662417449,0.714035532790025,0.402137921611544
"RIDA","Interaction",0.0256093527217374,0.791114438495726,0.985431172218709,0.994017372417115
"MRPL12","Interaction",0.213170616401523,0.514414975661615,0.933267267884209,0.867881723699589
"THOP1","Interaction",-0.0909787347597231,0.376818489447984,0.87128914327093,0.915033605485382
"AKR1C2","Interaction",-0.0456093633691701,0.873714044826448,0.985431172218709,0.993861556194651
"CAPZA1","Interaction",0.268098242794437,0.259538387579861,0.80336383119415,0.696543877037296
"CRIP2","Interaction",0.267885089231537,0.298597283200119,0.83680003466234,0.723408032315078
"BLVRA","Interaction",-0.107769193070258,0.434389089503103,0.909015415384482,0.914059574646545
"PPP5C","Interaction",-0.166545171421056,0.117756841380813,0.717953696739967,0.700288877726513
"NUBP1","Interaction",0.0981327614539325,0.664971268176326,0.966602353126656,0.96075169066553
"SUCLG1","Interaction",-0.0354427594377427,0.783627577948628,0.985431172218709,0.991395528977662
"COPA","Interaction",-0.0378625122096601,0.787570176965289,0.985431172218709,0.990999079136187
"HCCS","Interaction",-0.0476736535520388,0.707234027093647,0.978331221844706,0.983621755118444
"MAPK12","Interaction",0.137347450864127,0.418001023804358,0.892500153468451,0.887094065846834
"TTC3","Interaction",-0.0259252827467549,0.930937207878426,0.990341070301427,0.998146417337977
"SMTN","Interaction",0.029879067826954,0.867706097334688,0.985431172218709,0.99576906967945
"SLC16A1","Interaction",-0.259368413922161,0.277300509600356,0.82289317891292,0.716999740031801
"IST1","Interaction",0.171278942113197,0.0974744242505298,0.717953696739967,0.671147945500379
"SEC24C","Interaction",-0.0953185346329981,0.448337015239904,0.91106105878806,0.926384885416046
"SUB1","Interaction",0.0110041799657417,0.921409948166307,0.990341070301427,0.999099710845336
"RARS1","Interaction",-0.0743415170972099,0.565298270010312,0.934454496688958,0.958481964211968
"CACNB3","Interaction",0.140743204897944,0.248907774300223,0.798041603532807,0.822236056472932
"CACNA2D1","Interaction",0.041931251598232,0.703236435606658,0.975727073107871,0.98534602475699
"MYOM2","Interaction",0.0968935276355936,0.621087277777114,0.950729686697701,0.954899858448264
"YARS1","Interaction",0.166477340346876,0.355927647354976,0.862861940670781,0.841999615206561
"USP14","Interaction",-0.0160151136350422,0.832480537259882,0.985431172218709,0.997068008713573
"PRKAG1","Interaction",-0.157703313023884,0.182835926832223,0.767898348762207,0.764935223564638
"PRKAA2","Interaction",-0.19280910541071,0.0818687967594539,0.717953696739967,0.617219065206194
"HSPA2","Interaction",-0.341622110191267,0.239556383870526,0.793499218776923,0.613750650678347
"RAD23A","Interaction",-0.156367622791176,0.112077736155038,0.717953696739967,0.710191712860868
"RAD23B","Interaction",-0.109154014680321,0.268277136617573,0.811595430348472,0.866218814913657
"AK2","Interaction",0.0411360588129241,0.758918221057296,0.980798083318214,0.988716299199928
"NAPA","Interaction",0.00741226098624281,0.922629313052045,0.990341070301427,0.999403285508039
"EIF5","Interaction",0.116372930859644,0.410750323746891,0.890298328441241,0.901635347501384
"PSMD4","Interaction",-0.155205830902034,0.0940702790412254,0.717953696739967,0.692905217908052
"DRG2","Interaction",0.521259975466997,0.0859881466538063,0.717953696739967,0.278333502532935
"RRAD","Interaction",0.0699748947461245,0.863644135056817,0.985431172218709,0.989794500145748
"CSE1L","Interaction",-0.299432336994581,0.00525147967840899,0.600075593630651,0.207672321861522
"VCP","Interaction",-0.0746758778334922,0.429273987152212,0.904077577845884,0.938802271600395
"HADHB","Interaction",-0.0110419272128155,0.917002631818197,0.990341070301427,0.999043730433049
"NAP1L1","Interaction",-0.0167590369831991,0.907489480377407,0.990017849989727,0.998374467506531
"ADK","Interaction",0.210706939329739,0.248524536875146,0.798041603532807,0.745761759308967
"LAMB2","Interaction",0.572036185078439,0.160175254315514,0.749359442940781,0.350751712204085
"CDH13","Interaction",-0.149686285847668,0.333741979800284,0.848465025583376,0.848518153982495
"TPD52","Interaction",0.360016972839325,0.249174341702771,0.798041603532807,0.606360569237019
"SEC13","Interaction",0.206257142832271,0.200225869110811,0.774693599548634,0.717684471519405
"SNU13","Interaction",0.323426628331966,0.053628849354721,0.658913523358297,0.388198304385448
"NPEPPS","Interaction",-0.0339384905916198,0.75057432784532,0.979245936480035,0.990309739938953
"HNRNPH2","Interaction",0.226322652924729,0.428115517989892,0.903664909830446,0.825303907450717
"OXCT1","Interaction",-0.0860049496364539,0.824127565030943,0.985431172218709,0.983501679937876
"SH3BGR","Interaction",-0.0102266139336571,0.949979315894345,0.990341070301427,0.999475358289671
"EIF3B","Interaction",0.0460354136115271,0.728360656942323,0.978541316414806,0.985514601504903
"ATP5MF","Interaction",-0.102430778619411,0.541254720201848,0.933267267884209,0.939057375874867
"NDUFV3","Interaction",0.483449428158373,0.056479321773601,0.667443630784733,0.249230781564254
"MARS1","Interaction",-0.139398059238278,0.580880877789348,0.943782221954246,0.927073563346148
"ARPP19","Interaction",-0.0442886523924564,0.8338470886986,0.985431172218709,0.991984814055418
"ATP5F1E","Interaction",-0.0724615662564396,0.641494234232706,0.960641044991387,0.968342259189228
"ATP5ME","Interaction",-0.091604639210157,0.518231131910029,0.933267267884209,0.94156222849337
"EIF6","Interaction",0.0914117383867144,0.450995782071628,0.915499650369556,0.929795211541528
"NDUFA6","Interaction",0.636940689213205,0.00331224709926388,0.510217133395767,0.0263308731881927
"SYNJ2BP","Interaction",0.19176305008623,0.171078774475203,0.764758521643409,0.712779747093199
"EEFSEC","Interaction",0.326624331880524,0.227547790533949,0.78413593527298,0.61660107138924
"MTPN","Interaction",-0.00926833220712098,0.933632028532528,0.990341070301427,0.999363719334702
"DEFA3","Interaction",0.0197218643071544,0.949304461286443,0.990341070301427,0.998974482238586
"ARPC4","Interaction",-0.152514910964346,0.33518166579476,0.848465025583376,0.846443862611916
"CD81","Interaction",0.663028158998557,0.040065515743758,0.644064577675981,0.118467071931782
"TPI1","Interaction",0.027985181115401,0.788315116813862,0.985431172218709,0.993365623590766
"EIF3E","Interaction",0.179892388635501,0.337334683059102,0.848790621685237,0.822435342882756
"SEC61B","Interaction",-0.598258239931631,0.318728393972385,0.846090906331512,0.504565293794748
"GABARAPL2","Interaction",0.294310783246715,0.205141873245116,0.774693599548634,0.627379273814093
"ROMO1","Interaction",-0.228747498092783,0.368143944567014,0.868599959641268,0.795660183900794
"MYL6","Interaction",0.428503101930193,0.202960750269926,0.774693599548634,0.504921564488181
"ACTB","Interaction",0.592748352514246,0.0990858376422231,0.717953696739967,0.254031469879259
"EIF4A1","Interaction",0.144540584827247,0.206712777908992,0.774693599548634,0.796237802576773
"RPS20","Interaction",0.185589231552076,0.222796513447183,0.778210533237577,0.756795984812715
"PRPS1","Interaction",-0.0377559423295324,0.83210551353603,0.985431172218709,0.993084629786311
"PSMA6","Interaction",-0.0907473666404179,0.387995895763443,0.872779472505912,0.917671290543284
"S100A10","Interaction",-0.0455807213740584,0.768103403854444,0.982218655811434,0.988046415188551
"CDC42","Interaction",-0.0243599823142979,0.858389837764916,0.985431172218709,0.99628721506914
"DSTN","Interaction",0.0651394706088375,0.79054564743117,0.985431172218709,0.984806747812016
"RAB2A","Interaction",-0.150469005036573,0.268403092345327,0.811595430348472,0.820446422685346
"RAB5B","Interaction",-0.0450956987340092,0.731580661402215,0.978541316414806,0.986004302051826
"RAB10","Interaction",-0.071779994384336,0.573961590620591,0.941368697809415,0.960931900121191
"UBE2D3","Interaction",0.0144880406624637,0.923629602783557,0.990341070301427,0.998849672052246
"UBE2M","Interaction",-0.00691164947387435,0.944688956729152,0.990341070301427,0.999606807561859
"UBE2K","Interaction",-0.0824307077832991,0.491080967281059,0.922485112263943,0.94306479258456
"UBE2N","Interaction",0.0667536943555511,0.579347843099843,0.943782221954246,0.964218209075725
"RAB14","Interaction",0.0274920909322489,0.858983668806603,0.985431172218709,0.995829774213933
"ACTR3","Interaction",0.00367341813431565,0.975836554835878,0.995538562014884,0.999910151601256
"ACTR2","Interaction",-0.101185383811689,0.389672617561507,0.872779472505912,0.90904380426722
"ACTR1A","Interaction",-0.0510584841406079,0.63557112971126,0.956543655819024,0.977124404892264
"COPS2","Interaction",-0.0805029451615091,0.408597937928443,0.890298328441241,0.930482472919129
"ABCE1","Interaction",-0.258969218605685,0.137893034498563,0.738363254812349,0.598643056029786
"RAP1B","Interaction",-0.194262719083248,0.138073509147714,0.738363254812349,0.680699608667886
"RPS3A","Interaction",0.253530832900132,0.0856040926049623,0.717953696739967,0.536234125407858
"RPL26","Interaction",-0.0776380787652435,0.75996145666619,0.981033353537815,0.978914781270405
"RPL15","Interaction",-0.184444380243772,0.410201664347601,0.890298328441241,0.848436900305056
"RPL27","Interaction",0.119798900732405,0.74143412470396,0.979245936480035,0.964794539474854
"PCBD1","Interaction",0.00744496420330876,0.948819153709106,0.990341070301427,0.999608939925758
"RPL37A","Interaction",0.307081123226542,0.209657908480958,0.774737832930386,0.618940515435773
"RHOA","Interaction",-0.0492397429077727,0.657329991185583,0.963176321974037,0.979552469448377
"HSPE1","Interaction",0.0739991384901764,0.563319593867512,0.933267267884209,0.958420455327408
"SEC61A1","Interaction",-0.324721919300341,0.182905183102441,0.767898348762207,0.57600813200893
"VBP1","Interaction",-0.142105576684401,0.225674895092016,0.779840385836063,0.809331351653668
"B2M","Interaction",0.0177696429675009,0.908240289698313,0.990017849989727,0.998291199292294
"DAD1","Interaction",-0.398934921747824,0.415388258408613,0.890298328441241,0.704349260002368
"NPC2","Interaction",0.0970614461114518,0.827305918215836,0.985431172218709,0.981767283690315
"PKIA","Interaction",-0.133666254483625,0.353732761948408,0.861173270977526,0.870308280875244
"SUMO2","Interaction",0.0416700874363762,0.830411535987449,0.985431172218709,0.992286191506752
"UFM1","Interaction",-0.285124568617633,0.131453802227321,0.726479121003239,0.56071293541647
"NUTF2","Interaction",-0.0974379623085895,0.395704110369923,0.877903205794306,0.913626331761828
"HNRNPK","Interaction",0.0663495893722406,0.527601343388812,0.933267267884209,0.958462465359327
"YWHAG","Interaction",-0.159799611071211,0.080293668644791,0.717953696739967,0.6682954402617
"RRAS2","Interaction",0.0567390185547758,0.689737809610003,0.971171704702424,0.979145180030197
"TIMM10","Interaction",-0.11875122090062,0.468374435199024,0.916129806509033,0.913866038619239
"RPS7","Interaction",0.240219945203847,0.299872227959928,0.837531354783784,0.748772099958258
"PPP1CA","Interaction",0.00956916931414753,0.939066618062067,0.990341070301427,0.999398578193847
"PPP1CB","Interaction",0.12734746062792,0.5247673050688,0.933267267884209,0.921167228645712
"PSMC1","Interaction",-0.109940056729553,0.295152656673306,0.835735487426706,0.874453869301242
"PSMC5","Interaction",0.00491901139739781,0.959683193014151,0.992759423201739,0.999797593053274
"RPS8","Interaction",-0.00531243021649885,0.970160633138515,0.995538562014884,0.999839080206611
"RPS15A","Interaction",0.0367195020342734,0.782847203381271,0.985431172218709,0.991050699847798
"RPS16","Interaction",0.16397702839118,0.318594380140845,0.846090906331512,0.82897696256385
"UBE2G1","Interaction",0.112005073178752,0.674711975554493,0.970029150791216,0.956886430552044
"YWHAE","Interaction",-0.11996531810772,0.194654337398442,0.774693599548634,0.821743618099894
"RPS14","Interaction",0.0465803260497637,0.698618493562758,0.973735065867086,0.983432716253776
"RPS23","Interaction",0.200184665250209,0.331036537703676,0.84818020209198,0.801468621747609
"RPS18","Interaction",0.235962123419608,0.111466020236785,0.717953696739967,0.595883993834156
"RPS13","Interaction",0.193722492047783,0.348518487062918,0.857381382591557,0.815302633374078
"RPS11","Interaction",-0.302242289997167,0.0357898608055285,0.626620812936794,0.365498091301615
"SNRPD2","Interaction",0.0754599906258697,0.668119110276565,0.966602353126656,0.970026226701098
"SNRPD3","Interaction",0.198985774387463,0.145401738722042,0.74336736762335,0.681339022855797
"TMSB4X","Interaction",-0.0145978242112861,0.962322476204495,0.994510340632387,0.999439517907405
"PSMC6","Interaction",-0.0534070311063388,0.571399383110092,0.940101882470089,0.97055214685314
"RPL7A","Interaction",0.00362441980214356,0.987875978541121,0.995538562014884,0.999955789880833
"ETF1","Interaction",-0.10349122235262,0.583463810981159,0.944135483533572,0.9457677374004
"CNBP","Interaction",0.0238726318211206,0.880874152171579,0.985431172218709,0.996976563028156
"RPS4X","Interaction",0.121080884217058,0.381202751544807,0.872447691716383,0.889786887430896
"RPL23A","Interaction",0.325587656790802,0.084978913832252,0.717953696739967,0.448122690287015
"RPS6","Interaction",0.0324499012763404,0.820538431203283,0.985431172218709,0.9936021410174
"H2BC4","Interaction",0.629748920519727,0.116136109794722,0.717953696739967,0.257729511386292
"RAB1A","Interaction",0.00193208133081058,0.986338987286748,0.995538562014884,0.999973424220921
"RAN","Interaction",-0.141029166790926,0.209131664512666,0.774737832930386,0.801972303165695
"RPL23","Interaction",0.309282784616396,0.0456669960483121,0.648286207415566,0.384979949905374
"RAP1A","Interaction",-0.348627062456636,0.250642671675654,0.79855408175234,0.617297209656033
"RPS15","Interaction",0.463686900153018,0.00623087467095806,0.600075593630651,0.0949207737494107
"RPS24","Interaction",-0.11419159750173,0.61295437373818,0.948620337080771,0.945640536408891
"RPS25","Interaction",0.198585661418491,0.19448679329345,0.774693599548634,0.722410040247796
"RPS26","Interaction",0.0624940380395849,0.750863971284786,0.979245936480035,0.9822529030148
"RPS28","Interaction",-0.0228696785700855,0.907079259484295,0.990017849989727,0.997772109831063
"GNB1","Interaction",-0.172122552117518,0.141024578432639,0.738363254812349,0.713796561635526
"GNB2","Interaction",0.0231163445050662,0.876312926240457,0.985431172218709,0.996952555022392
"RPL30","Interaction",0.00340674187495082,0.989455324439574,0.995538562014884,0.99996388692413
"RPL31","Interaction",0.379665823999648,0.0468350837800992,0.654808789888909,0.312796120280395
"RPL10A","Interaction",-0.0116007423518312,0.963842562544958,0.9951023213302,0.999572867059407
"RPL32","Interaction",0.602820434938341,0.0981415634635876,0.717953696739967,0.246756368589669
"RPL11","Interaction",0.17686008709261,0.492820827245998,0.922485112263943,0.882366394215389
"RPL8","Interaction",0.157969837422456,0.596724902181017,0.947645471598398,0.921677702035505
"PPIA","Interaction",-0.0970237981129358,0.504891820288212,0.931199101197199,0.935843385568546
"FKBP1A","Interaction",-0.0770180464677424,0.656912800102009,0.963176321974037,0.968154796540064
"RPS27A","Interaction",-0.383169227660055,0.170273891417888,0.762783466671606,0.507457407631458
"GRB2","Interaction",0.303797067489544,0.0388030707080111,0.644064577675981,0.372650456749296
"RAC1","Interaction",-0.06498683000083,0.448375599612972,0.91106105878806,0.949207838539433
"AP2B1","Interaction",0.0001179775493938,0.999443017749841,0.999497242299187,0.999999934270294
"VAMP2","Interaction",-0.0412768944093926,0.925033116011484,0.990341070301427,0.996788634915235
"PPP3R1","Interaction",0.0265965567022697,0.877172264906152,0.985431172218709,0.996520538628234
"YWHAZ","Interaction",-0.190840548160391,0.0785065245475943,0.714035532790025,0.615323083763979
"UBE2B","Interaction",0.654550391045209,0.0116248983798131,0.610597787399683,0.0541626271441829
"PPP2R2A","Interaction",-0.121520609016716,0.200858404854466,0.774693599548634,0.822785765034267
"DYNLL1","Interaction",-0.205835622695243,0.144294418425993,0.741880947070268,0.67134166898717
"DYNLT1","Interaction",-0.180135607677304,0.165906746013813,0.757084853107736,0.723551979079557
"RPL38","Interaction",0.435709430720834,0.0108533424835625,0.600075593630651,0.139340220748942
"SKP1","Interaction",0.0157746619939942,0.911065413147014,0.990247508029942,0.998531817658476
"RPS21","Interaction",0.352357946777371,0.0305875361551415,0.626620812936794,0.292664177890484
"EIF5A","Interaction",-0.0754057067792395,0.515362637416312,0.933267267884209,0.951243433920688
"RACK1","Interaction",0.202031627920746,0.139892096964907,0.738363254812349,0.672083457052158
"UBE2I","Interaction",0.27516745541574,0.18824540356036,0.770962169357343,0.631579104823676
"SELENOW","Interaction",0.275092825828697,0.334288139595834,0.848465025583376,0.739757015361543
"TNNC1","Interaction",0.730606484157523,0.0699578627990843,0.707485206942097,0.143228710195971
"PPP2CA","Interaction",-0.0394518261421304,0.625983363960817,0.952499252884764,0.981689239490113
"YBX1","Interaction",-0.289618863481103,0.05928648658105,0.673302207063708,0.441189155090378
"CSNK2B","Interaction",-0.0163047081940064,0.899729454662119,0.987468304529308,0.998278708632373
"TPM4","Interaction",-0.256901563809031,0.200402155272333,0.774693599548634,0.661694662973128
"UBE2L3","Interaction",-0.107260135273993,0.258576429621519,0.80302232606474,0.864956386436543
"EEF1A1","Interaction",-0.220220101752172,0.179212402738519,0.767898348762207,0.684820320804037
"ACTA1","Interaction",0.699336668092588,0.0669930067554448,0.707483028598449,0.151007793287075
"TUBA1B","Interaction",-0.123834473193828,0.327630360475967,0.847636923831845,0.870939224331043
"TUBA4A","Interaction",0.0776617584233605,0.591516923241657,0.947238609550854,0.960042744451492
"TUBB4B","Interaction",-0.148220073256304,0.210202673314028,0.774737832930386,0.793599507394971
"CSNK2A1","Interaction",-0.104065877164871,0.573538477382557,0.941368697809415,0.943788325573725
"PAFAH1B2","Interaction",0.288782752204391,0.384348919807665,0.872515210270836,0.758710220742156
"EIF4G2","Interaction",-0.164901513306187,0.268146726121889,0.811595430348472,0.804892276440767
"PIP4K2B","Interaction",0.114889860957597,0.365543261637338,0.868525444796021,0.89081207955172
"CCT2","Interaction",-0.141944323417942,0.203070384807702,0.774693599548634,0.79748838022668
"GSTO1","Interaction",-0.21538730644782,0.153004555582577,0.743885707745097,0.667414547301563
"PRKDC","Interaction",-0.20612680588248,0.114154489281998,0.717953696739967,0.639328465792948
"DCD","Interaction",0.300051833239106,0.335787431107093,0.848465025583376,0.720766785470002
"MRPS25","Interaction",0.00549689771710149,0.971540544680748,0.995538562014884,0.999841304640281
"MRPS35","Interaction",-0.375219576351212,0.117557047979193,0.717953696739967,0.447856725589231
"MRPS5","Interaction",0.208837420758044,0.425222326602562,0.899689937756277,0.836452215351727
"MRPS36","Interaction",-0.446561527602405,0.0730389551655236,0.710439096309098,0.310818732200848
"MRPS15","Interaction",-0.507314878760283,0.132947436090646,0.729301731661741,0.359277324861237
"MRPS21","Interaction",-0.0389199452144524,0.889097454580402,0.985806590130533,0.995435470942046
"SARNP","Interaction",0.213784239224982,0.41322553999475,0.890298328441241,0.827840869359775
"LACTB","Interaction",0.0613328686321495,0.656496816441928,0.963176321974037,0.974519093513316
"RPL24","Interaction",0.564310341514034,0.00364267348926059,0.510217133395767,0.0420614485921585
"ARF1","Interaction",0.0300666839517376,0.766197907841421,0.981049618692261,0.992024770010582
"ARF5","Interaction",0.125336844108386,0.32467784734956,0.847636923831845,0.868494390909629
"ERH","Interaction",0.0542323646255412,0.86328685982804,0.985431172218709,0.992059092190838
"RHOG","Interaction",0.158210104464692,0.730474888677361,0.978541316414806,0.951526699246684
"RPL19","Interaction",0.251529842928548,0.239833724561397,0.793499218776923,0.698278906408934
"SRSF3","Interaction",0.274807956178332,0.385648805859851,0.87259072125257,0.76963049392929
"MXRA7","Interaction",-0.182160500208171,0.604689491692091,0.948620337080771,0.912438993172474
"H3-3A","Interaction",0.613715173419646,0.134853422875794,0.735914393407903,0.292403852750876
"FBLN2","Interaction",0.738788574189218,0.139380714858124,0.738363254812349,0.233209760950937
"HSPG2","Interaction",0.38920060757631,0.14174426349897,0.73896947298098,0.467482568833294
"RBM3","Interaction",0.65039885506232,0.0429826086496092,0.644064577675981,0.129150229475695
"CYCS","Interaction",0.254304959833398,0.268471596426553,0.811595430348472,0.715757679975103
"MPP1","Interaction",0.438766371429764,0.110313931436183,0.717953696739967,0.380135472658631
"TFAM","Interaction",-0.23548261185945,0.216504812886296,0.777974572422396,0.697451743421649
"PITPNA","Interaction",0.0112842835863098,0.954364887085666,0.991018481770315,0.999473059029622
"SLC25A3","Interaction",-0.18585798662037,0.162640602561159,0.749359442940781,0.713510888974719
"HDLBP","Interaction",0.215580717681677,0.34842278467925,0.857381382591557,0.796685661373824
"PURA","Interaction",-0.145561948058493,0.409070486866976,0.890298328441241,0.877996090560523
"CLTC","Interaction",-0.161088848598919,0.224808274660305,0.778210533237577,0.786292600181552
"FKBP3","Interaction",0.0276489929282633,0.780759856151967,0.985431172218709,0.993180574008558
"REEP5","Interaction",-0.335133071793649,0.0191169929860621,0.626620812936794,0.265489203760548
"SORD","Interaction",0.0577502681139244,0.814118758356886,0.985431172218709,0.988193958181421
"HNRNPU","Interaction",-0.261949110621053,0.0999382542048788,0.717953696739967,0.546991558107327
"MYBPC1","Interaction",0.658266254772187,0.111575840204171,0.717953696739967,0.236073685524011
"PLIN5","Interaction",-0.261922185669533,0.470049933135484,0.916129806509033,0.820591924344444
"SPTBN1","Interaction",-0.0453831553587349,0.745317264518971,0.979245936480035,0.986748420754525
"TIAL1","Interaction",-0.0899316369757059,0.610503185080461,0.948620337080771,0.956591604736743
"SET","Interaction",0.516315386161061,0.0180778315704971,0.626620812936794,0.125932503573916
"AMPD3","Interaction",0.267455945447217,0.424941565198559,0.899689937756277,0.795416211795918
"FABP5","Interaction",0.0708910262838494,0.695769833044411,0.972778654610916,0.974613054679986
"ANK2","Interaction",0.0790929752875869,0.66714068258734,0.966602353126656,0.968493773892155
"CAP1","Interaction",0.227447171852294,0.254082265128468,0.79855408175234,0.732256270407285
"EWSR1","Interaction",-0.246154360334426,0.10714856208055,0.717953696739967,0.577067890552588
"TAGLN","Interaction",0.644521897815562,0.0860903002011494,0.717953696739967,0.205851802446251
"OGDH","Interaction",-0.0693658903854271,0.519282331035331,0.933267267884209,0.95556165408959
"COX6A2","Interaction",0.558208715560458,0.0852130382094683,0.717953696739967,0.252929308043395
"ALDH6A1","Interaction",-0.318577666882895,0.16062261850145,0.749359442940781,0.558454444865462
"BDH1","Interaction",-0.011206361771535,0.965211472572869,0.995290799523729,0.999603283193154
"COL7A1","Interaction",-0.321862171289343,0.185341704604256,0.768053099356098,0.581283840079521
"RPL18A","Interaction",0.234941065461065,0.37465640635589,0.868822416946716,0.794015391548396
"CACNB1","Interaction",0.0171046277558062,0.885996898772557,0.985431172218709,0.997931766327096
"MAP2K1","Interaction",-0.0456209022004153,0.659733368986275,0.963834775484728,0.981204261575687
"FKBP4","Interaction",-0.205945015990022,0.167288125948539,0.758081213763104,0.691952863487882
"RPL6","Interaction",0.0879237944794546,0.73763816292388,0.978541316414806,0.97359937917499
"AKAP12","Interaction",0.0440712333800768,0.835453119528626,0.985431172218709,0.992108133283177
"SLC25A11","Interaction",0.0330077481081936,0.857508567953476,0.985431172218709,0.994938764790075
"CAV1","Interaction",0.256725274206165,0.0745329350525923,0.711789529752256,0.513456065448083
"ACY1","Interaction",-0.130548941771867,0.41530152305339,0.890298328441241,0.891615812404061
"LMNB2","Interaction",0.545096057928433,0.0522039079708784,0.655122090098122,0.199997684962939
"UBXN1","Interaction",0.0217238213000215,0.867423587751199,0.985431172218709,0.996915035820001
"GBE1","Interaction",-0.165528443306915,0.340256351365831,0.849755482400417,0.836566782050524
"EIF4G1","Interaction",-0.113440454569393,0.166576187065072,0.757525041176877,0.816017392690521
"PRKCQ","Interaction",-0.310486856707826,0.127656723615717,0.717953696739967,0.527762242540871
"GLO1","Interaction",0.0267016114312533,0.825924081445008,0.985431172218709,0.994906269443955
"AKR1C1","Interaction",-0.36352626984872,0.0903845124922245,0.717953696739967,0.417361854045568
"SSBP1","Interaction",-0.138483179240612,0.304556953035946,0.839438685332597,0.848197083766963
"YWHAH","Interaction",-0.160263311907894,0.107439037637158,0.717953696739967,0.699408379115999
"PLP2","Interaction",0.397756810518414,0.380516634053064,0.872168498722824,0.680911642524884
"UBE3A","Interaction",-0.0841061740955134,0.617009597529249,0.948620337080771,0.96020122494875
"SRSF11","Interaction",0.291073345615764,0.238291581884334,0.793499218776923,0.658708011332761
"EEF1A2","Interaction",-0.0778932349438755,0.657857221338764,0.963176321974037,0.967907122283469
"CALD1","Interaction",0.313228325740578,0.384075642902734,0.872515210270836,0.741015955827232
"COL14A1","Interaction",-0.244622458435185,0.696288676342169,0.972778654610916,0.91525632747615
"PTPN11","Interaction",0.014321977496774,0.926634983680056,0.990341070301427,0.99890932424107
"PSME1","Interaction",-0.257904272517834,0.0347474043485428,0.626620812936794,0.420433821036868
"CACNG1","Interaction",-0.114977758467923,0.631319064476386,0.955237334105422,0.948490677717169
"ZNF33A","Interaction",-0.0657183929683747,0.906146222113999,0.990017849989727,0.993544080114179
"PRDX1","Interaction",-0.10807543519018,0.437892586420245,0.910335198573263,0.91461990023486
"RPL18","Interaction",0.337282840087088,0.203662229699578,0.774693599548634,0.584665366725879
"C1QBP","Interaction",0.190518409173627,0.200505957047411,0.774693599548634,0.736278975924293
"CKAP4","Interaction",0.0303751478707497,0.923981467333247,0.990341070301427,0.997601323082598
"DPT","Interaction",0.064403483911434,0.900281428954804,0.987468304529308,0.993257385595023
"KLC1","Interaction",0.0265725351752764,0.899375603408246,0.987468304529308,0.997185829482445
"SRSF1","Interaction",0.264888715149851,0.330237383974267,0.847636923831845,0.745662838414104
"ARHGAP1","Interaction",0.0841059762216574,0.653837880264142,0.96208678201189,0.964894721902885
"ACTN3","Interaction",0.988383537562026,0.228958640002456,0.78413593527298,0.232913357067459
"PPP3CA","Interaction",0.0976203093054266,0.444091597036742,0.91106105878806,0.923817450985458
"DHX9","Interaction",-0.104691259946208,0.508620012919214,0.931199101197199,0.931669674903361
"CRYZ","Interaction",0.00666221668641498,0.965065092102387,0.995290799523729,0.999763121453822
"SLC20A2","Interaction",1.00391247719842,0.0976342242542615,0.717953696739967,0.096749542742053
"PUDP","Interaction",0.134661257146327,0.46637698671287,0.916129806509033,0.902384699715071
"CD47","Interaction",-0.234824912377068,0.184818010308941,0.767898348762207,0.672687398758553
"PPID","Interaction",0.066880279809304,0.857058452041079,0.985431172218709,0.989736802955153
"AHNAK","Interaction",-0.125459463236322,0.495881538518375,0.922485112263943,0.915761286357304
"LMOD3","Interaction",-0.273858095203416,0.495005049687439,0.922485112263943,0.824833658796293
"HSPA14","Interaction",0.276416761013921,0.21552076924788,0.776688055214058,0.654282378383693
"SCRN3","Interaction",0.0567721521089091,0.812986408051746,0.985431172218709,0.988314653457722
"NEXN","Interaction",0.340743290729513,0.272427919281539,0.818842715894869,0.642045455503373
"AP1B1","Interaction",-0.0020184320592449,0.990680191391263,0.995538562014884,0.999981100570307
"BST2","Interaction",0.242097801904915,0.123567281996182,0.717953696739967,0.60277028137349
"PMPCA","Interaction",0.410542783256432,0.146182263112476,0.74336736762335,0.454102129030032
"ASPH","Interaction",-0.0510294206020419,0.851964727364539,0.985431172218709,0.991857896680142
"EFEMP1","Interaction",0.622300982135844,0.0791929830336339,0.717174385145107,0.206372418224725
"STX4","Interaction",0.0976214441136296,0.727885991102535,0.978541316414806,0.969470115221105
"GRSF1","Interaction",-0.0331544725452844,0.883849455829429,0.985431172218709,0.995914833111767
"AIMP1","Interaction",-0.160691947996266,0.12588105376436,0.717953696739967,0.71675524315121
"ILF3","Interaction",-0.15259603411365,0.584186639026008,0.944135483533572,0.9212483076
"TRAP1","Interaction",-0.0712660046447979,0.660533667523975,0.963834775484728,0.970877939983192
"ANK3","Interaction",-0.0290094906764509,0.851500690184717,0.985431172218709,0.995347437103746
"HSPB3","Interaction",-0.165325499846919,0.430323087484824,0.905013820626242,0.86987513521831
"ECH1","Interaction",-0.185023794047243,0.255694282515953,0.79855408175234,0.776987971266693
"STRN3","Interaction",-0.0771341611123475,0.541619121398994,0.933267267884209,0.953803055132885
"COASY","Interaction",0.125911253423308,0.456894974544196,0.916129806509033,0.906081063780678
"TRDN","Interaction",0.073217829031254,0.778484513058369,0.985431172218709,0.981832851964019
"ACACA","Interaction",-0.284609699946788,0.1218606580053,0.717953696739967,0.549323135586753
"GPS1","Interaction",-0.159143143771146,0.103422859179536,0.717953696739967,0.69692008086034
"MTAP","Interaction",0.110214876504674,0.618531001320223,0.949120370630426,0.948429230380702
"PRKAA1","Interaction",-0.10585879312935,0.283688259182841,0.827873019387222,0.875141838530435
"TARDBP","Interaction",-0.115373309494153,0.321325335464474,0.847636923831845,0.877232290319733
"PAK1","Interaction",-0.539106212212708,0.220057603672284,0.778210533237577,0.442137425232361
"AIMP2","Interaction",-0.178187660649034,0.0576144421157114,0.667443630784733,0.601370309770247
"PRDX4","Interaction",0.0807901399677533,0.677510436429172,0.970029150791216,0.969035481438672
"PAK2","Interaction",-0.123162633456452,0.370520603690618,0.868599959641268,0.884899184993909
"CBX3","Interaction",0.0094118735766866,0.969171869116099,0.995538562014884,0.999705326459812
"PSMD2","Interaction",-0.0222029332525793,0.822194934671681,0.985431172218709,0.995662593183831
"MYBPH","Interaction",0.612308747414183,0.35606915876324,0.862861940670781,0.531374323173865
"SELENBP1","Interaction",-0.0790438191728349,0.613074957551824,0.948620337080771,0.962064659550978
"TRIM28","Interaction",0.0198708872164062,0.892928237908017,0.986278493075747,0.997752170821534
"G3BP1","Interaction",0.396909542078713,0.157486024017025,0.749359442940781,0.480150844709709
"PABPC4","Interaction",0.196421452170647,0.445229710301394,0.91106105878806,0.853049800846067
"SGCG","Interaction",-0.000438867088394801,0.996915784862584,0.999171833373611,0.999998644348764
"EIF3I","Interaction",-0.0146622741672289,0.912880018897726,0.990341070301427,0.998664414359098
"CTBP1","Interaction",0.15821053121546,0.21457059222936,0.776688055214058,0.783875997157969
"UBE2V1","Interaction",-0.0486024300962846,0.731901932414545,0.978541316414806,0.98494522990329
"DYNC1I2","Interaction",-0.275346651071217,0.0243337867862377,0.626620812936794,0.359458075596026
"ILK","Interaction",-0.00192686095996919,0.984304806243583,0.995538562014884,0.999969518164964
"NNT","Interaction",-0.0282866979543428,0.839093105633463,0.985431172218709,0.995049855111851
"SNTA1","Interaction",0.152381768299858,0.359342461873265,0.866795077377416,0.855593753367003
"SNTB2","Interaction",-0.0420196094230327,0.713458844277427,0.978331221844706,0.985913059912752
"SF3B2","Interaction",-0.0120756558113904,0.944180221638983,0.990341070301427,0.999306636333087
"PDAP1","Interaction",-0.117575010524572,0.403372934897206,0.886980354239846,0.898754271723044
"TMED1","Interaction",0.0649531567667232,0.729735878268862,0.978541316414806,0.97974302475761
"FKBP5","Interaction",-0.0104769301512597,0.946023171015969,0.990341070301427,0.99941882277987
"PICALM","Interaction",-0.349750648552938,0.205994647825604,0.774693599548634,0.575467324184646
"MTM1","Interaction",0.181739770217348,0.301704940819963,0.837531354783784,0.804302519282725
"SQSTM1","Interaction",0.183781036054802,0.254895682759551,0.79855408175234,0.777858642732842
"MTX1","Interaction",0.0835966595876272,0.546338633563682,0.933267267884209,0.950720137290661
"ART3","Interaction",0.338264950450668,0.196219206480956,0.774693599548634,0.576446814588877
"ASAH1","Interaction",-0.00423860666634468,0.98000946234779,0.995538562014884,0.999914413258326
"PIN1","Interaction",0.0358729844704442,0.821307281944762,0.985431172218709,0.992962993889723
"CAMK2B","Interaction",0.164369982060151,0.290263573023009,0.833795672351873,0.81601702343654
"CAMK2G","Interaction",-0.0404143936668433,0.745045100492359,0.979245936480035,0.988176077112353
"CAMK2D","Interaction",0.135967441922848,0.50819475649079,0.931199101197199,0.912073159590433
"DCTN2","Interaction",-0.109396791298686,0.1804832004743,0.767898348762207,0.82919480018062
"NAE1","Interaction",-0.0534017855693136,0.733544760776287,0.978541316414806,0.983588723802082
"STIM1","Interaction",-0.0690078036561488,0.595350354511523,0.947508748359726,0.964845005221224
"CUL1","Interaction",-0.140385799360576,0.306006430802387,0.839438685332597,0.846844892695011
"CUL2","Interaction",-0.0535904627652286,0.731239414226854,0.978541316414806,0.983365325701716
"CUL3","Interaction",-0.170994283504946,0.183943854526342,0.767898348762207,0.748626828403015
"CUL4A","Interaction",-0.0435048848971178,0.667877922898411,0.966602353126656,0.982592549969301
"FHL1","Interaction",-0.068962608830148,0.590462375548149,0.946993474066153,0.964319211966253
"FHL3","Interaction",-0.0545544481180045,0.771292630186434,0.984499280693619,0.985932776703554
"ITGA7","Interaction",-0.0731634488786916,0.603470978048681,0.948620337080771,0.96372264726807
"AAMP","Interaction",0.0291143308913249,0.922795332842762,0.990341070301427,0.997663461230762
"CACNA1S","Interaction",-0.0695308925267,0.646811897961872,0.961069163803318,0.970159689259971
"MOGS","Interaction",0.183545905198914,0.608201173564875,0.948620337080771,0.912772942483725
"SPTAN1","Interaction",-0.129542727224617,0.413357247151722,0.890298328441241,0.891862217824653
"AUH","Interaction",0.0311562982701901,0.871537333517535,0.985431172218709,0.995725278388778
"DDX39B","Interaction",0.0653891297183407,0.711683622937338,0.978331221844706,0.978005221939673
"BLMH","Interaction",0.305026744567222,0.12284599466482,0.717953696739967,0.527510065252318
"SNTB1","Interaction",0.135144320842961,0.428391361347512,0.903664909830446,0.891754607777353
"TUBB2A","Interaction",-0.165929451100311,0.182492305720645,0.767898348762207,0.754082244485309
"IDI1","Interaction",-0.22503707666877,0.239316713203151,0.793499218776923,0.724846266056285
"PRKG1","Interaction",-0.263200662940235,0.182870106105478,0.767898348762207,0.639433630529691
"COX17","Interaction",0.021074502625293,0.920273595691591,0.990341070301427,0.998250572442367
"HNRNPD","Interaction",0.0755234507555294,0.535710975639101,0.933267267884209,0.953955023454231
"SCARB2","Interaction",-0.477220330963338,0.00623009944758572,0.600075593630651,0.0886111073775921
"NID2","Interaction",0.533466730322893,0.195859335896534,0.774693599548634,0.419059633553882
"IL18","Interaction",-0.489190568052063,0.233474862988237,0.786701621321792,0.490850265158662
"DAG1","Interaction",0.0103633170126152,0.930209896105123,0.990341070301427,0.999250546567148
"EIF3A","Interaction",0.185750811822565,0.0889523121304375,0.717953696739967,0.637977121031704
"UBAP2L","Interaction",0.568200256407824,0.113286307394507,0.717953696739967,0.290123807329228
"MLEC","Interaction",0.0303993079181275,0.807309521714361,0.985431172218709,0.993514208870228
"DPYSL3","Interaction",-0.0972252594064251,0.639838812455503,0.958845467167626,0.957514064629706
"DCTN1","Interaction",-0.211943269581688,0.0719449895404627,0.707485206942097,0.572465027409249
"DYNC1H1","Interaction",-0.28956497709726,0.0101563659698124,0.600075593630651,0.264741017418703
"EIF2B1","Interaction",-0.204748401677385,0.194255591094831,0.774693599548634,0.71498283765104
"EIF4A2","Interaction",0.190513953308574,0.207224085171981,0.774693599548634,0.740921719746979
"CTTN","Interaction",0.0372943022538941,0.924100525739162,0.990341070301427,0.997060524655861
"ENDOG","Interaction",-0.147415859105791,0.561300448180757,0.933267267884209,0.918390584893647
"FLOT2","Interaction",0.23077679973013,0.151603494181683,0.74336736762335,0.647033391164685
"TRIM25","Interaction",0.0969545339141362,0.668339217764248,0.966602353126656,0.961684597718889
"FLNC","Interaction",-0.306406529795808,0.211989309598169,0.774737832930386,0.621696179413
"MYBPC2","Interaction",0.381734373091991,0.407193258180984,0.890298328441241,0.70965532938414
"GAMT","Interaction",0.0223034344970294,0.871996160639822,0.985431172218709,0.996949754303163
"CAPRIN1","Interaction",0.848416674599717,0.0164204484120594,0.626620812936794,0.0306127882208035
"PRPSAP1","Interaction",-0.220457529853642,0.459576405019893,0.916129806509033,0.842488958443686
"CLINT1","Interaction",0.070289215882287,0.740850277429616,0.979245936480035,0.979136984587884
"GANAB","Interaction",-0.267009497863445,0.0105424534296823,0.600075593630651,0.296555958011882
"SSPN","Interaction",-0.2144490380159,0.10842658112793,0.717953696739967,0.620991696005686
"MVP","Interaction",0.233457063155672,0.579645939867216,0.943782221954246,0.880458078116699
"LASP1","Interaction",0.385381263138708,0.237481973034957,0.793242647609611,0.574618693867321
"PTGR1","Interaction",0.0993178538995032,0.754843234392778,0.980782705911705,0.972453841394515
"KPNB1","Interaction",-0.238421632327725,0.0140331866504786,0.626620812936794,0.361611289755697
"NUMA1","Interaction",0.104305631505412,0.488040759726258,0.922485112263943,0.927906498340215
"PSME4","Interaction",-0.332867891815534,0.200473006433273,0.774693599548634,0.58570215231974
"SLMAP","Interaction",-0.241056679442327,0.131741335127194,0.726479121003239,0.613483833790928
"EMC2","Interaction",0.15149144496924,0.480610487558054,0.922157656949289,0.894940987116836
"PSMD6","Interaction",-0.209756317921428,0.18999107411667,0.774693599548634,0.705845631802997
"ABRAXAS2","Interaction",-0.046414435098086,0.678548742279097,0.970029150791216,0.982161553055421
"SEPTIN2","Interaction",-0.159228763384156,0.140933095682349,0.738363254812349,0.731978611305485
"KARS1","Interaction",-0.124237885968256,0.157863738708578,0.749359442940781,0.79505339834375
"EIF4H","Interaction",0.0721029547716974,0.561942950975439,0.933267267884209,0.959294755165604
"EEA1","Interaction",-0.257800949127954,0.118412856961525,0.717953696739967,0.57692764062376
"PDIA6","Interaction",0.119156225726986,0.334907628965342,0.848465025583376,0.877792490005811
"PAFAH1B3","Interaction",-0.0226721356062782,0.92681243174646,0.990341070301427,0.998278309165825
"PLCL1","Interaction",0.125749599968481,0.742176641610409,0.979245936480035,0.963199708504424
"PDK1","Interaction",0.00528015154545258,0.980456149424938,0.995538562014884,0.999895789194188
"PDK2","Interaction",0.171815748686623,0.59903077955344,0.94827554108588,0.915719066813196
"PEA15","Interaction",0.228109482486229,0.608008537637741,0.948620337080771,0.892704550163531
"PGM5","Interaction",0.149381946141862,0.456505325552099,0.916129806509033,0.889461916784624
"PLEC","Interaction",-0.396661052840543,0.0526966364714815,0.655122090098122,0.31115806188126
"PPP2R5A","Interaction",0.276488297165404,0.252753770093747,0.79855408175234,0.683680020068143
"PPA1","Interaction",-0.101677571139135,0.440856800057338,0.91106105878806,0.920095778735472
"PTGES3","Interaction",0.0095694831230908,0.941957602902015,0.990341070301427,0.99942795631211
"STK38","Interaction",0.174407397488192,0.543814534679691,0.933267267884209,0.899209040192653
"NECTIN1","Interaction",-2.88065786695983,0.0266481749082106,0.626620812936794,2.91666542161014e-05
"NONO","Interaction",0.137497107375253,0.301897740517954,0.837531354783784,0.84816868838291
"PTPA","Interaction",0.19034069574424,0.409795871749989,0.890298328441241,0.843831713724458
"RABEP1","Interaction",-0.292453763979001,0.246850210615471,0.798041603532807,0.664224500397977
"RAB35","Interaction",0.196962875903223,0.370963827800516,0.868599959641268,0.822572727494985
"TMED2","Interaction",0.0406630682783025,0.794860407317633,0.985431172218709,0.990707659381978
"PCBP1","Interaction",0.104922973183211,0.284925947569312,0.827873019387222,0.876574555986148
"PCBP2","Interaction",0.111251160159469,0.273791028695562,0.819423007534722,0.865789341086576
"ELOC","Interaction",0.0597822140170408,0.558965014585671,0.933267267884209,0.965824223683791
"ELOB","Interaction",0.099425206298072,0.390045612097534,0.872779472505912,0.910639666835989
"UBE3C","Interaction",-0.716630856337972,0.0316564842360046,0.626620812936794,0.0842141920983041
"DHCR24","Interaction",0.797434070860678,0.0389996282841788,0.644064577675981,0.0752425686414107
"RSU1","Interaction",0.0514532032307393,0.707981924161555,0.978331221844706,0.982388251876991
"PPP1R7","Interaction",-0.107184607624461,0.435431652048727,0.909413226297735,0.914740233629073
"SEC23A","Interaction",-0.128241161360094,0.298049058234103,0.83680003466234,0.856213460380253
"MAPRE2","Interaction",-0.0430562606653879,0.72160797626954,0.978541316414806,0.986050107811924
"TGFBI","Interaction",0.336068514071632,0.420236675292056,0.894844885660075,0.747253868207033
"TSN","Interaction",-0.0119254961786872,0.939141962938998,0.990341070301427,0.999251494750936
"SF1","Interaction",0.365395431501296,0.290330216639449,0.833795672351873,0.636419206283443
"TRIP10","Interaction",-0.177038772966419,0.0887040118203097,0.717953696739967,0.651246145739859
"MAPRE1","Interaction",0.00602358632229638,0.973357413886114,0.995538562014884,0.999837352710652
"TSC22D1","Interaction",-0.306254458014909,0.644780988689333,0.961069163803318,0.874241953795186
"ELAVL1","Interaction",0.190437937313501,0.470194876219124,0.916129806509033,0.866142357686541
"MYLK","Interaction",0.0246784920657142,0.936055622138359,0.990341070301427,0.998370564866677
"SPEG","Interaction",-0.228668214881008,0.219383162607184,0.778210533237577,0.706893735616116
"TBCE","Interaction",-0.219047128708857,0.312905910977511,0.843185706479854,0.775303660678283
"UBE2V2","Interaction",0.0252187786111442,0.780775453030414,0.985431172218709,0.993778600847134
"NEDD8","Interaction",0.0582331654736699,0.714199136495058,0.978331221844706,0.980589946475933
"ADIRF","Interaction",NA,NA,NA,NA
"ADIPOQ","Interaction",-0.279047753371881,0.0720617964234216,0.707485206942097,0.48000434664799
"RAB11B","Interaction",0.0042006740767313,0.956869523957156,0.991313052186383,0.999814816840872
"ZYX","Interaction",0.0626359970380257,0.562691012101401,0.933267267884209,0.964623662515722
"HSPB2","Interaction",-0.0845102690541673,0.633920038937708,0.955427547925484,0.962210032316622
"ETFDH","Interaction",-0.107804425740305,0.486103553990224,0.922485112263943,0.925183710802152
"SEPTIN7","Interaction",-0.0744982246149597,0.587135957793292,0.945660203885014,0.961106340041142
"ADRM1","Interaction",-0.0895180318508046,0.581584955194158,0.943782221954246,0.952639606692161
"DDB1","Interaction",-0.137575779260523,0.0821710269423493,0.717953696739967,0.709074033137517
"CDC37","Interaction",0.0241813130298922,0.799024074312089,0.985431172218709,0.994589269988081
"DPYSL2","Interaction",-0.0318021717558707,0.774851023228027,0.984833588391771,0.991920574470776
"SYPL1","Interaction",0.296989759685754,0.0701847002486498,0.707485206942097,0.454303227648357
"RBBP7","Interaction",0.32004116042604,0.313038327715077,0.843185706479854,0.689557431532017
"SGCB","Interaction",-0.041113641490405,0.698901703630446,0.973735065867086,0.985379174135627
"SGCA","Interaction",-0.00761921173887359,0.947333824574656,0.990341070301427,0.999587857099938
"FXN","Interaction",0.000105253903949887,0.999497242299187,0.999497242299187,0.999999947069484
"FSCN1","Interaction",-0.0592005115348293,0.8024118168444,0.985431172218709,0.987052544009147
"DECR1","Interaction",-0.00637595222986675,0.966066289853225,0.99544152770065,0.9997799083465
"NDUFA5","Interaction",0.253957906783555,0.116287006229582,0.717953696739967,0.579007590344164
"CLPP","Interaction",-0.202626796796832,0.447390972925788,0.91106105878806,0.849610497381092
"TST","Interaction",-0.149817612956891,0.364605435235171,0.868525444796021,0.85971279146577
"KYAT1","Interaction",0.0443645002492872,0.834468518078083,0.985431172218709,0.992003928431933
"GUK1","Interaction",0.232584018773396,0.493633213536697,0.922485112263943,0.848576024114307
"HAGH","Interaction",0.0415297948764213,0.716862965695544,0.978331221844706,0.986271066505462
"NDUFA9","Interaction",0.302299372283798,0.0913594987154646,0.717953696739967,0.485105834759218
"PHKG1","Interaction",-0.00326472660282562,0.975050801922611,0.995538562014884,0.999917517783227
"PPP1R3A","Interaction",0.1245789371462,0.390071358725869,0.872779472505912,0.889334544402011
"HADH","Interaction",0.0388938280285132,0.731210212062133,0.978541316414806,0.987897946261826
"UGP2","Interaction",-0.0968558558601344,0.400376794901274,0.884802359344198,0.915159484389506
"TXNRD1","Interaction",-0.0673264185439599,0.522569096422921,0.933267267884209,0.957246145614892
"IMMT","Interaction",0.0703361458627256,0.51767712281938,0.933267267884209,0.954746357657237
"IAH1","Interaction",-0.0485969025209414,0.70846515248666,0.978331221844706,0.983390350369542
"KLHL40","Interaction",-0.0507693228985566,0.880105536792085,0.985431172218709,0.993537049877465
"TKFC","Interaction",-0.0456432227849248,0.871182990940144,0.985431172218709,0.993725420003139
"TIMM50","Interaction",-0.0991030162583613,0.518288310024151,0.933267267884209,0.936942989768174
"NADK2","Interaction",-0.28606314236691,0.163422808828383,0.75131580163771,0.595604198518395
"FAM98B","Interaction",0.200424766746174,0.167420125267054,0.758081213763104,0.698927022436122
"HIKESHI","Interaction",0.0731254000339661,0.558985873556015,0.933267267884209,0.958359792549921
"PDLIM3","Interaction",-0.118899506749784,0.529121206194755,0.933267267884209,0.927109104029004
"HSD17B12","Interaction",-0.0195395714268365,0.91773753978973,0.990341070301427,0.998324054249834
"AGK","Interaction",0.222412694104754,0.312372266012775,0.843185706479854,0.77198478727283
"LACTB2","Interaction",-0.0749247276925438,0.637833207441945,0.957558573562184,0.966869219534078
"DCAF6","Interaction",-0.0913272071204112,0.438167057555641,0.910335198573263,0.927410389319315
"CAVIN4","Interaction",-0.0354065316523737,0.822328956763519,0.985431172218709,0.993097889080137
"FLG2","Interaction",0.39985828237559,0.463056497820633,0.916129806509033,0.735023084010625
"RABL3","Interaction",-0.14475150580243,0.435444886080686,0.909413226297735,0.886614921747253
"COQ5","Interaction",-0.101184464182118,0.582159727305364,0.943782221954246,0.946729514819466
"NOMO2","Interaction",0.360048071230548,0.0282484151955665,0.626620812936794,0.276874786711777
"PITRM1","Interaction",0.0192620195223334,0.939542865015234,0.990341070301427,0.998799506270803
"WDR44","Interaction",0.16031055753097,0.609160198780912,0.948620337080771,0.923613325077913
"COA6","Interaction",0.209767377851744,0.240349602421046,0.793499218776923,0.741517056563089
"TOR1AIP1","Interaction",0.407292909632574,0.124645499708814,0.717953696739967,0.428228425823411
"GNAS","Interaction",0.171668372068524,0.25175440776939,0.79855408175234,0.789162992548464
"TTC38","Interaction",-0.13732811012693,0.765275793308189,0.981049618692261,0.963928769035866
"C6orf136","Interaction",-0.428212427762602,0.37160007797282,0.868599959641268,0.654487133238974
"HP1BP3","Interaction",0.0605392573312997,0.807624502830734,0.985431172218709,0.987148593883514
"IBA57","Interaction",0.0822241471834495,0.748342961397772,0.979245936480035,0.976445561483399
"UBR4","Interaction",-0.152495033879052,0.349539386283884,0.857923189932757,0.851893736749167
"DCAF8","Interaction",0.0488183278976102,0.777282352677969,0.985431172218709,0.987775477914336
"DDI2","Interaction",0.454011073576606,0.242956356126612,0.795453983372154,0.526045158735806
"MICOS10","Interaction",0.469674896169284,0.100445794590981,0.717953696739967,0.33980706362747
"LYRM7","Interaction",-0.00443384126644375,0.981254955382637,0.995538562014884,0.999916102119461
"OBSCN","Interaction",-0.32409398153321,0.145942194155361,0.74336736762335,0.535939850470103
"MYOM3","Interaction",0.158800640050597,0.683465620507557,0.970226543375727,0.941353847499965
"PDE4DIP","Interaction",0.0668326320131314,0.846938092489395,0.985431172218709,0.988958658125399
"BROX","Interaction",0.355803426481145,0.130718822651442,0.726479121003239,0.484830661976992
"LYPLAL1","Interaction",0.41652034148867,0.267037554754035,0.811595430348472,0.576973300101893
"SYPL2","Interaction",0.0516533670115535,0.766129583259968,0.981049618692261,0.986333583861347
"ECPAS","Interaction",-0.254238559682026,0.00689121016707075,0.600075593630651,0.282105374554337
"MICOS13","Interaction",0.077925615428704,0.714402515480576,0.978331221844706,0.974133360161995
"RNF123","Interaction",-0.248529788116763,0.0574349726856556,0.667443630784733,0.491607362349454
"TMEM198","Interaction",-0.277939224901587,0.271231864742702,0.816415684562201,0.695830011401588
"CRYBG3","Interaction",-0.423977289803599,0.465378109264625,0.916129806509033,0.723031581437755
"NXN","Interaction",-0.084631850375267,0.558117505675327,0.933267267884209,0.951842128291864
"PTRHD1","Interaction",0.0501417179871133,0.748078093423532,0.979245936480035,0.985551862185003
"ABLIM2","Interaction",0.194549487511432,0.567481784076385,0.936472406056656,0.895635858746559
"LAMTOR1","Interaction",-0.391508166957749,0.0253908535416803,0.626620812936794,0.237365793886273
"DHRS7B","Interaction",-0.187945157213534,0.333073037347722,0.848465025583376,0.813324035855719
"TWF2","Interaction",0.380331727676403,0.0671842174990393,0.707483028598449,0.358073789257528
"ETFRF1","Interaction",-0.13071420000648,0.595744434356591,0.947508748359726,0.934538391117194
"RAB12","Interaction",-0.0908465185799336,0.580669136428691,0.943782221954246,0.951817637539419
"DENND5A","Interaction",0.118429962004878,0.584743811774872,0.944260080605314,0.938429710369713
"RCSD1","Interaction",-0.0893359721407236,0.543317961843873,0.933267267884209,0.946958173948129
"SLC25A24","Interaction",0.116172542995479,0.361872026495054,0.868525444796021,0.888620265198713
"HIBCH","Interaction",0.0517010190725671,0.8253181459103,0.985431172218709,0.990123209855933
"CAVIN1","Interaction",-0.200161335146529,0.0904393492855441,0.717953696739967,0.618163146102127
"MRPL54","Interaction",0.296416171236007,0.364140322569538,0.868525444796021,0.741229967657019
"LPCAT3","Interaction",0.125603827156496,0.650919412098177,0.961603110698776,0.947498008052275
"TATDN1","Interaction",-0.155922454609374,0.442360972259829,0.91106105878806,0.880579660132437
"SFXN4","Interaction",0.548890102027244,0.040396260939677,0.644064577675981,0.17180447114399
"FAHD1","Interaction",0.049770670151478,0.749025194514854,0.979245936480035,0.985720078652618
"LMOD2","Interaction",0.566981356354773,0.358925030863988,0.866783321661193,0.559365169877593
"SLC27A1","Interaction",-0.371800215042219,0.0959502315782968,0.717953696739967,0.418335281923601
"CCDC137","Interaction",1.417940534454,0.020851703980468,0.626620812936794,0.00413659185323895
"CORO6","Interaction",-0.141349159945968,0.649260254877831,0.96126340992448,0.940774543957257
"TMEM205","Interaction",0.045646277562156,0.747743370499661,0.979245936480035,0.986818482193918
"DHRS11","Interaction",0.775861081256419,0.0137697822746754,0.626620812936794,0.0359803966573773
"APOOL","Interaction",-0.0307263381281544,0.817592537308142,0.985431172218709,0.99383109261459
"NAPRT","Interaction",0.348305658143413,0.300355154274673,0.837531354783784,0.657744682766294
"HSDL2","Interaction",0.0850447622873922,0.529517037429725,0.933267267884209,0.947365216231524
"KYAT3","Interaction",0.0535597095337614,0.851558693745782,0.985431172218709,0.991430587449171
"TRIM72","Interaction",-0.0177603851677368,0.835916239386334,0.985431172218709,0.996821922692995
"UBN2","Interaction",1.1293784633207,0.0475487242417713,0.654808789888909,0.032061890663608
"TOM1L2","Interaction",-0.161735593501771,0.158035104135381,0.749359442940781,0.742010297874217
"XIRP1","Interaction",1.34542842322219,0.000176323183876595,0.123485003108242,8.90590382303289e-06
"VPS13C","Interaction",-0.133955792870893,0.486264493679429,0.922485112263943,0.907935015365228
"UBE2R2","Interaction",-0.153114100685169,0.468950678597479,0.916129806509033,0.890522572457306
"SND1","Interaction",0.392121021509741,0.0324630982174592,0.626620812936794,0.260786264001655
"TRMT10C","Interaction",-0.0418450391923209,0.773552579464959,0.984833588391771,0.989313312073938
"BZW1","Interaction",0.0446863567221172,0.870835975318715,0.985431172218709,0.993838861822397
"EIF3M","Interaction",0.115305845520599,0.417876741304642,0.892500153468451,0.904283574225499
"COPS6","Interaction",-0.0750117148595635,0.470492175736909,0.916129806509033,0.945012589877663
"CHMP1B","Interaction",-0.0291843963707166,0.882136328635418,0.985431172218709,0.996346713294431
"RRM2B","Interaction",NA,NA,NA,NA
"ERMP1","Interaction",0.352049611607246,0.594674346489364,0.947508748359726,0.83278919429455
"MRPL21","Interaction",-0.424952595744731,0.298714910041292,0.83680003466234,0.598424075830785
"DGLUCY","Interaction",0.222635443506544,0.247171176677852,0.798041603532807,0.732588001782456
"MYH14","Interaction",-0.203570659725756,0.263914838976189,0.810553269008582,0.762477453449128
"SZRD1","Interaction",0.162703381500975,0.386642897141677,0.87259072125257,0.856749673115713
"MAVS","Interaction",-0.370273008422984,0.00240578332094415,0.510217133395767,0.107238312060675
"COMMD6","Interaction",-0.667014835314333,0.0599010366791174,0.67662407560659,0.152943338783163
"HDDC2","Interaction",-0.316167256859224,0.0526949912182901,0.655122090098122,0.394334992745513
"HDGFL2","Interaction",0.0322530313177651,0.896429822506252,0.987207627268441,0.996479816588174
"DCXR","Interaction",-0.0294043177363754,0.871754518101388,0.985431172218709,0.995972465887326
"SPRED2","Interaction",0.0894640113101062,0.829199959650331,0.985431172218709,0.983383534289145
"HUWE1","Interaction",-0.119832326693022,0.552159179840227,0.933267267884209,0.931302919817678
"GLRX5","Interaction",0.0949784090571022,0.69410400823752,0.972778654610916,0.965914657150664
"MYPN","Interaction",0.0447687176679992,0.884418418682977,0.985431172218709,0.994516372349925
"SRL","Interaction",-0.0272999437056107,0.798439417385633,0.985431172218709,0.993873729420077
"PRUNE1","Interaction",-0.736387019808024,0.0400088569135847,0.644064577675981,0.0934643367155391
"ACOT1","Interaction",0.667321070965972,0.0233154699762166,0.626620812936794,0.0814131506473708
"ISCA2","Interaction",0.11925027359479,0.505112604124796,0.931199101197199,0.921783568810681
"MTDH","Interaction",-0.216933653603636,0.157899141357861,0.749359442940781,0.670041333605665
"KTN1","Interaction",-0.336382389558235,0.106518061528645,0.717953696739967,0.470806348376656
"NLRX1","Interaction",-0.108080992218124,0.535592006498107,0.933267267884209,0.934742779374209
"ALYREF","Interaction",0.0344690222681834,0.876957626198156,0.985431172218709,0.995484559807449
"MDP1","Interaction",-0.105867743525696,0.613136323985003,0.948620337080771,0.949530990790758
"SLC25A42","Interaction",-0.396893867826474,0.617664265172058,0.948620337080771,0.825944643304398
"NRAP","Interaction",0.0310268303603607,0.922193700490442,0.990341070301427,0.997489982420416
"VPS36","Interaction",-0.0524376069933687,0.793166381398126,0.985431172218709,0.987922563672801
"CAND1","Interaction",-0.0575455873739728,0.704511170825626,0.975727073107871,0.980046357581335
"COMMD7","Interaction",-0.0796480461281721,0.765312422909621,0.981049618692261,0.978921764722941
"LDHD","Interaction",-0.209309647996704,0.532581679859619,0.933267267884209,0.876455754269543
"CARM1","Interaction",0.32174640964147,0.252678390486466,0.79855408175234,0.642359914710282
"NIT1","Interaction",-0.0556185469755199,0.761615937525569,0.981049618692261,0.984968472323173
"NDUFA11","Interaction",-0.153748107136369,0.592461508321025,0.947307175785749,0.922671119170533
"ECHDC2","Interaction",0.0932713445173832,0.619658040477315,0.949599958455754,0.956343137720237
"PHYKPL","Interaction",-0.565853688869851,0.0191275615060918,0.626620812936794,0.106578781318919
"MUSTN1","Interaction",0.849731473960137,0.0584529405351693,0.667443630784733,0.0895605091207519
"NAXD","Interaction",0.0525278907084008,0.745997440713732,0.979245936480035,0.984725446533176
"MFN1","Interaction",0.30180906393171,0.254293011899404,0.79855408175234,0.661491913816517
"SLC44A2","Interaction",0.0872227270068713,0.653907627183712,0.96208678201189,0.963626728253861
"HSCB","Interaction",0.152589078851873,0.557021069198306,0.933267267884209,0.914582284829344
"ADHFE1","Interaction",0.0155051965433159,0.953684765417278,0.991018481770315,0.999264981328639
"UNC45B","Interaction",-0.0260178697669105,0.844427019511574,0.985431172218709,0.995610120996637
"MSRB3","Interaction",1.19124853644209,0.0174404417986995,0.626620812936794,0.00804003472132329
"KLHDC8B","Interaction",-0.197750717447889,0.504585005304239,0.931199101197199,0.873484198068574
"SUPV3L1","Interaction",0.228166188700026,0.535370537968662,0.933267267884209,0.86713781164591
"THNSL1","Interaction",-0.263554650714061,0.539459481356627,0.933267267884209,0.849877835599167
"PM20D2","Interaction",-0.0555803719691141,0.86138667060092,0.985431172218709,0.991741047830694
"MICU2","Interaction",0.466915807027732,0.0315847574711261,0.626620812936794,0.199242667552121
"ELMOD2","Interaction",0.278527333763593,0.524344689012432,0.933267267884209,0.835421475903369
"ALDH16A1","Interaction",0.316516540857226,0.479781869172147,0.922157656949289,0.792583627914019
"FAM185A","Interaction",0.548649944728021,0.180956260584235,0.767898348762207,0.391442344444203
"ADSS1","Interaction",0.0845332112467361,0.438432709197641,0.910335198573263,0.9326719297727
"NDUFAF2","Interaction",0.235972375389007,0.303585337265592,0.839192945238468,0.754801176959594
"LRRC47","Interaction",0.0180075311033328,0.871680674437177,0.985431172218709,0.997530042932452
"GPD1L","Interaction",-0.0730416295119483,0.386046415189877,0.87259072125257,0.932840680848365
"EHBP1L1","Interaction",-0.23722415202441,0.0930711252005391,0.717953696739967,0.569348268687575
"CMYA5","Interaction",-0.092924925755792,0.49398736606193,0.922485112263943,0.93656638758591
"TXLNB","Interaction",-0.14522003137289,0.179515735912782,0.767898348762207,0.779257059042261
"SYNPO","Interaction",0.0631633662524749,0.800943746919132,0.985431172218709,0.986077793928337
"TOMM5","Interaction",0.159762829441441,0.467205675295156,0.916129806509033,0.885522663024616
"CHCHD4","Interaction",-0.0873990837071652,0.681620483403916,0.970226543375727,0.967056344771514
"CBR4","Interaction",-0.045689468455457,0.838928658754918,0.985431172218709,0.992007686333045
"MMGT1","Interaction",-0.296055834076064,0.169732138208373,0.761981244392719,0.591516907831132
"SMIM20","Interaction",0.118642823397547,0.59406597785729,0.947508748359726,0.940084967253629
"CISD2","Interaction",-0.0440328607578628,0.814357644761913,0.985431172218709,0.990998363109755
"ATPAF2","Interaction",0.0209707225162497,0.929428009631637,0.990341070301427,0.998466415409618
"JAGN1","Interaction",-0.0176972099384223,0.93679200684179,0.990341070301427,0.9988451457475
"MRPL50","Interaction",-0.0110904951310182,0.972354413907477,0.995538562014884,0.999689127213609
"EMC1","Interaction",0.249052325698351,0.270895899595303,0.816415684562201,0.722334114737921
"PTGR2","Interaction",0.174547501302253,0.287856729817244,0.832698025262646,0.804638094412652
"SMYD1","Interaction",0.109325023881897,0.646496903146336,0.961069163803318,0.953432984517252
"NHLRC2","Interaction",-0.323809145071152,0.0427218920755947,0.644064577675981,0.36024013952414
"RDH13","Interaction",0.13245676428323,0.608626568090649,0.948620337080771,0.936344834239627
"TXNDC5","Interaction",-0.0510861705810264,0.701086398642868,0.97483952584293,0.98202164133385
"ATAD1","Interaction",0.14353143217398,0.327822844071114,0.847636923831845,0.852077314012612
"SCCPDH","Interaction",0.0363492979268507,0.725006078573973,0.978541316414806,0.988379017148838
"SERBP1","Interaction",0.245793466391639,0.164316861462195,0.753776694174829,0.641534168692541
"FAM98A","Interaction",-0.281258526726123,0.26652199726391,0.811595430348472,0.689417854045677
"PDPR","Interaction",0.394330492884325,0.0982625993044755,0.717953696739967,0.400560353138657
"NAXE","Interaction",-0.0459037126296131,0.611345924517303,0.948620337080771,0.977664353788003
"NPEPL1","Interaction",0.0331925078130766,0.884057964196091,0.985431172218709,0.995917953657898
"ADPRHL1","Interaction",-0.14029206457089,0.355575911408448,0.862861940670781,0.86496666344977
"CHDH","Interaction",0.851078438428955,0.00586588688222098,0.600075593630651,0.0126088917579456
"ABCF1","Interaction",0.0373138414426428,0.819602016919195,0.985431172218709,0.992604401670898
"MCU","Interaction",0.183233664674201,0.366397104162583,0.868525444796021,0.83195786730467
"TOR1AIP2","Interaction",0.0564416220001256,0.881797863321323,0.985431172218709,0.992925216213224
"ABHD11","Interaction",-0.0425279519402118,0.874656044046331,0.985431172218709,0.994320651469226
"ATL2","Interaction",-0.217123160230667,0.376382361918793,0.87128914327093,0.80883378701426
"PPTC7","Interaction",0.177452919091092,0.533726324497303,0.933267267884209,0.894564982401643
"COQ8A","Interaction",0.024722233373037,0.8399333102919,0.985431172218709,0.995696916942847
"NPLOC4","Interaction",-0.0800282159450134,0.457925789901662,0.916129806509033,0.939407530519487
"SPATA20","Interaction",0.428070965419586,0.419589177150839,0.894844885660075,0.689512310339805
"NUBPL","Interaction",0.485903871209935,0.116618497294029,0.717953696739967,0.351996776893017
"DEPTOR","Interaction",0.0922006772096751,0.650145314375386,0.96126340992448,0.961079769722748
"RDH11","Interaction",-0.153188939609247,0.623110318221197,0.950729686697701,0.930099950888653
"LRRC20","Interaction",0.184022949809719,0.161948894615208,0.749359442940781,0.715331591132086
"NT5C","Interaction",0.170461161917405,0.396595073899635,0.87877043204709,0.854149353915349
"PNPT1","Interaction",-0.218230771344427,0.140095683751787,0.738363254812349,0.651213831077525
"SPPL2A","Interaction",0.0229029060699837,0.92366096997655,0.990341070301427,0.998182928747547
"PREX1","Interaction",1.03377541726365,0.000489813032924814,0.217717218587993,0.000378647182952107
"NEK9","Interaction",-0.502144583042963,0.0287340762178567,0.626620812936794,0.168225769898837
"GPT2","Interaction",-2.45899426467287,0.00350176354683303,0.510217133395767,9.14987936807366e-07
"MYOZ3","Interaction",0.334100897506964,0.540102027697881,0.933267267884209,0.813991607612259
"NEK7","Interaction",0.144496232521014,0.316210112274674,0.846090906331512,0.846736693351323
"DTD1","Interaction",-0.0827114606649708,0.701858245659147,0.975267310932453,0.971142731028237
"UTP15","Interaction",1.23865860920258,0.0255010936302657,0.626620812936794,0.0106235666417352
"SETD7","Interaction",-0.105146031950426,0.423758866167796,0.899310482644989,0.913677691443287
"NUP133","Interaction",0.0541051179813934,0.883990031704583,0.985431172218709,0.993350531555674
"PDCD6IP","Interaction",-0.0553129304183173,0.552502720057962,0.933267267884209,0.96771564368207
"THEM6","Interaction",0.0126532509448545,0.947207499226156,0.990341070301427,0.999313959826456
"SMIM4","Interaction",-0.0627260108685057,0.757570300049199,0.980798083318214,0.982735584614871
"NUDCD2","Interaction",-0.0397411868446298,0.808158106564579,0.985431172218709,0.991570949387512
"SCFD1","Interaction",-0.13974066061618,0.462733362599183,0.916129806509033,0.897910616908711
"PCNP","Interaction",0.154538749055099,0.55068832919172,0.933267267884209,0.911926671007634
"DNAJA4","Interaction",-0.152423780038607,0.509615882326664,0.931199101197199,0.90235382681524
"SPRYD4","Interaction",-0.222172078201389,0.293277011836285,0.833795672351873,0.761454664118573
"RTN4IP1","Interaction",-0.285757802757423,0.293250926778138,0.833795672351873,0.704302937323058
"PALLD","Interaction",-0.0180854900929575,0.948295025071682,0.990341070301427,0.99904030905119
"SYNE2","Interaction",-0.0426280057798039,0.806353209740782,0.985431172218709,0.990866990698507
"THAP4","Interaction",-0.0534504190733536,0.758114708428568,0.980798083318214,0.985307483284912
"IFT81","Interaction",1.37453223463791,0.00887574297111931,0.600075593630651,0.00151265972871491
"TTN","Interaction",0.119398175406367,0.760639377873917,0.981033353537815,0.967860946072299
"DDX1","Interaction",-0.163250164657736,0.172810508310214,0.765980755189365,0.750815450471118
"HSD17B8","Interaction",-0.0427019186442976,0.82512075868896,0.985431172218709,0.991825198008986
"CPT1B","Interaction",-0.0112299694805529,0.947113146259123,0.990341070301427,0.999389986490603
"PSMF1","Interaction",-0.157921052279164,0.248111192389067,0.798041603532807,0.802420315499543
"UBXN4","Interaction",0.0384563408478442,0.847937853523236,0.985431172218709,0.993676782328426
"HSPH1","Interaction",1.31749454406808,0.373224602020488,0.868599959641268,0.272943752224903
"MYO18A","Interaction",-0.139799991981278,0.578010464332802,0.943782221954246,0.926229508405007
"GCN1","Interaction",-0.171356184661043,0.384188362210526,0.872515210270836,0.848807249422105
"SGCD","Interaction",-0.0138573336855927,0.910068345698314,0.990017849989727,0.998694998418784
"AKAP1","Interaction",0.0631723781706164,0.806961778045617,0.985431172218709,0.986542229625174
"RABGGTA","Interaction",0.191496119707878,0.183666504867294,0.767898348762207,0.722877310474789
"TFG","Interaction",-0.118274694003826,0.410953030867942,0.890298328441241,0.90016347945311
"ARPC1A","Interaction",-0.175954149389323,0.19131571842235,0.774693599548634,0.74751695400098
"P3H4","Interaction",0.606100169368464,0.0576860324754942,0.667443630784733,0.177453562826266
"DDX17","Interaction",-0.0500113226145658,0.682672014128032,0.970226543375727,0.98108972606596
"CELF1","Interaction",0.335475242700056,0.114133415612644,0.717953696739967,0.482820092745734
"UFD1","Interaction",0.0777431877196406,0.695062931588214,0.972778654610916,0.972116807815854
"RPL3L","Interaction",0.0468254602684226,0.88551362635455,0.985431172218709,0.99432278907702
"COPS5","Interaction",-0.0454864758667277,0.735322201821143,0.978541316414806,0.986112673012982
"KHSRP","Interaction",0.027945469091474,0.8602544695259,0.985431172218709,0.995802286425631
"GCDH","Interaction",-0.0871366644049587,0.629061318495005,0.954962427779603,0.960414653855308
"TNPO1","Interaction",-0.0340414395650086,0.789610036363879,0.985431172218709,0.991991108026794
"USP13","Interaction",0.0214501101465103,0.935536921238751,0.990341070301427,0.998571700041756
"USP9X","Interaction",-0.296831220244798,0.0167735814752231,0.626620812936794,0.297175847950609
"CUL5","Interaction",-0.0120522792920177,0.904798754038212,0.990017849989727,0.998794983677923
"LPP","Interaction",-0.0384221847196038,0.824331028418248,0.985431172218709,0.992604962238963
"ATP2A3","Interaction",-0.0293284313362001,0.900518453821111,0.987468304529308,0.996931548765862
"PHKB","Interaction",0.0975269954870086,0.487237118372013,0.922485112263943,0.932279760841263
"UBE2F","Interaction",-0.484182998850788,0.142945711263608,0.739451079950063,0.389895501254926
"RPL36AL","Interaction",0.148277262895288,0.49658765443623,0.922485112263943,0.901411525901456
"WBP2","Interaction",0.347710833225548,0.00843435731263016,0.600075593630651,0.190049097372651
"ERGIC1","Interaction",0.287033526212877,0.266442089812683,0.811595430348472,0.684114436546408
"MTARC2","Interaction",0.062384821022917,0.683591771844652,0.970226543375727,0.976548527718271
"FAM162A","Interaction",-0.101392740119206,0.482405028577896,0.922485112263943,0.928753059815474
"CCDC47","Interaction",0.301267206212415,0.0443272832369066,0.644064577675981,0.391098713762766
"TMEM230","Interaction",-0.103123531628739,0.58217123258101,0.943782221954246,0.945738791021852
"ISOC2","Interaction",-0.174379518454906,0.148342521456952,0.74336736762335,0.716944775446758
"FERMT2","Interaction",-0.0618877943780838,0.717229703939669,0.978331221844706,0.979641125380843
"FUBP1","Interaction",0.0282742931124282,0.830922734860979,0.985431172218709,0.994776767541317
"SLC25A46","Interaction",-0.931093183330972,0.00051812760254163,0.217717218587993,0.0008726386317161
"TMEM143","Interaction",0.545739528459951,0.0113504103255549,0.610597787399683,0.0868046373254003
"PBXIP1","Interaction",-0.0724431064753972,0.558486148732248,0.933267267884209,0.958678069852737
"PTER","Interaction",-0.612256977809333,0.282546631300623,0.827873019387222,0.461239087409898
"ZBTB9","Interaction",0.113814965999278,0.678810685363071,0.970029150791216,0.956864584156324
"FAM136A","Interaction",0.169553617102878,0.502045784497801,0.929337615180512,0.889733511201075
"FGGY","Interaction",0.373354944856373,0.289220883682526,0.833795672351873,0.629285065828588
"GALM","Interaction",0.111122224451066,0.443441627380392,0.91106105878806,0.913599139340827
"DCPS","Interaction",0.0492987174337092,0.858007822474787,0.985431172218709,0.992478720192175
"PPP1R14B","Interaction",-0.0645149108936174,0.746679072691126,0.979245936480035,0.981330393690594
"ACSF2","Interaction",0.0704711059055896,0.683915045568515,0.970226543375727,0.973581739340111
"ISOC1","Interaction",0.450463714567086,0.0410258997349092,0.644064577675981,0.237264632881432
"CCDC124","Interaction",-0.122782589810658,0.474907604632472,0.918805726620306,0.912626826676819
"OPTN","Interaction",-0.158630208982199,0.386664427170939,0.87259072125257,0.860079786300583
"AP2M1","Interaction",-0.224981323614195,0.152034369284545,0.74336736762335,0.654564093503054
"KCTD12","Interaction",0.82737223781108,0.0571669517389873,0.667443630784733,0.0936906617880436
"RMDN1","Interaction",0.097465700394114,0.526461360069693,0.933267267884209,0.939383204205749
"ECHDC3","Interaction",-0.11584949473832,0.685536994553886,0.97092857229222,0.957203465250344
"NUDT16","Interaction",0.229260577286173,0.206726216549787,0.774693599548634,0.696702213019109
"CMBL","Interaction",-0.0270934396379339,0.881066405943602,0.985431172218709,0.996575244791666
"MSI2","Interaction",0.0386210070692634,0.835083340100005,0.985431172218709,0.993063744891258
"MRPL38","Interaction",0.315932930683882,0.121050395106152,0.717953696739967,0.513190759175007
"MRRF","Interaction",0.465133452055667,0.0368963623234761,0.634382812992763,0.215504385254026
"MRPL53","Interaction",0.462121180528619,0.107051910031637,0.717953696739967,0.356086105637039
"DAZAP1","Interaction",0.193491941369583,0.80367186084371,0.985431172218709,0.958591349420046
"DNAJA3","Interaction",0.0458739676384745,0.866922217557906,0.985431172218709,0.99347033276299
"PTCD3","Interaction",0.075892805143976,0.670481718169763,0.966602353126656,0.970116782942123
"MMAB","Interaction",-0.23739440772162,0.232942161860069,0.786701621321792,0.707600673932198
"DYNLL2","Interaction",0.203814804933153,0.442633999563122,0.91106105878806,0.846951777505479
"S100A16","Interaction",0.0970557267088168,0.845547684716335,0.985431172218709,0.983848744615739
"SCRN2","Interaction",0.0658730274165507,0.78881645523462,0.985431172218709,0.984494954417552
"OTUB1","Interaction",-0.100892893010471,0.285267965216829,0.827873019387222,0.881127791875001
"CHMP6","Interaction",-0.0468735894918364,0.786628331223635,0.985431172218709,0.988813407048535
"PDXP","Interaction",-0.281317748936551,0.290265717922252,0.833795672351873,0.706114140353825
"DCUN1D1","Interaction",0.0422367129560151,0.823402472754435,0.985431172218709,0.991826562939838
"FAHD2A","Interaction",-0.0634899949496983,0.813699049718183,0.985431172218709,0.986995897880475
"SNF8","Interaction",-0.0268333241902923,0.881998286145294,0.985431172218709,0.996636339015835
"PDLIM5","Interaction",-0.215848722232924,0.246547761772598,0.798041603532807,0.739167088661501
"CRELD1","Interaction",0.608231746742948,0.0678267283759084,0.707485206942097,0.194634986601625
"ERO1A","Interaction",0.00168523564121159,0.989243928170125,0.995538562014884,0.999981775460684
"AHCYL2","Interaction",-0.135803822300403,0.224019915662346,0.778210533237577,0.816143339780209
"PGAM5","Interaction",-0.333656884550258,0.132509294698904,0.728801120843973,0.509485055073515
"DDRGK1","Interaction",0.0750439043284921,0.608561179743499,0.948620337080771,0.963414877061988
"PYURF","Interaction",0.482986214515492,0.13878737176242,0.738363254812349,0.385271469776896
"SUCLG2","Interaction",0.0936648479081477,0.689686141453044,0.971171704702424,0.96580025832914
"ABHD14B","Interaction",0.0239319701413905,0.853927614538111,0.985431172218709,0.99622806183194
"NGLY1","Interaction",0.137945967141704,0.410727269759277,0.890298328441241,0.884486623156607
"TMX3","Interaction",0.373564846388817,0.544817727758278,0.933267267884209,0.797026445234984
"BTF3L4","Interaction",-0.145210197635915,0.167830766261259,0.758306322397644,0.771691023688201
"USP47","Interaction",-0.244519947360192,0.15537051042974,0.746987282409347,0.634269007450965
"CNDP2","Interaction",-0.148961652187086,0.261456085578094,0.806636175917145,0.818869614019353
"ALPK3","Interaction",0.119047707967429,0.560946925873681,0.933267267884209,0.933490091434901
"STAC3","Interaction",0.244750372094561,0.206884877840788,0.774693599548634,0.680024181324906
"COQ10A","Interaction",0.388419657918369,0.0767397229208751,0.714035532790025,0.368909583895902
"JSRP1","Interaction",-0.046256999102738,0.722859938919121,0.978541316414806,0.985099884733252
"MCEE","Interaction",-0.294595966556038,0.45922624342082,0.916129806509033,0.79512320588874
"QKI","Interaction",0.316422445812364,0.27513996270816,0.820743911073778,0.664755903415191
"PLIN4","Interaction",0.0216562571713332,0.89369147275062,0.986278493075747,0.997568911967836
"ALKBH3","Interaction",NA,NA,NA,NA
"VPS35","Interaction",-0.040722462909482,0.774643016380931,0.984833588391771,0.989655276301126
"PURB","Interaction",-0.206971036604525,0.417354023701754,0.892500153468451,0.834555924787965
"BBS4","Interaction",-0.0645815903429892,0.782304408866488,0.985431172218709,0.984269523856505
"VPS13A","Interaction",0.210105032491505,0.657808163674712,0.963176321974037,0.915760145666611
"GFM1","Interaction",-0.0326476650536165,0.840050808577024,0.985431172218709,0.994325902540136
"MCCC1","Interaction",0.00412548985072192,0.983583076970086,0.995538562014884,0.999931712380441
"METTL26","Interaction",0.11069596256781,0.537865442041988,0.933267267884209,0.933655499173638
"CLCC1","Interaction",0.0386128058605699,0.81322627362913,0.985431172218709,0.992048740964876
"PEBP4","Interaction",0.166626404716176,0.547595464501234,0.933267267884209,0.904524852340642
"PLEKHF1","Interaction",0.853727106936574,0.000171024106628133,0.123485003108242,0.000608217529407042
"MYCBP","Interaction",0.258929578599769,0.124449115454311,0.717953696739967,0.582997391766652
"TBCB","Interaction",-0.22094797091539,0.112142272456642,0.717953696739967,0.616663816639601
"PSMB7","Interaction",-0.106826565141237,0.385644158873862,0.87259072125257,0.903220430743537
"PCYT2","Interaction",-0.393234704249313,0.0517095761683346,0.655122090098122,0.311983383722866
"PSMD1","Interaction",-0.13710224777677,0.209138471861732,0.774737832930386,0.806919042184076
"PFDN5","Interaction",0.102047285314267,0.414643019736022,0.890298328441241,0.914081051284594
"PAFAH2","Interaction",-0.0972698593787982,0.59729351851481,0.947645471598398,0.951107965689052
"PARK7","Interaction",-0.107706830233301,0.273567165208593,0.819423007534722,0.869696945155325
"VAT1","Interaction",-0.167480395586132,0.264324328741994,0.810553269008582,0.800238237492898
"PLIN2","Interaction",-0.579083597628252,0.0916858420762447,0.717953696739967,0.250660712567191
"S100A13","Interaction",-0.452573426902735,0.19425192611513,0.774693599548634,0.476357558189816
"TSNAX","Interaction",-0.142308162853961,0.545314605876349,0.933267267884209,0.917323959398501
"EIF3C","Interaction",0.00323473666935925,0.982042782741035,0.995538562014884,0.999941386980488
"PHB2","Interaction",0.107944422273686,0.340953770425298,0.849755482400417,0.890342460577763
"COPS8","Interaction",-0.00290905269449482,0.980818733101425,0.995538562014884,0.999943660176976
"SDHC","Interaction",-0.265166695886553,0.396931527849923,0.87877043204709,0.782695326128535
"CHP1","Interaction",0.105961671506797,0.489173768758222,0.922485112263943,0.927032579999217
"HSD17B10","Interaction",-0.0668395721305899,0.62679231968637,0.95288760033362,0.969258978446377
"NAP1L4","Interaction",0.00740489424125101,0.941020251278416,0.990341070301427,0.99954995319979
"MGST2","Interaction",0.0366389587393066,0.877798803219784,0.985431172218709,0.995235940640063
"TXN2","Interaction",0.190929387199169,0.201354894152886,0.774693599548634,0.736386685493681
"DMAC2L","Interaction",-0.275299823414038,0.18463820281492,0.767898348762207,0.628085049959293
"ACO2","Interaction",-0.0626486245962035,0.553577917125906,0.933267267884209,0.963630422160258
"COQ7","Interaction",-0.00686193531799972,0.946604137372827,0.990341070301427,0.999623527050002
"SLC29A1","Interaction",-0.191312735919627,0.377710206635593,0.871311395131989,0.830051575041475
"TSG101","Interaction",-0.40632471814753,0.00573711973206943,0.600075593630651,0.122829288496863
"CPNE1","Interaction",0.0142134354018744,0.933466398541013,0.990341070301427,0.999021879213358
"CCT7","Interaction",-0.116543032043754,0.221755890000997,0.778210533237577,0.839008398707143
"PRMT1","Interaction",-0.232914794669721,0.0822849814214938,0.717953696739967,0.558936041115194
"NIPSNAP1","Interaction",0.023012503131131,0.95196032197328,0.990341070301427,0.998867691747968
"ARPC5L","Interaction",0.322368540677488,0.356789815780869,0.863612215386643,0.717318207365403
"MICU1","Interaction",-0.121206049254486,0.657193909791387,0.963176321974037,0.950393271645569
"MACROD1","Interaction",0.0865097857286443,0.492143971565926,0.922485112263943,0.940509008182403
"WDR77","Interaction",-0.212468080590398,0.201787717558573,0.774693599548634,0.711725157262367
"APOL2","Interaction",-0.105903270173204,0.649633529023502,0.96126340992448,0.955346626365806
"FYCO1","Interaction",-0.209840902211411,0.316860260085988,0.846090906331512,0.785708847296388
"JPH2","Interaction",0.261735502247081,0.0567849139633807,0.667443630784733,0.471996242483773
"CORO1B","Interaction",0.459672368630354,0.314238176189303,0.843185706479854,0.587359271726583
"TXNDC17","Interaction",0.106214923975916,0.340190769517254,0.849755482400417,0.891788656110526
"PLCD4","Interaction",0.0289731655102692,0.81597850348811,0.985431172218709,0.994125131409364
"CPPED1","Interaction",-0.226347490743212,0.508162686177967,0.931199101197199,0.857935157404107
"VPS25","Interaction",-0.120693617043969,0.501754892557432,0.929337615180512,0.920134362545295
"MIEN1","Interaction",0.417564063997258,0.0514856501287318,0.655122090098122,0.289765351945863
"PELO","Interaction",0.097630382881519,0.660121466310344,0.963834775484728,0.960262143492546
"PRXL2A","Interaction",-0.0340700556113234,0.889441829607044,0.985806590130533,0.996016268592402
"ERP44","Interaction",-0.404667287063354,0.276185599775898,0.820743911073778,0.594117489385109
"LXN","Interaction",NA,NA,NA,NA
"NIPSNAP3B","Interaction",-0.094348461282145,0.632045366331525,0.955237334105422,0.957636970646175
"NTPCR","Interaction",-0.305144613302826,0.166119046778994,0.757084853107736,0.578249396982675
"AGMAT","Interaction",-0.159360455174195,0.682446286693924,0.970226543375727,0.940929482489367
"TACO1","Interaction",0.142844658239408,0.457089416461865,0.916129806509033,0.894196535119391
"ESYT1","Interaction",-0.154809707026228,0.462554388232365,0.916129806509033,0.887490988592027
"UBAC1","Interaction",-0.00617899957431334,0.962294868595292,0.994510340632387,0.999762542309199
"COPS4","Interaction",-0.0500541314033818,0.550051253802277,0.933267267884209,0.970523611429475
"DCTN5","Interaction",-0.681403910179844,0.00208225281280226,0.510217133395767,0.0148880635139891
"AARSD1","Interaction",-0.0153355064223568,0.947726097833923,0.990341070301427,0.999176979441016
"TMEM43","Interaction",-0.0994680868350777,0.595249834337686,0.947508748359726,0.94970728356164
"DHRS4","Interaction",0.23771399780323,0.335168159042924,0.848465025583376,0.771166777154224
"TMEM70","Interaction",-0.0614813317304872,0.819449984442203,0.985431172218709,0.987832351372915
"TUBB6","Interaction",-0.239572040555835,0.234692915901144,0.786701621321792,0.706625646604997
"CHCHD7","Interaction",0.273638119476526,0.204437397734775,0.774693599548634,0.647653965653147
"APOO","Interaction",0.0820919234241302,0.553188674782695,0.933267267884209,0.952559193734268
"MRI1","Interaction",0.230304540731421,0.556314648196597,0.933267267884209,0.87366744606277
"ABHD6","Interaction",-0.115045747704734,0.599952542625028,0.94827554108588,0.942916624135848
"ADI1","Interaction",-0.0535088354645765,0.876785928834027,0.985431172218709,0.992988688939742
"MECR","Interaction",-0.0351061228164831,0.817316899176201,0.985431172218709,0.992943116362179
"NTMT1","Interaction",0.319927582751198,0.187145585906862,0.769457682955611,0.584992334026537
"TMEM109","Interaction",-0.0284949498260296,0.861398787014733,0.985431172218709,0.995757642939338
"TMED9","Interaction",-0.164085804608082,0.394406162381715,0.875948569940786,0.8584205298186
"TIMM21","Interaction",0.156246475062414,0.414593060123731,0.890298328441241,0.87147471252392
"TPPP3","Interaction",-0.226841735556537,0.490190858514378,0.922485112263943,0.850671545968605
"NUDT9","Interaction",0.00199589729059113,0.990054594641531,0.995538562014884,0.99998005082381
"FUNDC2","Interaction",-0.18624286417548,0.15214087009902,0.74336736762335,0.704205047175003
"SORBS1","Interaction",0.510175541674275,0.211127549304788,0.774737832930386,0.452271614980027
"HINT2","Interaction",0.038035415665874,0.869940996272234,0.985431172218709,0.994714547138849
"OSBPL11","Interaction",0.0494285364857419,0.850966604427928,0.985431172218709,0.992054835457596
"NT5C1A","Interaction",0.0549684077458679,0.835539788894974,0.985431172218709,0.990172037600925
"TMEM120A","Interaction",0.180132132521845,0.718773611638838,0.978331221844706,0.94225322716505
"NAA15","Interaction",-0.147541030547522,0.678137562784813,0.970029150791216,0.944305359419388
"BCL2L13","Interaction",-0.0320320307248565,0.757771967531735,0.980798083318214,0.991154540130815
"AP1M1","Interaction",-0.428117213497448,0.0218096730097139,0.626620812936794,0.194422760567981
"OSBPL1A","Interaction",0.160143418639631,0.201970079462934,0.774693599548634,0.774009499802082
"HDHD5","Interaction",0.0938298452633006,0.65320378805772,0.96208678201189,0.960828878429529
"EIF2A","Interaction",-0.00619555240449188,0.972649817834616,0.995538562014884,0.999828204897095
"MRPL13","Interaction",0.220928189683306,0.275674616561099,0.820743911073778,0.752259833431388
"MRPL9","Interaction",0.492090990139435,0.195332683559206,0.774693599548634,0.44770992953215
"MRPL4","Interaction",0.0517221171726696,0.907304129978533,0.990017849989727,0.994981234382006
"MRPL1","Interaction",0.080305499510704,0.686604227706012,0.97092857229222,0.970256658380948
"NLN","Interaction",-0.0591674414294125,0.802169033822885,0.985431172218709,0.987042056662248
"TRIM54","Interaction",0.28410604762789,0.124635186495068,0.717953696739967,0.553434265288003
"BCO2","Interaction",-0.59983927262509,0.157847782559639,0.749359442940781,0.330424282949763
"MRPL37","Interaction",0.407759847501563,0.120158348554603,0.717953696739967,0.421464122960471
"ASPSCR1","Interaction",0.0650051331587989,0.729059793251755,0.978541316414806,0.979667949779609
"UBL5","Interaction",0.233249122088825,0.114157585503204,0.717953696739967,0.602786914743031
"NIBAN1","Interaction",0.32991750501402,0.100144415291824,0.717953696739967,0.468046784425888
"UBXN6","Interaction",0.100936893726711,0.561381798239487,0.933267267884209,0.943389231140219
"UBE2O","Interaction",NA,NA,NA,NA
"LNPK","Interaction",-0.113503134555192,0.406495053346545,0.890298328441241,0.902872753229532
"PITHD1","Interaction",-0.0248368123875409,0.918473515437811,0.990341070301427,0.99789005167902
"SLIRP","Interaction",-0.00664223000529418,0.970478721510962,0.995538562014884,0.999800980058594
"NIF3L1","Interaction",0.120141365239753,0.346245349594684,0.854650258734705,0.88036133191464
"EGLN1","Interaction",-0.0220452812241465,0.943094570173902,0.990341070301427,0.99870922906642
"ANKRD2","Interaction",-0.192773103805933,0.506070960155929,0.931199101197199,0.876960266629724
"NAA50","Interaction",-0.188349277126829,0.14676061256974,0.74336736762335,0.696677050860776
"TMEM126A","Interaction",-0.00921488796196712,0.95127247600651,0.990341070301427,0.99953977858165
"PAIP1","Interaction",0.128935804265993,0.391300304571044,0.873668373967867,0.88605355645276
"CLPB","Interaction",-0.0436452501397326,0.863064157405503,0.985431172218709,0.99359313976818
"TOLLIP","Interaction",-0.028762325987131,0.831594504557484,0.985431172218709,0.994709971678384
"PCBD2","Interaction",0.0395401656157155,0.733646569027186,0.978541316414806,0.987827993866118
"NT5C3A","Interaction",-0.0992780375139368,0.354411870437148,0.861827939569962,0.902144413434142
"HDHD2","Interaction",0.0855757390832927,0.495553355610505,0.922485112263943,0.94168821951938
"RAB1B","Interaction",-0.25660950581063,0.148092488448338,0.74336736762335,0.612563183240605
"C11orf54","Interaction",-0.0929801689934848,0.492440453712268,0.922485112263943,0.936256826234504
"NUCKS1","Interaction",0.0310411772815442,0.801248312258714,0.985431172218709,0.993145361016826
"TMX4","Interaction",-0.021825526695892,0.871667364632302,0.985431172218709,0.997006809417544
"MYLK2","Interaction",-0.0452194787399449,0.867938986328332,0.985431172218709,0.99361585651713
"EHD4","Interaction",0.31841693999305,0.229427775310848,0.78413593527298,0.62577592926722
"SH3BGRL3","Interaction",0.252062976666728,0.172097677442712,0.765014119763952,0.641751916057801
"SLK","Interaction",-0.056181827397431,0.756293014162364,0.980798083318214,0.984429427369757
"PPIL3","Interaction",-0.169039279007183,0.486518229644865,0.922485112263943,0.885334647157952
"LRMDA","Interaction",-0.111164495014776,0.552665178032145,0.933267267884209,0.936204942549758
"TNMD","Interaction",-0.1464666059079,0.492614698770159,0.922485112263943,0.901493495649916
"PPA2","Interaction",-0.0212628161712516,0.883203534796195,0.985431172218709,0.997362650643717
"MRPL46","Interaction",0.240049124299301,0.234774829399697,0.786701621321792,0.706196322687525
"TMEM245","Interaction",-0.166059647772684,0.509699650821884,0.931199101197199,0.894121878221696
"C11orf68","Interaction",0.00808914314724518,0.965446287210547,0.995290799523729,0.999715587265006
"GHITM","Interaction",0.126495150462947,0.444613204922795,0.91106105878806,0.902550425485095
"BOLA2","Interaction",-0.219736433217591,0.217483472347496,0.778210533237577,0.71516855236799
"TMX1","Interaction",-0.0986967464063007,0.529329825052514,0.933267267884209,0.939145087446057
"CHMP4B","Interaction",-0.0233431843117806,0.860923099743776,0.985431172218709,0.996510458615238
"RBKS","Interaction",-0.0792547280810041,0.69181593540453,0.972244334638741,0.971221964278334
"FN3K","Interaction",0.137647586263199,0.286991288893606,0.831680962710988,0.842125730601779
"RNPEP","Interaction",0.0450514150058048,0.764793486699481,0.981049618692261,0.987992165009681
"GLIPR2","Interaction",0.158614107878098,0.590950376518291,0.947053196845865,0.919951152543168
"EHD1","Interaction",-0.0402293052596754,0.718921915341363,0.978331221844706,0.986811961918996
"TMEM38A","Interaction",-0.0183965921941542,0.932187098150915,0.990341070301427,0.998708993438414
"OPA3","Interaction",-0.108348270061484,0.632115340975868,0.955237334105422,0.951517164602277
"DCTPP1","Interaction",0.096375861493879,0.714470236307434,0.978331221844706,0.96811644159881
"AAMDC","Interaction",0.0583628575381319,0.742160832593631,0.979245936480035,0.982747380801699
"PTGES2","Interaction",0.0234953783249487,0.872402016085537,0.985431172218709,0.996797902623979
"UBE2Z","Interaction",-0.198110381977951,0.24163936205758,0.795453983372154,0.754743034401371
"ACAD9","Interaction",0.149693643598052,0.463348843843054,0.916129806509033,0.891227469190839
"METTL7A","Interaction",-0.099142374882291,0.600288657612671,0.94827554108588,0.950661919198929
"COQ10B","Interaction",0.0256564069235701,0.908225358689102,0.990017849989727,0.997533291340215
"MOB1A","Interaction",0.0149761389962499,0.942957142964687,0.990341070301427,0.999120771536963
"GORASP2","Interaction",-0.010575181780542,0.934148723692383,0.990341070301427,0.999279882041415
"JPT2","Interaction",-0.486695251523415,0.148370164722144,0.74336736762335,0.395092071672943
"SYNPO2L","Interaction",0.490365635790397,0.2295305093731,0.78413593527298,0.485934916850753
"ARMT1","Interaction",-0.131090991518864,0.515332226226284,0.933267267884209,0.916763341578396
"LRRC40","Interaction",0.349697578926857,0.438146712865679,0.910335198573263,0.749333635026012
"SFXN1","Interaction",-0.0242000015712236,0.860859806025749,0.985431172218709,0.996380833316667
"L2HGDH","Interaction",0.0788464872208898,0.646526542584255,0.961069163803318,0.966196366171848
"COPS7B","Interaction",-1.28278157067819,0.00308325527644508,0.510217133395767,0.000601101263915338
"FN3KRP","Interaction",0.125148515325861,0.753956093516693,0.980782705911705,0.965272738623039
"TBC1D17","Interaction",0.0565145549694641,0.729331891352774,0.978541316414806,0.982320661747895
"CARS2","Interaction",NA,NA,NA,NA
"GRPEL1","Interaction",-0.15327851299293,0.48049103785374,0.922157656949289,0.893735882721208
"CACYBP","Interaction",-0.134606350887196,0.48765584696768,0.922485112263943,0.90785834029114
"RDH14","Interaction",0.199842898343036,0.231621367969997,0.786701621321792,0.746544188070341
"PARVB","Interaction",0.103870944669531,0.496350762421692,0.922485112263943,0.929825140045972
"TNS1","Interaction",0.193318202887934,0.305506221820543,0.839438685332597,0.795142566699939
"PLGRKT","Interaction",0.232654265299022,0.36757169918924,0.868599959641268,0.792273222393064
"GLOD4","Interaction",0.0504942558317651,0.621929825526147,0.950729686697701,0.976304125994088
"MCCC2","Interaction",0.28010218974141,0.267584286581037,0.811595430348472,0.691242547719472
"HHATL","Interaction",0.160551624201332,0.444979348948132,0.91106105878806,0.878092752739658
"PREB","Interaction",-0.261289144521822,0.0835011279247763,0.717953696739967,0.522696888073615
"MRPL47","Interaction",0.175536084079681,0.303962794539017,0.839192945238468,0.811365100403975
"JPH1","Interaction",0.101954681653968,0.466884922038651,0.916129806509033,0.925282600259331
"APMAP","Interaction",-0.189113028158218,0.255213058443327,0.79855408175234,0.772391720735762
"TXNRD2","Interaction",-0.00701945980230789,0.972969056201398,0.995538562014884,0.999807664243566
"RAB18","Interaction",-0.21442835282145,0.0895318580982694,0.717953696739967,0.596038458093525
"PALMD","Interaction",-0.104889122370086,0.566308560627598,0.935388589527188,0.942102072505786
"SSU72","Interaction",0.951242391564877,1.04322024796654e-05,0.0219180574097769,1.82502189758673e-05
"VTA1","Interaction",-0.0671831641626284,0.614521121409842,0.948620337080771,0.967816972664521
"SARS2","Interaction",-0.104808513949553,0.546989328985931,0.933267267884209,0.938724068317368
"DYNLRB1","Interaction",0.151838158388273,0.401593518650323,0.885359897884919,0.870642175704055
"MYOZ1","Interaction",0.636916917796672,0.350540263923551,0.858374236017927,0.512903747716737
"MYOZ2","Interaction",0.165427019873725,0.807453163756455,0.985431172218709,0.965238638618463
"OSGEP","Interaction",0.123181288421453,0.463102232222125,0.916129806509033,0.909531294679228
"ACOT13","Interaction",0.061741259919188,0.675051819625824,0.970029150791216,0.976029756410242
"MRPL40","Interaction",0.0207001050207261,0.92510351775077,0.990341070301427,0.998389802107448
"TIGAR","Interaction",-0.475656270881959,0.220017287677149,0.778210533237577,0.486670987202678
"RTN4","Interaction",-0.17130432626702,0.13552819332844,0.737680658505318,0.710089226874225
"HINT3","Interaction",0.167550292337843,0.525371098555809,0.933267267884209,0.897767803664913
"PFDN4","Interaction",-0.110712069491392,0.457910772914389,0.916129806509033,0.917158398114944
"NIT2","Interaction",-0.0689177014299318,0.466507979912569,0.916129806509033,0.948808417044747
"XPNPEP1","Interaction",-0.0919357308920787,0.459461154908572,0.916129806509033,0.930997675318981
"GPHN","Interaction",-0.109985607491685,0.582751958866913,0.94399527030022,0.942337744837376
"PDLIM7","Interaction",0.441236651253568,0.258755885171741,0.80302232606474,0.55073877457293
"ACSS2","Interaction",0.130955039199748,0.314158133203607,0.843185706479854,0.859308359905696
"DIABLO","Interaction",0.250208930980886,0.12015323763221,0.717953696739967,0.588493401496988
"SAR1A","Interaction",-0.15836541986075,0.223830906547812,0.778210533237577,0.788950610112044
"SH3GLB2","Interaction",-0.0348923417197256,0.861144588532024,0.985431172218709,0.994797424641818
"EIF2B3","Interaction",0.297350702735656,0.444501549566017,0.91106105878806,0.78576896567767
"MBNL1","Interaction",0.0068944894771974,0.955693368284536,0.991313052186383,0.999687603216022
"SDR39U1","Interaction",0.0761030670627463,0.754453247828676,0.980782705911705,0.978785315695399
"AASDHPPT","Interaction",0.0162993113595675,0.944928495958669,0.990341070301427,0.999077134984779
"OSTC","Interaction",0.214378372578338,0.364642255416953,0.868525444796021,0.805515235773692
"CMC2","Interaction",-0.0284572395757507,0.891951742828331,0.985806590130533,0.996751394975722
"HEBP1","Interaction",0.323706925895205,0.0333884804574018,0.626620812936794,0.332719313741847
"PHPT1","Interaction",-0.172070946546377,0.161974830159258,0.749359442940781,0.731086709258248
"LTBP3","Interaction",-0.108885436116328,0.674647254070647,0.970029150791216,0.958051705089858
"TOMM22","Interaction",0.912099941793983,0.00163054053295115,0.510217133395767,0.00286660473513626
"LANCL2","Interaction",0.125952477561484,0.400498354943518,0.884802359344198,0.891141313640481
"FARSB","Interaction",-0.485203251684148,0.0103282845682406,0.600075593630651,0.108742677608422
"IARS2","Interaction",0.0699887285472442,0.568053274862614,0.936472406056656,0.961191680480821
"SIRT3","Interaction",0.320706230741802,0.126022019047713,0.717953696739967,0.5146447730842
"MAN2C1","Interaction",-0.398975843045413,0.0582595259747377,0.667443630784733,0.321670501912537
"OLA1","Interaction",-0.0425596093026428,0.636688685310604,0.957271277419924,0.980968846547569
"CUTC","Interaction",0.048300991354818,0.784058686075983,0.985431172218709,0.988318514477595
"ACSS1","Interaction",-0.0270717529093929,0.913140856401236,0.990341070301427,0.997543144629651
"ABHD10","Interaction",0.0386677344360749,0.82979283988398,0.985431172218709,0.992811367764881
"DDX19A","Interaction",-0.00600417482404936,0.951878169217935,0.990341070301427,0.999703928587534
"SEPTIN11","Interaction",-0.307756094429511,0.127103469002905,0.717953696739967,0.530028205664511
"PARVA","Interaction",-0.0764820677513391,0.690590445895013,0.971171704702424,0.972082794646614
"PANK4","Interaction",-0.148769262116012,0.321779075985811,0.847636923831845,0.844772440744695
"DNAJC11","Interaction",0.141731197756435,0.513098617839433,0.932917824517434,0.909759121464089
"TMLHE","Interaction",0.530731352469214,0.107018686356764,0.717953696739967,0.305424442093593
"ATAD3A","Interaction",0.261307563879473,0.253349789162098,0.79855408175234,0.698534191823303
"ARL8B","Interaction",-0.131973298646852,0.310749708678968,0.843185706479854,0.857061071907394
"MRPS18A","Interaction",0.0335324697944479,0.909853725015269,0.990017849989727,0.996837151864373
"PNPO","Interaction",-0.116140271159932,0.597925015588511,0.947645471598398,0.942019059749158
"OXSM","Interaction",0.0480623838946705,0.856099581878905,0.985431172218709,0.99256042751567
"MRPL22","Interaction",0.00546706504105288,0.98099400021275,0.995538562014884,0.999895098344518
"CZIB","Interaction",0.126769027505247,0.37317329492934,0.868599959641268,0.882534146072669
"BABAM1","Interaction",0.0551730148977541,0.694421432536465,0.972778654610916,0.980080774019709
"NDUFB11","Interaction",0.329916473628554,0.0707894273025661,0.707485206942097,0.417431895147493
"OCIAD1","Interaction",0.170934453098308,0.157205255325493,0.749359442940781,0.728867417451095
"MARCHF5","Interaction",-0.023642133285378,0.908612328337583,0.990017849989727,0.99773677956558
"CHCHD3","Interaction",0.0926202394758668,0.480404486617875,0.922157656949289,0.93435167645773
"SIRT5","Interaction",-0.112412952751988,0.443719704405105,0.91106105878806,0.912705039835175
"BABAM2","Interaction",-0.0262127867584141,0.833765347791677,0.985431172218709,0.995245766866639
"DPP3","Interaction",-0.20332328869053,0.140649970077643,0.738363254812349,0.671115007963432
"TUBA8","Interaction",0.169347653280465,0.122066364032617,0.717953696739967,0.700353297095588
"MAP3K20","Interaction",-0.330610728586525,0.243257339298725,0.795453983372154,0.626652558508134
"UGGT1","Interaction",-0.00426895335475663,0.9800210372638,0.995538562014884,0.999913850934778
"TECR","Interaction",0.145724236569347,0.523678723716433,0.933267267884209,0.910040983938538
"ERAP1","Interaction",-0.127498592607221,0.544869986536285,0.933267267884209,0.925502751215565
"CISD1","Interaction",0.000231770767396,0.998526869653515,0.999478300687011,0.999999658319776
"CLIC5","Interaction",0.0509132968806867,0.714230586512432,0.978331221844706,0.98301112602732
"FAM120A","Interaction",-0.0412534322608931,0.8144569037491,0.985431172218709,0.991569143529484
"GLTP","Interaction",-0.227448548578421,0.456923786955707,0.916129806509033,0.836819821480011
"COQ3","Interaction",0.0482534318556205,0.729273223579033,0.978541316414806,0.984881511674817
"HSPBP1","Interaction",-0.234604828939414,0.251907783384425,0.79855408175234,0.723649697347156
"MAT2B","Interaction",-0.132227076791875,0.311217182415316,0.843185706479854,0.856977219088215
"MYOF","Interaction",-0.0435400435233397,0.839713626995067,0.985431172218709,0.992422653660891
"EHD2","Interaction",0.145705780871101,0.17786408826162,0.767898348762207,0.777559310293636
"TMOD4","Interaction",0.557562161012864,0.203448478480019,0.774693599548634,0.411547877881693
"LMCD1","Interaction",-0.197725224244653,0.255795762503248,0.79855408175234,0.763704903374092
"CHMP5","Interaction",0.136729379413271,0.614021069002262,0.948620337080771,0.935488451223954
"CNIH4","Interaction",-0.55424620077352,0.0184110057302304,0.626620812936794,0.109251096141108
"NDUFAF4","Interaction",0.414555335820065,0.121022665295814,0.717953696739967,0.416675055853392
"EMC3","Interaction",-0.0239311618574547,0.910382906320872,0.990017849989727,0.997755625792149
"NDUFA13","Interaction",0.2170335961688,0.204998428949813,0.774693599548634,0.708968179188484
"PDP1","Interaction",0.207059724779899,0.306696485952494,0.839438685332597,0.782921222189434
"MRPL36","Interaction",-0.159663724799383,0.32906522576198,0.847636923831845,0.837389371888453
"VAPA","Interaction",-0.0637407309578997,0.581737937571336,0.943782221954246,0.966058779398502
"RNF181","Interaction",0.0442426186299372,0.879936255350938,0.985431172218709,0.994357093320076
"TMEM14C","Interaction",-0.345111583895008,0.622714676689333,0.950729686697701,0.849193743984363
"LARS1","Interaction",-0.0815780760026144,0.604490414991499,0.948620337080771,0.959767786843135
"SUCLA2","Interaction",-0.0433511761311536,0.710946383007594,0.978331221844706,0.9853192172015
"GMPR2","Interaction",-0.150776904680978,0.412393741596976,0.890298328441241,0.874979633019632
"DPM3","Interaction",-0.20151136074157,0.527305920378914,0.933267267884209,0.879007267733042
"IMPACT","Interaction",-0.388126266006957,0.184938869335401,0.767898348762207,0.519414885361901
"ATXN10","Interaction",0.247434519091936,0.127803275859471,0.717953696739967,0.601073589441746
"EPS15L1","Interaction",-0.0502438331633304,0.780530308654235,0.985431172218709,0.987627671697626
"SAE1","Interaction",-0.447185715564014,0.292761663472955,0.833795672351873,0.577341496420517
"RNF7","Interaction",0.0988310438223685,0.42715693020028,0.90287395407524,0.919370517770172
"MYOT","Interaction",0.309607535745862,0.34300398425238,0.850828064833827,0.718001116430926
"GNG12","Interaction",0.0279006579287859,0.877746709420238,0.985431172218709,0.996368442084855
"VPS29","Interaction",0.15170009816222,0.784700547148338,0.985431172218709,0.963888013719087
"EIF3K","Interaction",0.183061540948128,0.24537722901718,0.798041603532807,0.773218290978304
"GRHPR","Interaction",-0.0253700982586622,0.786741498631043,0.985431172218709,0.993933318241061
"CTSZ","Interaction",-0.277688161497952,0.184670136190311,0.767898348762207,0.625586027080826
"UBA2","Interaction",0.071543184690043,0.69601279146758,0.972778654610916,0.974406864444623
"COPS7A","Interaction",-0.239820520011584,0.04995227413649,0.655122090098122,0.487401483639833
"HSPB7","Interaction",-0.259893738679889,0.180404398098038,0.767898348762207,0.640771642408493
"CLIP2","Interaction",-0.159612599561029,0.549733965526439,0.933267267884209,0.908918778898293
"UQCR10","Interaction",0.0676103601100309,0.680946223775192,0.970226543375727,0.974353831696319
"DNAJB4","Interaction",-0.0777192268815377,0.833844660984426,0.985431172218709,0.985977033669986
"NIPSNAP3A","Interaction",-0.522229024963774,0.16109906019617,0.749359442940781,0.385408203166272
"TES","Interaction",0.965094507197744,0.0357452416329053,0.626620812936794,0.0401530803248301
"KDM5B","Interaction",0.1069756938887,0.531258259603559,0.933267267884209,0.934575487898514
"WARS2","Interaction",0.951176504570311,0.177192487758005,0.767898348762207,0.192814119195838
"MLX","Interaction",0.270884305927478,0.317209341210519,0.846090906331512,0.73269368536351
"SEPTIN9","Interaction",-0.323217492301872,0.107739164374856,0.717953696739967,0.486683051510927
"UBQLN2","Interaction",-0.229093330355578,0.151465775545043,0.74336736762335,0.648956403166346
"PCYOX1","Interaction",0.0103202881485522,0.949334539739332,0.990341070301427,0.999463550627394
"DPP7","Interaction",0.390941475807008,0.235747446708517,0.788702843207951,0.568412347122074
"SMPX","Interaction",-0.0668963793855113,0.731786989853362,0.978541316414806,0.979327221496555
"BCAP29","Interaction",0.00221533470014279,0.988779280195728,0.995538562014884,0.999975002150057
"CYB5R1","Interaction",-0.106594832924301,0.390850308027967,0.87359201826251,0.904712150418602
"PFDN2","Interaction",-0.170257402418184,0.18655878318214,0.769457682955611,0.751365024790845
"PUF60","Interaction",0.175404367339926,0.31876198416997,0.846090906331512,0.818287391297005
"ENOPH1","Interaction",0.101679789533868,0.468579612278913,0.916129806509033,0.925817369106882
"NDUFA12","Interaction",0.405126765748673,0.0508960291741779,0.655122090098122,0.299256113662474
"EIF2B4","Interaction",-0.21753354689103,0.337298968548074,0.848790621685237,0.789455094612638
"ATP6V1H","Interaction",0.0894821885590247,0.617515883736136,0.948620337080771,0.957782145239084
"TRMT112","Interaction",0.818151335448654,0.0353518344767969,0.626620812936794,0.0649204172713233
"XPO7","Interaction",-0.166170730130123,0.474927662593837,0.918805726620306,0.883618805177135
"LCMT1","Interaction",0.0796082769848567,0.651290445751717,0.961603110698776,0.96644006373855
"ATP5IF1","Interaction",-0.00479037710604047,0.97838849717489,0.995538562014884,0.999895343155283
"AK3","Interaction",0.0251000482436297,0.922571803313253,0.990341070301427,0.997979229852609
"NAGK","Interaction",-0.0261995065278917,0.815579207408138,0.985431172218709,0.994673291653742
"SLC25A13","Interaction",0.183443376791136,0.175393786833841,0.767898348762207,0.726640186965447
"DBNL","Interaction",-0.440747896566965,0.175532389951598,0.767898348762207,0.464463996141159
"DCTN4","Interaction",-0.142967283609533,0.438375081026142,0.910335198573263,0.888782869494963
"HSPB8","Interaction",-0.0794134875239187,0.725258226464267,0.978541316414806,0.974812828575687
"STOML2","Interaction",-0.0203322125921268,0.858591187570971,0.985431172218709,0.996904902057894
"VPS28","Interaction",-0.114951346292898,0.344065841930121,0.851451512244033,0.88457838576117
"JPT1","Interaction",0.087553920466334,0.699518640879155,0.973948750488472,0.969195902896566
"APPL1","Interaction",-0.180143893766644,0.117872713771758,0.717953696739967,0.680331802822316
"PACSIN3","Interaction",0.267544071814285,0.0981782821622193,0.717953696739967,0.537427274962856
"ACAD8","Interaction",0.284507216715458,0.10532411402059,0.717953696739967,0.527111036086661
"AGO2","Interaction",0.188878862018047,0.264654708491141,0.810553269008582,0.777958418073766
"MYH2","Interaction",0.6824098500439,0.110899093071846,0.717953696739967,0.222971551578559
"MYH13","Interaction",-0.260848343417496,0.585162601117619,0.944260080605314,0.869549834271412
"CDV3","Interaction",0.0236681028575703,0.865274172485885,0.985431172218709,0.996580874388319
"RAB21","Interaction",-0.0917138433443121,0.483083629216511,0.922485112263943,0.935449770089711
"PSME2","Interaction",-0.326223034763835,0.126732967575139,0.717953696739967,0.509732030061285
"DNPEP","Interaction",0.0554629237446811,0.58896478674386,0.94603594567955,0.971065404394008
"MCTS1","Interaction",-0.181624579980213,0.113859328523022,0.717953696739967,0.673927761111196
"TBC1D24","Interaction",-0.528490023222847,0.0519231043057021,0.655122090098122,0.209450267738101
"TMCO1","Interaction",-0.225781263349848,0.133887880734536,0.732548014123073,0.635088926087558
"EPDR1","Interaction",0.0972806379183098,0.61488193337081,0.948620337080771,0.953791669659071
"MYO6","Interaction",0.15742796744739,0.4573094563164,0.916129806509033,0.884112599142831
"NFU1","Interaction",0.100057813034145,0.663810627725401,0.966504593798384,0.95982958460577
"SYNPO2","Interaction",-0.137913606160275,0.540147993652255,0.933267267884209,0.918564952662179
"UBQLN1","Interaction",-0.130396641939281,0.683333752669371,0.970226543375727,0.951561104919965
"SNX12","Interaction",0.100112400951787,0.552379402015998,0.933267267884209,0.942312115143284
"NDRG2","Interaction",-0.0712721143319861,0.629520686565802,0.954962427779603,0.967553566584819
"VPS4A","Interaction",-0.0912543992839438,0.516912883158522,0.933267267884209,0.941560157783206
"G3BP2","Interaction",0.510761441709125,0.0905054887885973,0.717953696739967,0.293163418366647
"STUB1","Interaction",-0.268530718500106,0.04475651039538,0.644064577675981,0.434223627195225
"PACSIN2","Interaction",0.0846899558068834,0.670069973953287,0.966602353126656,0.966660836436317
"SNX6","Interaction",0.0637552885974806,0.535734046009026,0.933267267884209,0.960990470323725
"PSMD13","Interaction",-0.0983132578315704,0.282298315192188,0.827873019387222,0.883074495984596
"COPS3","Interaction",0.0606352852912799,0.452454936127889,0.916129806509033,0.953050057534931
"NSFL1C","Interaction",-0.059979223952535,0.509688696199974,0.931199101197199,0.960382817065417
"PPP6R1","Interaction",0.33695883579415,0.044243815325632,0.644064577675981,0.349710006126543
"LIMCH1","Interaction",-0.0399584993227116,0.819408775510744,0.985431172218709,0.992072963597426
"USP24","Interaction",-0.486315421334425,0.0301540079338597,0.626620812936794,0.182172175515639
"MAPRE3","Interaction",-0.0348073471263746,0.891964934715918,0.985806590130533,0.996028437274082
"PA2G4","Interaction",0.113908813589919,0.365879018355516,0.868525444796021,0.891785267197304
"CAMK2A","Interaction",0.19290122547465,0.415530362005558,0.890298328441241,0.844166289869189
"CHMP2B","Interaction",0.152111506517244,0.313519400070275,0.843185706479854,0.838254747878751
"RTRAF","Interaction",0.124098780367795,0.766722262680958,0.981049618692261,0.967572965949946
"RUVBL2","Interaction",-0.174518629123874,0.350020188331433,0.858100835104249,0.832598744722664
"APOBEC2","Interaction",0.647080462660668,0.0196998764065395,0.626620812936794,0.0787735927482054
"PIN4","Interaction",-0.096652330761831,0.564135854456423,0.933267267884209,0.94617322778187
"EIF3L","Interaction",0.0291084145738765,0.866131209777332,0.985431172218709,0.995825309912982
"PLAA","Interaction",-0.245391573502772,0.0296336694190157,0.626620812936794,0.421685844449427
"NUDC","Interaction",-0.133883832207893,0.161569660454717,0.749359442940781,0.783451611023259
"BCS1L","Interaction",0.0104184082029057,0.97340889982942,0.995538562014884,0.999719252495431
"VDAC3","Interaction",0.208970323890892,0.212029630621119,0.774737832930386,0.723164119897174
"CFL2","Interaction",0.0272027420212488,0.783940620606642,0.985431172218709,0.993400129565579
"FARSA","Interaction",-0.398065485431882,0.0292748870236903,0.626620812936794,0.24522496341705
"CNPY2","Interaction",-0.0254413960250872,0.891691035516536,0.985806590130533,0.997087759655454
"FNDC3A","Interaction",-0.16413693214292,0.801770047618781,0.985431172218709,0.96438630204837
"PADI2","Interaction",-0.174927209377689,0.194965307649028,0.774693599548634,0.751266837929419
"GSTK1","Interaction",0.011152994402817,0.939520102322357,0.990341070301427,0.999304450589387
"LAMTOR2","Interaction",-0.289144491702682,0.415698553165567,0.890298328441241,0.775839535758176
"COA3","Interaction",-0.112042015132801,0.670392630598352,0.966602353126656,0.956184230838581
"TMA7","Interaction",0.0211676107900374,0.891030211411218,0.985806590130533,0.99756072561536
"SUGT1","Interaction",-0.153615495883319,0.30216504851314,0.837531354783784,0.832065392993279
"COQ6","Interaction",-0.0592611538775429,0.679690759979758,0.970129270867847,0.977378042479772
"ACOT9","Interaction",-0.0299156304557577,0.829306670751262,0.985431172218709,0.994416479255708
"MEMO1","Interaction",-0.210853209661646,0.185726797514825,0.768133861375289,0.701196688604437
"TMX2","Interaction",0.404904723654525,0.0711671430416208,0.707485206942097,0.3429908709071
"SH3GLB1","Interaction",-0.2586335949252,0.099076061316588,0.717953696739967,0.549950731522096
"CAB39","Interaction",0.0697090360915844,0.479949893589183,0.922157656949289,0.95011565384559
"LUC7L2","Interaction",0.0142618463725697,0.909318346391599,0.990017849989727,0.998645187043905
"DHRS7","Interaction",-0.119229341999414,0.388128066921994,0.872779472505912,0.893292660167314
"MOB4","Interaction",-0.435069386856402,0.0181253319335485,0.626620812936794,0.174676123108983
"SBDS","Interaction",0.0317451200999415,0.778626445954198,0.985431172218709,0.992088078260142
"MRPL11","Interaction",0.0969615514753492,0.667866304106365,0.966602353126656,0.961615876643449
"PPIL1","Interaction",0.0227188847233499,0.814691462095114,0.985431172218709,0.995354682749952
"MSRB2","Interaction",0.32296108701917,0.288134918784362,0.832698025262646,0.669068374631427
"FIS1","Interaction",-0.0100238999823326,0.945424632547773,0.990341070301427,0.99943760585144
"PTRH2","Interaction",0.737551886452735,0.0409804887136061,0.644064577675981,0.0947771504920909
"STRAP","Interaction",-0.0404392479098696,0.630222886759366,0.955237334105422,0.98150314392892
"RTCB","Interaction",-0.0898221959464109,0.380217631734994,0.872168498722824,0.916806269853499
"RPL36","Interaction",0.003415564255981,0.989011322632934,0.995538562014884,0.99996226043881
"SAMHD1","Interaction",-0.257717805411398,0.460265319198672,0.916129806509033,0.818749836586997
"HBS1L","Interaction",0.0812621366119828,0.546731006622239,0.933267267884209,0.952118340458335
"TLN1","Interaction",-0.016879865404313,0.841171699746161,0.985431172218709,0.997084724974729
"USP15","Interaction",-0.0920450584040005,0.464790970497747,0.916129806509033,0.931907300421967
"TLN2","Interaction",-0.274696946024449,0.062889739338077,0.699107631477776,0.467706643346965
"DTNA","Interaction",-0.126406531973966,0.248914605724427,0.798041603532807,0.838796912356955
"HYOU1","Interaction",-0.142971052272205,0.367087384568713,0.868525444796021,0.866512100149907
"AFG3L2","Interaction",0.0134995007150458,0.911878642896822,0.990341070301427,0.998755468206773
"ARIH1","Interaction",-0.406793269711361,0.0824162917821992,0.717953696739967,0.362277542001675
"RNF114","Interaction",-0.203429103746977,0.154136612285336,0.746177470994218,0.683591110830422
"SAMM50","Interaction",0.0905935149331505,0.389563804154424,0.872779472505912,0.918140354515436
"PPME1","Interaction",-0.0801459517570642,0.80162581027926,0.985431172218709,0.982434759547678
"TIMM9","Interaction",0.225827074699545,0.181141145886197,0.767898348762207,0.679892381348362
"TIMM8B","Interaction",0.161840916696626,0.431093638200452,0.905727733859149,0.872687459081718
"UCHL5","Interaction",0.0342115807790222,0.788178571959668,0.985431172218709,0.99188966456364
"TIMM13","Interaction",0.0659485052576869,0.639286371867815,0.958701404207195,0.970925494966301
"SRPRB","Interaction",-0.0596174429506426,0.714487312211397,0.978331221844706,0.980156731021302
"GMPPB","Interaction",-0.11587287564123,0.461383936216665,0.916129806509033,0.914268911354589
"MPC1","Interaction",-0.221746589349689,0.20198324841556,0.774693599548634,0.701384313679067
"SNX5","Interaction",-0.180342807143958,0.700710852748062,0.97483952584293,0.937873017700933
"HEBP2","Interaction",-0.0408312075831248,0.765448186288336,0.981049618692261,0.989145414136252
"HCFC2","Interaction",0.127925955894245,0.697289221248948,0.972778654610916,0.954923216433047
"FHOD1","Interaction",-0.058978954752213,0.602185378400119,0.948620337080771,0.970529448951902
"MYH4","Interaction",0.344209003570789,0.518902335746374,0.933267267884209,0.79786590538558
"MRPS18B","Interaction",0.093117692096083,0.559508724643534,0.933267267884209,0.947362864995112
"COPG1","Interaction",0.171305937201605,0.191532503770475,0.774693599548634,0.75343167839257
"CLIC4","Interaction",0.00562411608636992,0.977036811142064,0.995538562014884,0.999869354975662
"NFS1","Interaction",NA,NA,NA,NA
"SPCS1","Interaction",-0.153536078446734,0.284298967210869,0.827873019387222,0.824393955499776
"SAR1B","Interaction",-0.0767043683632096,0.549030095120255,0.933267267884209,0.955049512512178
"MTCH2","Interaction",0.0454610959203663,0.684541302371471,0.970459700595453,0.982917546696245
"BZW2","Interaction",-0.067299583829552,0.491482069805277,0.922485112263943,0.953319760372314
"DYNC1LI1","Interaction",-0.534772671109916,0.00722773977304208,0.600075593630651,0.071623089778606
"CHCHD2","Interaction",0.37560521896442,0.154993906355032,0.746885773513582,0.496452780120704
"NDUFB9","Interaction",0.437933321308197,0.0171678998411485,0.626620812936794,0.168625724105639
"COX11","Interaction",-0.202162521439995,0.322969694925874,0.847636923831845,0.795739481256589
"SQOR","Interaction",0.331496438558762,0.320816211931094,0.847636923831845,0.686002540511947
"SESN1","Interaction",0.0548041275503053,0.763510728065727,0.981049618692261,0.985321107190878
"SEC23IP","Interaction",-0.199211260166305,0.115184243045662,0.717953696739967,0.650158030558603
