"contrast","database","pathway","NES","padj","size"
"Training_Young","GO_BP","mitochondrial electron transport, NADH to ubiquinone",-2.72503032121603,2.58352941176471e-08,39
"Training_Young","GO_BP","proton motive force-driven mitochondrial ATP synthesis",-2.61022091990936,2.58352941176471e-08,60
"Training_Young","GO_BP","proton transmembrane transport",-2.51306403267091,2.58352941176471e-08,85
"Training_Young","GO_BP","ribose phosphate biosynthetic process",-2.18276218174414,1.56430220079275e-06,93
"Training_Young","GO_BP","protein folding",2.12551073497601,1.50756937385808e-05,90
"Training_Young","GO_BP","regulation of chromosome organization",2.08121433416876,0.0002597153402842,39
"Training_Young","GO_BP","tRNA aminoacylation for protein translation",2.0698681851237,0.000992326765306926,28
"Training_Young","GO_BP","tRNA aminoacylation",2.0698681851237,0.000992326765306926,28
"Training_Young","GO_BP","ATP metabolic process",-2.06686121342873,1.50756937385808e-05,117
"Training_Young","GO_BP","mitochondrial respiratory chain complex assembly",-2.05013408318728,0.00291292928423429,38
"Training_Young","GO_BP","regulation of telomere maintenance via telomerase",2.00536029498749,0.000912267085829402,13
"Training_Young","GO_BP","mitotic spindle assembly checkpoint signaling",1.98287982232943,0.000722728603022948,9
"Training_Young","GO_BP","negative regulation of chromosome segregation",1.98287982232943,0.000722728603022948,9
"Training_Young","GO_BP","spindle assembly checkpoint signaling",1.98287982232943,0.000722728603022948,9
"Training_Young","GO_BP","mitotic spindle checkpoint signaling",1.98287982232943,0.000722728603022948,9
"Training_Young","GO_BP","negative regulation of metaphase/anaphase transition of cell cycle",1.98287982232943,0.000722728603022948,9
"Training_Young","GO_BP","negative regulation of chromosome separation",1.98287982232943,0.000722728603022948,9
"Training_Young","GO_BP","negative regulation of mitotic nuclear division",1.98084569271454,0.000307672754200666,10
"Training_Young","GO_BP","negative regulation of nuclear division",1.98084569271454,0.000307672754200666,10
"Training_Young","GO_BP","positive regulation of protein localization to nucleus",1.97958340494699,0.00556071661125509,24
"Training_Young","GO_BP","telomerase RNA localization to Cajal body",1.95321703965009,0.00178666201835517,9
"Training_Young","GO_BP","telomerase RNA localization",1.95321703965009,0.00178666201835517,9
"Training_Young","GO_BP","response to heat",1.9531940520411,0.0049922874782773,30
"Training_Young","GO_BP","epithelial cell development",1.95313370018497,0.0251962620156217,16
"Training_Young","GO_BP","cellular response to type I interferon",1.92170207901691,0.0080717340914931,40
"Training_Young","GO_BP","muscle tissue morphogenesis",-1.9198112399911,0.0114602429097429,11
"Training_Young","GO_BP","chromosome separation",1.91396551449355,0.00615145346243457,12
"Training_Young","GO_BP","regulation of protein stability",1.89686245979238,0.00226350347423886,82
"Training_Young","GO_BP","positive regulation of cell cycle process",1.88352337874741,0.0114602429097429,23
"Training_Young","GO_BP","basement membrane organization",-1.8524652093644,0.0362215740878264,10
"Training_Young","GO_BP","spindle organization",1.8413703799921,0.0362215740878264,41
"Training_Young","GO_BP","establishment of cell polarity",1.82441277833995,0.0362215740878264,21
"Training_Young","GO_BP","axo-dendritic transport",1.81545698851751,0.0398068672861272,15
"Training_Young","GO_BP","heterochromatin formation",-1.80532295026501,0.0398068672861272,16
"Training_Young","GO_BP","regulation of protein catabolic process",1.8032581214953,0.00138057626542889,112
"Training_Young","GO_BP","mammary gland development",-1.79623707261734,0.0282920492399418,8
"Training_Young","GO_BP","regulation of protein-containing complex assembly",1.79506387071303,0.00505136767356053,84
"Training_Young","GO_BP","protein tetramerization",1.78300791654802,0.0442686006078435,25
"Training_Young","GO_BP","establishment of spindle localization",1.77807377255108,0.0538095177721915,12
"Training_Young","GO_BP","spindle localization",1.77807377255108,0.0538095177721915,12
"Training_Young","GO_BP","chromosome segregation",1.7777041540991,0.0170774619619413,55
"Training_Young","GO_BP","regulation of cell cycle phase transition",1.77628840525585,0.0195335549028596,54
"Training_Young","GO_BP","receptor recycling",1.77418005678509,0.0283377015369123,8
"Training_Young","GO_BP","heterochromatin organization",-1.77047917044251,0.0902114934183419,18
"Training_Young","GO_BP","negative regulation of Wnt signaling pathway",-1.76985854606549,0.100587941256739,10
"Training_Young","GO_BP","mitotic cell cycle phase transition",1.76104485680835,0.0333873503968327,60
"Training_Young","GO_BP","establishment of organelle localization",1.75475148151085,0.0272883996880737,67
"Training_Young","GO_BP","endoplasmic reticulum to Golgi vesicle-mediated transport",1.7494436791081,0.0629352171094752,40
"Training_Young","GO_BP","epigenetic regulation of gene expression",-1.7345091199782,0.066294229313604,27
"Training_Young","GO_BP","protein localization to nucleus",1.73446537645533,0.0279407545386055,65
"Training_Young","GO_BP","cortical cytoskeleton organization",1.73442330548096,0.0993612896918786,14
"Training_Young","GO_BP","regulation of striated muscle cell apoptotic process",1.73200391374399,0.107507342977323,9
"Training_Young","GO_BP","organelle fission",1.72865228250976,0.0464703187653014,60
"Training_Young","GO_BP","motile cilium assembly",-1.72809159521954,0.0719701589398264,5
"Training_Young","GO_BP","regulation of proteasomal protein catabolic process",1.72610687822263,0.0172823443545077,79
"Training_Young","GO_BP","positive regulation of intracellular transport",1.72286778324037,0.121817423923479,41
"Training_Young","GO_BP","protein sumoylation",-1.72078409663399,0.0902114934183419,9
"Training_Young","GO_BP","positive regulation of reactive oxygen species metabolic process",1.71993017226822,0.181372934960064,18
"Training_Young","GO_BP","interleukin-2 production",1.71138766233746,0.124932936800207,15
"Training_Young","GO_BP","regulation of interleukin-2 production",1.71138766233746,0.124932936800207,15
"Training_Young","GO_BP","long-chain fatty acid import into cell",1.71121835267276,0.0817922262769406,7
"Training_Young","GO_BP","proteasomal ubiquitin-independent protein catabolic process",1.70730977268348,0.127217960971528,15
"Training_Young","GO_BP","relaxation of cardiac muscle",1.6913827483664,0.16915455077551,9
"Training_Young","GO_BP","nucleosome assembly",-1.68940649399552,0.163308327063255,11
"Training_Young","GO_BP","nucleosome organization",-1.68940649399552,0.163308327063255,11
"Training_Young","GO_BP","lymphocyte homeostasis",1.68592681979726,0.154233103099868,14
"Training_Young","GO_BP","cellular response to glucose starvation",1.67985979943428,0.157329278222767,11
"Training_Young","GO_BP","negative regulation of T cell receptor signaling pathway",1.66959412731323,0.0401398591439755,5
"Training_Young","GO_BP","striated muscle cell apoptotic process",1.66862689217665,0.0883598594611115,10
"Training_Young","GO_BP","response to unfolded protein",1.66494536801212,0.124932936800207,40
"Training_Young","GO_BP","inflammatory response to antigenic stimulus",-1.66142729397029,0.19961343193653,11
"Training_Young","GO_BP","positive regulation of muscle cell differentiation",-1.65681602284171,0.206023987070815,8
"Training_Young","GO_BP","regulation of adenylate cyclase activity",-1.65408193764232,0.184107883081613,5
"Training_Young","GO_BP","skeletal system development",-1.65404722356505,0.120113010232646,31
"Training_Young","GO_BP","protein import into nucleus",1.65349431451293,0.173339610071286,34
"Training_Young","GO_BP","microtubule-based movement",1.65095303040897,0.0435777794491422,59
"Training_Young","GO_BP","clathrin-dependent endocytosis",1.64977088215381,0.162723773343248,8
"Training_Young","GO_BP","in utero embryonic development",-1.63520611871471,0.225999989292671,5
"Training_Young","GO_BP","protein-DNA complex assembly",-1.63122851870321,0.18168436062217,14
"Training_Young","GO_BP","protein deubiquitination",1.62845125855841,0.205770841283174,19
"Training_Young","GO_BP","indole-containing compound metabolic process",-1.62757808218163,0.239933583059191,5
"Training_Young","GO_BP","lysosome localization",1.626172716973,0.205770841283174,8
"Training_Young","GO_BP","vacuolar localization",1.626172716973,0.205770841283174,8
"Training_Young","GO_BP","regulation of biological process involved in symbiotic interaction",-1.62467984643756,0.2435738550715,8
"Training_Young","GO_BP","establishment or maintenance of apical/basal cell polarity",1.6194416284459,0.209037221901671,8
"Training_Young","GO_BP","protein-DNA complex organization",-1.6178555668567,0.206023987070815,15
"Training_Young","GO_BP","spliceosomal tri-snRNP complex assembly",-1.61553184022546,0.0864289078355337,4
"Training_Young","GO_BP","regulation of receptor recycling",1.61543525617521,0.0991390219272389,5
"Training_Young","GO_BP","positive regulation of cellular component biogenesis",1.61487413571932,0.0800831678703888,85
"Training_Young","GO_BP","cardiac muscle hypertrophy",1.60842071289907,0.221953295961322,17
"Training_Young","GO_BP","cardiac ventricle morphogenesis",-1.60366167429285,0.173548715230232,7
"Training_Young","GO_BP","regulation of insulin secretion involved in cellular response to glucose stimulus",-1.6032825989558,0.202845481926885,14
"Training_Young","GO_BP","male gonad development",1.60001948086649,0.0180838087590794,4
"Training_Young","GO_BP","ventricular cardiac muscle tissue development",-1.59983330943366,0.209037221901671,6
"Training_Young","GO_BP","chondrocyte differentiation",-1.59980401840728,0.209037221901671,6
"Training_Young","GO_BP","T cell differentiation in thymus",1.59174956872603,0.246973936611554,14
"Training_Young","GO_BP","mitochondrial transmembrane transport",-1.59056580047195,0.330854768214616,10
"Training_Young","GO_BP","regulation of microtubule-based process",1.58885854577016,0.181372934960064,45
"Training_Young","GO_BP","positive regulation of endocytosis",1.5871073506806,0.246973936611554,26
"Training_Young","GO_BP","secondary metabolic process",1.58708798197783,0.205770841283174,10
"Training_Young","GO_BP","amine catabolic process",-1.58311569265874,0.205770841283174,7
"Training_Young","GO_BP","skeletal muscle contraction",-1.5814076324588,0.2435738550715,29
"Training_Young","GO_BP","polyol metabolic process",-1.58053755162097,0.235397805957953,19
"Training_Young","GO_BP","organelle disassembly",1.57641652373824,0.322473166851857,22
"Training_Young","GO_BP","digestive system process",1.56795404661492,0.218498648384935,10
"Training_Young","GO_BP","musculoskeletal movement",-1.56634570581843,0.288680806471048,30
"Training_Young","GO_BP","amino-acid betaine metabolic process",-1.56484970689404,0.376037385716067,10
"Training_Young","GO_BP","regulation of carbohydrate metabolic process",1.56458727314983,0.2435738550715,31
"Training_Young","GO_BP","artery morphogenesis",-1.5605204461033,0.0629352171094752,3
"Training_Young","GO_BP","T cell costimulation",-1.55812269159126,0.0664878253379751,3
"Training_Young","GO_BP","adenylate cyclase-activating adrenergic receptor signaling pathway",-1.55789873581853,0.0664878253379751,3
"Training_Young","GO_BP","protein localization to cell junction",1.55744675484708,0.439970815324588,16
"Training_Young","GO_BP","DNA damage tolerance",-1.5544471194222,0.366523356590763,5
"Training_Young","GO_BP","lipid droplet organization",1.54822511125103,0.410146315616348,9
"Training_Young","GO_BP","CD8-positive, alpha-beta T cell differentiation",1.54702849236279,0.336372276340377,11
"Training_Young","GO_BP","negative regulation of regulatory T cell differentiation",1.54702849236279,0.336372276340377,11
"Training_Young","GO_BP","CD8-positive, alpha-beta T cell homeostasis",1.54702849236279,0.336372276340377,11
"Training_Young","GO_BP","negative regulation of fibroblast proliferation",-1.5461090177792,0.0883598594611115,3
"Training_Young","GO_BP","sensory perception of sound",-1.54556712442694,0.462998102466793,12
"Training_Young","GO_BP","telomere organization",1.54444511989096,0.304170249607966,32
"Training_Young","GO_BP","regulation of cell shape",1.54428776858501,0.36679437401083,20
"Training_Young","GO_BP","digestion",1.53585653876105,0.436306415850082,11
"Training_Young","GO_BP","actin nucleation",1.53325019157384,0.42596567590623,13
"Training_Young","GO_BP","lamellipodium assembly",1.53249601620053,0.335546295633601,14
"Training_Young","GO_BP","TORC2 signaling",1.53212093285683,0.0817922262769406,3
"Training_Young","GO_BP","camera-type eye development",-1.53175161496305,0.247462230170831,27
"Training_Young","GO_BP","postsynapse assembly",-1.5302814671813,0.40108519652124,8
"Training_Young","GO_BP","regulation of lamellipodium assembly",1.52924164151033,0.429043653761619,9
"Training_Young","GO_BP","sensory perception of smell",-1.52869908146335,0.134329750493253,3
"Training_Young","GO_BP","regulation of myoblast differentiation",1.52785274924109,0.36679437401083,8
"Training_Young","GO_BP","calcium import into the mitochondrion",-1.52568713777108,0.40108519652124,6
"Training_Young","GO_BP","positive regulation of lamellipodium organization",1.5249315323396,0.43892836292393,9
"Training_Young","GO_BP","chromosome localization",1.52290670559359,0.410146315616348,22
"Training_Young","GO_BP","mitochondrion organization",-1.52097739068466,0.0398068672861272,127
"Training_Young","GO_BP","muscle filament sliding",-1.52091878336847,0.392822318061169,13
"Training_Young","GO_BP","actin-myosin filament sliding",-1.52091878336847,0.392822318061169,13
"Training_Young","GO_BP","response to hyperoxia",-1.52001456961086,0.405841370481401,6
"Training_Young","GO_BP","cell cycle G1/S phase transition",1.51859339517036,0.2435738550715,39
"Training_Young","GO_BP","positive regulation of cytosolic calcium ion concentration",-1.51549321354306,0.392708748263202,9
"Training_Young","GO_BP","protein activation cascade",1.51433615558118,0.287684198196618,5
"Training_Young","GO_BP","COPII vesicle coating",1.51365305912848,0.451950425401425,8
"Training_Young","GO_BP","multicellular organismal response to stress",1.51246820508772,0.287684198196618,5
"Training_Young","GO_BP","vasodilation",-1.51233678890984,0.410146315616348,6
"Training_Young","GO_BP","chaperone-mediated autophagy",1.50979229131595,0.455440677184951,9
"Training_Young","GO_BP","leukotriene biosynthetic process",-1.50886689487546,0.191271176214711,3
"Training_Young","GO_BP","cardiac conduction",1.50702757228237,0.445609649194007,22
"Training_Young","GO_BP","lymphocyte migration",1.50701600085739,0.451950425401425,8
"Training_Young","GO_BP","maintenance of protein localization in organelle",1.50487178861757,0.439970815324588,7
"Training_Young","GO_BP","positive regulation of calcium ion transmembrane transport",-1.50479855759922,0.465539563443091,10
"Training_Young","GO_BP","CD8-positive, alpha-beta T cell activation",1.50339407761022,0.452690166975881,12
"Training_Young","GO_BP","steroid metabolic process",1.50052063007864,0.281424961063606,44
"Training_Young","GO_BP","activation of adenylate cyclase activity",-1.50004260566257,0.205770841283174,3
"Training_Young","GO_BP","response to lipoprotein particle",-1.49749438414903,0.488743967049147,5
"Training_Young","GO_BP","cellular response to lipoprotein particle stimulus",-1.49749438414903,0.488743967049147,5
"Training_Young","GO_BP","negative regulation of extrinsic apoptotic signaling pathway via death domain receptors",-1.4955609798186,0.453389270613108,6
"Training_Young","GO_BP","positive regulation of protein polyubiquitination",-1.49532434974303,0.303808504200672,4
"Training_Young","GO_BP","protein localization to centrosome",1.49515829382628,0.177497005498093,4
"Training_Young","GO_BP","positive regulation of adenylate cyclase activity",-1.4947400555965,0.309062983626163,4
"Training_Young","GO_BP","endolysosomal toll-like receptor signaling pathway",-1.49295227177673,0.314234281115774,4
"Training_Young","GO_BP","regulation of synaptic transmission, GABAergic",1.49135083988718,0.209037221901671,3
"Training_Young","GO_BP","synaptic transmission, GABAergic",1.49135083988718,0.209037221901671,3
"Training_Young","GO_BP","heart trabecula morphogenesis",1.4909870346361,0.209037221901671,3
"Training_Young","GO_BP","regulation of sodium ion transport",1.49068039661031,0.4568760257981,15
"Training_Young","GO_BP","epithelial cell apoptotic process",1.49013849828196,0.347753002918291,6
"Training_Young","GO_BP","regulation of epithelial cell apoptotic process",1.49013849828196,0.347753002918291,6
"Training_Young","GO_BP","endothelial cell proliferation",-1.48814364964532,0.364549972319479,16
"Training_Young","GO_BP","cell junction maintenance",1.48756988355622,0.216679225851559,3
"Training_Young","GO_BP","axon development",1.48330192678431,0.347753002918291,43
"Training_Young","GO_BP","positive regulation of vesicle fusion",1.4825273948021,0.223079517331442,3
"Training_Young","GO_BP","response to acid chemical",1.4801104443837,0.479584306047142,20
"Training_Young","GO_BP","response to amino acid",1.47852293929126,0.453389270613108,17
"Training_Young","GO_BP","Golgi organization",1.47846401355713,0.355505657863646,27
"Training_Young","GO_BP","protein K63-linked ubiquitination",-1.47692103706678,0.493647300622092,10
"Training_Young","GO_BP","mitochondrial transport",-1.47613291056876,0.465539563443091,15
"Training_Young","GO_BP","negative regulation of cellular response to growth factor stimulus",-1.47539730491301,0.476047941636269,8
"Training_Young","GO_BP","glycoside metabolic process",1.47524242342486,0.453389270613108,7
"Training_Young","GO_BP","lamellipodium organization",1.4741099328525,0.451950425401425,18
"Training_Young","GO_BP","tight junction organization",1.47213883017206,0.498864152657883,8
"Training_Young","GO_BP","limb morphogenesis",-1.4720355181694,0.4765625,5
"Training_Young","GO_BP","microvillus organization",1.47117101956966,0.24737489770616,3
"Training_Young","GO_BP","regulation of microvillus organization",1.47117101956966,0.24737489770616,3
"Training_Young","GO_BP","regulation of cardiac muscle hypertrophy",1.47116905504892,0.47639549436796,12
"Training_Young","GO_BP","regulation of muscle hypertrophy",1.47116905504892,0.47639549436796,12
"Training_Young","GO_BP","inclusion body assembly",1.47090420220751,0.508099691395661,11
"Training_Young","GO_BP","mast cell activation involved in immune response",1.47061768616214,0.0664878253379751,2
"Training_Young","GO_BP","mast cell mediated immunity",1.47061768616214,0.0664878253379751,2
"Training_Young","GO_BP","mast cell degranulation",1.47061768616214,0.0664878253379751,2
"Training_Young","GO_BP","mast cell activation",1.47061768616214,0.0664878253379751,2
"Training_Young","GO_BP","superoxide anion generation",1.47026138263309,0.4568760257981,6
"Training_Young","GO_BP","phospholipid homeostasis",1.47022268899008,0.252658947557029,3
"Training_Young","GO_BP","blood coagulation, fibrin clot formation",1.46990443741489,0.220675220812216,4
"Training_Young","GO_BP","positive regulation of DNA binding",-1.4681278014532,0.404093547720786,4
"Training_Young","GO_BP","calcium ion transport into cytosol",-1.46758073419171,0.476047941636269,6
"Training_Young","GO_BP","leukotriene metabolic process",-1.46571520386508,0.410596694501601,4
"Training_Young","GO_BP","export across plasma membrane",1.46444899264292,0.498864152657883,8
"Training_Young","GO_BP","retinal metabolic process",1.46347883988179,0.472347904660058,6
"Training_Young","GO_BP","intestinal absorption",1.46340355872848,0.423771926413024,5
"Training_Young","GO_BP","sperm flagellum assembly",-1.46116340893073,0.0450944488410999,2
"Training_Young","GO_BP","cell adhesion mediated by integrin",-1.45826109915845,0.42771188241951,4
"Training_Young","GO_BP","regulation of cardiac muscle contraction by regulation of the release of sequestered calcium ion",1.45628616782547,0.526415320486356,13
"Training_Young","GO_BP","astrocyte differentiation",1.45526148654975,0.453389270613108,5
"Training_Young","GO_BP","positive regulation of JNK cascade",-1.45344323933082,0.0800831678703888,2
"Training_Young","GO_BP","modification of synaptic structure",1.45130795134123,0.520289922843114,12
"Training_Young","GO_BP","quinone metabolic process",-1.45018577639663,0.528811830698623,11
"Training_Young","GO_BP","regulation of cellular component size",1.45001519206832,0.289445091962638,54
"Training_Young","GO_BP","response to prostaglandin E",-1.44850330392163,0.102037669578968,2
"Training_Young","GO_BP","regulation of necroptotic process",-1.4469969370305,0.508099691395661,5
"Training_Young","GO_BP","cell redox homeostasis",1.44696072572174,0.486621239820509,18
"Training_Young","GO_BP","T-helper 17 type immune response",1.44619722859723,0.495645246946362,15
"Training_Young","GO_BP","endoderm development",-1.44387461849585,0.508099691395661,7
"Training_Young","GO_BP","triglyceride metabolic process",-1.44336041674641,0.536769327467002,11
"Training_Young","GO_BP","response to starvation",1.44036625030086,0.47639549436796,37
"Training_Young","GO_BP","odontogenesis",-1.44011406430425,0.519298245614035,6
"Training_Young","GO_BP","hair cycle",-1.43883148301793,0.453389270613108,3
"Training_Young","GO_BP","morphogenesis of a polarized epithelium",1.4372268082437,0.519298245614035,7
"Training_Young","GO_BP","mitochondrial outer membrane permeabilization involved in programmed cell death",-1.43709095187731,0.513234005258545,7
"Training_Young","GO_BP","positive regulation of membrane permeability",-1.43709095187731,0.513234005258545,7
"Training_Young","GO_BP","regulation of chromatin organization",-1.43665078618218,0.462998102466793,3
"Training_Young","GO_BP","action potential",1.43606326737272,0.506653364095529,24
"Training_Young","GO_BP","toll-like receptor 9 signaling pathway",-1.43578386261087,0.191271176214711,2
"Training_Young","GO_BP","regulation of toll-like receptor 9 signaling pathway",-1.43578386261087,0.191271176214711,2
"Training_Young","GO_BP","regulation of lipid biosynthetic process",1.43301008139821,0.453409530832335,31
"Training_Young","GO_BP","smooth muscle tissue development",-1.43300997137907,0.199591414180264,2
"Training_Young","GO_BP","regulation of inflammatory response to antigenic stimulus",-1.43291011721095,0.508099691395661,9
"Training_Young","GO_BP","carbohydrate catabolic process",1.43227074757752,0.336372276340377,51
"Training_Young","GO_BP","female gamete generation",1.43209724498778,0.228007945009723,2
"Training_Young","GO_BP","cellular response to xenobiotic stimulus",1.43137508238203,0.502828145306021,25
"Training_Young","GO_BP","melanosome organization",1.4286812626624,0.347078602840023,4
"Training_Young","GO_BP","amyloid-beta metabolic process",1.42622628014629,0.483846980087582,13
"Training_Young","GO_BP","positive regulation of supramolecular fiber organization",1.42588035735225,0.406758489721218,38
"Training_Young","GO_BP","chromosome condensation",-1.42518141582149,0.217750465721888,2
"Training_Young","GO_BP","positive regulation of ossification",-1.42502917924301,0.476047941636269,4
"Training_Young","GO_BP","keratinocyte differentiation",1.4227400795376,0.487075049401137,16
"Training_Young","GO_BP","regulation of microtubule polymerization",1.4225906495542,0.508099691395661,17
"Training_Young","GO_BP","regulation of cytokine-mediated signaling pathway",1.42159335353204,0.535734200743494,15
"Training_Young","GO_BP","chemical synaptic transmission, postsynaptic",1.41949339253853,0.534482129166514,5
"Training_Young","GO_BP","regulation of fatty acid transport",1.41938480172193,0.524145667623384,6
"Training_Young","GO_BP","cerebral cortex radial glia-guided migration",-1.41733040642741,0.479584306047142,4
"Training_Young","GO_BP","T-helper 17 cell differentiation",1.41561911390683,0.545892136812013,14
"Training_Young","GO_BP","cell-matrix adhesion",-1.41430783181334,0.453409530832335,38
"Training_Young","GO_BP","presynaptic endocytosis",1.4140953301616,0.516402116402116,21
"Training_Young","GO_BP","regulation of response to cytokine stimulus",1.41318562425213,0.493726256484522,16
"Training_Young","GO_BP","positive regulation of gluconeogenesis",1.41181357477157,0.47639549436796,4
"Training_Young","GO_BP","glycolytic process",1.40725109014426,0.478329165462382,32
"Training_Young","GO_BP","ADP catabolic process",1.40725109014426,0.478329165462382,32
"Training_Young","GO_BP","positive regulation of purine nucleotide catabolic process",1.40667147006325,0.479584306047142,4
"Training_Young","GO_BP","phosphatidylinositol metabolic process",-1.40664351091586,0.552912456622404,9
"Training_Young","GO_BP","actin filament organization",1.40653699487847,0.291931216550681,96
"Training_Young","GO_BP","diol biosynthetic process",-1.4059558367363,0.568578890489914,6
"Training_Young","GO_BP","negative regulation of DNA replication",1.4056691262273,0.562842405408003,5
"Training_Young","GO_BP","ubiquinone biosynthetic process",-1.40349214233627,0.572075016583248,10
"Training_Young","GO_BP","membrane docking",1.4020406457087,0.545892136812013,19
"Training_Young","GO_BP","muscle cell migration",1.40199495767608,0.573559832006519,11
"Training_Young","GO_BP","microtubule polymerization",1.3994549099959,0.513810725940521,20
"Training_Young","GO_BP","gap junction assembly",-1.39904972941365,0.331534733815322,2
"Training_Young","GO_BP","regulation of natural killer cell mediated cytotoxicity",-1.39856671576089,0.553839340087472,5
"Training_Young","GO_BP","glycogen catabolic process",1.39474448370244,0.597534200304003,11
"Training_Young","GO_BP","platelet dense granule organization",1.3929076129467,0.502828145306021,3
"Training_Young","GO_BP","fatty acid biosynthetic process",1.39261770308875,0.508099691395661,35
"Training_Young","GO_BP","reactive oxygen species biosynthetic process",-1.39260585705984,0.60568569120747,11
"Training_Young","GO_BP","positive regulation of small molecule metabolic process",1.39223384062403,0.498864152657883,34
"Training_Young","GO_BP","cellular response to steroid hormone stimulus",1.39077679350643,0.508099691395661,35
"Training_Young","GO_BP","positive regulation of molecular function",-1.38772048323291,0.472347904660058,53
"Training_Young","GO_BP","regulation of translational fidelity",1.38759976975836,0.598473837209302,8
"Training_Young","GO_BP","membrane repolarization during cardiac muscle cell action potential",1.38729176936153,0.572210279460621,5
"Training_Young","GO_BP","monoatomic anion transmembrane transport",-1.38618828412252,0.59692947784481,10
"Training_Young","GO_BP","positive regulation of myeloid leukocyte cytokine production involved in immune response",1.38602257581987,0.526415320486356,4
"Training_Young","GO_BP","myeloid leukocyte cytokine production",1.38602257581987,0.526415320486356,4
"Training_Young","GO_BP","pyridine-containing compound catabolic process",1.38448595365978,0.465539563443091,33
"Training_Young","GO_BP","negative regulation of epithelial cell differentiation",-1.3842108969328,0.425166498149112,2
"Training_Young","GO_BP","cellular response to virus",1.3824447199434,0.590029761904762,6
"Training_Young","GO_BP","response to fatty acid",1.38107567959863,0.606989927001346,11
"Training_Young","GO_BP","regulation of cell division",1.3800153484262,0.572075016583248,19
"Training_Young","GO_BP","regulation of dopamine metabolic process",1.37951172143281,0.573559832006519,5
"Training_Young","GO_BP","regulation of establishment of cell polarity",1.37950397935498,0.573559832006519,5
"Training_Young","GO_BP","C21-steroid hormone metabolic process",1.37918119508619,0.602915740054361,7
"Training_Young","GO_BP","response to progesterone",-1.37912805986578,0.612433738550583,6
"Training_Young","GO_BP","cellular response to aldehyde",-1.3756018681876,0.599631374155232,10
"Training_Young","GO_BP","negative regulation of axonogenesis",-1.37449064011321,0.462998102466793,2
"Training_Young","GO_BP","regulation of plasma membrane organization",1.3738185259593,0.609667238154614,7
"Training_Young","GO_BP","regulation of DNA damage checkpoint",-1.37376405824386,0.569669956489441,5
"Training_Young","GO_BP","cellular pigmentation",1.37098056366647,0.608012602484694,8
"Training_Young","GO_BP","regulation of lymphocyte migration",1.37020255831769,0.598751524718375,6
"Training_Young","GO_BP","negative regulation of response to wounding",-1.36753609009231,0.613730518840008,11
"Training_Young","GO_BP","positive regulation of myeloid leukocyte mediated immunity",1.36740938500654,0.572075016583248,3
"Training_Young","GO_BP","leukocyte apoptotic process",1.3670807028774,0.572075016583248,4
"Training_Young","GO_BP","regulatory ncRNA processing",-1.36691490681108,0.610615241114153,7
"Training_Young","GO_BP","positive regulation of bone mineralization",-1.36509739207654,0.572075016583248,3
"Training_Young","GO_BP","response to nicotine",-1.36427576616733,0.617693086624321,6
"Training_Young","GO_BP","hematopoietic stem cell proliferation",-1.36303901131313,0.478329165462382,2
"Training_Young","GO_BP","regulation of amyloid precursor protein catabolic process",1.36273408813173,0.62287677957781,12
"Training_Young","GO_BP","regulation of tolerance induction",-1.35910719780599,0.487133984028394,2
"Training_Young","GO_BP","dendritic cell differentiation",-1.35910719780599,0.487133984028394,2
"Training_Young","GO_BP","lactation",-1.35794489640762,0.585297022717652,3
"Training_Young","GO_BP","P-body assembly",1.35720170761367,0.572210279460621,3
"Training_Young","GO_BP","ribosomal small subunit assembly",1.35712389798647,0.617693086624321,8
"Training_Young","GO_BP","endothelium development",1.35656894577938,0.605482082925299,14
"Training_Young","GO_BP","arachidonate metabolic process",-1.3564185334868,0.623987464089841,6
"Training_Young","GO_BP","cellular response to reactive oxygen species",1.35495771048519,0.572075016583248,29
"Training_Young","GO_BP","intracellular cholesterol transport",1.35321771655556,0.631783363901176,10
"Training_Young","GO_BP","antibacterial humoral response",-1.35040003679942,0.631783363901176,7
"Training_Young","GO_BP","regulation of striated muscle cell differentiation",1.3499479076218,0.62287677957781,8
"Training_Young","GO_BP","positive regulation of phospholipid metabolic process",1.34759063123388,0.608060711721875,4
"Training_Young","GO_BP","membraneless organelle assembly",1.34752138442162,0.465539563443091,104
"Training_Young","GO_BP","regulation of response to food",-1.34594847617852,0.524145667623384,2
"Training_Young","GO_BP","negative regulation of plasma membrane bounded cell projection assembly",1.34570406300716,0.650331552179231,6
"Training_Young","GO_BP","rRNA methylation",-1.34503047903016,0.526415320486356,2
"Training_Young","GO_BP","response to interferon-alpha",-1.34362280715258,0.539116783440416,2
"Training_Young","GO_BP","positive regulation of toll-like receptor 4 signaling pathway",-1.34311833586455,0.539116783440416,2
"Training_Young","GO_BP","cellular response to acidic pH",-1.34287999500621,0.615928309983592,3
"Training_Young","GO_BP","negative regulation of leukocyte mediated cytotoxicity",-1.34277941654695,0.615928309983592,3
"Training_Young","GO_BP","intracellular potassium ion homeostasis",1.34155040583218,0.650331552179231,6
"Training_Young","GO_BP","potassium ion homeostasis",1.34155040583218,0.650331552179231,6
"Training_Young","GO_BP","positive regulation of lipid storage",1.34042295765329,0.64787182974638,5
"Training_Young","GO_BP","cell communication by electrical coupling",1.33869308184337,0.613730518840008,13
"Training_Young","GO_BP","negative regulation of cellular senescence",1.33768570396491,0.610615241114153,3
"Training_Young","GO_BP","protein localization to membrane",1.33727043553537,0.502828145306021,82
"Training_Young","GO_BP","negative regulation of T-helper cell differentiation",1.33592421626483,0.57343536834925,2
"Training_Young","GO_BP","positive regulation of neural precursor cell proliferation",1.33510857358772,0.613730518840008,4
"Training_Young","GO_BP","negative regulation of interleukin-8 production",1.33472884669332,0.57343536834925,2
"Training_Young","GO_BP","hair follicle development",-1.33470580609398,0.557514771048744,2
"Training_Young","GO_BP","negative regulation of neuron differentiation",1.33300748015555,0.615928309983592,3
"Training_Young","GO_BP","positive regulation of defense response to virus by host",1.33259284780961,0.615928309983592,3
"Training_Young","GO_BP","smooth muscle contraction",-1.332294801216,0.665544181034483,12
"Training_Young","GO_BP","establishment or maintenance of transmembrane electrochemical gradient",1.33220358486663,0.617693086624321,4
"Training_Young","GO_BP","glycosaminoglycan biosynthetic process",1.33117525551469,0.590029761904762,2
"Training_Young","GO_BP","hyaluronan metabolic process",1.33117525551469,0.590029761904762,2
"Training_Young","GO_BP","meiotic cell cycle",1.33035588166521,0.631783363901176,21
"Training_Young","GO_BP","positive regulation of neuron migration",1.32967219452553,0.617693086624321,3
"Training_Young","GO_BP","protein import into peroxisome matrix",1.32697877703863,0.205770841283174,1
"Training_Young","GO_BP","protein transmembrane import into intracellular organelle",1.32697877703863,0.205770841283174,1
"Training_Young","GO_BP","protein localization to peroxisome",1.32697877703863,0.205770841283174,1
"Training_Young","GO_BP","mRNA modification",-1.32614967815804,0.572075016583248,2
"Training_Young","GO_BP","actin filament severing",1.32607596148499,0.64787182974638,8
"Training_Young","GO_BP","fatty acid derivative biosynthetic process",1.32550614666952,0.650331552179231,9
"Training_Young","GO_BP","regulation of calcium ion-dependent exocytosis",-1.32531931920828,0.61385866618471,4
"Training_Young","GO_BP","muscle adaptation",1.32476553885741,0.617795155445356,23
"Training_Young","GO_BP","vesicle localization",1.32468526310383,0.572075016583248,37
"Training_Young","GO_BP","protein targeting to lysosome",1.32465213413369,0.657159729315628,7
"Training_Young","GO_BP","regulation of neurotransmitter transport",1.32399806446254,0.663125619425173,11
"Training_Young","GO_BP","cellular response to interferon-beta",1.32395383731508,0.650331552179231,8
"Training_Young","GO_BP","regulation of smooth muscle cell migration",1.32356601003842,0.657159729315628,7
"Training_Young","GO_BP","cellular response to retinoic acid",-1.32286141838613,0.661688770013745,5
"Training_Young","GO_BP","positive regulation of receptor internalization",1.3225407475138,0.609667238154614,2
"Training_Young","GO_BP","vitamin metabolic process",1.32198282747637,0.626971469076732,4
"Training_Young","GO_BP","peptidyl-tyrosine dephosphorylation",-1.32138853645875,0.64787182974638,3
"Training_Young","GO_BP","positive regulation of alcohol biosynthetic process",1.32079237002751,0.665544181034483,6
"Training_Young","GO_BP","response to manganese ion",1.32040656636483,0.665544181034483,6
"Training_Young","GO_BP","response to ketone",-1.31959795996835,0.626971469076732,24
"Training_Young","GO_BP","regulation of relaxation of muscle",1.31857067618885,0.665544181034483,5
"Training_Young","GO_BP","negative regulation of ferroptosis",-1.31744618869447,0.6665545185922,8
"Training_Young","GO_BP","regulation of mitotic cytokinesis",1.31715321524137,0.619142898719441,2
"Training_Young","GO_BP","regulation of circadian rhythm",1.3170974256604,0.624948616600791,19
"Training_Young","GO_BP","face development",-1.31647880916841,0.65306421749253,3
"Training_Young","GO_BP","face morphogenesis",-1.31647880916841,0.65306421749253,3
"Training_Young","GO_BP","monoatomic anion transport",-1.31540622136246,0.657159729315628,13
"Training_Young","GO_BP","positive regulation of leukocyte proliferation",-1.31519972846882,0.669639794168096,12
"Training_Young","GO_BP","response to X-ray",-1.31453352436961,0.657518971658665,3
"Training_Young","GO_BP","regulation of organ growth",1.31338492406712,0.674506362439667,5
"Training_Young","GO_BP","ventral spinal cord development",1.31299050051978,0.347078602840023,1
"Training_Young","GO_BP","single fertilization",-1.31228352263266,0.673371764994481,6
"Training_Young","GO_BP","polysaccharide metabolic process",1.31161395443634,0.573559832006519,28
"Training_Young","GO_BP","response to muscle stretch",1.31146762653582,0.669512195121951,6
"Training_Young","GO_BP","positive regulation of fat cell differentiation",-1.31064035820514,0.657518971658665,3
"Training_Young","GO_BP","response to acidic pH",-1.31039710561078,0.650331552179231,4
"Training_Young","GO_BP","regulation of fibroblast migration",1.30957744934132,0.683974681000703,5
"Training_Young","GO_BP","positive regulation of cholesterol biosynthetic process",1.30932119758027,0.683974681000703,5
"Training_Young","GO_BP","steroid catabolic process",1.30917551601464,0.377861241730019,1
"Training_Young","GO_BP","platelet formation",1.30907934177007,0.683974681000703,5
"Training_Young","GO_BP","platelet morphogenesis",1.30907934177007,0.683974681000703,5
"Training_Young","GO_BP","ketone catabolic process",-1.30876857665659,0.650331552179231,4
"Training_Young","GO_BP","endodermal cell differentiation",-1.30818022879973,0.683974681000703,6
"Training_Young","GO_BP","positive regulation of potassium ion transmembrane transport",1.30673976166585,0.64787182974638,4
"Training_Young","GO_BP","sensory perception of pain",-1.30646237092453,0.669512195121951,5
"Training_Young","GO_BP","fatty acid transmembrane transport",-1.30641369979251,0.669512195121951,8
"Training_Young","GO_BP","cellular response to acid chemical",1.30631550930357,0.64787182974638,13
"Training_Young","GO_BP","sprouting angiogenesis",-1.30622005445868,0.648895080098778,16
"Training_Young","GO_BP","behavior",1.30589709221786,0.62457337883959,34
"Training_Young","GO_BP","positive regulation of ERBB signaling pathway",-1.30485642505515,0.617693086624321,2
"Training_Young","GO_BP","natural killer cell activation",1.30484780090441,0.661027411353193,8
"Training_Young","GO_BP","maintenance of gastrointestinal epithelium",1.3047138402145,0.658951197706323,3
"Training_Young","GO_BP","positive regulation of osteoblast differentiation",-1.30423213834507,0.657159729315628,4
"Training_Young","GO_BP","nuclear envelope organization",-1.30404609936764,0.650331552179231,20
"Training_Young","GO_BP","catechol-containing compound metabolic process",-1.30355755087957,0.657518971658665,9
"Training_Young","GO_BP","dopamine metabolic process",-1.30355755087957,0.657518971658665,9
"Training_Young","GO_BP","serotonin receptor signaling pathway",-1.30151255029959,0.0481957600671288,1
"Training_Young","GO_BP","developmental pigmentation",1.3015087551105,0.650331552179231,4
"Training_Young","GO_BP","pigment cell differentiation",1.3015087551105,0.650331552179231,4
"Training_Young","GO_BP","cellular response to metal ion",1.30116691003447,0.609667238154614,36
"Training_Young","GO_BP","intraciliary anterograde transport",-1.3008927824185,0.0629352171094752,1
"Training_Young","GO_BP","cytokinesis",1.3007829278622,0.613730518840008,39
"Training_Young","GO_BP","positive regulation of fibroblast proliferation",1.30058492708932,0.693631880955306,5
"Training_Young","GO_BP","regulation of transcription regulatory region DNA binding",-1.29965324665631,0.0903192545348016,1
"Training_Young","GO_BP","regulation of T-helper 1 type immune response",1.29919293490703,0.653656706680585,2
"Training_Young","GO_BP","cellular response to estrogen stimulus",-1.29779394301302,0.124932936800207,1
"Training_Young","GO_BP","osteoclast differentiation",-1.29735927380839,0.682835820895522,8
"Training_Young","GO_BP","visual perception",-1.29665261928302,0.657518971658665,16
"Training_Young","GO_BP","negative regulation of cell-substrate adhesion",-1.29660964082095,0.673832870151889,7
"Training_Young","GO_BP","positive regulation of DNA-templated transcription initiation",1.29526875658238,0.694826767916469,5
"Training_Young","GO_BP","regulation of nervous system process",-1.29507887208445,0.683974681000703,4
"Training_Young","GO_BP","eosinophil chemotaxis",1.29455140874492,0.481203739774055,1
"Training_Young","GO_BP","eosinophil migration",1.29455140874492,0.481203739774055,1
"Training_Young","GO_BP","response to lead ion",1.29386737849435,0.683974681000703,6
"Training_Young","GO_BP","retrograde protein transport, ER to cytosol",1.29365975302417,0.683974681000703,6
"Training_Young","GO_BP","branching involved in blood vessel morphogenesis",-1.29283579996426,0.191271176214711,1
"Training_Young","GO_BP","renal tubule morphogenesis",-1.29283579996426,0.191271176214711,1
"Training_Young","GO_BP","necroptotic process",-1.29278015012126,0.693631880955306,6
"Training_Young","GO_BP","regulation of neurogenesis",1.29233555571697,0.619142898719441,32
"Training_Young","GO_BP","regulation of nervous system development",1.29233555571697,0.619142898719441,32
"Training_Young","GO_BP","response to amyloid-beta",-1.29218508484546,0.694297183313291,6
"Training_Young","GO_BP","cellular response to amyloid-beta",-1.29218508484546,0.694297183313291,6
"Training_Young","GO_BP","cellular response to glucagon stimulus",-1.29197177285465,0.682835820895522,5
"Training_Young","GO_BP","cardiac muscle cell contraction",1.29016985869478,0.682835820895522,18
"Training_Young","GO_BP","embryonic morphogenesis",-1.28967725579066,0.626971469076732,27
"Training_Young","GO_BP","positive regulation of MAP kinase activity",-1.28911719267769,0.217750465721888,1
"Training_Young","GO_BP","negative regulation of vascular endothelial cell proliferation",-1.28911719267769,0.217750465721888,1
"Training_Young","GO_BP","positive regulation of potassium ion transport",1.28822036085449,0.684346887727447,6
"Training_Young","GO_BP","regulation of calcineurin-NFAT signaling cascade",-1.2872251895379,0.675925615350466,10
"Training_Young","GO_BP","tubulin deacetylation",1.28692143973464,0.539116783440416,1
"Training_Young","GO_BP","phosphatidylinositol biosynthetic process",-1.28652960294107,0.692729408693382,7
"Training_Young","GO_BP","negative regulation of osteoclast differentiation",-1.28539858539112,0.249682745028153,1
"Training_Young","GO_BP","lung alveolus development",-1.28539858539112,0.249682745028153,1
"Training_Young","GO_BP","innate immune response in mucosa",-1.28529844180513,0.64093756314407,2
"Training_Young","GO_BP","mucosal immune response",-1.28529844180513,0.64093756314407,2
"Training_Young","GO_BP","response to oxidative stress",1.28527437216576,0.506653364095529,117
"Training_Young","GO_BP","negative regulation of osteoblast differentiation",1.28392352170633,0.663125619425173,2
"Training_Young","GO_BP","negative regulation of cytokine production involved in immune response",-1.28291951386674,0.287131371666417,1
"Training_Young","GO_BP","inflammatory cell apoptotic process",1.28247062447864,0.569669956489441,1
"Training_Young","GO_BP","positive regulation of developmental growth",1.28241692024581,0.675038159308045,13
"Training_Young","GO_BP","leukocyte activation involved in inflammatory response",1.28215302712597,0.693631880955306,3
"Training_Young","GO_BP","glial cell activation",1.28215302712597,0.693631880955306,3
"Training_Young","GO_BP","female meiotic nuclear division",1.28119896297693,0.572210279460621,1
"Training_Young","GO_BP","positive regulation of monocyte chemotaxis",-1.28106021022346,0.290338742259791,1
"Training_Young","GO_BP","regulation of neurotransmitter secretion",1.27953491523229,0.699315162306533,7
"Training_Young","GO_BP","intrinsic apoptotic signaling pathway in response to endoplasmic reticulum stress",1.2771655302982,0.71415012804946,11
"Training_Young","GO_BP","protein-lipid complex assembly",1.27522524277688,0.733473867299385,5
"Training_Young","GO_BP","protein-lipid complex organization",1.27522524277688,0.733473867299385,5
"Training_Young","GO_BP","primary alcohol catabolic process",1.27513628994481,0.69368763208021,6
"Training_Young","GO_BP","regulation of microtubule-based movement",1.27479696164725,0.733473867299385,5
"Training_Young","GO_BP","fibroblast proliferation",-1.27082877437212,0.684530550239706,9
"Training_Young","GO_BP","N-glycan processing",1.27076420547799,0.671830229226361,2
"Training_Young","GO_BP","positive regulation of T-helper cell differentiation",1.27055051893079,0.700157873896297,3
"Training_Young","GO_BP","meiotic sister chromatid cohesion",1.26848234795979,0.601084871023521,1
"Training_Young","GO_BP","positive regulation of proteolysis",1.26846295599809,0.683974681000703,15
"Training_Young","GO_BP","anoikis",-1.26819072527361,0.696111580726965,3
"Training_Young","GO_BP","negative regulation of anoikis",-1.26819072527361,0.696111580726965,3
"Training_Young","GO_BP","potassium ion transport",1.26775442102662,0.651713473493487,22
"Training_Young","GO_BP","peroxisome organization",1.26716496282494,0.694826767916469,6
"Training_Young","GO_BP","gluconeogenesis",1.26677564488121,0.657159729315628,28
"Training_Young","GO_BP","antigen processing and presentation of peptide antigen via MHC class Ib",-1.26439268841183,0.723293439716312,4
"Training_Young","GO_BP","negative regulation of kinase activity",1.26366270854378,0.690595755527381,15
"Training_Young","GO_BP","cell recognition",1.26242592580691,0.683974681000703,14
"Training_Young","GO_BP","endochondral bone morphogenesis",-1.26184740590951,0.53582554517134,1
"Training_Young","GO_BP","response to platelet-derived growth factor",1.2604350668554,0.71415012804946,3
"Training_Young","GO_BP","cellular response to platelet-derived growth factor stimulus",1.2604350668554,0.71415012804946,3
"Training_Young","GO_BP","regulation of mRNA 3'-end processing",1.26021654819864,0.613730518840008,1
"Training_Young","GO_BP","fluid transport",1.26021654819864,0.613730518840008,1
"Training_Young","GO_BP","regulation of hormone metabolic process",1.2595444616624,0.71415012804946,3
"Training_Young","GO_BP","actin filament polymerization",1.25699864290878,0.665544181034483,30
"Training_Young","GO_BP","aspartate family amino acid biosynthetic process",-1.25644643432664,0.740838068181818,6
"Training_Young","GO_BP","negative regulation of cAMP/PKA signal transduction",1.25569403096383,0.71795324476615,3
"Training_Young","GO_BP","cellular response to carbohydrate stimulus",-1.25488802610916,0.673371764994481,28
"Training_Young","GO_BP","aromatic amino acid family catabolic process",1.25468498530997,0.71795324476615,3
"Training_Young","GO_BP","negative regulation of catabolic process",1.2535465869498,0.62646429540044,68
"Training_Young","GO_BP","cellular response to vitamin",-1.25317065557418,0.562842405408003,1
"Training_Young","GO_BP","neuromuscular process",-1.25262112678037,0.669639794168096,32
"Training_Young","GO_BP","positive regulation of homotypic cell-cell adhesion",-1.252412755128,0.687636767463453,2
"Training_Young","GO_BP","atrial cardiac muscle cell action potential",1.25183628885978,0.693631880955306,2
"Training_Young","GO_BP","negative regulation of cytokine production involved in inflammatory response",-1.25132151134678,0.723293439716312,3
"Training_Young","GO_BP","renal absorption",1.25096015647645,0.725344699575346,4
"Training_Young","GO_BP","regulation of lipid localization",1.25091712691371,0.683974681000703,24
"Training_Young","GO_BP","regulation of melanin biosynthetic process",1.25067908693579,0.62287677957781,1
"Training_Young","GO_BP","regulation of secondary metabolite biosynthetic process",1.25067908693579,0.62287677957781,1
"Training_Young","GO_BP","cellular response to amino acid stimulus",1.24817808867851,0.71415012804946,12
"Training_Young","GO_BP","cilium organization",1.24779970668734,0.657518971658665,35
"Training_Young","GO_BP","melanin metabolic process",1.24751708978499,0.693631880955306,2
"Training_Young","GO_BP","secondary metabolite biosynthetic process",1.24751708978499,0.693631880955306,2
"Training_Young","GO_BP","phagocytosis, engulfment",1.24749116888813,0.752912908959252,5
"Training_Young","GO_BP","lipoprotein transport",1.24663840025485,0.71415012804946,6
"Training_Young","GO_BP","lipoprotein localization",1.24663840025485,0.71415012804946,6
"Training_Young","GO_BP","calcium-ion regulated exocytosis",-1.24656174598813,0.721390120770926,8
"Training_Young","GO_BP","amyloid-beta clearance",1.24628129470764,0.71415012804946,8
"Training_Young","GO_BP","chemokine (C-X-C motif) ligand 2 production",-1.24610805229565,0.693631880955306,2
"Training_Young","GO_BP","regulation of chemokine (C-X-C motif) ligand 2 production",-1.24610805229565,0.693631880955306,2
"Training_Young","GO_BP","one-carbon metabolic process",1.24604820941045,0.729222011385199,10
"Training_Young","GO_BP","antifungal innate immune response",1.24517834899185,0.696111580726965,2
"Training_Young","GO_BP","positive regulation of collagen metabolic process",1.24488030519125,0.738118797885273,3
"Training_Young","GO_BP","positive regulation of collagen biosynthetic process",1.24488030519125,0.738118797885273,3
"Training_Young","GO_BP","establishment of skin barrier",1.24424706074355,0.738118797885273,3
"Training_Young","GO_BP","intracellular glucose homeostasis",-1.24382324039536,0.683974681000703,28
"Training_Young","GO_BP","regulation of actin cytoskeleton organization",1.24289268376784,0.650331552179231,57
"Training_Young","GO_BP","cellular response to glucose stimulus",-1.24138379088188,0.693631880955306,26
"Training_Young","GO_BP","epigenetic programming of gene expression",1.24138104382324,0.704499442475285,2
"Training_Young","GO_BP","response to endoplasmic reticulum stress",1.24126832326318,0.60568569120747,71
"Training_Young","GO_BP","protein insertion into membrane",-1.2412222888368,0.666094731480958,29
"Training_Young","GO_BP","lipid export from cell",1.23994358008408,0.744518055857347,3
"Training_Young","GO_BP","regulation of hematopoietic stem cell differentiation",1.23789440876102,0.748466257668712,3
"Training_Young","GO_BP","regulation of amyloid fibril formation",-1.23785105149214,0.70878721859114,10
"Training_Young","GO_BP","response to reactive oxygen species",1.23757962578119,0.683974681000703,41
"Training_Young","GO_BP","regulation of p38MAPK cascade",1.23664973016314,0.71415012804946,2
"Training_Young","GO_BP","immunological memory process",-1.23593590851751,0.71415012804946,2
"Training_Young","GO_BP","regulation of epithelial cell migration",1.23589653797691,0.745781805229982,6
"Training_Young","GO_BP","positive regulation of vasoconstriction",-1.23565751319013,0.752309240785333,3
"Training_Young","GO_BP","negative regulation of chemotaxis",1.23516181304121,0.748438707777628,6
"Training_Young","GO_BP","amine metabolic process",-1.23423458611512,0.71415012804946,14
"Training_Young","GO_BP","negative regulation of catalytic activity",1.2315231427545,0.694486793544903,29
"Training_Young","GO_BP","plasminogen activation",1.2314589913118,0.733473867299385,8
"Training_Young","GO_BP","regulation of anatomical structure size",1.22935954384417,0.617795155445356,69
"Training_Young","GO_BP","non-proteinogenic amino acid catabolic process",-1.22900891534748,0.748466257668712,7
"Training_Young","GO_BP","behavioral fear response",1.22813778339135,0.740838068181818,2
"Training_Young","GO_BP","stimulatory C-type lectin receptor signaling pathway",1.22812111133443,0.740838068181818,2
"Training_Young","GO_BP","Fc-gamma receptor signaling pathway",1.22812111133443,0.740838068181818,2
"Training_Young","GO_BP","cellular response to lectin",1.22812111133443,0.740838068181818,2
"Training_Young","GO_BP","sodium ion transport",1.22754713818441,0.693631880955306,20
"Training_Young","GO_BP","response to estrogen",-1.22747076669033,0.743640649380831,9
"Training_Young","GO_BP","macromolecule depalmitoylation",-1.22737181395246,0.755073051948052,4
"Training_Young","GO_BP","bile acid and bile salt transport",1.22697486974716,0.744516509433962,2
"Training_Young","GO_BP","negative regulation of focal adhesion assembly",-1.2265469673033,0.757450331125828,4
"Training_Young","GO_BP","negative regulation of cell-substrate junction organization",-1.2265469673033,0.757450331125828,4
"Training_Young","GO_BP","carbohydrate biosynthetic process",1.22628804066005,0.669512195121951,46
"Training_Young","GO_BP","membrane fusion",1.22524670037732,0.693631880955306,36
"Training_Young","GO_BP","glycosphingolipid catabolic process",1.22524585690151,0.674935986493306,1
"Training_Young","GO_BP","regulation of protein neddylation",1.22425880082605,0.745781805229982,10
"Training_Young","GO_BP","circadian rhythm",1.22410711254793,0.687636767463453,28
"Training_Young","GO_BP","cell fate specification",-1.2237309810996,0.729222011385199,2
"Training_Young","GO_BP","response to aldosterone",-1.22350674260007,0.729222011385199,2
"Training_Young","GO_BP","synaptic vesicle fusion to presynaptic active zone membrane",1.22270253389808,0.683974681000703,1
"Training_Young","GO_BP","positive regulation of endothelial cell chemotaxis",1.22243536544862,0.751833525022067,2
"Training_Young","GO_BP","cAMP/PKA signal transduction",1.2223784909053,0.751833525022067,10
"Training_Young","GO_BP","glucosylceramide metabolic process",1.22211750309004,0.758919697021627,3
"Training_Young","GO_BP","regulation of appetite",-1.22010543729506,0.760485530272593,3
"Training_Young","GO_BP","myoblast proliferation",1.21952338014379,0.683974681000703,1
"Training_Young","GO_BP","regulation of myoblast proliferation",1.21952338014379,0.683974681000703,1
"Training_Young","GO_BP","renal water homeostasis",-1.21858181611041,0.758775369797042,4
"Training_Young","GO_BP","cerebellum morphogenesis",1.21825171864208,0.683974681000703,1
"Training_Young","GO_BP","morphogenesis of a branching structure",-1.21709634095883,0.758775369797042,5
"Training_Young","GO_BP","cardiac muscle cell differentiation",1.21680380725668,0.723293439716312,17
"Training_Young","GO_BP","negative regulation of alcohol biosynthetic process",-1.21677308904057,0.751833525022067,2
"Training_Young","GO_BP","positive regulation of B cell proliferation",-1.21666122524187,0.758775369797042,4
"Training_Young","GO_BP","stem cell division",1.21461746485564,0.758775369797042,2
"Training_Young","GO_BP","adhesion of symbiont to host",1.21380090338608,0.693631880955306,1
"Training_Young","GO_BP","positive regulation of transporter activity",-1.21352547909204,0.753793711711282,9
"Training_Young","GO_BP","positive regulation of ion transmembrane transporter activity",-1.21352547909204,0.753793711711282,9
"Training_Young","GO_BP","inflammatory response to wounding",-1.21200548659861,0.758775369797042,2
"Training_Young","GO_BP","regulation of ubiquitin-protein transferase activity",1.21189341113351,0.693631880955306,1
"Training_Young","GO_BP","sterol biosynthetic process",1.21122565450239,0.71415012804946,16
"Training_Young","GO_BP","heterophilic cell-cell adhesion",1.20998591888094,0.694297183313291,1
"Training_Young","GO_BP","cochlea morphogenesis",1.20998591888094,0.694297183313291,1
"Training_Young","GO_BP","sulfur amino acid metabolic process",-1.20734660406423,0.751833525022067,11
"Training_Young","GO_BP","regulation of muscle contraction",-1.20466035156763,0.665544181034483,52
"Training_Young","GO_BP","protein insertion into mitochondrial membrane",-1.20463117269553,0.7509105453861,18
"Training_Young","GO_BP","plasma membrane phospholipid scrambling",-1.20420899296767,0.693631880955306,1
"Training_Young","GO_BP","regulation of membrane lipid distribution",-1.20420899296767,0.693631880955306,1
"Training_Young","GO_BP","podocyte differentiation",1.1972693038638,0.71415012804946,1
"Training_Young","GO_BP","positive regulation of blood vessel endothelial cell proliferation involved in sprouting angiogenesis",-1.19491247475124,0.70935960591133,1
"Training_Young","GO_BP","response to vitamin",-1.19425777172185,0.745781805229982,14
"Training_Young","GO_BP","positive regulation of immune effector process",1.19112127550208,0.733473867299385,28
"Training_Young","GO_BP","negative regulation of type I interferon-mediated signaling pathway",1.18963933485351,0.729222011385199,1
"Training_Young","GO_BP","vacuolar transport",1.18852132131994,0.71415012804946,40
"Training_Young","GO_BP","response to auditory stimulus",1.1883676733518,0.733473867299385,1
"Training_Young","GO_BP","regulation of respiratory gaseous exchange",1.1883676733518,0.733473867299385,1
"Training_Young","GO_BP","glucose homeostasis",-1.18624009890491,0.696111580726965,43
"Training_Young","GO_BP","heart contraction",1.18252152625392,0.697122553588071,56
"Training_Young","GO_BP","extracellular transport",1.18137353509237,0.741019858387371,1
"Training_Young","GO_BP","ribosome assembly",1.18107835177485,0.746846587402806,20
"Training_Young","GO_BP","release of sequestered calcium ion into cytosol",1.17414343851051,0.751833525022067,29
"Training_Young","GO_BP","positive regulation of cell adhesion",-1.17263309753364,0.69315340280226,54
"Training_Young","GO_BP","protein-RNA complex organization",1.16427779506251,0.708249572585342,64
"Training_Young","GO_BP","natural killer cell proliferation",1.16229861256666,0.757450331125828,1
"Training_Young","GO_BP","granulocyte macrophage colony-stimulating factor production",1.16229861256666,0.757450331125828,1
"Training_Young","GO_BP","positive regulation of tyrosine phosphorylation of STAT protein",1.16229861256666,0.757450331125828,1
"Training_Young","GO_BP","carbohydrate derivative catabolic process",1.15358309580442,0.724710514126911,55
"Training_Young","GO_BP","regulation of blood pressure",-1.14599815646796,0.759794751502712,16
"Training_Young","GO_BP","regulation of actin filament-based process",1.14097041443194,0.737579047918455,70
"Training_Young","GO_BP",NA,NA,NA,NA
"Training_Young","GO_BP",NA,NA,NA,NA
"Training_Young","GO_BP",NA,NA,NA,NA
"Training_Young","GO_BP",NA,NA,NA,NA
"Training_Young","GO_BP",NA,NA,NA,NA
"Training_Young","GO_BP",NA,NA,NA,NA
"Training_Young","GO_BP",NA,NA,NA,NA
"Training_Young","GO_BP",NA,NA,NA,NA
"Training_Young","GO_BP",NA,NA,NA,NA
"Training_Young","GO_BP",NA,NA,NA,NA
"Training_Young","GO_BP",NA,NA,NA,NA
"Training_Young","GO_BP",NA,NA,NA,NA
"Training_Young","GO_BP",NA,NA,NA,NA
"Training_Young","GO_BP",NA,NA,NA,NA
"Training_Young","GO_BP",NA,NA,NA,NA
"Training_Young","GO_BP",NA,NA,NA,NA
"Training_Young","GO_BP",NA,NA,NA,NA
"Training_Young","GO_BP",NA,NA,NA,NA
"Training_Young","GO_BP",NA,NA,NA,NA
"Training_Young","GO_BP",NA,NA,NA,NA
"Training_Young","GO_BP",NA,NA,NA,NA
"Training_Young","GO_BP",NA,NA,NA,NA
"Training_Young","GO_BP",NA,NA,NA,NA
"Training_Young","GO_BP",NA,NA,NA,NA
"Training_Young","GO_BP",NA,NA,NA,NA
"Training_Young","GO_BP",NA,NA,NA,NA
"Training_Young","GO_BP",NA,NA,NA,NA
"Training_Young","GO_BP",NA,NA,NA,NA
"Training_Young","GO_BP",NA,NA,NA,NA
"Training_Young","GO_BP",NA,NA,NA,NA
"Training_Young","GO_BP",NA,NA,NA,NA
"Training_Young","GO_BP",NA,NA,NA,NA
"Training_Young","GO_BP",NA,NA,NA,NA
"Training_Young","GO_BP",NA,NA,NA,NA
"Training_Young","GO_BP",NA,NA,NA,NA
"Training_Young","GO_BP",NA,NA,NA,NA
"Training_Young","GO_BP",NA,NA,NA,NA
"Training_Young","GO_BP",NA,NA,NA,NA
"Training_Young","GO_BP",NA,NA,NA,NA
"Training_Young","GO_BP",NA,NA,NA,NA
"Training_Young","GO_BP",NA,NA,NA,NA
"Training_Young","GO_BP",NA,NA,NA,NA
"Training_Young","GO_BP",NA,NA,NA,NA
"Training_Young","GO_BP",NA,NA,NA,NA
"Training_Young","GO_BP",NA,NA,NA,NA
"Training_Young","GO_BP",NA,NA,NA,NA
"Training_Young","GO_BP",NA,NA,NA,NA
"Training_Young","GO_BP",NA,NA,NA,NA
"Training_Young","GO_BP",NA,NA,NA,NA
"Training_Young","GO_BP",NA,NA,NA,NA
"Training_Young","GO_BP",NA,NA,NA,NA
"Training_Young","GO_BP",NA,NA,NA,NA
"Training_Young","GO_BP",NA,NA,NA,NA
"Training_Young","GO_BP",NA,NA,NA,NA
"Training_Young","GO_BP",NA,NA,NA,NA
"Training_Young","GO_BP",NA,NA,NA,NA
"Training_Young","GO_BP",NA,NA,NA,NA
"Training_Young","GO_BP",NA,NA,NA,NA
"Training_Young","GO_BP",NA,NA,NA,NA
"Training_Young","GO_BP",NA,NA,NA,NA
"Training_Young","GO_BP",NA,NA,NA,NA
"Training_Young","GO_BP",NA,NA,NA,NA
"Training_Young","GO_BP",NA,NA,NA,NA
"Training_Young","GO_BP",NA,NA,NA,NA
"Training_Young","GO_BP",NA,NA,NA,NA
"Training_Young","GO_BP",NA,NA,NA,NA
"Training_Young","GO_BP",NA,NA,NA,NA
"Training_Young","GO_BP",NA,NA,NA,NA
"Training_Young","GO_BP",NA,NA,NA,NA
"Training_Young","GO_BP",NA,NA,NA,NA
"Training_Young","GO_BP",NA,NA,NA,NA
"Training_Young","GO_BP",NA,NA,NA,NA
"Training_Young","GO_BP",NA,NA,NA,NA
"Training_Young","GO_BP",NA,NA,NA,NA
"Training_Young","GO_BP",NA,NA,NA,NA
"Training_Young","GO_BP",NA,NA,NA,NA
"Training_Young","GO_BP",NA,NA,NA,NA
"Training_Young","GO_BP",NA,NA,NA,NA
"Training_Young","GO_BP",NA,NA,NA,NA
"Training_Young","GO_BP",NA,NA,NA,NA
"Training_Young","GO_BP",NA,NA,NA,NA
"Training_Young","GO_BP",NA,NA,NA,NA
"Training_Young","GO_BP",NA,NA,NA,NA
"Training_Young","GO_BP",NA,NA,NA,NA
"Training_Young","GO_BP",NA,NA,NA,NA
"Training_Young","GO_BP",NA,NA,NA,NA
"Training_Young","GO_BP",NA,NA,NA,NA
"Training_Young","GO_BP",NA,NA,NA,NA
"Training_Young","GO_BP",NA,NA,NA,NA
"Training_Young","GO_BP",NA,NA,NA,NA
"Training_Young","GO_BP",NA,NA,NA,NA
"Training_Young","GO_BP",NA,NA,NA,NA
"Training_Young","GO_BP",NA,NA,NA,NA
"Training_Young","GO_BP",NA,NA,NA,NA
"Training_Young","GO_BP",NA,NA,NA,NA
"Training_Young","GO_BP",NA,NA,NA,NA
"Training_Young","GO_BP",NA,NA,NA,NA
"Training_Young","GO_BP",NA,NA,NA,NA
"Training_Young","GO_BP",NA,NA,NA,NA
"Training_Young","GO_BP",NA,NA,NA,NA
"Training_Young","GO_BP",NA,NA,NA,NA
"Training_Young","GO_BP",NA,NA,NA,NA
"Training_Young","GO_BP",NA,NA,NA,NA
"Training_Young","GO_BP",NA,NA,NA,NA
"Training_Young","GO_BP",NA,NA,NA,NA
"Training_Young","GO_BP",NA,NA,NA,NA
"Training_Young","GO_BP",NA,NA,NA,NA
"Training_Young","GO_BP",NA,NA,NA,NA
"Training_Young","GO_BP",NA,NA,NA,NA
"Training_Young","GO_BP",NA,NA,NA,NA
"Training_Young","GO_BP",NA,NA,NA,NA
"Training_Young","GO_BP",NA,NA,NA,NA
"Training_Young","GO_BP",NA,NA,NA,NA
"Training_Young","GO_BP",NA,NA,NA,NA
"Training_Young","GO_BP",NA,NA,NA,NA
"Training_Young","GO_BP",NA,NA,NA,NA
"Training_Young","GO_BP",NA,NA,NA,NA
"Training_Young","GO_BP",NA,NA,NA,NA
"Training_Young","GO_BP",NA,NA,NA,NA
"Training_Young","GO_BP",NA,NA,NA,NA
"Training_Young","GO_BP",NA,NA,NA,NA
"Training_Young","GO_BP",NA,NA,NA,NA
"Training_Young","GO_BP",NA,NA,NA,NA
"Training_Young","GO_BP",NA,NA,NA,NA
"Training_Young","GO_BP",NA,NA,NA,NA
"Training_Young","GO_BP",NA,NA,NA,NA
"Training_Young","GO_BP",NA,NA,NA,NA
"Training_Young","GO_BP",NA,NA,NA,NA
"Training_Young","GO_BP",NA,NA,NA,NA
"Training_Young","GO_BP",NA,NA,NA,NA
"Training_Young","GO_BP",NA,NA,NA,NA
"Training_Young","GO_BP",NA,NA,NA,NA
"Training_Young","GO_BP",NA,NA,NA,NA
"Training_Young","GO_BP",NA,NA,NA,NA
"Training_Young","GO_BP",NA,NA,NA,NA
"Training_Young","GO_BP",NA,NA,NA,NA
"Training_Young","GO_BP",NA,NA,NA,NA
"Training_Young","GO_BP",NA,NA,NA,NA
"Training_Young","GO_BP",NA,NA,NA,NA
"Training_Young","GO_BP",NA,NA,NA,NA
"Training_Young","GO_BP",NA,NA,NA,NA
"Training_Young","GO_BP",NA,NA,NA,NA
"Training_Young","GO_BP",NA,NA,NA,NA
"Training_Young","GO_BP",NA,NA,NA,NA
"Training_Young","GO_BP",NA,NA,NA,NA
"Training_Young","GO_BP",NA,NA,NA,NA
"Training_Young","GO_BP",NA,NA,NA,NA
"Training_Young","GO_BP",NA,NA,NA,NA
"Training_Young","GO_BP",NA,NA,NA,NA
"Training_Young","GO_BP",NA,NA,NA,NA
"Training_Young","GO_BP",NA,NA,NA,NA
"Training_Young","GO_BP",NA,NA,NA,NA
"Training_Young","GO_BP",NA,NA,NA,NA
"Training_Young","GO_BP",NA,NA,NA,NA
"Training_Young","GO_BP",NA,NA,NA,NA
"Training_Young","GO_BP",NA,NA,NA,NA
"Training_Young","GO_BP",NA,NA,NA,NA
"Training_Young","GO_BP",NA,NA,NA,NA
"Training_Young","GO_BP",NA,NA,NA,NA
"Training_Young","GO_BP",NA,NA,NA,NA
"Training_Young","GO_BP",NA,NA,NA,NA
"Training_Young","GO_BP",NA,NA,NA,NA
"Training_Young","GO_BP",NA,NA,NA,NA
"Training_Young","GO_BP",NA,NA,NA,NA
"Training_Young","GO_BP",NA,NA,NA,NA
"Training_Young","GO_BP",NA,NA,NA,NA
"Training_Young","GO_BP",NA,NA,NA,NA
"Training_Young","GO_BP",NA,NA,NA,NA
"Training_Young","GO_BP",NA,NA,NA,NA
"Training_Young","GO_BP",NA,NA,NA,NA
"Training_Young","GO_BP",NA,NA,NA,NA
"Training_Young","GO_BP",NA,NA,NA,NA
"Training_Young","GO_BP",NA,NA,NA,NA
"Training_Young","GO_BP",NA,NA,NA,NA
"Training_Young","GO_BP",NA,NA,NA,NA
"Training_Young","GO_BP",NA,NA,NA,NA
"Training_Young","GO_BP",NA,NA,NA,NA
"Training_Young","GO_BP",NA,NA,NA,NA
"Training_Young","GO_BP",NA,NA,NA,NA
"Training_Young","GO_BP",NA,NA,NA,NA
"Training_Young","GO_BP",NA,NA,NA,NA
"Training_Young","GO_BP",NA,NA,NA,NA
"Training_Young","GO_BP",NA,NA,NA,NA
"Training_Young","GO_BP",NA,NA,NA,NA
"Training_Young","GO_BP",NA,NA,NA,NA
"Training_Young","GO_BP",NA,NA,NA,NA
"Training_Young","GO_BP",NA,NA,NA,NA
"Training_Young","GO_BP",NA,NA,NA,NA
"Training_Young","GO_BP",NA,NA,NA,NA
"Training_Young","GO_BP",NA,NA,NA,NA
"Training_Young","GO_BP",NA,NA,NA,NA
"Training_Young","GO_BP",NA,NA,NA,NA
"Training_Young","GO_BP",NA,NA,NA,NA
"Training_Young","GO_BP",NA,NA,NA,NA
"Training_Young","GO_BP",NA,NA,NA,NA
"Training_Young","GO_BP",NA,NA,NA,NA
"Training_Young","GO_BP",NA,NA,NA,NA
"Training_Young","GO_BP",NA,NA,NA,NA
"Training_Young","GO_BP",NA,NA,NA,NA
"Training_Young","GO_BP",NA,NA,NA,NA
"Training_Young","GO_BP",NA,NA,NA,NA
"Training_Young","GO_BP",NA,NA,NA,NA
"Training_Young","GO_BP",NA,NA,NA,NA
"Training_Young","GO_BP",NA,NA,NA,NA
"Training_Young","GO_BP",NA,NA,NA,NA
"Training_Young","GO_BP",NA,NA,NA,NA
"Training_Young","GO_BP",NA,NA,NA,NA
"Training_Young","GO_BP",NA,NA,NA,NA
"Training_Young","GO_BP",NA,NA,NA,NA
"Training_Young","GO_BP",NA,NA,NA,NA
"Training_Young","GO_BP",NA,NA,NA,NA
"Training_Young","GO_BP",NA,NA,NA,NA
"Training_Young","GO_BP",NA,NA,NA,NA
"Training_Young","GO_BP",NA,NA,NA,NA
"Training_Young","GO_BP",NA,NA,NA,NA
"Training_Young","GO_BP",NA,NA,NA,NA
"Training_Young","GO_BP",NA,NA,NA,NA
"Training_Young","GO_BP",NA,NA,NA,NA
"Training_Young","GO_BP",NA,NA,NA,NA
"Training_Young","GO_BP",NA,NA,NA,NA
"Training_Young","GO_BP",NA,NA,NA,NA
"Training_Young","GO_BP",NA,NA,NA,NA
"Training_Young","GO_BP",NA,NA,NA,NA
"Training_Young","GO_BP",NA,NA,NA,NA
"Training_Young","GO_BP",NA,NA,NA,NA
"Training_Young","GO_BP",NA,NA,NA,NA
"Training_Young","GO_BP",NA,NA,NA,NA
"Training_Young","GO_BP",NA,NA,NA,NA
"Training_Young","GO_BP",NA,NA,NA,NA
"Training_Young","GO_BP",NA,NA,NA,NA
"Training_Young","GO_BP",NA,NA,NA,NA
"Training_Young","GO_BP",NA,NA,NA,NA
"Training_Young","GO_BP",NA,NA,NA,NA
"Training_Young","GO_BP",NA,NA,NA,NA
"Training_Young","GO_BP",NA,NA,NA,NA
"Training_Young","GO_BP",NA,NA,NA,NA
"Training_Young","GO_BP",NA,NA,NA,NA
"Training_Young","GO_BP",NA,NA,NA,NA
"Training_Young","GO_BP",NA,NA,NA,NA
"Training_Young","GO_BP",NA,NA,NA,NA
"Training_Young","GO_BP",NA,NA,NA,NA
"Training_Young","GO_BP",NA,NA,NA,NA
"Training_Young","GO_BP",NA,NA,NA,NA
"Training_Young","GO_BP",NA,NA,NA,NA
"Training_Young","GO_BP",NA,NA,NA,NA
"Training_Young","GO_BP",NA,NA,NA,NA
"Training_Young","GO_BP",NA,NA,NA,NA
"Training_Young","GO_BP",NA,NA,NA,NA
"Training_Young","GO_BP",NA,NA,NA,NA
"Training_Young","GO_BP",NA,NA,NA,NA
"Training_Young","GO_BP",NA,NA,NA,NA
"Training_Young","GO_BP",NA,NA,NA,NA
"Training_Young","GO_BP",NA,NA,NA,NA
"Training_Young","GO_BP",NA,NA,NA,NA
"Training_Young","GO_BP",NA,NA,NA,NA
"Training_Young","GO_BP",NA,NA,NA,NA
"Training_Young","GO_BP",NA,NA,NA,NA
"Training_Young","GO_BP",NA,NA,NA,NA
"Training_Young","GO_BP",NA,NA,NA,NA
"Training_Young","GO_BP",NA,NA,NA,NA
"Training_Young","GO_BP",NA,NA,NA,NA
"Training_Young","GO_BP",NA,NA,NA,NA
"Training_Young","GO_BP",NA,NA,NA,NA
"Training_Young","GO_BP",NA,NA,NA,NA
"Training_Young","GO_BP",NA,NA,NA,NA
"Training_Young","GO_BP",NA,NA,NA,NA
"Training_Young","GO_BP",NA,NA,NA,NA
"Training_Young","GO_BP",NA,NA,NA,NA
"Training_Young","GO_BP",NA,NA,NA,NA
"Training_Young","GO_BP",NA,NA,NA,NA
"Training_Young","GO_BP",NA,NA,NA,NA
"Training_Young","GO_BP",NA,NA,NA,NA
"Training_Young","GO_BP",NA,NA,NA,NA
"Training_Young","GO_BP",NA,NA,NA,NA
"Training_Young","GO_BP",NA,NA,NA,NA
"Training_Young","GO_BP",NA,NA,NA,NA
"Training_Young","GO_BP",NA,NA,NA,NA
"Training_Young","GO_BP",NA,NA,NA,NA
"Training_Young","GO_BP",NA,NA,NA,NA
"Training_Young","GO_BP",NA,NA,NA,NA
"Training_Young","GO_BP",NA,NA,NA,NA
"Training_Young","GO_BP",NA,NA,NA,NA
"Training_Young","GO_BP",NA,NA,NA,NA
"Training_Young","GO_BP",NA,NA,NA,NA
"Training_Young","GO_BP",NA,NA,NA,NA
"Training_Young","GO_BP",NA,NA,NA,NA
"Training_Young","GO_BP",NA,NA,NA,NA
"Training_Young","GO_BP",NA,NA,NA,NA
"Training_Young","GO_BP",NA,NA,NA,NA
"Training_Young","GO_BP",NA,NA,NA,NA
"Training_Young","GO_BP",NA,NA,NA,NA
"Training_Young","GO_BP",NA,NA,NA,NA
"Training_Young","GO_BP",NA,NA,NA,NA
"Training_Young","GO_BP",NA,NA,NA,NA
"Training_Young","GO_BP",NA,NA,NA,NA
"Training_Young","GO_BP",NA,NA,NA,NA
"Training_Young","GO_BP",NA,NA,NA,NA
"Training_Young","GO_BP",NA,NA,NA,NA
"Training_Young","GO_BP",NA,NA,NA,NA
"Training_Young","GO_BP",NA,NA,NA,NA
"Training_Young","GO_BP",NA,NA,NA,NA
"Training_Young","GO_BP",NA,NA,NA,NA
"Training_Young","GO_BP",NA,NA,NA,NA
"Training_Young","GO_BP",NA,NA,NA,NA
"Training_Young","GO_BP",NA,NA,NA,NA
"Training_Young","GO_CC","respiratory chain complex I",-2.72244544667767,1.096e-08,41
"Training_Young","GO_CC","oxidoreductase complex",-2.64606411544412,1.096e-08,71
"Training_Young","GO_CC","transmembrane transporter complex",-2.45530066443507,1.096e-08,119
"Training_Young","GO_CC","protein folding chaperone complex",2.1725727151752,0.000333785315042442,20
"Training_Young","GO_CC","cytochrome complex",-2.10569269261232,0.000434407398459062,25
"Training_Young","GO_CC","microtubule",2.06362182100181,1.33251029314096e-05,82
"Training_Young","GO_CC","interstitial matrix",-2.05924756086253,0.00170694387889882,20
"Training_Young","GO_CC","solid phase of interstitial matrix",-2.02285000779314,0.0025855467353512,19
"Training_Young","GO_CC","endopeptidase complex",1.97914095624646,0.000448267289945109,56
"Training_Young","GO_CC","microtubule associated complex",1.96104149094051,0.00160595881428059,26
"Training_Young","GO_CC","mitochondrial intermembrane space",-1.92451721992766,0.0025855467353512,38
"Training_Young","GO_CC","basement membrane",-1.91473069660089,0.0157467424072977,22
"Training_Young","GO_CC","secretory granule lumen",1.86104246062054,0.000448267289945109,120
"Training_Young","GO_CC","complex of collagen trimers",-1.85242697017572,0.0244633419454932,12
"Training_Young","GO_CC","transferase complex, transferring phosphorus-containing groups",1.84932152876038,0.0208182594261182,19
"Training_Young","GO_CC","non-collagenous component of interstitial matrix",-1.8399081040686,0.0209011392943408,14
"Training_Young","GO_CC","elastic fiber",-1.83843269373265,0.0266040853307121,12
"Training_Young","GO_CC","coated vesicle",1.82174685513362,0.0087934932788635,59
"Training_Young","GO_CC","collagen trimer",-1.80302229561637,0.0254194205172419,14
"Training_Young","GO_CC","germ cell nucleus",1.79290024894616,0.0254194205172419,11
"Training_Young","GO_CC","clathrin coat",1.79068461897347,0.0254194205172419,11
"Training_Young","GO_CC","proteasome storage granule",1.78816309587994,0.02236584730306,18
"Training_Young","GO_CC","axon cytoplasm",1.71520343707871,0.0498065705998614,10
"Training_Young","GO_CC","clathrin-coated pit",1.71267188632743,0.0469227722772076,16
"Training_Young","GO_CC","clathrin vesicle coat",1.70805911616312,0.0373497521477682,9
"Training_Young","GO_CC","coated membrane",1.7046976008052,0.0464747803166525,24
"Training_Young","GO_CC","solid phase of basement membrane",-1.69667595903741,0.0469227722772076,7
"Training_Young","GO_CC","Sm-like protein family complex",-1.68977394332646,0.0919410605100855,9
"Training_Young","GO_CC","cell cortex",1.68720687121564,0.0209011392943408,88
"Training_Young","GO_CC","vacuolar lumen",1.68437486722173,0.0338757261186999,50
"Training_Young","GO_CC","uropod",1.68043816510655,0.0380441238589947,6
"Training_Young","GO_CC","cell trailing edge",1.68043816510655,0.0380441238589947,6
"Training_Young","GO_CC","neuromuscular junction",-1.67011271781649,0.0469227722772076,26
"Training_Young","GO_CC","microvillus",1.6636159917351,0.0853215945077877,11
"Training_Young","GO_CC","synaptic vesicle",1.65950073012806,0.0218459291986389,67
"Training_Young","GO_CC","U4/U6 x U5 tri-snRNP complex",-1.64521719346374,0.0337406785802668,4
"Training_Young","GO_CC","axoneme",1.64219587322746,0.0919410605100855,11
"Training_Young","GO_CC","growth cone",1.64022023532051,0.0626182862670745,26
"Training_Young","GO_CC","site of polarized growth",1.64022023532051,0.0626182862670745,26
"Training_Young","GO_CC","blood microparticle",1.62357670308932,0.0556090986972104,25
"Training_Young","GO_CC","intercellular bridge",1.60862779708982,0.118221602736827,12
"Training_Young","GO_CC","ficolin-1-rich granule membrane",1.60858119527443,0.118221602736827,12
"Training_Young","GO_CC","dystrophin-associated glycoprotein complex",-1.6054443875096,0.143885175554453,13
"Training_Young","GO_CC","glycoprotein complex",-1.6054443875096,0.143885175554453,13
"Training_Young","GO_CC","cell projection membrane",1.59702180273546,0.0464747803166525,43
"Training_Young","GO_CC","clathrin coat of coated pit",1.59190216508254,0.0909630001871814,7
"Training_Young","GO_CC","smooth endoplasmic reticulum",1.58788078884403,0.15226184058277,10
"Training_Young","GO_CC","heterotrimeric G-protein complex",-1.56002209433206,0.120206971866344,6
"Training_Young","GO_CC","GTPase complex",-1.56002209433206,0.120206971866344,6
"Training_Young","GO_CC","ruffle",1.55954064233747,0.0556090986972104,45
"Training_Young","GO_CC","primary lysosome",1.55753308964444,0.0919410605100855,52
"Training_Young","GO_CC","cortical cytoskeleton",1.54678119476846,0.0909630001871814,41
"Training_Young","GO_CC","collagenous component of interstitial matrix",-1.5259457745121,0.0974873173316087,5
"Training_Young","GO_CC","FAR/SIN/STRIPAK complex",1.51808966152463,0.0919410605100855,5
"Training_Young","GO_CC","transcription repressor complex",-1.48336415463313,0.143885175554453,5
"Training_Young","GO_CC","protein-DNA complex",-1.47621065091098,0.228258596945232,17
"Training_Young","GO_CC","condensed chromosome, centromeric region",1.46401389882491,0.147620839290078,31
"Training_Young","GO_CC","neuronal cell body",1.45526008664028,0.183717163663291,57
"Training_Young","GO_CC","proton-transporting ATP synthase complex",1.45359043187798,0.183717163663291,15
"Training_Young","GO_CC","other organism part",1.44229121936807,0.211301688605239,3
"Training_Young","GO_CC","Golgi cisterna membrane",1.43883790750139,0.248366013071895,7
"Training_Young","GO_CC","ciliary membrane",1.43543035248957,0.221860985863778,5
"Training_Young","GO_CC","ciliary basal body",1.42931732355023,0.211301688605239,15
"Training_Young","GO_CC","adherens junction",1.42917118124153,0.215529053539711,38
"Training_Young","GO_CC","cell-substrate junction",1.42737911593896,0.0454537990428812,185
"Training_Young","GO_CC","phagocytic cup",1.42688670890931,0.264150943396226,7
"Training_Young","GO_CC","cell leading edge",1.42503018498473,0.125097022312889,83
"Training_Young","GO_CC","endolysosome membrane",1.4035901180619,0.259330314890134,4
"Training_Young","GO_CC","Cul5-RING ubiquitin ligase complex",-1.40086704857968,0.255080327694436,5
"Training_Young","GO_CC","outer membrane",-1.39879022445083,0.120392898627893,78
"Training_Young","GO_CC","organelle outer membrane",-1.39879022445083,0.120392898627893,78
"Training_Young","GO_CC","motile cilium",1.38124432825177,0.260867683652494,33
"Training_Young","GO_CC","mitochondrial protein-containing complex",-1.37396576164491,0.0886726713186694,75
"Training_Young","GO_CC","RNA cap binding complex",-1.35953162052955,0.380833470753139,7
"Training_Young","GO_CC","synaptic cleft",-1.35820017519857,0.286980879308245,3
"Training_Young","GO_CC","apical dendrite",1.35378650323318,0.356723597687453,4
"Training_Young","GO_CC","inclusion body",1.3410113202955,0.382657634184471,16
"Training_Young","GO_CC","mRNA cleavage and polyadenylation specificity factor complex",-1.33913119056681,0.0209011392943408,1
"Training_Young","GO_CC","pericentriolar material",1.3388805185831,0.321617611232919,3
"Training_Young","GO_CC","intraciliary transport particle A",-1.33785643455484,0.0349640594336847,1
"Training_Young","GO_CC","sno(s)RNA-containing ribonucleoprotein complex",-1.3359443005369,0.0505420153899698,1
"Training_Young","GO_CC","I band",1.33215905774605,0.183892617449664,86
"Training_Young","GO_CC","keratin filament",-1.33066978124191,0.441381779130123,8
"Training_Young","GO_CC","neuron projection terminus",1.32984463310867,0.397489189566188,12
"Training_Young","GO_CC","leading edge membrane",1.32980679716396,0.282214660055942,29
"Training_Young","GO_CC","nuclear lamina",-1.32008040416589,0.383419689119171,3
"Training_Young","GO_CC","guanyl-nucleotide exchange factor complex",1.31319599024677,0.433636526074859,6
"Training_Young","GO_CC","photoreceptor inner segment",1.30977996285258,0.432091464616598,8
"Training_Young","GO_CC","nuclear replication fork",-1.30805306624579,0.405242183969434,5
"Training_Young","GO_CC","XY body",-1.30789966827372,0.211347622932582,1
"Training_Young","GO_CC","nucleosome",-1.30398097480137,0.429827011926507,7
"Training_Young","GO_CC","basolateral plasma membrane",1.30072815775234,0.349982259617821,30
"Training_Young","GO_CC","nuclear pore",1.29181036512973,0.394317343173432,19
"Training_Young","GO_CC","asymmetric, glutamatergic, excitatory synapse",1.28512482195991,0.387553041018388,2
"Training_Young","GO_CC","nuclear inner membrane",-1.28368591254844,0.461473684210526,9
"Training_Young","GO_CC","presynaptic membrane",1.27488854187727,0.45623801167204,12
"Training_Young","GO_CC","basal part of cell",1.27163861740799,0.365110210426961,34
"Training_Young","GO_CC","postsynaptic membrane",-1.27021601203098,0.432091464616598,18
"Training_Young","GO_CC","mitochondrial small ribosomal subunit",1.27011470042925,0.469509609949124,6
"Training_Young","GO_CC","compact myelin",1.26812720148076,0.327055347376454,1
"Training_Young","GO_CC","nuclear speck",1.2621232911461,0.393275562014461,38
"Training_Young","GO_CC","gel phase of interstitial matrix",-1.25620341138229,0.468147424945082,5
"Training_Young","GO_CC","pseudopodium",1.25615574332695,0.449641025641026,11
"Training_Young","GO_CC","phagophore assembly site membrane",1.23975655329929,0.499413036762434,3
"Training_Young","GO_CC","glial cell projection",1.2223113204302,0.503400191653174,4
"Training_Young","GO_CC","caveola",-1.2186960353711,0.469509609949124,20
"Training_Young","GO_CC","sarcoplasm",1.19537765520855,0.457456082029461,50
"Training_Young","GO_CC","presynaptic cytosol",-1.19246941949498,0.503400191653174,7
"Training_Young","GO_CC","T-tubule",1.18412853152939,0.493498506413636,23
"Training_Young","GO_CC","Swr1 complex",1.1754932245464,0.499487296342714,1
"Training_Young","GO_CC","cell-cell contact zone",1.17523525906732,0.499413036762434,22
"Training_Young","GO_CC","brush border",1.17052638445097,0.499413036762434,22
"Training_Young","GO_CC","membrane raft",1.16143864313342,0.441381779130123,59
"Training_Young","GO_CC","nuclear ribonucleoprotein granule",1.13056333407717,0.508923388993774,46
"Training_Young","GO_CC",NA,NA,NA,NA
"Training_Young","GO_CC",NA,NA,NA,NA
"Training_Young","GO_CC",NA,NA,NA,NA
"Training_Young","GO_CC",NA,NA,NA,NA
"Training_Young","GO_CC",NA,NA,NA,NA
"Training_Young","GO_CC",NA,NA,NA,NA
"Training_Young","GO_CC",NA,NA,NA,NA
"Training_Young","GO_CC",NA,NA,NA,NA
"Training_Young","GO_CC",NA,NA,NA,NA
"Training_Young","GO_CC",NA,NA,NA,NA
"Training_Young","GO_CC",NA,NA,NA,NA
"Training_Young","GO_CC",NA,NA,NA,NA
"Training_Young","GO_CC",NA,NA,NA,NA
"Training_Young","GO_CC",NA,NA,NA,NA
"Training_Young","GO_CC",NA,NA,NA,NA
"Training_Young","GO_CC",NA,NA,NA,NA
"Training_Young","GO_CC",NA,NA,NA,NA
"Training_Young","GO_CC",NA,NA,NA,NA
"Training_Young","GO_CC",NA,NA,NA,NA
"Training_Young","GO_CC",NA,NA,NA,NA
"Training_Young","GO_CC",NA,NA,NA,NA
"Training_Young","GO_CC",NA,NA,NA,NA
"Training_Young","GO_CC",NA,NA,NA,NA
"Training_Young","GO_CC",NA,NA,NA,NA
"Training_Young","GO_CC",NA,NA,NA,NA
"Training_Young","GO_CC",NA,NA,NA,NA
"Training_Young","GO_CC",NA,NA,NA,NA
"Training_Young","GO_CC",NA,NA,NA,NA
"Training_Young","GO_CC",NA,NA,NA,NA
"Training_Young","GO_CC",NA,NA,NA,NA
"Training_Young","GO_CC",NA,NA,NA,NA
"Training_Young","GO_CC",NA,NA,NA,NA
"Training_Young","GO_CC",NA,NA,NA,NA
"Training_Young","GO_CC",NA,NA,NA,NA
"Training_Young","GO_CC",NA,NA,NA,NA
"Training_Young","GO_CC",NA,NA,NA,NA
"Training_Young","GO_CC",NA,NA,NA,NA
"Training_Young","GO_CC",NA,NA,NA,NA
"Training_Young","GO_CC",NA,NA,NA,NA
"Training_Young","GO_CC",NA,NA,NA,NA
"Training_Young","GO_CC",NA,NA,NA,NA
"Training_Young","GO_CC",NA,NA,NA,NA
"Training_Young","GO_CC",NA,NA,NA,NA
"Training_Young","GO_CC",NA,NA,NA,NA
"Training_Young","GO_CC",NA,NA,NA,NA
"Training_Young","GO_CC",NA,NA,NA,NA
"Training_Young","GO_CC",NA,NA,NA,NA
"Training_Young","GO_CC",NA,NA,NA,NA
"Training_Young","GO_CC",NA,NA,NA,NA
"Training_Young","GO_CC",NA,NA,NA,NA
"Training_Young","GO_MF","oxidoreduction-driven active transmembrane transporter activity",-2.87643916319307,1.16428571428571e-08,53
"Training_Young","GO_MF","NADH dehydrogenase (ubiquinone) activity",-2.77388735156126,1.16428571428571e-08,36
"Training_Young","GO_MF","active monoatomic ion transmembrane transporter activity",-2.74446336600523,1.16428571428571e-08,67
"Training_Young","GO_MF","electron transfer activity",-2.72442716983252,1.16428571428571e-08,75
"Training_Young","GO_MF","proton transmembrane transporter activity",-2.58333023644757,1.16428571428571e-08,83
"Training_Young","GO_MF","extracellular matrix structural constituent",-2.26362206704965,1.64708995712837e-05,35
"Training_Young","GO_MF","unfolded protein binding",2.20859754056313,1.1641993212943e-05,57
"Training_Young","GO_MF","ATP hydrolysis activity",2.05682623520143,4.36631270851287e-05,79
"Training_Young","GO_MF","ATP-dependent protein folding chaperone",2.04850193592355,0.000127136571390586,14
"Training_Young","GO_MF","catalytic activity, acting on a tRNA",2.00069106603535,0.00189086353598334,33
"Training_Young","GO_MF","protein folding chaperone",1.9866475855592,0.00214886629955281,33
"Training_Young","GO_MF","aminoacyl-tRNA ligase activity",1.97546124940641,0.00857277262700408,26
"Training_Young","GO_MF","ligase activity, forming carbon-oxygen bonds",1.97546124940641,0.00857277262700408,26
"Training_Young","GO_MF","protein-folding chaperone binding",1.90729077851736,0.00214886629955281,53
"Training_Young","GO_MF","heat shock protein binding",1.8766902763704,0.0190467389366584,36
"Training_Young","GO_MF","integrin binding",-1.85327212582223,0.0409040445514737,29
"Training_Young","GO_MF","nucleocytoplasmic carrier activity",1.77639388260671,0.0943012243965986,15
"Training_Young","GO_MF","GTPase binding",1.76698597202017,0.0409040445514737,49
"Training_Young","GO_MF","tau protein binding",1.7244138928108,0.108957762711814,20
"Training_Young","GO_MF","translation elongation factor activity",1.71916712574107,0.108656395505854,12
"Training_Young","GO_MF","tRNA binding",1.70325111376549,0.124561122613381,23
"Training_Young","GO_MF","hormone receptor binding",-1.6810847588715,0.0236211659701927,4
"Training_Young","GO_MF","calcium-dependent protein binding",1.68086376420971,0.127508254237634,26
"Training_Young","GO_MF","structural constituent of cytoskeleton",1.67430522299836,0.106560014120336,42
"Training_Young","GO_MF","cadherin binding",1.66682512518448,0.00857277262700408,142
"Training_Young","GO_MF","cysteine-type endopeptidase activity",1.6650586981945,0.188455624893322,15
"Training_Young","GO_MF","snRNA binding",-1.66110995116246,0.171921932365661,7
"Training_Young","GO_MF","chromatin DNA binding",-1.65951547754656,0.204338020733315,13
"Training_Young","GO_MF","deubiquitinase activity",1.65172133980269,0.168882516666149,16
"Training_Young","GO_MF","cell-cell adhesion mediator activity",1.64707916511769,0.168882516666149,14
"Training_Young","GO_MF","clathrin binding",1.63949291625077,0.188422274637625,9
"Training_Young","GO_MF","wide pore channel activity",-1.63000119361312,0.0939376760811186,4
"Training_Young","GO_MF","disordered domain specific binding",1.62804508582586,0.179797615080446,10
"Training_Young","GO_MF","ribosomal large subunit binding",-1.61970470884257,0.168882516666149,6
"Training_Young","GO_MF","beta-catenin binding",1.6160105426952,0.233364677542765,9
"Training_Young","GO_MF","nucleosome binding",-1.60855555832782,0.235448247986569,7
"Training_Young","GO_MF","quinone binding",-1.59809932475858,0.326740309143594,11
"Training_Young","GO_MF","carbon-sulfur lyase activity",-1.589881079516,0.19744676148761,6
"Training_Young","GO_MF","microtubule motor activity",1.58875870218511,0.0895533413378632,4
"Training_Young","GO_MF","glutathione peroxidase activity",-1.58512107005616,0.357228417612536,11
"Training_Young","GO_MF","SUMO transferase activity",-1.57069101417043,0.168882516666149,4
"Training_Young","GO_MF","phosphatidylinositol-5-phosphate binding",-1.56785064977205,0.282809839247736,7
"Training_Young","GO_MF","structural constituent of eye lens",1.56018456365168,0.168882516666149,5
"Training_Young","GO_MF","glutamate receptor binding",-1.55649152885662,0.253620978794503,6
"Training_Young","GO_MF","alcohol dehydrogenase (NADP+) activity",1.55360704907249,0.280552595628745,14
"Training_Young","GO_MF","oxidoreductase activity, acting on the CH-NH2 group of donors, oxygen as acceptor",-1.54597281691001,0.097983634680101,3
"Training_Young","GO_MF","histone modifying activity",1.54579805552443,0.357228417612536,21
"Training_Young","GO_MF","ribosomal small subunit binding",1.53476341958376,0.357228417612536,9
"Training_Young","GO_MF","dynein intermediate chain binding",1.52511318777824,0.417640241390992,8
"Training_Young","GO_MF","4 iron, 4 sulfur cluster binding",-1.52416667021102,0.357228417612536,14
"Training_Young","GO_MF","ankyrin binding",1.52391843722704,0.19744676148761,5
"Training_Young","GO_MF","ubiquitin-protein transferase activator activity",-1.52145853760709,0.235766578614013,4
"Training_Young","GO_MF","actin filament binding",1.51325661189587,0.235448247986569,74
"Training_Young","GO_MF","peptide antigen binding",-1.51134468246335,0.357228417612536,6
"Training_Young","GO_MF","protein kinase A binding",1.50910738616413,0.421414481873719,12
"Training_Young","GO_MF","RNA stem-loop binding",1.50735045170346,0.230746109412986,5
"Training_Young","GO_MF","polypeptide conformation or assembly isomerase activity",1.50590936532784,0.361394011679586,25
"Training_Young","GO_MF","C-type glycerophospholipase activity",1.50575240324115,0.171201441938482,3
"Training_Young","GO_MF","phosphoric diester hydrolase activity",1.50559239091449,0.228176874561586,4
"Training_Young","GO_MF","cargo adaptor activity",1.50241322409434,0.335323537244588,7
"Training_Young","GO_MF","protein serine/threonine kinase activator activity",1.4971366527592,0.391980949596231,13
"Training_Young","GO_MF","nuclear localization sequence binding",1.4959468395205,0.357228417612536,7
"Training_Young","GO_MF","growth factor binding",-1.4952486035205,0.434300792382997,14
"Training_Young","GO_MF","signaling receptor complex adaptor activity",-1.49377713809645,0.421414481873719,7
"Training_Young","GO_MF","voltage-gated monoatomic anion channel activity",-1.48912451326783,0.221808618008146,3
"Training_Young","GO_MF","enzyme inhibitor activity",1.48768863213496,0.155751841282813,87
"Training_Young","GO_MF","ubiquitin-like protein conjugating enzyme activity",-1.48214640245349,0.437966959626952,14
"Training_Young","GO_MF","protein kinase C binding",1.48190422724244,0.421414481873719,13
"Training_Young","GO_MF","telomeric DNA binding",-1.47984618431178,0.434300792382997,10
"Training_Young","GO_MF","endopeptidase activator activity",1.47892970468984,0.434300792382997,7
"Training_Young","GO_MF","phosphoprotein phosphatase activity",-1.47850343794129,0.31201672684043,32
"Training_Young","GO_MF","phosphatidylinositol-4-phosphate binding",-1.47576671570998,0.434300792382997,7
"Training_Young","GO_MF","ATPase regulator activity",1.46909762859708,0.433773193605814,20
"Training_Young","GO_MF","immunoglobulin binding",1.46899942187595,0.259576804244837,3
"Training_Young","GO_MF","O-acyltransferase activity",-1.46816233736441,0.433773193605814,7
"Training_Young","GO_MF","guanyl ribonucleotide binding",1.46596459630219,0.155751841282813,92
"Training_Young","GO_MF","clathrin-cargo adaptor activity",1.46258066745394,0.421414481873719,5
"Training_Young","GO_MF","protein disulfide isomerase activity",1.46212894287046,0.434300792382997,9
"Training_Young","GO_MF","SNAP receptor activity",1.45893863884517,0.434300792382997,6
"Training_Young","GO_MF","GDP binding",1.4586998458606,0.434300792382997,21
"Training_Young","GO_MF","oxidoreductase activity, acting on NAD(P)H",-1.45773273311233,0.391980949596231,25
"Training_Young","GO_MF","cysteine-type endopeptidase regulator activity involved in apoptotic process",1.45707732126046,0.434300792382997,6
"Training_Young","GO_MF","GTPase activity",1.45079334794977,0.304734418991168,72
"Training_Young","GO_MF","structural constituent of chromatin",-1.44292437108315,0.448337105494782,4
"Training_Young","GO_MF","guanyl-nucleotide exchange factor activity",1.43925899402849,0.434300792382997,18
"Training_Young","GO_MF","adenyl-nucleotide exchange factor activity",1.43801175325324,0.434300792382997,8
"Training_Young","GO_MF","RNA polymerase II CTD heptapeptide repeat modifying activity",-1.43687613069822,0.448337105494782,4
"Training_Young","GO_MF","signaling receptor inhibitor activity",1.43429112120144,0.405338670495198,3
"Training_Young","GO_MF","G-protein beta-subunit binding",1.43319919181913,0.171921932365661,2
"Training_Young","GO_MF","potassium ion transmembrane transporter activity",1.43054577584642,0.483288409703504,5
"Training_Young","GO_MF","phosphatidylinositol-3-phosphate binding",-1.42979559686795,0.472046091940007,7
"Training_Young","GO_MF","P-type ion transporter activity",1.42558725608253,0.448337105494782,8
"Training_Young","GO_MF","P-type transmembrane transporter activity",1.42558725608253,0.448337105494782,8
"Training_Young","GO_MF","phosphatidylinositol-3,5-bisphosphate binding",-1.42525223360146,0.446086480569239,3
"Training_Young","GO_MF","macromolecular conformation isomerase activity",1.42310937502625,0.391980949596231,42
"Training_Young","GO_MF","calcium ion sensor activity",-1.41953413749443,0.235448247986569,2
"Training_Young","GO_MF","metal ion sensor activity",-1.41953413749443,0.235448247986569,2
"Training_Young","GO_MF","cholesterol binding",-1.41706963594478,0.472046091940007,12
"Training_Young","GO_MF","ceramide binding",-1.41358850835224,0.472046091940007,5
"Training_Young","GO_MF","glutathione transferase activity",-1.41205294689034,0.509941601779755,10
"Training_Young","GO_MF","microtubule binding",1.41134230736888,0.421414481873719,39
"Training_Young","GO_MF","protein phosphatase regulator activity",1.4100582576563,0.472046091940007,23
"Training_Young","GO_MF","double-stranded RNA binding",1.40914145165337,0.472046091940007,23
"Training_Young","GO_MF","alcohol binding",-1.40765588517442,0.510769191415343,14
"Training_Young","GO_MF","lamin binding",-1.40122375861233,0.510769191415343,4
"Training_Young","GO_MF","ADP binding",1.39763948726307,0.472046091940007,16
"Training_Young","GO_MF","hydrolase activity, hydrolyzing O-glycosyl compounds",1.39321089950326,0.494876660341556,7
"Training_Young","GO_MF","phosphatidic acid binding",-1.3916008404203,0.526431376601902,4
"Training_Young","GO_MF","p53 binding",1.38305493833962,0.550045756119881,5
"Training_Young","GO_MF","carbohydrate binding",1.38204160709191,0.434300792382997,37
"Training_Young","GO_MF","protein serine kinase activity",1.37884084268304,0.414531685630322,39
"Training_Young","GO_MF","MHC class I protein binding",1.37656395598288,0.515496521189121,7
"Training_Young","GO_MF","solute:sodium symporter activity",-1.37590453978118,0.434300792382997,2
"Training_Young","GO_MF","lipoprotein particle binding",1.3747690277404,0.547166590805644,6
"Training_Young","GO_MF","NAD+-protein mono-ADP-ribosyltransferase activity",-1.37386063486915,0.49335438873536,3
"Training_Young","GO_MF","enzyme-substrate adaptor activity",1.36988632450247,0.547166590805644,8
"Training_Young","GO_MF","deaminase activity",-1.36658118321337,0.526431376601902,5
"Training_Young","GO_MF","G-protein beta/gamma-subunit complex binding",-1.36363161214207,0.513846452301275,3
"Training_Young","GO_MF","translation factor activity",1.36330308981544,0.434300792382997,53
"Training_Young","GO_MF","endopeptidase regulator activity",1.35492867229385,0.496437191127457,28
"Training_Young","GO_MF","immunoglobulin receptor binding",1.35489795449857,0.440843823760818,2
"Training_Young","GO_MF","monoatomic anion transmembrane transporter activity",-1.34791092265866,0.550045756119881,10
"Training_Young","GO_MF","transmembrane receptor protein tyrosine kinase activity",-1.34346470671151,0.550045756119881,3
"Training_Young","GO_MF","phosphatidylinositol kinase activity",-1.34180763648981,0.488289760348584,2
"Training_Young","GO_MF","cargo receptor activity",1.33924083096249,0.60884972703764,5
"Training_Young","GO_MF","ubiquitin binding",1.33764250012589,0.526431376601902,24
"Training_Young","GO_MF","minus-end-directed microtubule motor activity",1.3376093635142,0.0947170240073568,1
"Training_Young","GO_MF","dynein light intermediate chain binding",1.3376093635142,0.0947170240073568,1
"Training_Young","GO_MF","myosin V binding",1.3364831518799,0.580340557275542,4
"Training_Young","GO_MF","sodium channel regulator activity",1.33648248795121,0.604027926960258,8
"Training_Young","GO_MF","AP-3 adaptor complex binding",1.33566946405937,0.547166590805644,3
"Training_Young","GO_MF","four-way junction DNA binding",-1.33424388749778,0.49335438873536,2
"Training_Young","GO_MF","cysteine-type endopeptidase inhibitor activity involved in apoptotic process",1.32616663164428,0.550045756119881,3
"Training_Young","GO_MF","neuropeptide receptor binding",-1.32571501942028,0.0654387050959195,1
"Training_Young","GO_MF","ferrous iron binding",-1.32339767444639,0.631782945736434,6
"Training_Young","GO_MF","aldehyde dehydrogenase (NAD+) activity",1.32140863054614,0.585992485847671,12
"Training_Young","GO_MF","transcription regulator inhibitor activity",1.32125532241652,0.631782945736434,5
"Training_Young","GO_MF","thiolester hydrolase activity",-1.31720955981904,0.604027926960258,13
"Training_Young","GO_MF","misfolded protein binding",1.31294004412937,0.633604122990915,5
"Training_Young","GO_MF","carbonate dehydratase activity",1.31004401698746,0.547166590805644,2
"Training_Young","GO_MF","molecular sequestering activity",1.30637202706109,0.550045756119881,24
"Training_Young","GO_MF","FMN binding",-1.30518614843344,0.550045756119881,2
"Training_Young","GO_MF","phosphatidylcholine binding",-1.30376640776289,0.62450026652452,9
"Training_Young","GO_MF","DNA binding, bending",-1.30208824515756,0.631782945736434,3
"Training_Young","GO_MF","NAD+ poly-ADP-ribosyltransferase activity",-1.30129151746166,0.550045756119881,2
"Training_Young","GO_MF","oxidoreductase activity, acting on paired donors, with incorporation or reduction of molecular oxygen, reduced flavin or flavoprotein as one donor, and incorporation of one atom of oxygen",-1.29804597805044,0.580340557275542,2
"Training_Young","GO_MF","proteoglycan binding",-1.29140327863833,0.648193586597851,5
"Training_Young","GO_MF","cytokine binding",-1.2904566802685,0.631782945736434,9
"Training_Young","GO_MF","protein-containing complex destabilizing activity",1.28495656639442,0.657180775110454,5
"Training_Young","GO_MF","DNA-binding transcription repressor activity, RNA polymerase II-specific",-1.2837070796432,0.657180775110454,6
"Training_Young","GO_MF","epidermal growth factor receptor binding",-1.28137067479895,0.657180775110454,4
"Training_Young","GO_MF","RNA endonuclease activity",-1.27317054385658,0.664472910047573,8
"Training_Young","GO_MF","N-methyltransferase activity",1.27309247270516,0.657180775110454,5
"Training_Young","GO_MF","phosphatidylinositol 3-kinase binding",1.27197155291774,0.496437191127457,1
"Training_Young","GO_MF","spectrin binding",1.27189981427017,0.657180775110454,6
"Training_Young","GO_MF","quaternary ammonium group binding",-1.26318431092023,0.657180775110454,11
"Training_Young","GO_MF","histone methyltransferase binding",1.26266711307244,0.631782945736434,2
"Training_Young","GO_MF","low-density lipoprotein particle receptor binding",1.25866291201923,0.654699792960663,11
"Training_Young","GO_MF","TBP-class protein binding",1.25669367786123,0.658562147977471,4
"Training_Young","GO_MF","G-protein alpha-subunit binding",1.25402407498065,0.648193586597851,2
"Training_Young","GO_MF","histone methyltransferase activity",1.25382080727254,0.665483821733822,6
"Training_Young","GO_MF","isoprenoid binding",-1.24926426313653,0.685824222413505,4
"Training_Young","GO_MF","palmitoyl hydrolase activity",-1.24829736289054,0.685824222413505,4
"Training_Young","GO_MF","CARD domain binding",1.24584388073857,0.550045756119881,1
"Training_Young","GO_MF","transcription coregulator binding",-1.24380715767134,0.657180775110454,10
"Training_Young","GO_MF","ubiquitin-like ligase-substrate adaptor activity",1.24261729009439,0.671215529303413,6
"Training_Young","GO_MF","protein-disulfide reductase activity",1.24256933526237,0.663854545454545,19
"Training_Young","GO_MF","cyclase activity",-1.2419421417376,0.678903525765207,3
"Training_Young","GO_MF","syntaxin-1 binding",-1.24016697494814,0.678903525765207,3
"Training_Young","GO_MF","14-3-3 protein binding",1.2362703320746,0.686671125918113,3
"Training_Young","GO_MF","insulin receptor binding",-1.23395279024255,0.685824222413505,3
"Training_Young","GO_MF","phosphatidylinositol-3,4-bisphosphate binding",1.23309867479751,0.604027926960258,1
"Training_Young","GO_MF","histone ubiquitin ligase activity",1.23182415420341,0.604027926960258,1
"Training_Young","GO_MF","intramolecular transferase activity",-1.2307558696795,0.668716473743648,9
"Training_Young","GO_MF","nuclear androgen receptor binding",1.2304802343307,0.671215529303413,2
"Training_Young","GO_MF","ligand-gated monoatomic cation channel activity",1.22924775443425,0.673938916195246,2
"Training_Young","GO_MF","lipid kinase activity",-1.2291842885309,0.685824222413505,3
"Training_Young","GO_MF","phosphatidylethanolamine binding",-1.22877270321305,0.686671125918113,6
"Training_Young","GO_MF","phospholipid scramblase activity",-1.22660203939696,0.631782945736434,1
"Training_Young","GO_MF","collagen binding",-1.22559622056793,0.657180775110454,16
"Training_Young","GO_MF","voltage-gated sodium channel activity",1.22417703063877,0.631782945736434,1
"Training_Young","GO_MF","voltage-gated potassium channel activity",1.22417703063877,0.631782945736434,1
"Training_Young","GO_MF","histone H4 methyltransferase activity",1.22178162993918,0.677660753880266,2
"Training_Young","GO_MF","proteasome binding",1.21572152124224,0.671215529303413,13
"Training_Young","GO_MF","transmembrane transporter binding",1.21532502527444,0.648981481481481,40
"Training_Young","GO_MF","steroid dehydrogenase activity",1.21429459863322,0.685824222413505,9
"Training_Young","GO_MF","steroid dehydrogenase activity, acting on the CH-OH group of donors, NAD or NADP as acceptor",1.21429459863322,0.685824222413505,9
"Training_Young","GO_MF","transmembrane receptor protein tyrosine kinase adaptor activity",-1.19819386040938,0.671215529303413,1
"Training_Young","GO_MF","ephrin receptor binding",-1.19819386040938,0.671215529303413,1
"Training_Young","GO_MF","calcium-activated cation channel activity",1.18530415251854,0.680772261623325,1
"Training_Young","GO_MF","mechanosensitive monoatomic ion channel activity",1.18530415251854,0.680772261623325,1
"Training_Young","GO_MF","rRNA binding",1.1847220911088,0.686671125918113,23
"Training_Young","GO_MF","alcohol dehydrogenase [NAD(P)+] activity",1.17869800586127,0.690677966101695,19
"Training_Young","GO_MF","glycerophospholipase activity",1.17782328227914,0.687637184871284,10
"Training_Young","GO_MF","phospholipase activity",1.17782328227914,0.687637184871284,10
"Training_Young","GO_MF","transcription coactivator activity",-1.17155996369375,0.671215529303413,38
"Training_Young","GO_MF","DNA-binding transcription factor binding",1.17116187974825,0.657180775110454,62
"Training_Young","GO_MF","ubiquitin protein ligase binding",1.16992126444257,0.657180775110454,78
"Training_Young","GO_MF","NAD binding",1.15877671093725,0.686671125918113,30
"Training_Young","GO_MF",NA,NA,NA,NA
"Training_Young","GO_MF",NA,NA,NA,NA
"Training_Young","GO_MF",NA,NA,NA,NA
"Training_Young","GO_MF",NA,NA,NA,NA
"Training_Young","GO_MF",NA,NA,NA,NA
"Training_Young","GO_MF",NA,NA,NA,NA
"Training_Young","GO_MF",NA,NA,NA,NA
"Training_Young","GO_MF",NA,NA,NA,NA
"Training_Young","GO_MF",NA,NA,NA,NA
"Training_Young","GO_MF",NA,NA,NA,NA
"Training_Young","GO_MF",NA,NA,NA,NA
"Training_Young","GO_MF",NA,NA,NA,NA
"Training_Young","GO_MF",NA,NA,NA,NA
"Training_Young","GO_MF",NA,NA,NA,NA
"Training_Young","GO_MF",NA,NA,NA,NA
"Training_Young","GO_MF",NA,NA,NA,NA
"Training_Young","GO_MF",NA,NA,NA,NA
"Training_Young","GO_MF",NA,NA,NA,NA
"Training_Young","GO_MF",NA,NA,NA,NA
"Training_Young","GO_MF",NA,NA,NA,NA
"Training_Young","GO_MF",NA,NA,NA,NA
"Training_Young","GO_MF",NA,NA,NA,NA
"Training_Young","GO_MF",NA,NA,NA,NA
"Training_Young","GO_MF",NA,NA,NA,NA
"Training_Young","GO_MF",NA,NA,NA,NA
"Training_Young","GO_MF",NA,NA,NA,NA
"Training_Young","GO_MF",NA,NA,NA,NA
"Training_Young","GO_MF",NA,NA,NA,NA
"Training_Young","GO_MF",NA,NA,NA,NA
"Training_Young","GO_MF",NA,NA,NA,NA
"Training_Young","GO_MF",NA,NA,NA,NA
"Training_Young","GO_MF",NA,NA,NA,NA
"Training_Young","GO_MF",NA,NA,NA,NA
"Training_Young","GO_MF",NA,NA,NA,NA
"Training_Young","GO_MF",NA,NA,NA,NA
"Training_Young","GO_MF",NA,NA,NA,NA
"Training_Young","GO_MF",NA,NA,NA,NA
"Training_Young","GO_MF",NA,NA,NA,NA
"Training_Young","GO_MF",NA,NA,NA,NA
"Training_Young","GO_MF",NA,NA,NA,NA
"Training_Young","GO_MF",NA,NA,NA,NA
"Training_Young","GO_MF",NA,NA,NA,NA
"Training_Young","GO_MF",NA,NA,NA,NA
"Training_Young","GO_MF",NA,NA,NA,NA
"Training_Young","GO_MF",NA,NA,NA,NA
"Training_Young","GO_MF",NA,NA,NA,NA
"Training_Young","GO_MF",NA,NA,NA,NA
"Training_Young","GO_MF",NA,NA,NA,NA
"Training_Young","GO_MF",NA,NA,NA,NA
"Training_Young","GO_MF",NA,NA,NA,NA
"Training_Young","GO_MF",NA,NA,NA,NA
"Training_Young","GO_MF",NA,NA,NA,NA
"Training_Young","GO_MF",NA,NA,NA,NA
"Training_Young","GO_MF",NA,NA,NA,NA
"Training_Young","GO_MF",NA,NA,NA,NA
"Training_Young","GO_MF",NA,NA,NA,NA
"Training_Young","GO_MF",NA,NA,NA,NA
"Training_Young","GO_MF",NA,NA,NA,NA
"Training_Young","GO_MF",NA,NA,NA,NA
"Training_Young","GO_MF",NA,NA,NA,NA
"Training_Young","GO_MF",NA,NA,NA,NA
"Training_Young","GO_MF",NA,NA,NA,NA
"Training_Young","GO_MF",NA,NA,NA,NA
"Training_Young","GO_MF",NA,NA,NA,NA
"Training_Young","GO_MF",NA,NA,NA,NA
"Training_Young","GO_MF",NA,NA,NA,NA
"Training_Young","GO_MF",NA,NA,NA,NA
"Training_Young","GO_MF",NA,NA,NA,NA
"Training_Young","GO_MF",NA,NA,NA,NA
"Training_Young","GO_MF",NA,NA,NA,NA
"Training_Young","GO_MF",NA,NA,NA,NA
"Training_Young","GO_MF",NA,NA,NA,NA
"Training_Young","GO_MF",NA,NA,NA,NA
"Training_Young","GO_MF",NA,NA,NA,NA
"Training_Young","GO_MF",NA,NA,NA,NA
"Training_Young","GO_MF",NA,NA,NA,NA
"Training_Young","GO_MF",NA,NA,NA,NA
"Training_Young","GO_MF",NA,NA,NA,NA
"Training_Young","GO_MF",NA,NA,NA,NA
"Training_Young","GO_MF",NA,NA,NA,NA
"Training_Young","GO_MF",NA,NA,NA,NA
"Training_Young","GO_MF",NA,NA,NA,NA
"Training_Young","GO_MF",NA,NA,NA,NA
"Training_Young","GO_MF",NA,NA,NA,NA
"Training_Young","GO_MF",NA,NA,NA,NA
"Training_Young","GO_MF",NA,NA,NA,NA
"Training_Young","GO_MF",NA,NA,NA,NA
"Training_Young","GO_MF",NA,NA,NA,NA
"Training_Young","GO_MF",NA,NA,NA,NA
"Training_Young","GO_MF",NA,NA,NA,NA
"Training_Young","GO_MF",NA,NA,NA,NA
"Training_Young","GO_MF",NA,NA,NA,NA
"Training_Young","GO_MF",NA,NA,NA,NA
"Training_Young","GO_MF",NA,NA,NA,NA
"Training_Young","GO_MF",NA,NA,NA,NA
"Training_Young","GO_MF",NA,NA,NA,NA
"Training_Young","GO_MF",NA,NA,NA,NA
"Training_Young","GO_MF",NA,NA,NA,NA
"Training_Young","GO_MF",NA,NA,NA,NA
"Training_Young","GO_MF",NA,NA,NA,NA
"Training_Young","GO_MF",NA,NA,NA,NA
"Training_Young","GO_MF",NA,NA,NA,NA
"Training_Young","GO_MF",NA,NA,NA,NA
"Training_Young","GO_MF",NA,NA,NA,NA
"Training_Young","GO_MF",NA,NA,NA,NA
"Training_Young","GO_MF",NA,NA,NA,NA
"Training_Young","GO_MF",NA,NA,NA,NA
"Training_Young","GO_MF",NA,NA,NA,NA
"Training_Young","GO_MF",NA,NA,NA,NA
"Training_Young","GO_MF",NA,NA,NA,NA
"Training_Young","GO_MF",NA,NA,NA,NA
"Training_Young","GO_MF",NA,NA,NA,NA
"Training_Young","GO_MF",NA,NA,NA,NA
"Training_Young","GO_MF",NA,NA,NA,NA
"Training_Young","GO_MF",NA,NA,NA,NA
"Training_Young","GO_MF",NA,NA,NA,NA
"Training_Young","GO_MF",NA,NA,NA,NA
"Training_Young","GO_MF",NA,NA,NA,NA
"Training_Young","GO_MF",NA,NA,NA,NA
"Training_Young","GO_MF",NA,NA,NA,NA
"Training_Young","GO_MF",NA,NA,NA,NA
"Training_Young","GO_MF",NA,NA,NA,NA
"Training_Young","GO_MF",NA,NA,NA,NA
"Training_Young","GO_MF",NA,NA,NA,NA
"Training_Young","GO_MF",NA,NA,NA,NA
"Training_Young","GO_MF",NA,NA,NA,NA
"Training_Young","GO_MF",NA,NA,NA,NA
"Training_Young","GO_MF",NA,NA,NA,NA
"Training_Young","GO_MF",NA,NA,NA,NA
"Training_Young","GO_MF",NA,NA,NA,NA
"Training_Young","GO_MF",NA,NA,NA,NA
"Training_Young","GO_MF",NA,NA,NA,NA
"Training_Young","GO_MF",NA,NA,NA,NA
"Training_Young","GO_MF",NA,NA,NA,NA
"Training_Young","GO_MF",NA,NA,NA,NA
"Training_Young","GO_MF",NA,NA,NA,NA
"Training_Young","GO_MF",NA,NA,NA,NA
"Training_Young","GO_MF",NA,NA,NA,NA
"Training_Young","GO_MF",NA,NA,NA,NA
"Training_Young","GO_MF",NA,NA,NA,NA
"Training_Old","GO_BP","cytoplasmic translation",2.50794455075619,4.394e-07,132
"Training_Old","GO_BP","ribosomal small subunit biogenesis",2.16503294478237,0.00460279510993651,30
"Training_Old","GO_BP","regulation of myoblast fusion",2.08740647315188,0.00460279510993651,41
"Training_Old","GO_BP","cell-cell fusion",1.93078186476981,0.0196544590655095,43
"Training_Old","GO_BP","synapse assembly",-1.90896026436786,0.0820805013683122,18
"Training_Old","GO_BP","protein polyubiquitination",-1.88380037334393,0.0621948139831585,36
"Training_Old","GO_BP","positive regulation of telomere maintenance via telomere lengthening",1.87925499808503,0.0542837172100328,13
"Training_Old","GO_BP","ribosome assembly",1.87646766704913,0.107251490152602,20
"Training_Old","GO_BP","purine nucleotide salvage",1.87288435116248,0.0542837172100328,8
"Training_Old","GO_BP","positive regulation of signal transduction by p53 class mediator",1.872119083804,0.0542837172100328,9
"Training_Old","GO_BP","striated muscle cell differentiation",1.86593174022975,0.0114130563406717,99
"Training_Old","GO_BP","telomerase RNA localization to Cajal body",1.86475611224395,0.0542837172100328,9
"Training_Old","GO_BP","telomerase RNA localization",1.86475611224395,0.0542837172100328,9
"Training_Old","GO_BP","membraneless organelle assembly",1.84791465860709,0.0114130563406717,104
"Training_Old","GO_BP","acylglycerol metabolic process",-1.82949901904613,0.136726148685924,14
"Training_Old","GO_BP","regulation of response to wounding",-1.81675170852626,0.153310918701902,19
"Training_Old","GO_BP","glial cell migration",-1.81101752088599,0.182975053526536,8
"Training_Old","GO_BP","ribosomal small subunit assembly",1.79677473750034,0.117992226518721,8
"Training_Old","GO_BP","ribosome disassembly",1.79225174307557,0.182975053526536,15
"Training_Old","GO_BP","establishment of cell polarity",1.78068303523953,0.17936866050305,21
"Training_Old","GO_BP","carboxylic acid catabolic process",-1.77075999656663,0.0370044818883835,87
"Training_Old","GO_BP","actin filament organization",1.76970003237906,0.0355235132528494,97
"Training_Old","GO_BP","organ growth",-1.76938741366215,0.219124466892366,9
"Training_Old","GO_BP","positive regulation of chromosome organization",1.7627568036064,0.199924244097471,21
"Training_Old","GO_BP","modified amino acid metabolic process",-1.76005148579932,0.121117575262858,50
"Training_Old","GO_BP","lipid catabolic process",-1.75832588366155,0.0542837172100328,60
"Training_Old","GO_BP","L-amino acid metabolic process",-1.75486141108037,0.141792197104278,48
"Training_Old","GO_BP","purine ribonucleoside monophosphate metabolic process",1.7469623341509,0.222633586066512,21
"Training_Old","GO_BP","cellular response to ketone",-1.74419708363476,0.279000942801495,13
"Training_Old","GO_BP","protein localization to plasma membrane",1.73975298853533,0.0871661233515009,62
"Training_Old","GO_BP","maturation of SSU-rRNA from tricistronic rRNA transcript (SSU-rRNA, 5.8S rRNA, LSU-rRNA)",1.72975894798007,0.0542837172100328,4
"Training_Old","GO_BP","rRNA metabolic process",1.72733269735012,0.172952269144217,40
"Training_Old","GO_BP","killing of cells of another organism",1.72666441902976,0.245480492575412,8
"Training_Old","GO_BP","disruption of cell in another organism",1.72666441902976,0.245480492575412,8
"Training_Old","GO_BP","response to toxic substance",-1.72459096235704,0.106498928575561,67
"Training_Old","GO_BP","cellular response to glucocorticoid stimulus",-1.71957646013684,0.279000942801495,10
"Training_Old","GO_BP","positive regulation of synaptic transmission",1.71804703704261,0.279823689997371,15
"Training_Old","GO_BP","purine nucleotide catabolic process",1.7158594210052,0.161543745754415,41
"Training_Old","GO_BP","negative regulation of coagulation",-1.71484059580675,0.319339984549137,8
"Training_Old","GO_BP","response to axon injury",-1.71012578875363,0.279000942801495,9
"Training_Old","GO_BP","response to carbohydrate",-1.70481746970318,0.245480492575412,43
"Training_Old","GO_BP","regulation of insulin receptor signaling pathway",-1.69649433162818,0.279823689997371,12
"Training_Old","GO_BP","negative regulation of blood coagulation",-1.69173366436636,0.246970156736567,7
"Training_Old","GO_BP","negative regulation of hemostasis",-1.69173366436636,0.246970156736567,7
"Training_Old","GO_BP","regulation of lamellipodium organization",1.68760762310606,0.300810933363478,11
"Training_Old","GO_BP","metabolic compound salvage",1.68444750800085,0.289563506710266,14
"Training_Old","GO_BP","protein folding",1.68432897250255,0.089322463427246,91
"Training_Old","GO_BP","regulation of the force of heart contraction",1.68331386516651,0.279000942801495,9
"Training_Old","GO_BP","cellular response to glucagon stimulus",-1.68023757243363,0.245480492575412,5
"Training_Old","GO_BP","response to xenobiotic stimulus",-1.6776909220022,0.229319592278412,48
"Training_Old","GO_BP","NADPH regeneration",-1.67662611360508,0.279000942801495,11
"Training_Old","GO_BP","antimicrobial humoral immune response mediated by antimicrobial peptide",1.67294080172243,0.279000942801495,10
"Training_Old","GO_BP","negative regulation of developmental growth",-1.6728788888215,0.371736943061807,8
"Training_Old","GO_BP","purine-containing compound catabolic process",1.6695898765974,0.193444335866518,48
"Training_Old","GO_BP","lysosome localization",1.66866973516874,0.300810933363478,8
"Training_Old","GO_BP","vacuolar localization",1.66866973516874,0.300810933363478,8
"Training_Old","GO_BP","protein localization to vacuole",-1.66540285587439,0.281764511767119,17
"Training_Old","GO_BP","inflammatory response to antigenic stimulus",-1.66283711009128,0.281764511767119,11
"Training_Old","GO_BP","glycerolipid catabolic process",-1.66232861065217,0.300810933363478,12
"Training_Old","GO_BP","canonical glycolysis",1.66142028860808,0.281764511767119,13
"Training_Old","GO_BP","glucose catabolic process to pyruvate",1.66142028860808,0.281764511767119,13
"Training_Old","GO_BP","purine nucleobase metabolic process",1.65982096488606,0.279000942801495,10
"Training_Old","GO_BP","response to glucagon",-1.65847533230588,0.280707618617352,6
"Training_Old","GO_BP","positive regulation of insulin secretion involved in cellular response to glucose stimulus",-1.65744443537813,0.300810933363478,12
"Training_Old","GO_BP","small molecule catabolic process",-1.65026073924659,0.055633585904565,122
"Training_Old","GO_BP","response to glucocorticoid",-1.6493843499871,0.319339984549137,14
"Training_Old","GO_BP","actin filament severing",1.64875260649215,0.338481960442322,8
"Training_Old","GO_BP","regulation of establishment of cell polarity",1.64732764758445,0.280707618617352,5
"Training_Old","GO_BP","L-amino acid catabolic process",-1.64611869590233,0.279000942801495,37
"Training_Old","GO_BP","protein neddylation",-1.64576495676659,0.34725212025768,15
"Training_Old","GO_BP","cellular response to carbohydrate stimulus",-1.64339250719164,0.300810933363478,29
"Training_Old","GO_BP","regulation of striated muscle cell apoptotic process",1.63398550837385,0.319339984549137,9
"Training_Old","GO_BP","axon regeneration",-1.63212735673796,0.284603720551861,5
"Training_Old","GO_BP","muscle tissue morphogenesis",-1.63168488352863,0.309009134901686,11
"Training_Old","GO_BP","regulation of tumor necrosis factor-mediated signaling pathway",-1.63031663244387,0.441829991697559,8
"Training_Old","GO_BP","positive regulation of interleukin-8 production",-1.62926888328482,0.304718847783364,7
"Training_Old","GO_BP","membrane raft organization",1.62911291144957,0.409554300144214,11
"Training_Old","GO_BP","positive regulation of protein localization to mitochondrion",-1.62054389568856,0.319339984549137,11
"Training_Old","GO_BP","proteinogenic amino acid metabolic process",-1.61766354385854,0.281764511767119,44
"Training_Old","GO_BP","morphogenesis of a branching structure",-1.61594398986247,0.300810933363478,5
"Training_Old","GO_BP","protein-RNA complex organization",1.61447981850363,0.192931156219218,65
"Training_Old","GO_BP","regulation of TORC1 signaling",-1.60796750217886,0.31866076661506,21
"Training_Old","GO_BP","vasodilation",-1.60690709643376,0.354705482259563,6
"Training_Old","GO_BP","disruption of anatomical structure in another organism",1.60690213930148,0.319339984549137,10
"Training_Old","GO_BP","striated muscle cell apoptotic process",1.60217148974298,0.333267732184163,10
"Training_Old","GO_BP","positive regulation of protein localization to nucleus",1.59902147017512,0.388205766696763,24
"Training_Old","GO_BP","hair cycle",-1.59739006656183,0.0542837172100328,3
"Training_Old","GO_BP","NLS-bearing protein import into nucleus",1.59458049370048,0.358791755225896,6
"Training_Old","GO_BP","cellular response to glucose stimulus",-1.59249638712532,0.41561429470701,26
"Training_Old","GO_BP","cellular response to calcium ion",1.59006933433699,0.458080017871106,20
"Training_Old","GO_BP","negative regulation of cellular response to growth factor stimulus",-1.58963473445269,0.510984544922929,8
"Training_Old","GO_BP","striated muscle adaptation",1.5865112088963,0.357097604877648,10
"Training_Old","GO_BP","granulocyte chemotaxis",1.58648424200295,0.496057565708001,16
"Training_Old","GO_BP","chemokine production",-1.58364597393016,0.441829991697559,9
"Training_Old","GO_BP","regulation of actin filament-based process",1.58287281989462,0.279000942801495,70
"Training_Old","GO_BP","regulation of proteolysis",1.57818150931059,0.335864607060881,25
"Training_Old","GO_BP","telomere organization",1.57483461223486,0.365583086123383,32
"Training_Old","GO_BP","camera-type eye development",-1.57306814658167,0.362546056399771,27
"Training_Old","GO_BP","nucleotide transmembrane transport",1.5726559929235,0.357097604877648,4
"Training_Old","GO_BP","proteinogenic amino acid catabolic process",-1.56958117765924,0.327832825890097,35
"Training_Old","GO_BP","synaptic vesicle transport",1.56945307849536,0.441829991697559,5
"Training_Old","GO_BP","sulfur compound transport",-1.56857891160141,0.16790846462136,3
"Training_Old","GO_BP","regulation of protein localization to plasma membrane",1.56675528526266,0.401089518211394,30
"Training_Old","GO_BP","interferon-beta production",-1.56656249406084,0.458080017871106,9
"Training_Old","GO_BP","regulation of interferon-beta production",-1.56656249406084,0.458080017871106,9
"Training_Old","GO_BP","endoplasmic reticulum membrane organization",-1.566272564731,0.543612023443497,8
"Training_Old","GO_BP","TORC1 signaling",-1.56595710937227,0.319339984549137,22
"Training_Old","GO_BP","negative regulation of cell adhesion",-1.55806789022507,0.34251775162027,37
"Training_Old","GO_BP","cortical actin cytoskeleton organization",1.55594948245743,0.410385734379632,10
"Training_Old","GO_BP","epithelial cell apoptotic process",1.55561248802892,0.441829991697559,6
"Training_Old","GO_BP","regulation of epithelial cell apoptotic process",1.55561248802892,0.441829991697559,6
"Training_Old","GO_BP","protein stabilization",1.55548356606384,0.279000942801495,58
"Training_Old","GO_BP","cell communication involved in cardiac conduction",1.55516671562388,0.476010410475284,15
"Training_Old","GO_BP","positive regulation of filopodium assembly",1.55323192623372,0.458080017871106,5
"Training_Old","GO_BP","amyloid-beta formation",-1.55215248404396,0.47789025492627,10
"Training_Old","GO_BP","regulation of amyloid-beta formation",-1.55215248404396,0.47789025492627,10
"Training_Old","GO_BP","synaptic vesicle localization",1.55128706156212,0.458080017871106,6
"Training_Old","GO_BP","retinoic acid metabolic process",-1.5498024127315,0.364469632481142,4
"Training_Old","GO_BP","positive regulation of potassium ion transport",1.5468420743694,0.458080017871106,6
"Training_Old","GO_BP","polysaccharide metabolic process",1.5461248144901,0.382016393665444,28
"Training_Old","GO_BP","cellular response to toxic substance",-1.54369334745239,0.28370793501653,55
"Training_Old","GO_BP","muscle cell proliferation",-1.54354753702126,0.416807264404422,19
"Training_Old","GO_BP","regulation of cell communication by electrical coupling",1.54157152779375,0.568067226890756,9
"Training_Old","GO_BP","myelin assembly",-1.53994556209111,0.279000942801495,3
"Training_Old","GO_BP","fatty acid derivative catabolic process",-1.539624989429,0.473425148974282,6
"Training_Old","GO_BP","positive regulation of myeloid cell differentiation",-1.53826035650966,0.499901515953209,10
"Training_Old","GO_BP","positive regulation of myoblast differentiation",1.53814506659725,0.441829991697559,4
"Training_Old","GO_BP","regulation of actin filament polymerization",1.53705951088971,0.418985918091461,26
"Training_Old","GO_BP","sulfur compound metabolic process",-1.53595192012011,0.238373142090004,86
"Training_Old","GO_BP","regulation of inflammatory response to antigenic stimulus",-1.53578746296446,0.496595250369444,9
"Training_Old","GO_BP","response to pain",1.53422945281045,0.182975053526536,3
"Training_Old","GO_BP","regulation of actin cytoskeleton organization",1.53264121665771,0.281764511767119,57
"Training_Old","GO_BP","cell-cell recognition",1.52922828167934,0.477770483186046,6
"Training_Old","GO_BP","somatic diversification of immune receptors via germline recombination within a single locus",-1.51989900001127,0.499901515953209,6
"Training_Old","GO_BP","regulation of triglyceride biosynthetic process",-1.51953172651798,0.300810933363478,3
"Training_Old","GO_BP","multicellular organismal-level chemical homeostasis",-1.51906384600051,0.568067226890756,8
"Training_Old","GO_BP","negative regulation of smooth muscle cell proliferation",-1.51842075007819,0.511482802892974,9
"Training_Old","GO_BP","response to amine",-1.51692512668509,0.300810933363478,3
"Training_Old","GO_BP","filopodium assembly",1.51373944304338,0.554781168247427,6
"Training_Old","GO_BP","myofibril assembly",1.51194439301699,0.41561429470701,40
"Training_Old","GO_BP","acute inflammatory response",-1.51055185186285,0.573238436227115,8
"Training_Old","GO_BP","PERK-mediated unfolded protein response",1.50992376947463,0.543612023443497,5
"Training_Old","GO_BP","response to estrogen",1.50823672328058,0.578653883780082,9
"Training_Old","GO_BP","regulation of synaptic vesicle recycling",-1.50547539739532,0.578653883780082,8
"Training_Old","GO_BP","cell killing",1.5031980470237,0.543612023443497,22
"Training_Old","GO_BP","non-proteinogenic amino acid metabolic process",-1.50312960030392,0.537247819346837,15
"Training_Old","GO_BP","positive regulation of response to cytokine stimulus",-1.50097600585217,0.576186729609232,6
"Training_Old","GO_BP","peptide secretion",-1.49917824561632,0.479325792366765,31
"Training_Old","GO_BP","regulation of T cell migration",-1.49726294585977,0.476010410475284,4
"Training_Old","GO_BP","adaptive thermogenesis",-1.49659212172297,0.458080017871106,27
"Training_Old","GO_BP","physiological muscle hypertrophy",-1.49590519892457,0.476010410475284,4
"Training_Old","GO_BP","cell growth involved in cardiac muscle cell development",-1.49590519892457,0.476010410475284,4
"Training_Old","GO_BP","glycosyl compound biosynthetic process",1.48797546674481,0.568067226890756,5
"Training_Old","GO_BP","response to superoxide",-1.48754875825155,0.578653883780082,8
"Training_Old","GO_BP","removal of superoxide radicals",-1.48754875825155,0.578653883780082,8
"Training_Old","GO_BP","striated muscle contraction",1.48738618778565,0.279000942801495,104
"Training_Old","GO_BP","glycogen metabolic process",1.48488024572592,0.499901515953209,26
"Training_Old","GO_BP","energy reserve metabolic process",1.48488024572592,0.499901515953209,26
"Training_Old","GO_BP","cellular response to arsenic-containing substance",-1.48364870855501,0.600263284264211,6
"Training_Old","GO_BP","cellular response to lipopolysaccharide",-1.48364738598561,0.568067226890756,22
"Training_Old","GO_BP","negative regulation of gene expression, epigenetic",-1.48155819184372,0.572316394693262,18
"Training_Old","GO_BP","regulation of peptide secretion",-1.48098965570897,0.473425148974282,27
"Training_Old","GO_BP","long-chain fatty acid transport",-1.47999591334797,0.568067226890756,15
"Training_Old","GO_BP","dicarboxylic acid metabolic process",-1.47739187301155,0.473425148974282,36
"Training_Old","GO_BP","regulation of relaxation of muscle",1.47536694243656,0.568067226890756,5
"Training_Old","GO_BP","positive regulation of steroid metabolic process",1.46971366257657,0.576545842217484,7
"Training_Old","GO_BP","maternal process involved in female pregnancy",1.46701553381927,0.57397547814023,5
"Training_Old","GO_BP","endoplasmic reticulum tubular network organization",-1.46621916630841,0.594043500735616,7
"Training_Old","GO_BP","glomerulus development",1.46562259015422,0.103230119969033,2
"Training_Old","GO_BP","modified amino acid catabolic process",-1.4650980301339,0.594043500735616,7
"Training_Old","GO_BP","temperature homeostasis",-1.46503224464285,0.506696209194532,30
"Training_Old","GO_BP","cellular response to cadmium ion",-1.46469111913807,0.458080017871106,3
"Training_Old","GO_BP","response to platelet-derived growth factor",1.46384558606866,0.379537372570389,3
"Training_Old","GO_BP","cellular response to platelet-derived growth factor stimulus",1.46384558606866,0.379537372570389,3
"Training_Old","GO_BP","hair follicle development",-1.46345470884706,0.17936866050305,2
"Training_Old","GO_BP","adenylate cyclase-activating G protein-coupled receptor signaling pathway",-1.46111220969427,0.600263284264211,12
"Training_Old","GO_BP","pentose-phosphate shunt",-1.46036188524148,0.60508774215159,7
"Training_Old","GO_BP","positive regulation of membrane depolarization",1.46006658722663,0.57397547814023,5
"Training_Old","GO_BP","poly(A)+ mRNA export from nucleus",-1.4599391263269,0.458080017871106,3
"Training_Old","GO_BP","NADP+ metabolic process",-1.45939429619793,0.578653883780082,17
"Training_Old","GO_BP","response to acetylcholine",-1.45884681529257,0.578653883780082,5
"Training_Old","GO_BP","cell adhesion mediated by integrin",-1.45811152515323,0.576186729609232,4
"Training_Old","GO_BP","cell communication by electrical coupling",1.45415565729146,0.60508774215159,13
"Training_Old","GO_BP","mitochondrial DNA metabolic process",1.45299599849444,0.568067226890756,4
"Training_Old","GO_BP","regulation of platelet aggregation",-1.45000775444421,0.578653883780082,4
"Training_Old","GO_BP","intracellular glucose homeostasis",-1.44957265317718,0.473425148974282,28
"Training_Old","GO_BP","positive regulation of glucose metabolic process",1.44865062117208,0.615486862810548,9
"Training_Old","GO_BP","response to temperature stimulus",1.44779274641841,0.568067226890756,35
"Training_Old","GO_BP","endolysosomal toll-like receptor signaling pathway",-1.44546596217055,0.590620264920084,4
"Training_Old","GO_BP","renal water homeostasis",-1.44544369437912,0.590620264920084,4
"Training_Old","GO_BP","response to hydroperoxide",-1.44346703505533,0.590620264920084,4
"Training_Old","GO_BP","cellular response to biotic stimulus",-1.44058306269661,0.568067226890756,25
"Training_Old","GO_BP","mitochondrial transmembrane transport",-1.4383870756681,0.609426649509558,10
"Training_Old","GO_BP","DNA damage tolerance",-1.43837611631459,0.609426649509558,5
"Training_Old","GO_BP","response to zinc ion",-1.43802351251798,0.609426649509558,10
"Training_Old","GO_BP","non-proteinogenic amino acid catabolic process",-1.43784405530087,0.617270160627159,7
"Training_Old","GO_BP","positive regulation of neuron differentiation",-1.43691811466499,0.609426649509558,4
"Training_Old","GO_BP","heterotypic cell-cell adhesion",-1.43643145785232,0.615486862810548,6
"Training_Old","GO_BP","negative regulation of innate immune response",1.43531064948544,0.657027835288705,11
"Training_Old","GO_BP","leukocyte adhesion to vascular endothelial cell",-1.43526264377657,0.52649711565087,3
"Training_Old","GO_BP","artery morphogenesis",-1.43456796498303,0.52649711565087,3
"Training_Old","GO_BP","hormone transport",-1.43365873259483,0.543612023443497,33
"Training_Old","GO_BP","regulation of nervous system process",-1.43316999583985,0.612572798784334,5
"Training_Old","GO_BP","response to acidic pH",-1.43297137473404,0.612572798784334,4
"Training_Old","GO_BP","modification of synaptic structure",1.43251537992574,0.615486862810548,12
"Training_Old","GO_BP","organic acid transport",-1.43223229197241,0.544689381270834,33
"Training_Old","GO_BP","carboxylic acid transport",-1.43223229197241,0.544689381270834,33
"Training_Old","GO_BP","positive regulation of carbohydrate metabolic process",1.43051088845477,0.615486862810548,14
"Training_Old","GO_BP","positive regulation of superoxide anion generation",-1.42990677107464,0.612572798784334,5
"Training_Old","GO_BP","regulation of protein modification by small protein conjugation or removal",-1.42785492745573,0.458080017871106,53
"Training_Old","GO_BP","DNA conformation change",-1.42724595646482,0.546247633609222,3
"Training_Old","GO_BP","negative regulation of axonogenesis",-1.42615329649783,0.410349915111918,2
"Training_Old","GO_BP","negative regulation of focal adhesion assembly",-1.42326326999805,0.612572798784334,4
"Training_Old","GO_BP","negative regulation of cell-substrate junction organization",-1.42326326999805,0.612572798784334,4
"Training_Old","GO_BP","L-amino acid biosynthetic process",-1.4161444285819,0.612572798784334,11
"Training_Old","GO_BP","regulation of homotypic cell-cell adhesion",-1.41598393007272,0.654398290542947,6
"Training_Old","GO_BP","regulation of chromatin organization",-1.41508628779634,0.560785435742601,3
"Training_Old","GO_BP","sensory perception of pain",-1.41404699066798,0.631902899217671,5
"Training_Old","GO_BP","homotypic cell-cell adhesion",1.41395705753745,0.576545842217484,21
"Training_Old","GO_BP","cellular response to xenobiotic stimulus",-1.41350633738534,0.591657953933403,25
"Training_Old","GO_BP","positive regulation of protein targeting to membrane",1.41302096151193,0.612572798784334,5
"Training_Old","GO_BP","regulation of tissue remodeling",1.41279808385324,0.612572798784334,5
"Training_Old","GO_BP","response to nutrient levels",-1.41143416369984,0.338114043431885,80
"Training_Old","GO_BP","positive regulation of potassium ion transmembrane transport",1.41084274071614,0.612572798784334,4
"Training_Old","GO_BP","positive regulation of ERBB signaling pathway",-1.40889453924235,0.496057565708001,2
"Training_Old","GO_BP","positive regulation of type I interferon-mediated signaling pathway",-1.40863298573004,0.499901515953209,2
"Training_Old","GO_BP","positive regulation of chromosome segregation",-1.40851223954589,0.499901515953209,2
"Training_Old","GO_BP","motile cilium assembly",-1.4031823407124,0.657027835288705,5
"Training_Old","GO_BP","keratinocyte differentiation",1.40228322872605,0.615486862810548,16
"Training_Old","GO_BP","microtubule polymerization",-1.4004944939305,0.631902899217671,21
"Training_Old","GO_BP","humoral immune response",1.3989822907011,0.602439024390244,21
"Training_Old","GO_BP","response to prostaglandin E",-1.39882161170008,0.52649711565087,2
"Training_Old","GO_BP","regulation of dopamine metabolic process",1.39740090483826,0.615486862810548,5
"Training_Old","GO_BP","lamellipodium organization",1.39582118493941,0.590620264920084,19
"Training_Old","GO_BP","regulation of transcription by RNA polymerase I",1.39566646650728,0.612572798784334,8
"Training_Old","GO_BP","female sex differentiation",-1.39552736905099,0.680818097303998,6
"Training_Old","GO_BP","bile acid biosynthetic process",1.39492049624166,0.62808489481371,4
"Training_Old","GO_BP","maintenance of protein location in nucleus",-1.39463621757442,0.642318779565083,4
"Training_Old","GO_BP","cellular response to prostaglandin stimulus",-1.39103019393451,0.649170291225416,4
"Training_Old","GO_BP","postsynaptic actin cytoskeleton organization",1.39089287780126,0.632714460784314,4
"Training_Old","GO_BP","lipid localization",-1.3900597852209,0.372247814925554,65
"Training_Old","GO_BP","positive regulation of cardiac muscle hypertrophy",1.38878749854902,0.632714460784314,4
"Training_Old","GO_BP","developmental cell growth",-1.38849776082579,0.615486862810548,26
"Training_Old","GO_BP","protein-DNA complex disassembly",1.38761985712661,0.538937276093003,2
"Training_Old","GO_BP","aldehyde metabolic process",-1.38617347684839,0.597579219366245,31
"Training_Old","GO_BP","regulation of protein serine/threonine kinase activity",-1.38457238398481,0.667102807866,12
"Training_Old","GO_BP","regulation of fibroblast growth factor receptor signaling pathway",-1.38410455065514,0.568067226890756,2
"Training_Old","GO_BP","positive regulation of neurotransmitter transport",-1.3823929413042,0.57397547814023,3
"Training_Old","GO_BP","response to exogenous dsRNA",-1.38213518331504,0.568067226890756,2
"Training_Old","GO_BP","cellular response to exogenous dsRNA",-1.38213518331504,0.568067226890756,2
"Training_Old","GO_BP","membrane fission",-1.38209954100405,0.637921022067364,18
"Training_Old","GO_BP","dendrite self-avoidance",1.38154264592331,0.643832626123985,4
"Training_Old","GO_BP","tricarboxylic acid cycle",1.37777588051378,0.60508774215159,25
"Training_Old","GO_BP","neurotransmitter uptake",-1.37769494097991,0.687906066536203,5
"Training_Old","GO_BP","protein lipidation",-1.37712970551612,0.687906066536203,6
"Training_Old","GO_BP","regulation of postsynaptic membrane potential",-1.37597535800082,0.68170342642923,4
"Training_Old","GO_BP","protein transport to vacuole involved in ubiquitin-dependent protein catabolic process via the multivesicular body sorting pathway",-1.37443000827106,0.687906066536203,6
"Training_Old","GO_BP","chemotaxis",1.37279536207893,0.60018691588785,48
"Training_Old","GO_BP","natural killer cell mediated cytotoxicity",1.37162700460221,0.687906066536203,9
"Training_Old","GO_BP","phagocytosis, engulfment",1.37161815951323,0.668054499736857,5
"Training_Old","GO_BP","keratinocyte proliferation",-1.37140245021114,0.578653883780082,3
"Training_Old","GO_BP","intraciliary transport",1.37134910065142,0.668054499736857,5
"Training_Old","GO_BP","regulation of tube diameter",-1.37131133394478,0.657027835288705,15
"Training_Old","GO_BP","positive regulation of extracellular matrix organization",1.37108348381603,0.568067226890756,3
"Training_Old","GO_BP","epigenetic programming of gene expression",-1.37101714745492,0.568067226890756,2
"Training_Old","GO_BP","regulation of ATP biosynthetic process",1.37056909948458,0.68170342642923,8
"Training_Old","GO_BP","myelination in peripheral nervous system",-1.36904344454654,0.594766641399688,3
"Training_Old","GO_BP","peripheral nervous system axon ensheathment",-1.36904344454654,0.594766641399688,3
"Training_Old","GO_BP","response to muscle stretch",1.36753043757973,0.68170342642923,6
"Training_Old","GO_BP","cellular response to abiotic stimulus",-1.36716887241345,0.597579219366245,46
"Training_Old","GO_BP","protein homotetramerization",1.36591232137393,0.68170342642923,16
"Training_Old","GO_BP","negative regulation of mitochondrial membrane permeability",-1.36328068330957,0.687906066536203,4
"Training_Old","GO_BP","negative regulation of membrane permeability",-1.36328068330957,0.687906066536203,4
"Training_Old","GO_BP","cellular response to copper ion",-1.36318107534711,0.576186729609232,2
"Training_Old","GO_BP","regulatory ncRNA-mediated heterochromatin formation",-1.36211352834804,0.609426649509558,3
"Training_Old","GO_BP","positive regulation of cholesterol biosynthetic process",1.36041535699562,0.68170342642923,5
"Training_Old","GO_BP","negative regulation of calcium ion transmembrane transport",-1.35869350065662,0.680818097303998,11
"Training_Old","GO_BP","mesenchyme development",1.35719829768085,0.633725625937464,17
"Training_Old","GO_BP","lipoprotein metabolic process",-1.35666975508827,0.68170342642923,12
"Training_Old","GO_BP","carbohydrate derivative catabolic process",1.35641125541438,0.578653883780082,55
"Training_Old","GO_BP","glycerol metabolic process",-1.35598796294715,0.70973994508157,6
"Training_Old","GO_BP","regulatory ncRNA processing",-1.35591619005686,0.687906066536203,7
"Training_Old","GO_BP","regulation of vasculogenesis",-1.35572314316083,0.614765406390317,3
"Training_Old","GO_BP","maternal placenta development",1.35547836996841,0.68170342642923,4
"Training_Old","GO_BP","negative regulation of mRNA splicing, via spliceosome",1.35409904752143,0.68170342642923,4
"Training_Old","GO_BP","cellular response to external stimulus",-1.35388194318376,0.705056237010473,8
"Training_Old","GO_BP","male gonad development",1.35255861110951,0.68170342642923,4
"Training_Old","GO_BP","vesicle-mediated transport to the plasma membrane",1.35185465875521,0.613204435309939,34
"Training_Old","GO_BP","regulation of nervous system development",-1.35010418027648,0.612572798784334,33
"Training_Old","GO_BP","response to cadmium ion",-1.34877220249259,0.710788962852002,8
"Training_Old","GO_BP","regulation of synaptic vesicle endocytosis",-1.34779100114214,0.70973994508157,6
"Training_Old","GO_BP","mast cell activation involved in immune response",1.34733477649094,0.601239409030186,2
"Training_Old","GO_BP","mast cell mediated immunity",1.34733477649094,0.601239409030186,2
"Training_Old","GO_BP","mast cell degranulation",1.34733477649094,0.601239409030186,2
"Training_Old","GO_BP","mast cell activation",1.34733477649094,0.601239409030186,2
"Training_Old","GO_BP","positive regulation of alcohol biosynthetic process",1.34708738466777,0.687906066536203,6
"Training_Old","GO_BP","regulation of viral genome replication",-1.34594606604146,0.687906066536203,12
"Training_Old","GO_BP","response to potassium ion",-1.34564899337306,0.602439024390244,2
"Training_Old","GO_BP","detection of mechanical stimulus",1.34429169192338,0.688938882461521,5
"Training_Old","GO_BP","associative learning",-1.34397752529406,0.652308167361433,3
"Training_Old","GO_BP","transmission of nerve impulse",-1.34369925784869,0.70017976565729,4
"Training_Old","GO_BP","regulation of stem cell proliferation",-1.34286761285821,0.70973994508157,6
"Training_Old","GO_BP","macroautophagy",-1.34175240641106,0.531187511748435,100
"Training_Old","GO_BP","regulation of heart rate by cardiac conduction",1.34047241928715,0.70973994508157,7
"Training_Old","GO_BP","dense core granule localization",1.33998573955659,0.612572798784334,3
"Training_Old","GO_BP","regulation of DNA binding",-1.33878462735753,0.70973994508157,5
"Training_Old","GO_BP","lipid droplet organization",-1.33758729768212,0.731995854724986,9
"Training_Old","GO_BP","ubiquitin-dependent protein catabolic process via the multivesicular body sorting pathway",-1.33686219978542,0.687906066536203,15
"Training_Old","GO_BP","heart morphogenesis",-1.33682880033851,0.657027835288705,20
"Training_Old","GO_BP","response to laminar fluid shear stress",-1.33640979753931,0.718315160927427,6
"Training_Old","GO_BP","cellular response to laminar fluid shear stress",-1.33640979753931,0.718315160927427,6
"Training_Old","GO_BP","histone mRNA metabolic process",1.33636059412208,0.6130469386655,2
"Training_Old","GO_BP","histone mRNA catabolic process",1.33636059412208,0.6130469386655,2
"Training_Old","GO_BP","synaptic transmission, GABAergic",1.33554409412129,0.615486862810548,3
"Training_Old","GO_BP","polysaccharide biosynthetic process",1.33510772255574,0.687906066536203,15
"Training_Old","GO_BP","microvillus organization",1.33479438763722,0.615486862810548,3
"Training_Old","GO_BP","regulation of microvillus organization",1.33479438763722,0.615486862810548,3
"Training_Old","GO_BP","positive regulation of excitatory postsynaptic potential",-1.33446040298946,0.266411453270691,1
"Training_Old","GO_BP","protein processing",1.3340050659521,0.649170291225416,25
"Training_Old","GO_BP","peptide cross-linking",1.33279530774706,0.705056237010473,5
"Training_Old","GO_BP","cellular response to cAMP",-1.33179583731121,0.718315160927427,6
"Training_Old","GO_BP","response to X-ray",-1.33163893470441,0.674791980789635,3
"Training_Old","GO_BP","viral translation",1.33090176751119,0.718315160927427,11
"Training_Old","GO_BP","negative regulation of smooth muscle cell differentiation",-1.33066212859765,0.334294456903991,1
"Training_Old","GO_BP","regulation of calcium ion import across plasma membrane",-1.33037624926271,0.674791980789635,3
"Training_Old","GO_BP","amine metabolic process",1.32848476257989,0.70973994508157,14
"Training_Old","GO_BP","response to calcium ion",1.32688368227741,0.638488547264036,34
"Training_Old","GO_BP","DNA replication checkpoint signaling",-1.32686385420584,0.412874881974791,1
"Training_Old","GO_BP","serotonin receptor signaling pathway",-1.32623080847387,0.436484680669854,1
"Training_Old","GO_BP","membrane biogenesis",1.32588883767701,0.687906066536203,23
"Training_Old","GO_BP","membrane assembly",1.32588883767701,0.687906066536203,23
"Training_Old","GO_BP","vitamin transmembrane transport",-1.32559776274191,0.441829991697559,1
"Training_Old","GO_BP","negative regulation of muscle contraction",-1.32430184080849,0.70973994508157,7
"Training_Old","GO_BP","wound healing, spreading of epidermal cells",-1.3238342252768,0.717574569882507,4
"Training_Old","GO_BP","response to arsenic-containing substance",-1.32333806015787,0.741700738962452,9
"Training_Old","GO_BP","plasma membrane organization",1.32264258583939,0.612572798784334,37
"Training_Old","GO_BP","intracellular zinc ion homeostasis",-1.32243253408206,0.476010410475284,1
"Training_Old","GO_BP","negative regulation of lipid catabolic process",-1.32174148338077,0.612572798784334,2
"Training_Old","GO_BP","late endosome to vacuole transport via multivesicular body sorting pathway",-1.3216015699178,0.710788962852002,10
"Training_Old","GO_BP","astral microtubule organization",-1.32106175962418,0.733862212943633,6
"Training_Old","GO_BP","detoxification of copper ion",-1.32103143189111,0.612572798784334,2
"Training_Old","GO_BP","primary alcohol biosynthetic process",-1.32103143189111,0.612572798784334,2
"Training_Old","GO_BP","apoptotic DNA fragmentation",1.32096464438575,0.642318779565083,2
"Training_Old","GO_BP","apoptotic nuclear changes",1.32096464438575,0.642318779565083,2
"Training_Old","GO_BP","polyol metabolic process",-1.32026221683931,0.687906066536203,19
"Training_Old","GO_BP","reactive oxygen species metabolic process",-1.32018528298586,0.639452812340828,50
"Training_Old","GO_BP","autophagosome-lysosome fusion",-1.31965702145204,0.718315160927427,5
"Training_Old","GO_BP","regulation of transmembrane transporter activity",1.31912281814264,0.689909073865767,15
"Training_Old","GO_BP","zymosterol metabolic process",-1.31904430273874,0.68170342642923,3
"Training_Old","GO_BP","zymosterol biosynthetic process",-1.31904430273874,0.68170342642923,3
"Training_Old","GO_BP","regulation of microtubule cytoskeleton organization",-1.31878453264709,0.654075879649443,37
"Training_Old","GO_BP","nuclear migration",-1.31790627582316,0.746323051437438,8
"Training_Old","GO_BP","nucleus localization",-1.31790627582316,0.746323051437438,8
"Training_Old","GO_BP","synapse maturation",1.31787283120471,0.714676135387435,5
"Training_Old","GO_BP","regulation of cholesterol efflux",-1.31774774146211,0.739754589309418,6
"Training_Old","GO_BP","positive regulation of myeloid leukocyte cytokine production involved in immune response",-1.31725731513007,0.718315160927427,4
"Training_Old","GO_BP","myeloid leukocyte cytokine production",-1.31725731513007,0.718315160927427,4
"Training_Old","GO_BP","regulation of glial cell proliferation",-1.31554324336124,0.687906066536203,3
"Training_Old","GO_BP","negative regulation of establishment of protein localization",-1.3154930359386,0.687906066536203,19
"Training_Old","GO_BP","response to unfolded protein",1.31412491382406,0.612572798784334,40
"Training_Old","GO_BP","positive regulation of G1/S transition of mitotic cell cycle",-1.31411345912433,0.687906066536203,3
"Training_Old","GO_BP","cytokinesis",1.3131982779602,0.638488547264036,39
"Training_Old","GO_BP","osteoclast differentiation",-1.31145557372005,0.748572308863375,8
"Training_Old","GO_BP","toll-like receptor 9 signaling pathway",-1.31122005786115,0.615486862810548,2
"Training_Old","GO_BP","regulation of toll-like receptor 9 signaling pathway",-1.31122005786115,0.615486862810548,2
"Training_Old","GO_BP","positive regulation of lipid storage",-1.30984719187964,0.737548005072005,5
"Training_Old","GO_BP","eosinophil migration",1.30868682964538,0.568067226890756,1
"Training_Old","GO_BP","negative regulation of leukocyte proliferation",-1.30704809984138,0.733862212943633,4
"Training_Old","GO_BP","endocytic recycling",1.30641274076865,0.687906066536203,21
"Training_Old","GO_BP","chondrocyte proliferation",1.30616162592199,0.576186729609232,1
"Training_Old","GO_BP","platelet dense granule organization",1.3061302847836,0.678217248697665,3
"Training_Old","GO_BP","melanosome assembly",1.3061302847836,0.678217248697665,3
"Training_Old","GO_BP","response to muscle activity",-1.30580217584899,0.733862212943633,7
"Training_Old","GO_BP","negative regulation of calcium ion import",-1.30579396724629,0.733862212943633,4
"Training_Old","GO_BP","isotype switching",-1.30546448561067,0.689909073865767,3
"Training_Old","GO_BP","regulation of keratinocyte proliferation",-1.30154202492711,0.601239409030186,1
"Training_Old","GO_BP","JNK cascade",-1.30121179142879,0.70973994508157,11
"Training_Old","GO_BP","regulation of mitotic cell cycle spindle assembly checkpoint",1.3006552738538,0.733862212943633,8
"Training_Old","GO_BP","regulation of mitotic spindle checkpoint",1.3006552738538,0.733862212943633,8
"Training_Old","GO_BP","NK T cell activation",1.30029251946635,0.737997031481916,4
"Training_Old","GO_BP","negative regulation of ubiquitin-dependent protein catabolic process",1.29925318497443,0.70973994508157,18
"Training_Old","GO_BP","regulation of ubiquitin-protein transferase activity",1.29921731568268,0.601239409030186,1
"Training_Old","GO_BP","proteoglycan catabolic process",-1.29900984199923,0.60508774215159,1
"Training_Old","GO_BP","heparan sulfate proteoglycan metabolic process",-1.29900984199923,0.60508774215159,1
"Training_Old","GO_BP","negative regulation of growth",-1.2971003730857,0.712045063427505,21
"Training_Old","GO_BP","axonal fasciculation",-1.29584461333939,0.568067226890756,1
"Training_Old","GO_BP","regulation of morphogenesis of a branching structure",-1.29584461333939,0.568067226890756,1
"Training_Old","GO_BP","hepatocyte proliferation",-1.29584461333939,0.568067226890756,1
"Training_Old","GO_BP","response to iron ion",-1.29519465314706,0.750949417531728,6
"Training_Old","GO_BP","cellular response to retinoic acid",1.29470892978598,0.745139913830374,6
"Training_Old","GO_BP","protein N-linked glycosylation",-1.29441259042823,0.714676135387435,12
"Training_Old","GO_BP","quinone metabolic process",-1.29437682553837,0.731995854724986,11
"Training_Old","GO_BP","G protein-coupled acetylcholine receptor signaling pathway",-1.29369974709336,0.68170342642923,2
"Training_Old","GO_BP","regulation of action potential",1.2934326678669,0.731995854724986,12
"Training_Old","GO_BP","platelet formation",1.2912559314446,0.749230688989725,5
"Training_Old","GO_BP","platelet morphogenesis",1.2912559314446,0.749230688989725,5
"Training_Old","GO_BP","extracellular transport",-1.29078024748364,0.576186729609232,1
"Training_Old","GO_BP","sensory perception of smell",-1.29051136518397,0.718315160927427,3
"Training_Old","GO_BP","smooth muscle tissue development",-1.28958797603554,0.68170342642923,2
"Training_Old","GO_BP","stem cell proliferation",-1.28706980941695,0.750127138670103,8
"Training_Old","GO_BP","mitochondrial electron transport, cytochrome c to oxygen",1.28658034993576,0.731995854724986,16
"Training_Old","GO_BP","negative regulation of type I interferon-mediated signaling pathway",1.28532869520405,0.568067226890756,1
"Training_Old","GO_BP","negative regulation of response to biotic stimulus",1.284068227471,0.712993387692183,17
"Training_Old","GO_BP","regulation of activated T cell proliferation",-1.28353501260198,0.750949417531728,4
"Training_Old","GO_BP","activated T cell proliferation",-1.28353501260198,0.750949417531728,4
"Training_Old","GO_BP","regulation of fertilization",1.28343479241151,0.568067226890756,1
"Training_Old","GO_BP","vesicle transport along microtubule",1.28308535886415,0.750127138670103,5
"Training_Old","GO_BP","regulation of intracellular transport",1.28244990742834,0.646640969474679,65
"Training_Old","GO_BP","positive regulation of endothelial cell chemotaxis",1.28125666081635,0.686506312727381,2
"Training_Old","GO_BP","stress granule assembly",1.28106439329938,0.750949417531728,13
"Training_Old","GO_BP","tRNA wobble uridine modification",-1.27943396640026,0.687906066536203,2
"Training_Old","GO_BP","positive regulation of brown fat cell differentiation",-1.27938542430821,0.615486862810548,1
"Training_Old","GO_BP","vascular endothelial growth factor receptor signaling pathway",1.27912146377835,0.750949417531728,4
"Training_Old","GO_BP","cGAS/STING signaling pathway",1.27908611300578,0.749230688989725,6
"Training_Old","GO_BP","mitotic G2/M transition checkpoint",-1.27815355846111,0.741725431611109,3
"Training_Old","GO_BP","T cell activation involved in immune response",1.27756395185033,0.70973994508157,21
"Training_Old","GO_BP","non-canonical Wnt signaling pathway",-1.27356459914509,0.749230688989725,3
"Training_Old","GO_BP","Wnt signaling pathway, planar cell polarity pathway",-1.27356459914509,0.749230688989725,3
"Training_Old","GO_BP","regulation of translational fidelity",1.27313994983134,0.750949417531728,8
"Training_Old","GO_BP","symbiont entry into host cell",1.27313479880808,0.687906066536203,25
"Training_Old","GO_BP","establishment of protein localization to chromosome",1.27221623569803,0.749230688989725,6
"Training_Old","GO_BP","nucleosome disassembly",1.27207137565626,0.609435794114856,1
"Training_Old","GO_BP","regulation of prostaglandin biosynthetic process",-1.27197456174131,0.70973994508157,2
"Training_Old","GO_BP","positive regulation of glial cell proliferation",-1.27182793478154,0.70973994508157,2
"Training_Old","GO_BP","negative regulation of Ras protein signal transduction",-1.27125462707893,0.749230688989725,3
"Training_Old","GO_BP","intracellular cholesterol transport",1.27114697885867,0.752601085351254,10
"Training_Old","GO_BP","glial cell apoptotic process",1.27080877379457,0.612572798784334,1
"Training_Old","GO_BP","phototransduction, visible light",-1.27057293687988,0.70973994508157,2
"Training_Old","GO_BP","detection of visible light",-1.27057293687988,0.70973994508157,2
"Training_Old","GO_BP","autophagosome maturation",-1.26929889217783,0.70973994508157,19
"Training_Old","GO_BP","regulation of vacuole organization",-1.26751398366775,0.749230688989725,11
"Training_Old","GO_BP","glucocorticoid biosynthetic process",-1.26735755540081,0.678217248697665,1
"Training_Old","GO_BP","regulation of hormone biosynthetic process",-1.26735755540081,0.678217248697665,1
"Training_Old","GO_BP","positive regulation of SMAD protein signal transduction",1.26586198766618,0.714633927659193,2
"Training_Old","GO_BP","regulation of hormone levels",-1.26579597851702,0.657027835288705,63
"Training_Old","GO_BP","apoptotic mitochondrial changes",-1.26555488134494,0.748572308863375,25
"Training_Old","GO_BP","negative regulation of fibroblast proliferation",-1.26554377995377,0.750949417531728,3
"Training_Old","GO_BP","regulation of T cell differentiation in thymus",-1.26356481257277,0.70973994508157,2
"Training_Old","GO_BP","release of cytochrome c from mitochondria",-1.26113710799002,0.749230688989725,12
"Training_Old","GO_BP","relaxation of cardiac muscle",1.26111854418692,0.750949417531728,9
"Training_Old","GO_BP","regulation of DNA damage checkpoint",-1.26106861883447,0.798288012708928,5
"Training_Old","GO_BP","odontogenesis of dentin-containing tooth",1.26030005641401,0.718315160927427,3
"Training_Old","GO_BP","positive regulation of gene expression, epigenetic",1.26000334371035,0.756923422342312,6
"Training_Old","GO_BP","positive regulation of heart contraction",-1.25891141687647,0.794912711565014,6
"Training_Old","GO_BP","fibroblast migration",1.25812169188071,0.750949417531728,9
"Training_Old","GO_BP","regulation of ketone biosynthetic process",-1.25710060336303,0.794072467696756,4
"Training_Old","GO_BP","T-helper 17 cell differentiation",1.25632958919413,0.752601085351254,14
"Training_Old","GO_BP","brown fat cell differentiation",-1.25622704970088,0.794072467696756,4
"Training_Old","GO_BP","vascular process in circulatory system",-1.25607267367494,0.70973994508157,32
"Training_Old","GO_BP","positive regulation of nitric oxide biosynthetic process",-1.25452991841994,0.794072467696756,8
"Training_Old","GO_BP","negative regulation of T-helper cell differentiation",1.25415881893147,0.731584120679625,2
"Training_Old","GO_BP","positive regulation of immunoglobulin mediated immune response",-1.2534305492975,0.687906066536203,1
"Training_Old","GO_BP","positive regulation of isotype switching",-1.2534305492975,0.687906066536203,1
"Training_Old","GO_BP","negative regulation of cytoskeleton organization",1.25221688391685,0.731995854724986,29
"Training_Old","GO_BP","negative regulation of defense response to virus",1.25184000650187,0.745139913830374,3
"Training_Old","GO_BP","gas transport",-1.2515314121016,0.687906066536203,1
"Training_Old","GO_BP","protein localization to cell-cell junction",1.25093294161881,0.772835645886262,4
"Training_Old","GO_BP","cellular defense response",-1.25026532063766,0.687906066536203,1
"Training_Old","GO_BP","mesoderm development",-1.25026532063766,0.687906066536203,1
"Training_Old","GO_BP","mesoderm morphogenesis",-1.25026532063766,0.687906066536203,1
"Training_Old","GO_BP","mesodermal cell differentiation",-1.25026532063766,0.687906066536203,1
"Training_Old","GO_BP","leukocyte tethering or rolling",-1.25026532063766,0.687906066536203,1
"Training_Old","GO_BP","positive regulation of amino acid transport",-1.25026532063766,0.687906066536203,1
"Training_Old","GO_BP","regulation of blood pressure",-1.24916815657553,0.750949417531728,16
"Training_Old","GO_BP","regulation of natural killer cell mediated cytotoxicity",1.24883273862506,0.776874115983027,5
"Training_Old","GO_BP","hyperosmotic response",-1.24878319302463,0.794072467696756,8
"Training_Old","GO_BP","cellular hyperosmotic response",-1.24878319302463,0.794072467696756,8
"Training_Old","GO_BP","positive regulation of blood vessel endothelial cell migration",1.24848239889858,0.76981763208895,9
"Training_Old","GO_BP","positive regulation of DNA binding",-1.24824481684284,0.79727639093149,4
"Training_Old","GO_BP","regulation of JNK cascade",-1.24779833797804,0.76981763208895,7
"Training_Old","GO_BP","sperm flagellum assembly",-1.24726486965947,0.733862212943633,2
"Training_Old","GO_BP","regulation of cell division",1.24717850287097,0.745139913830374,19
"Training_Old","GO_BP","plasma membrane invagination",1.24668213762147,0.757776244826289,7
"Training_Old","GO_BP","positive regulation of epidermis development",1.24364951168218,0.794072467696756,5
"Training_Old","GO_BP","nitric oxide biosynthetic process",-1.24361074633859,0.765181107954545,18
"Training_Old","GO_BP","branched-chain amino acid metabolic process",-1.2424756384253,0.731584120679625,19
"Training_Old","GO_BP","positive regulation of smooth muscle cell migration",1.24222693883236,0.742634391015156,2
"Training_Old","GO_BP","membrane repolarization during cardiac muscle cell action potential",1.24205088957436,0.794072467696756,5
"Training_Old","GO_BP","negative regulation of chromosome segregation",1.24036551665244,0.76981763208895,9
"Training_Old","GO_BP","negative regulation of chromosome separation",1.24036551665244,0.76981763208895,9
"Training_Old","GO_BP","regulation of kidney development",-1.24006568493487,0.741725431611109,2
"Training_Old","GO_BP","negative regulation of protein catabolic process",1.23992112057041,0.748572308863375,30
"Training_Old","GO_BP","positive regulation of smooth muscle contraction",1.23987502818308,0.718256159681203,1
"Training_Old","GO_BP","RNA capping",1.23821509902843,0.748572308863375,2
"Training_Old","GO_BP","cellular response to nutrient",-1.23725952768568,0.802838223980657,4
"Training_Old","GO_BP","atrial cardiac muscle cell action potential",1.23698928948639,0.748572308863375,2
"Training_Old","GO_BP","regulation of generation of precursor metabolites and energy",1.23634878030822,0.72270805304632,33
"Training_Old","GO_BP","glycosphingolipid catabolic process",-1.23507222307042,0.714010418097095,1
"Training_Old","GO_BP","regulation of autophagosome maturation",-1.23450445829779,0.748572308863375,2
"Training_Old","GO_BP","ubiquinone biosynthetic process",-1.23384951034259,0.76981763208895,10
"Training_Old","GO_BP","regulation of lipoprotein metabolic process",-1.23352508333158,0.789532115331549,3
"Training_Old","GO_BP","clathrin coat assembly",1.23323801721807,0.801092714598885,5
"Training_Old","GO_BP","olefinic compound metabolic process",-1.23273008778877,0.766841186736475,25
"Training_Old","GO_BP","regulation of postsynapse organization",-1.23190705589666,0.750949417531728,17
"Training_Old","GO_BP","deoxyribose phosphate biosynthetic process",1.23164659815971,0.794072467696756,4
"Training_Old","GO_BP","mRNA 3'-end processing",1.22960472982066,0.750949417531728,2
"Training_Old","GO_BP","lung alveolus development",-1.2293748114827,0.731995854724986,1
"Training_Old","GO_BP","nerve development",-1.22922500346791,0.750949417531728,2
"Training_Old","GO_BP","microtubule polymerization or depolymerization",-1.22796926319228,0.748572308863375,24
"Training_Old","GO_BP","endosome organization",-1.22777398382175,0.749230688989725,29
"Training_Old","GO_BP","sodium ion transmembrane transport",1.22678920473884,0.76981763208895,14
"Training_Old","GO_BP","positive regulation of cellular respiration",-1.22666981224102,0.794975598592203,3
"Training_Old","GO_BP","negative regulation of phosphorylation",-1.22565713710138,0.746636633966589,20
"Training_Old","GO_BP","xenobiotic transmembrane transport",-1.22367739989499,0.733862212943633,1
"Training_Old","GO_BP","xenobiotic transport",-1.22367739989499,0.733862212943633,1
"Training_Old","GO_BP","nutrient storage",-1.22313710596355,0.802838223980657,8
"Training_Old","GO_BP","cognition",-1.22212868874254,0.748572308863375,19
"Training_Old","GO_BP","lamellipodium morphogenesis",1.22208349111022,0.76981763208895,2
"Training_Old","GO_BP","lymphocyte homeostasis",1.22112289850748,0.76981763208895,14
"Training_Old","GO_BP","negative regulation of cell projection organization",-1.22028423323683,0.76981763208895,17
"Training_Old","GO_BP","import across plasma membrane",-1.2198699887692,0.749230688989725,29
"Training_Old","GO_BP","lactation",-1.21915077698398,0.800195843987575,3
"Training_Old","GO_BP","negative regulation of protein-containing complex assembly",1.21822357547804,0.749230688989725,39
"Training_Old","GO_BP","regulation of appetite",-1.2166934215208,0.802838223980657,3
"Training_Old","GO_BP","protein targeting to lysosome",-1.21641269291153,0.804495967561871,7
"Training_Old","GO_BP","regulation of polysaccharide biosynthetic process",1.21602468962151,0.794912711565014,8
"Training_Old","GO_BP","vesicle docking involved in exocytosis",1.2146031578625,0.781376830410185,2
"Training_Old","GO_BP","cellular response to zinc ion",-1.21427686619954,0.802838223980657,3
"Training_Old","GO_BP","multicellular organismal-level iron ion homeostasis",-1.21322012078893,0.804911664476209,3
"Training_Old","GO_BP","calcium-dependent cell-cell adhesion",-1.21291562245152,0.749230688989725,1
"Training_Old","GO_BP","positive regulation of positive chemotaxis",-1.21291562245152,0.749230688989725,1
"Training_Old","GO_BP","peroxisomal membrane transport",1.21272908815667,0.750949417531728,1
"Training_Old","GO_BP","protein import into peroxisome matrix",1.21272908815667,0.750949417531728,1
"Training_Old","GO_BP","protein transmembrane import into intracellular organelle",1.21272908815667,0.750949417531728,1
"Training_Old","GO_BP","protein localization to peroxisome",1.21272908815667,0.750949417531728,1
"Training_Old","GO_BP","mitochondrial gene expression",1.2122734517046,0.731995854724986,47
"Training_Old","GO_BP","endocrine process",-1.21166977048443,0.806849818151663,7
"Training_Old","GO_BP","chromosome separation",1.21156722990534,0.794072467696756,12
"Training_Old","GO_BP","regulation of cilium assembly",-1.21130778423445,0.793972299168975,12
"Training_Old","GO_BP","G protein-coupled receptor internalization",-1.21038343952365,0.750127138670103,1
"Training_Old","GO_BP","regulation of microtubule polymerization",-1.2089170546716,0.76981763208895,17
"Training_Old","GO_BP","positive regulation of dendrite extension",-1.20848430232775,0.750949417531728,1
"Training_Old","GO_BP","mitotic cytokinetic process",1.20807532479783,0.794912711565014,14
"Training_Old","GO_BP","carbohydrate catabolic process",1.20784906095142,0.745139913830374,51
"Training_Old","GO_BP","cardiac muscle cell contraction",1.20521878168122,0.776448675496689,18
"Training_Old","GO_BP","negative regulation of gluconeogenesis",-1.2014138061909,0.801092714598885,2
"Training_Old","GO_BP","developmental growth involved in morphogenesis",-1.2010738429987,0.776874115983027,24
"Training_Old","GO_BP","regulation of T-helper 17 cell lineage commitment",1.19949256450693,0.794072467696756,2
"Training_Old","GO_BP","NAD+ metabolic process",-1.19907461264233,0.798288012708928,16
"Training_Old","GO_BP","membrane depolarization",1.19797845518436,0.79727639093149,17
"Training_Old","GO_BP","pyruvate metabolic process",1.1967930978953,0.750127138670103,45
"Training_Old","GO_BP","angiogenesis involved in wound healing",-1.19645643342035,0.76981763208895,1
"Training_Old","GO_BP","response to cholesterol",-1.19645643342035,0.76981763208895,1
"Training_Old","GO_BP","cellular response to cholesterol",-1.19645643342035,0.76981763208895,1
"Training_Old","GO_BP","bicellular tight junction assembly",1.19625277570127,0.802838223980657,7
"Training_Old","GO_BP","RNA destabilization",-1.19511036370859,0.76981763208895,19
"Training_Old","GO_BP","mRNA destabilization",-1.19511036370859,0.76981763208895,19
"Training_Old","GO_BP","regulation of cell junction assembly",-1.19506877638708,0.770389571100507,32
"Training_Old","GO_BP","viral genome replication",-1.19497035035482,0.800195843987575,18
"Training_Old","GO_BP","positive regulation of cation channel activity",1.19488091892571,0.804777557344951,6
"Training_Old","GO_BP","plasma membrane repair",1.19153940740673,0.802838223980657,15
"Training_Old","GO_BP","antifungal innate immune response",1.19077701913869,0.802838223980657,2
"Training_Old","GO_BP","regulation of angiogenesis",-1.19044752018031,0.745139913830374,41
"Training_Old","GO_BP","fluid transport",1.18873965278449,0.785522506010569,1
"Training_Old","GO_BP","cell junction assembly",-1.18809383116751,0.749230688989725,59
"Training_Old","GO_BP","Rac protein signal transduction",-1.18735617929854,0.802838223980657,10
"Training_Old","GO_BP","postsynaptic neurotransmitter receptor internalization",1.18716343389935,0.80712711241734,7
"Training_Old","GO_BP","postsynaptic endocytosis",1.18716343389935,0.80712711241734,7
"Training_Old","GO_BP","musculoskeletal movement",-1.18706114593495,0.750949417531728,30
"Training_Old","GO_BP","epidermal growth factor receptor signaling pathway",1.1826905070152,0.802838223980657,17
"Training_Old","GO_BP","regulation of microtubule-based process",-1.18110835966674,0.765827779054624,46
"Training_Old","GO_BP","aortic valve morphogenesis",-1.17999724438917,0.800195843987575,1
"Training_Old","GO_BP","osteoblast proliferation",-1.17999724438917,0.800195843987575,1
"Training_Old","GO_BP","regulation of osteoblast proliferation",-1.17999724438917,0.800195843987575,1
"Training_Old","GO_BP","negative regulation of cell migration involved in sprouting angiogenesis",-1.17999724438917,0.800195843987575,1
"Training_Old","GO_BP","positive regulation of leukocyte adhesion to vascular endothelial cell",-1.17999724438917,0.800195843987575,1
"Training_Old","GO_BP","organophosphate catabolic process",1.17839720124341,0.746636633966589,64
"Training_Old","GO_BP","host-mediated activation of viral transcription",-1.17809810719326,0.801092714598885,1
"Training_Old","GO_BP","vacuole organization",-1.17809208251908,0.76981763208895,43
"Training_Old","GO_BP","thyroid hormone generation",1.17485103230586,0.794975598592203,1
"Training_Old","GO_BP","cell volume homeostasis",-1.17050155840964,0.802838223980657,1
"Training_Old","GO_BP","cellular response to chemical stress",-1.16995104792224,0.750949417531728,68
"Training_Old","GO_BP","positive regulation of secretion by cell",-1.16908665895609,0.776874115983027,43
"Training_Old","GO_BP","blood circulation",-1.16241363687922,0.748572308863375,85
"Training_Old","GO_BP","glucose homeostasis",-1.15618148929458,0.794912711565014,43
"Training_Old","GO_BP","terpenoid metabolic process",-1.15266371191317,0.804777557344951,20
"Training_Old","GO_BP","negative regulation of response to external stimulus",-1.14954897503713,0.806849818151663,42
"Training_Old","GO_BP","response to virus",1.13804588666105,0.801092714598885,48
"Training_Old","GO_BP","ribose phosphate metabolic process",1.11736043700784,0.800195843987575,151
"Training_Old","GO_BP",NA,NA,NA,NA
"Training_Old","GO_BP",NA,NA,NA,NA
"Training_Old","GO_BP",NA,NA,NA,NA
"Training_Old","GO_BP",NA,NA,NA,NA
"Training_Old","GO_BP",NA,NA,NA,NA
"Training_Old","GO_BP",NA,NA,NA,NA
"Training_Old","GO_BP",NA,NA,NA,NA
"Training_Old","GO_BP",NA,NA,NA,NA
"Training_Old","GO_BP",NA,NA,NA,NA
"Training_Old","GO_BP",NA,NA,NA,NA
"Training_Old","GO_BP",NA,NA,NA,NA
"Training_Old","GO_BP",NA,NA,NA,NA
"Training_Old","GO_BP",NA,NA,NA,NA
"Training_Old","GO_BP",NA,NA,NA,NA
"Training_Old","GO_BP",NA,NA,NA,NA
"Training_Old","GO_BP",NA,NA,NA,NA
"Training_Old","GO_BP",NA,NA,NA,NA
"Training_Old","GO_BP",NA,NA,NA,NA
"Training_Old","GO_BP",NA,NA,NA,NA
"Training_Old","GO_BP",NA,NA,NA,NA
"Training_Old","GO_BP",NA,NA,NA,NA
"Training_Old","GO_BP",NA,NA,NA,NA
"Training_Old","GO_BP",NA,NA,NA,NA
"Training_Old","GO_BP",NA,NA,NA,NA
"Training_Old","GO_BP",NA,NA,NA,NA
"Training_Old","GO_BP",NA,NA,NA,NA
"Training_Old","GO_BP",NA,NA,NA,NA
"Training_Old","GO_BP",NA,NA,NA,NA
"Training_Old","GO_BP",NA,NA,NA,NA
"Training_Old","GO_BP",NA,NA,NA,NA
"Training_Old","GO_BP",NA,NA,NA,NA
"Training_Old","GO_BP",NA,NA,NA,NA
"Training_Old","GO_BP",NA,NA,NA,NA
"Training_Old","GO_BP",NA,NA,NA,NA
"Training_Old","GO_BP",NA,NA,NA,NA
"Training_Old","GO_BP",NA,NA,NA,NA
"Training_Old","GO_BP",NA,NA,NA,NA
"Training_Old","GO_BP",NA,NA,NA,NA
"Training_Old","GO_BP",NA,NA,NA,NA
"Training_Old","GO_BP",NA,NA,NA,NA
"Training_Old","GO_BP",NA,NA,NA,NA
"Training_Old","GO_BP",NA,NA,NA,NA
"Training_Old","GO_BP",NA,NA,NA,NA
"Training_Old","GO_BP",NA,NA,NA,NA
"Training_Old","GO_BP",NA,NA,NA,NA
"Training_Old","GO_BP",NA,NA,NA,NA
"Training_Old","GO_BP",NA,NA,NA,NA
"Training_Old","GO_BP",NA,NA,NA,NA
"Training_Old","GO_BP",NA,NA,NA,NA
"Training_Old","GO_BP",NA,NA,NA,NA
"Training_Old","GO_BP",NA,NA,NA,NA
"Training_Old","GO_BP",NA,NA,NA,NA
"Training_Old","GO_BP",NA,NA,NA,NA
"Training_Old","GO_BP",NA,NA,NA,NA
"Training_Old","GO_BP",NA,NA,NA,NA
"Training_Old","GO_BP",NA,NA,NA,NA
"Training_Old","GO_BP",NA,NA,NA,NA
"Training_Old","GO_BP",NA,NA,NA,NA
"Training_Old","GO_BP",NA,NA,NA,NA
"Training_Old","GO_BP",NA,NA,NA,NA
"Training_Old","GO_BP",NA,NA,NA,NA
"Training_Old","GO_BP",NA,NA,NA,NA
"Training_Old","GO_BP",NA,NA,NA,NA
"Training_Old","GO_BP",NA,NA,NA,NA
"Training_Old","GO_BP",NA,NA,NA,NA
"Training_Old","GO_BP",NA,NA,NA,NA
"Training_Old","GO_BP",NA,NA,NA,NA
"Training_Old","GO_BP",NA,NA,NA,NA
"Training_Old","GO_BP",NA,NA,NA,NA
"Training_Old","GO_BP",NA,NA,NA,NA
"Training_Old","GO_BP",NA,NA,NA,NA
"Training_Old","GO_BP",NA,NA,NA,NA
"Training_Old","GO_BP",NA,NA,NA,NA
"Training_Old","GO_BP",NA,NA,NA,NA
"Training_Old","GO_BP",NA,NA,NA,NA
"Training_Old","GO_BP",NA,NA,NA,NA
"Training_Old","GO_BP",NA,NA,NA,NA
"Training_Old","GO_BP",NA,NA,NA,NA
"Training_Old","GO_BP",NA,NA,NA,NA
"Training_Old","GO_BP",NA,NA,NA,NA
"Training_Old","GO_BP",NA,NA,NA,NA
"Training_Old","GO_BP",NA,NA,NA,NA
"Training_Old","GO_BP",NA,NA,NA,NA
"Training_Old","GO_BP",NA,NA,NA,NA
"Training_Old","GO_BP",NA,NA,NA,NA
"Training_Old","GO_BP",NA,NA,NA,NA
"Training_Old","GO_BP",NA,NA,NA,NA
"Training_Old","GO_BP",NA,NA,NA,NA
"Training_Old","GO_BP",NA,NA,NA,NA
"Training_Old","GO_BP",NA,NA,NA,NA
"Training_Old","GO_BP",NA,NA,NA,NA
"Training_Old","GO_BP",NA,NA,NA,NA
"Training_Old","GO_BP",NA,NA,NA,NA
"Training_Old","GO_BP",NA,NA,NA,NA
"Training_Old","GO_BP",NA,NA,NA,NA
"Training_Old","GO_BP",NA,NA,NA,NA
"Training_Old","GO_BP",NA,NA,NA,NA
"Training_Old","GO_BP",NA,NA,NA,NA
"Training_Old","GO_BP",NA,NA,NA,NA
"Training_Old","GO_BP",NA,NA,NA,NA
"Training_Old","GO_BP",NA,NA,NA,NA
"Training_Old","GO_BP",NA,NA,NA,NA
"Training_Old","GO_BP",NA,NA,NA,NA
"Training_Old","GO_BP",NA,NA,NA,NA
"Training_Old","GO_BP",NA,NA,NA,NA
"Training_Old","GO_BP",NA,NA,NA,NA
"Training_Old","GO_BP",NA,NA,NA,NA
"Training_Old","GO_BP",NA,NA,NA,NA
"Training_Old","GO_BP",NA,NA,NA,NA
"Training_Old","GO_BP",NA,NA,NA,NA
"Training_Old","GO_BP",NA,NA,NA,NA
"Training_Old","GO_BP",NA,NA,NA,NA
"Training_Old","GO_BP",NA,NA,NA,NA
"Training_Old","GO_BP",NA,NA,NA,NA
"Training_Old","GO_BP",NA,NA,NA,NA
"Training_Old","GO_BP",NA,NA,NA,NA
"Training_Old","GO_BP",NA,NA,NA,NA
"Training_Old","GO_BP",NA,NA,NA,NA
"Training_Old","GO_BP",NA,NA,NA,NA
"Training_Old","GO_BP",NA,NA,NA,NA
"Training_Old","GO_BP",NA,NA,NA,NA
"Training_Old","GO_BP",NA,NA,NA,NA
"Training_Old","GO_BP",NA,NA,NA,NA
"Training_Old","GO_BP",NA,NA,NA,NA
"Training_Old","GO_BP",NA,NA,NA,NA
"Training_Old","GO_BP",NA,NA,NA,NA
"Training_Old","GO_BP",NA,NA,NA,NA
"Training_Old","GO_BP",NA,NA,NA,NA
"Training_Old","GO_BP",NA,NA,NA,NA
"Training_Old","GO_BP",NA,NA,NA,NA
"Training_Old","GO_BP",NA,NA,NA,NA
"Training_Old","GO_BP",NA,NA,NA,NA
"Training_Old","GO_BP",NA,NA,NA,NA
"Training_Old","GO_BP",NA,NA,NA,NA
"Training_Old","GO_BP",NA,NA,NA,NA
"Training_Old","GO_BP",NA,NA,NA,NA
"Training_Old","GO_BP",NA,NA,NA,NA
"Training_Old","GO_BP",NA,NA,NA,NA
"Training_Old","GO_BP",NA,NA,NA,NA
"Training_Old","GO_BP",NA,NA,NA,NA
"Training_Old","GO_BP",NA,NA,NA,NA
"Training_Old","GO_BP",NA,NA,NA,NA
"Training_Old","GO_BP",NA,NA,NA,NA
"Training_Old","GO_BP",NA,NA,NA,NA
"Training_Old","GO_BP",NA,NA,NA,NA
"Training_Old","GO_BP",NA,NA,NA,NA
"Training_Old","GO_BP",NA,NA,NA,NA
"Training_Old","GO_BP",NA,NA,NA,NA
"Training_Old","GO_BP",NA,NA,NA,NA
"Training_Old","GO_BP",NA,NA,NA,NA
"Training_Old","GO_BP",NA,NA,NA,NA
"Training_Old","GO_BP",NA,NA,NA,NA
"Training_Old","GO_BP",NA,NA,NA,NA
"Training_Old","GO_BP",NA,NA,NA,NA
"Training_Old","GO_BP",NA,NA,NA,NA
"Training_Old","GO_BP",NA,NA,NA,NA
"Training_Old","GO_BP",NA,NA,NA,NA
"Training_Old","GO_BP",NA,NA,NA,NA
"Training_Old","GO_BP",NA,NA,NA,NA
"Training_Old","GO_BP",NA,NA,NA,NA
"Training_Old","GO_BP",NA,NA,NA,NA
"Training_Old","GO_BP",NA,NA,NA,NA
"Training_Old","GO_BP",NA,NA,NA,NA
"Training_Old","GO_BP",NA,NA,NA,NA
"Training_Old","GO_BP",NA,NA,NA,NA
"Training_Old","GO_BP",NA,NA,NA,NA
"Training_Old","GO_BP",NA,NA,NA,NA
"Training_Old","GO_BP",NA,NA,NA,NA
"Training_Old","GO_BP",NA,NA,NA,NA
"Training_Old","GO_BP",NA,NA,NA,NA
"Training_Old","GO_BP",NA,NA,NA,NA
"Training_Old","GO_BP",NA,NA,NA,NA
"Training_Old","GO_BP",NA,NA,NA,NA
"Training_Old","GO_BP",NA,NA,NA,NA
"Training_Old","GO_BP",NA,NA,NA,NA
"Training_Old","GO_BP",NA,NA,NA,NA
"Training_Old","GO_BP",NA,NA,NA,NA
"Training_Old","GO_BP",NA,NA,NA,NA
"Training_Old","GO_BP",NA,NA,NA,NA
"Training_Old","GO_BP",NA,NA,NA,NA
"Training_Old","GO_BP",NA,NA,NA,NA
"Training_Old","GO_BP",NA,NA,NA,NA
"Training_Old","GO_BP",NA,NA,NA,NA
"Training_Old","GO_BP",NA,NA,NA,NA
"Training_Old","GO_BP",NA,NA,NA,NA
"Training_Old","GO_BP",NA,NA,NA,NA
"Training_Old","GO_BP",NA,NA,NA,NA
"Training_Old","GO_BP",NA,NA,NA,NA
"Training_Old","GO_BP",NA,NA,NA,NA
"Training_Old","GO_BP",NA,NA,NA,NA
"Training_Old","GO_BP",NA,NA,NA,NA
"Training_Old","GO_BP",NA,NA,NA,NA
"Training_Old","GO_BP",NA,NA,NA,NA
"Training_Old","GO_BP",NA,NA,NA,NA
"Training_Old","GO_BP",NA,NA,NA,NA
"Training_Old","GO_BP",NA,NA,NA,NA
"Training_Old","GO_BP",NA,NA,NA,NA
"Training_Old","GO_BP",NA,NA,NA,NA
"Training_Old","GO_BP",NA,NA,NA,NA
"Training_Old","GO_BP",NA,NA,NA,NA
"Training_Old","GO_BP",NA,NA,NA,NA
"Training_Old","GO_BP",NA,NA,NA,NA
"Training_Old","GO_BP",NA,NA,NA,NA
"Training_Old","GO_BP",NA,NA,NA,NA
"Training_Old","GO_BP",NA,NA,NA,NA
"Training_Old","GO_BP",NA,NA,NA,NA
"Training_Old","GO_BP",NA,NA,NA,NA
"Training_Old","GO_BP",NA,NA,NA,NA
"Training_Old","GO_BP",NA,NA,NA,NA
"Training_Old","GO_BP",NA,NA,NA,NA
"Training_Old","GO_BP",NA,NA,NA,NA
"Training_Old","GO_BP",NA,NA,NA,NA
"Training_Old","GO_BP",NA,NA,NA,NA
"Training_Old","GO_BP",NA,NA,NA,NA
"Training_Old","GO_BP",NA,NA,NA,NA
"Training_Old","GO_BP",NA,NA,NA,NA
"Training_Old","GO_BP",NA,NA,NA,NA
"Training_Old","GO_BP",NA,NA,NA,NA
"Training_Old","GO_BP",NA,NA,NA,NA
"Training_Old","GO_BP",NA,NA,NA,NA
"Training_Old","GO_BP",NA,NA,NA,NA
"Training_Old","GO_BP",NA,NA,NA,NA
"Training_Old","GO_BP",NA,NA,NA,NA
"Training_Old","GO_BP",NA,NA,NA,NA
"Training_Old","GO_BP",NA,NA,NA,NA
"Training_Old","GO_BP",NA,NA,NA,NA
"Training_Old","GO_BP",NA,NA,NA,NA
"Training_Old","GO_BP",NA,NA,NA,NA
"Training_Old","GO_BP",NA,NA,NA,NA
"Training_Old","GO_BP",NA,NA,NA,NA
"Training_Old","GO_BP",NA,NA,NA,NA
"Training_Old","GO_BP",NA,NA,NA,NA
"Training_Old","GO_BP",NA,NA,NA,NA
"Training_Old","GO_BP",NA,NA,NA,NA
"Training_Old","GO_BP",NA,NA,NA,NA
"Training_Old","GO_BP",NA,NA,NA,NA
"Training_Old","GO_BP",NA,NA,NA,NA
"Training_Old","GO_BP",NA,NA,NA,NA
"Training_Old","GO_BP",NA,NA,NA,NA
"Training_Old","GO_BP",NA,NA,NA,NA
"Training_Old","GO_BP",NA,NA,NA,NA
"Training_Old","GO_BP",NA,NA,NA,NA
"Training_Old","GO_BP",NA,NA,NA,NA
"Training_Old","GO_BP",NA,NA,NA,NA
"Training_Old","GO_BP",NA,NA,NA,NA
"Training_Old","GO_BP",NA,NA,NA,NA
"Training_Old","GO_BP",NA,NA,NA,NA
"Training_Old","GO_BP",NA,NA,NA,NA
"Training_Old","GO_BP",NA,NA,NA,NA
"Training_Old","GO_BP",NA,NA,NA,NA
"Training_Old","GO_BP",NA,NA,NA,NA
"Training_Old","GO_BP",NA,NA,NA,NA
"Training_Old","GO_BP",NA,NA,NA,NA
"Training_Old","GO_BP",NA,NA,NA,NA
"Training_Old","GO_BP",NA,NA,NA,NA
"Training_Old","GO_BP",NA,NA,NA,NA
"Training_Old","GO_BP",NA,NA,NA,NA
"Training_Old","GO_BP",NA,NA,NA,NA
"Training_Old","GO_BP",NA,NA,NA,NA
"Training_Old","GO_BP",NA,NA,NA,NA
"Training_Old","GO_BP",NA,NA,NA,NA
"Training_Old","GO_BP",NA,NA,NA,NA
"Training_Old","GO_BP",NA,NA,NA,NA
"Training_Old","GO_BP",NA,NA,NA,NA
"Training_Old","GO_BP",NA,NA,NA,NA
"Training_Old","GO_BP",NA,NA,NA,NA
"Training_Old","GO_BP",NA,NA,NA,NA
"Training_Old","GO_BP",NA,NA,NA,NA
"Training_Old","GO_BP",NA,NA,NA,NA
"Training_Old","GO_BP",NA,NA,NA,NA
"Training_Old","GO_BP",NA,NA,NA,NA
"Training_Old","GO_BP",NA,NA,NA,NA
"Training_Old","GO_BP",NA,NA,NA,NA
"Training_Old","GO_BP",NA,NA,NA,NA
"Training_Old","GO_BP",NA,NA,NA,NA
"Training_Old","GO_BP",NA,NA,NA,NA
"Training_Old","GO_BP",NA,NA,NA,NA
"Training_Old","GO_BP",NA,NA,NA,NA
"Training_Old","GO_BP",NA,NA,NA,NA
"Training_Old","GO_BP",NA,NA,NA,NA
"Training_Old","GO_BP",NA,NA,NA,NA
"Training_Old","GO_BP",NA,NA,NA,NA
"Training_Old","GO_BP",NA,NA,NA,NA
"Training_Old","GO_BP",NA,NA,NA,NA
"Training_Old","GO_BP",NA,NA,NA,NA
"Training_Old","GO_BP",NA,NA,NA,NA
"Training_Old","GO_BP",NA,NA,NA,NA
"Training_Old","GO_BP",NA,NA,NA,NA
"Training_Old","GO_BP",NA,NA,NA,NA
"Training_Old","GO_BP",NA,NA,NA,NA
"Training_Old","GO_BP",NA,NA,NA,NA
"Training_Old","GO_BP",NA,NA,NA,NA
"Training_Old","GO_BP",NA,NA,NA,NA
"Training_Old","GO_BP",NA,NA,NA,NA
"Training_Old","GO_BP",NA,NA,NA,NA
"Training_Old","GO_BP",NA,NA,NA,NA
"Training_Old","GO_BP",NA,NA,NA,NA
"Training_Old","GO_BP",NA,NA,NA,NA
"Training_Old","GO_BP",NA,NA,NA,NA
"Training_Old","GO_BP",NA,NA,NA,NA
"Training_Old","GO_BP",NA,NA,NA,NA
"Training_Old","GO_BP",NA,NA,NA,NA
"Training_Old","GO_BP",NA,NA,NA,NA
"Training_Old","GO_CC","small ribosomal subunit",2.47740322266378,1.79577644447874e-08,39
"Training_Old","GO_CC","cell-substrate junction",2.08506512821479,5.60338426891504e-08,186
"Training_Old","GO_CC","neuromuscular junction",-2.02581557953819,0.00195390926964795,26
"Training_Old","GO_CC","small-subunit processome",2.01643165721132,0.00358956219551997,24
"Training_Old","GO_CC","cell cortex",1.96309192867457,0.000431640094016831,88
"Training_Old","GO_CC","transferase complex, transferring phosphorus-containing groups",1.92582360864677,0.0287166727988773,19
"Training_Old","GO_CC","cortical cytoskeleton",1.87739027090494,0.0165772565817251,41
"Training_Old","GO_CC","dystrophin-associated glycoprotein complex",-1.86544644345491,0.0101843759423121,13
"Training_Old","GO_CC","glycoprotein complex",-1.86544644345491,0.0101843759423121,13
"Training_Old","GO_CC","protein folding chaperone complex",1.85230464789229,0.0287166727988773,20
"Training_Old","GO_CC","plasma membrane signaling receptor complex",-1.70317494086581,0.15216403239712,6
"Training_Old","GO_CC","growth cone",1.69950566498173,0.123190251315004,26
"Training_Old","GO_CC","site of polarized growth",1.69950566498173,0.123190251315004,26
"Training_Old","GO_CC","extrinsic component of plasma membrane",-1.68602760762441,0.166013847502318,16
"Training_Old","GO_CC","ruffle",1.68553365158946,0.0725137873267082,45
"Training_Old","GO_CC","extrinsic component of cytoplasmic side of plasma membrane",-1.64641393628067,0.123190251315004,7
"Training_Old","GO_CC","microtubule",1.63529544023431,0.0630640550931685,83
"Training_Old","GO_CC","Golgi-associated vesicle membrane",1.63325184694022,0.217215511585486,13
"Training_Old","GO_CC","postsynaptic specialization",1.61797375951174,0.123190251315004,51
"Training_Old","GO_CC","GTPase complex",-1.61345860147402,0.242102526046266,6
"Training_Old","GO_CC","basolateral plasma membrane",1.59809395112214,0.226493754834582,30
"Training_Old","GO_CC","extrinsic component of membrane",-1.59175321427374,0.217215511585486,28
"Training_Old","GO_CC","microtubule associated complex",1.58780855379106,0.242102526046266,26
"Training_Old","GO_CC","secretory granule lumen",1.57730203203914,0.0486347769335363,120
"Training_Old","GO_CC","rough endoplasmic reticulum",1.57470821394954,0.242102526046266,20
"Training_Old","GO_CC","A band",1.5724847427361,0.23557975034488,30
"Training_Old","GO_CC","actin filament",1.56951579890609,0.165322522260764,35
"Training_Old","GO_CC","clathrin coat",1.56940670427713,0.242102526046266,11
"Training_Old","GO_CC","endoplasmic reticulum tubular network",-1.5565778103739,0.317835523644589,10
"Training_Old","GO_CC","uropod",1.54111969409895,0.266826324575417,6
"Training_Old","GO_CC","cell trailing edge",1.54111969409895,0.266826324575417,6
"Training_Old","GO_CC","filopodium membrane",-1.53406334168117,0.266826324575417,3
"Training_Old","GO_CC","actin filament bundle",1.53174402699524,0.225858569085083,45
"Training_Old","GO_CC","clathrin vesicle coat",1.53089653767229,0.274805717705702,9
"Training_Old","GO_CC","cytochrome complex",1.52385646999822,0.26710624639244,25
"Training_Old","GO_CC","pseudopodium",1.51991070873924,0.282855451211908,11
"Training_Old","GO_CC","cornified envelope",1.51270321582804,0.326190476190476,12
"Training_Old","GO_CC","synaptic vesicle membrane",-1.5081514737038,0.275173436061978,21
"Training_Old","GO_CC","myosin filament",1.50207192239901,0.282855451211908,16
"Training_Old","GO_CC","photoreceptor inner segment",1.49500888263848,0.326190476190476,8
"Training_Old","GO_CC","microvillus",1.4932915804909,0.359465921834994,11
"Training_Old","GO_CC","cytoplasmic ribonucleoprotein granule",1.48228770660413,0.264891725374897,56
"Training_Old","GO_CC","outer membrane",-1.4820128560669,0.15216403239712,78
"Training_Old","GO_CC","organelle outer membrane",-1.4820128560669,0.15216403239712,78
"Training_Old","GO_CC","proteasome accessory complex",1.47557695958745,0.282855451211908,22
"Training_Old","GO_CC","gel phase of interstitial matrix",-1.47000184967541,0.434264150943396,5
"Training_Old","GO_CC","clathrin-coated pit",1.46757789839271,0.317835523644589,16
"Training_Old","GO_CC","intercellular bridge",1.46214654856042,0.387416048073524,12
"Training_Old","GO_CC","other organism part",1.45074133848697,0.282855451211908,3
"Training_Old","GO_CC","cell leading edge",1.44503790874206,0.217215511585486,84
"Training_Old","GO_CC","microfibril",-1.44394876595596,0.41642109165045,10
"Training_Old","GO_CC","pore complex",-1.4382210819272,0.43306990881459,8
"Training_Old","GO_CC","acrosomal membrane",1.43496701489748,0.35541554711387,5
"Training_Old","GO_CC","terminal bouton",-1.42392408302291,0.436716655799464,3
"Training_Old","GO_CC","asymmetric synapse",1.39339333341626,0.291816487331591,53
"Training_Old","GO_CC","endoplasmic reticulum lumen",1.38909847026594,0.292865296230416,70
"Training_Old","GO_CC","clathrin coat of coated pit",1.38307664328512,0.477061025507095,7
"Training_Old","GO_CC","ubiquitin ligase complex",-1.37815534122584,0.403789473684211,31
"Training_Old","GO_CC","ESCRT complex",-1.37781911639057,0.477061025507095,12
"Training_Old","GO_CC","melanosome",1.36799336507147,0.41642109165045,54
"Training_Old","GO_CC","dendritic shaft",1.36696815701703,0.4496709353688,3
"Training_Old","GO_CC","sperm principal piece",1.36586996437108,0.444739560277409,5
"Training_Old","GO_CC","ciliary tip",1.36435985972435,0.493226751281425,7
"Training_Old","GO_CC","protein complex involved in cell adhesion",-1.35855156307414,0.292865296230416,2
"Training_Old","GO_CC","exoribonuclease complex",-1.35327460809696,0.553943665819742,3
"Training_Old","GO_CC","node of Ranvier",-1.3531597317783,0.553943665819742,3
"Training_Old","GO_CC","postsynaptic cytoskeleton",1.35228130477039,0.477061025507095,4
"Training_Old","GO_CC","postsynaptic membrane",-1.35134066410224,0.477061025507095,18
"Training_Old","GO_CC","coated membrane",1.34754654122085,0.477061025507095,24
"Training_Old","GO_CC","brush border",1.34483024722666,0.431214494088746,22
"Training_Old","GO_CC","endolysosome",1.3441642908932,0.477061025507095,5
"Training_Old","GO_CC","RNA polymerase II transcription regulator complex",-1.34042034483659,0.493226751281425,8
"Training_Old","GO_CC","specialized extracellular matrix",-1.33887243988463,0.15216403239712,1
"Training_Old","GO_CC","cis-Golgi network",-1.33540023828005,0.553943665819742,6
"Training_Old","GO_CC","phagocytic vesicle membrane",-1.33307375629691,0.493226751281425,14
"Training_Old","GO_CC","basal part of cell",1.3012653400396,0.477061025507095,34
"Training_Old","GO_CC","adherens junction",1.3012098181459,0.477061025507095,38
"Training_Old","GO_CC","trans-Golgi network transport vesicle",1.30065769460024,0.582171504965623,12
"Training_Old","GO_CC","inhibitory synapse",-1.30008225529627,0.492891294399823,2
"Training_Old","GO_CC","respiratory chain complex IV",1.29459330455089,0.54354840734742,15
"Training_Old","GO_CC","perikaryon",1.29260366002083,0.553943665819742,14
"Training_Old","GO_CC","blood microparticle",1.2799468067448,0.553908355795148,25
"Training_Old","GO_CC","proton-transporting two-sector ATPase complex",-1.27709625175204,0.553943665819742,20
"Training_Old","GO_CC","cell division site",-1.27478243965157,0.553943665819742,15
"Training_Old","GO_CC","RNA cap binding complex",-1.27309150295607,0.644032384434578,7
"Training_Old","GO_CC","photoreceptor disc membrane",-1.2725663761951,0.431214494088746,1
"Training_Old","GO_CC","vesicle tethering complex",-1.27177666319253,0.671341669482934,3
"Training_Old","GO_CC","Golgi cisterna membrane",-1.26446457077385,0.655296533397753,7
"Training_Old","GO_CC","alpha-ketoacid dehydrogenase complex",-1.2549746821316,0.644032384434578,12
"Training_Old","GO_CC","mitochondrial small ribosomal subunit",1.25481851055657,0.671341669482934,6
"Training_Old","GO_CC","RISC complex",-1.25340101147909,0.683460674157303,5
"Training_Old","GO_CC","desmosome",1.25286594374547,0.671341669482934,4
"Training_Old","GO_CC","autophagosome membrane",-1.25091624803236,0.630833259541309,17
"Training_Old","GO_CC","ciliary basal body",1.25023261368419,0.603860405415224,15
"Training_Old","GO_CC","sno(s)RNA-containing ribonucleoprotein complex",-1.24833916061624,0.493226751281425,1
"Training_Old","GO_CC","protein acetyltransferase complex",1.24052860297178,0.633416949486007,5
"Training_Old","GO_CC","U5 snRNP",1.23282653054773,0.620327552986513,2
"Training_Old","GO_CC","inclusion body",-1.23265813502162,0.654028316938655,16
"Training_Old","GO_CC","SMN-Sm protein complex",1.22198881074874,0.686622065889602,3
"Training_Old","GO_CC","primary lysosome",1.19695675452135,0.620327552986513,52
"Training_Old","GO_CC","endopeptidase complex",1.14200962694543,0.703978525548845,56
"Training_Old","GO_CC",NA,NA,NA,NA
"Training_Old","GO_CC",NA,NA,NA,NA
"Training_Old","GO_CC",NA,NA,NA,NA
"Training_Old","GO_CC",NA,NA,NA,NA
"Training_Old","GO_CC",NA,NA,NA,NA
"Training_Old","GO_CC",NA,NA,NA,NA
"Training_Old","GO_CC",NA,NA,NA,NA
"Training_Old","GO_CC",NA,NA,NA,NA
"Training_Old","GO_CC",NA,NA,NA,NA
"Training_Old","GO_CC",NA,NA,NA,NA
"Training_Old","GO_CC",NA,NA,NA,NA
"Training_Old","GO_CC",NA,NA,NA,NA
"Training_Old","GO_CC",NA,NA,NA,NA
"Training_Old","GO_CC",NA,NA,NA,NA
"Training_Old","GO_CC",NA,NA,NA,NA
"Training_Old","GO_CC",NA,NA,NA,NA
"Training_Old","GO_CC",NA,NA,NA,NA
"Training_Old","GO_CC",NA,NA,NA,NA
"Training_Old","GO_CC",NA,NA,NA,NA
"Training_Old","GO_CC",NA,NA,NA,NA
"Training_Old","GO_CC",NA,NA,NA,NA
"Training_Old","GO_CC",NA,NA,NA,NA
"Training_Old","GO_CC",NA,NA,NA,NA
"Training_Old","GO_CC",NA,NA,NA,NA
"Training_Old","GO_CC",NA,NA,NA,NA
"Training_Old","GO_CC",NA,NA,NA,NA
"Training_Old","GO_CC",NA,NA,NA,NA
"Training_Old","GO_CC",NA,NA,NA,NA
"Training_Old","GO_CC",NA,NA,NA,NA
"Training_Old","GO_CC",NA,NA,NA,NA
"Training_Old","GO_CC",NA,NA,NA,NA
"Training_Old","GO_CC",NA,NA,NA,NA
"Training_Old","GO_CC",NA,NA,NA,NA
"Training_Old","GO_CC",NA,NA,NA,NA
"Training_Old","GO_CC",NA,NA,NA,NA
"Training_Old","GO_CC",NA,NA,NA,NA
"Training_Old","GO_CC",NA,NA,NA,NA
"Training_Old","GO_CC",NA,NA,NA,NA
"Training_Old","GO_CC",NA,NA,NA,NA
"Training_Old","GO_CC",NA,NA,NA,NA
"Training_Old","GO_CC",NA,NA,NA,NA
"Training_Old","GO_CC",NA,NA,NA,NA
"Training_Old","GO_CC",NA,NA,NA,NA
"Training_Old","GO_CC",NA,NA,NA,NA
"Training_Old","GO_CC",NA,NA,NA,NA
"Training_Old","GO_CC",NA,NA,NA,NA
"Training_Old","GO_CC",NA,NA,NA,NA
"Training_Old","GO_CC",NA,NA,NA,NA
"Training_Old","GO_CC",NA,NA,NA,NA
"Training_Old","GO_CC",NA,NA,NA,NA
"Training_Old","GO_MF","structural constituent of ribosome",2.48852518730773,8.15e-08,93
"Training_Old","GO_MF","ATP-dependent protein folding chaperone",1.91334707907524,0.0719078494638086,14
"Training_Old","GO_MF","actin filament binding",1.8991721001781,0.0144669968551799,75
"Training_Old","GO_MF","ubiquitin-like protein conjugating enzyme activity",-1.8860516456912,0.119044274646427,15
"Training_Old","GO_MF","unfolded protein binding",1.87728189080888,0.0144669968551799,57
"Training_Old","GO_MF","rRNA binding",1.85546277697852,0.119044274646427,23
"Training_Old","GO_MF","ligase activity, forming carbon-sulfur bonds",-1.84377060287897,0.136939150274471,13
"Training_Old","GO_MF","polypeptide conformation or assembly isomerase activity",1.79033989641802,0.216817165347997,25
"Training_Old","GO_MF","nucleobase-containing compound kinase activity",1.76332908526153,0.235051863104157,9
"Training_Old","GO_MF","vitamin binding",-1.76032121224722,0.282637853718619,27
"Training_Old","GO_MF","cytoskeletal motor activity",1.74049391894449,0.216817165347997,22
"Training_Old","GO_MF","glutathione peroxidase activity",-1.73979691811375,0.216817165347997,11
"Training_Old","GO_MF","protein folding chaperone",1.71577879185331,0.218555744381645,33
"Training_Old","GO_MF","structural constituent of cytoskeleton",1.68657557421939,0.218555744381645,43
"Training_Old","GO_MF","mRNA 5'-UTR binding",1.68025801908328,0.218555744381645,11
"Training_Old","GO_MF","nuclear localization sequence binding",1.67995244241348,0.216817165347997,7
"Training_Old","GO_MF","protein disulfide isomerase activity",1.65197632213599,0.481661328815908,9
"Training_Old","GO_MF","protein-RNA adaptor activity",1.64225180793932,0.481661328815908,10
"Training_Old","GO_MF","pyridoxal phosphate binding",-1.63747265381452,0.399783685238789,18
"Training_Old","GO_MF","cadherin binding",1.63059997983842,0.0711186807581596,142
"Training_Old","GO_MF","palmitoyltransferase activity",-1.62793973802794,0.390021993923111,5
"Training_Old","GO_MF","promoter-specific chromatin binding",-1.61145861599329,0.481661328815908,6
"Training_Old","GO_MF","ribosome binding",1.60469300594717,0.381662828947732,43
"Training_Old","GO_MF","lipid transmembrane transporter activity",-1.59461211620294,0.481661328815908,6
"Training_Old","GO_MF","antioxidant activity",-1.58920465426709,0.481661328815908,34
"Training_Old","GO_MF","ATP hydrolysis activity",1.58451281649703,0.219599155142101,79
"Training_Old","GO_MF","G protein activity",-1.57334510133365,0.476754170717538,30
"Training_Old","GO_MF","fatty acid ligase activity",-1.57097023781543,0.481661328815908,6
"Training_Old","GO_MF","fatty acid-CoA ligase activity",-1.57097023781543,0.481661328815908,6
"Training_Old","GO_MF","phosphotransferase activity, phosphate group as acceptor",1.56189042022638,0.481661328815908,8
"Training_Old","GO_MF","calcium/calmodulin-dependent protein kinase activity",1.56018588466923,0.538746293463275,9
"Training_Old","GO_MF","macromolecular conformation isomerase activity",1.5558693369724,0.390021993923111,42
"Training_Old","GO_MF","phosphatidylinositol-4,5-bisphosphate binding",1.55581315907127,0.481661328815908,13
"Training_Old","GO_MF","calcium ion transmembrane transporter activity",-1.55420357399838,0.486885887957935,17
"Training_Old","GO_MF","ubiquitin binding",-1.54962649007916,0.509506311548268,24
"Training_Old","GO_MF","lamin binding",-1.54915163144768,0.481661328815908,4
"Training_Old","GO_MF","sulfur compound transmembrane transporter activity",-1.53849307319664,0.481661328815908,5
"Training_Old","GO_MF","manganese ion binding",-1.52232608728354,0.538746293463275,15
"Training_Old","GO_MF","transaminase activity",-1.51985788399626,0.503308519378341,8
"Training_Old","GO_MF","long-chain fatty acid transmembrane transporter activity",-1.51265994883935,0.503308519378341,5
"Training_Old","GO_MF","fatty acid transmembrane transporter activity",-1.51265994883935,0.503308519378341,5
"Training_Old","GO_MF","voltage-gated monoatomic ion channel activity",-1.50043927170084,0.538746293463275,11
"Training_Old","GO_MF","transferase activity, transferring sulphur-containing groups",-1.49913987924067,0.538746293463275,7
"Training_Old","GO_MF","peptide hormone receptor binding",-1.49336261932275,0.481661328815908,3
"Training_Old","GO_MF","lyase activity",-1.48641206132676,0.481661328815908,53
"Training_Old","GO_MF","GDP-dissociation inhibitor activity",-1.48599411016264,0.538746293463275,5
"Training_Old","GO_MF","phosphatidylinositol-3-phosphate binding",-1.47851605184366,0.538746293463275,7
"Training_Old","GO_MF","adenylyltransferase activity",-1.47829759242159,0.538746293463275,4
"Training_Old","GO_MF","extracellular matrix structural constituent conferring compression resistance",-1.47566570293854,0.538746293463275,6
"Training_Old","GO_MF","cargo adaptor activity",1.47396348561366,0.538746293463275,7
"Training_Old","GO_MF","histone binding",1.47282502450065,0.538746293463275,14
"Training_Old","GO_MF","demethylase activity",-1.47250015155944,0.538746293463275,4
"Training_Old","GO_MF","regulatory RNA binding",-1.47020571364944,0.538746293463275,11
"Training_Old","GO_MF","metalloexopeptidase activity",-1.46755347309989,0.538746293463275,15
"Training_Old","GO_MF","RNA polymerase II CTD heptapeptide repeat modifying activity",1.46328559361815,0.538746293463275,4
"Training_Old","GO_MF","phosphatidylinositol-5-phosphate binding",-1.46263780927511,0.538746293463275,7
"Training_Old","GO_MF","calmodulin binding",1.45764661154996,0.484194685236377,54
"Training_Old","GO_MF","structural constituent of muscle",1.45684769543832,0.508251635955067,38
"Training_Old","GO_MF","methyl-CpG binding",-1.44585294565703,0.538746293463275,5
"Training_Old","GO_MF","ubiquitin-protein transferase activator activity",-1.44329095677335,0.538746293463275,4
"Training_Old","GO_MF","cysteine-type endopeptidase inhibitor activity",1.44275402744573,0.538746293463275,5
"Training_Old","GO_MF","dynein intermediate chain binding",1.4393752747733,0.579555555555555,8
"Training_Old","GO_MF","RNA exonuclease activity",-1.433161972005,0.538746293463275,4
"Training_Old","GO_MF","structural constituent of eye lens",1.43297964661199,0.538746293463275,5
"Training_Old","GO_MF","translation elongation factor activity",1.43182662514419,0.614285485190115,12
"Training_Old","GO_MF","spectrin binding",1.43173198848881,0.538746293463275,6
"Training_Old","GO_MF","transcription corepressor activity",-1.42595066050353,0.538746293463275,23
"Training_Old","GO_MF","oxidoreductase activity, acting on the CH-NH2 group of donors, oxygen as acceptor",-1.42267285484389,0.538746293463275,3
"Training_Old","GO_MF","sequence-specific mRNA binding",1.41648316956387,0.541130835896002,4
"Training_Old","GO_MF","alcohol dehydrogenase (NAD+) activity",-1.41566125804917,0.643533953325145,7
"Training_Old","GO_MF","nuclear import signal receptor activity",1.40786798854129,0.643533953325145,10
"Training_Old","GO_MF","cyclic nucleotide binding",-1.40590215576445,0.538746293463275,3
"Training_Old","GO_MF","phosphatase binding",1.39107651268683,0.538746293463275,37
"Training_Old","GO_MF","histone demethylase activity",-1.39102207545523,0.538746293463275,3
"Training_Old","GO_MF","wide pore channel activity",-1.38850113796739,0.614285485190115,4
"Training_Old","GO_MF","glutathione transferase activity",-1.38820696134922,0.654843893480257,10
"Training_Old","GO_MF","nucleoside diphosphate phosphatase activity",-1.38289526612245,0.538746293463275,3
"Training_Old","GO_MF","isoprenoid binding",-1.38237928814897,0.538746293463275,3
"Training_Old","GO_MF","phosphatase activity",-1.37180963068252,0.538746293463275,53
"Training_Old","GO_MF","histone reader activity",-1.36444745481866,0.643533953325145,5
"Training_Old","GO_MF","phosphatidylinositol transfer activity",1.36435483997421,0.654843893480257,4
"Training_Old","GO_MF","ADP binding",1.36226047317169,0.579555555555555,16
"Training_Old","GO_MF","growth factor binding",1.36190223255617,0.631858301526718,14
"Training_Old","GO_MF","phosphatidylinositol-4-phosphate binding",-1.36017716754018,0.716824501795224,7
"Training_Old","GO_MF","steroid dehydrogenase activity",1.36017229785761,0.643533953325145,9
"Training_Old","GO_MF","steroid dehydrogenase activity, acting on the CH-OH group of donors, NAD or NADP as acceptor",1.36017229785761,0.643533953325145,9
"Training_Old","GO_MF","Arp2/3 complex binding",1.35658705775916,0.538746293463275,2
"Training_Old","GO_MF","phosphatidylserine binding",-1.35601296517701,0.674497071555895,16
"Training_Old","GO_MF","proline-rich region binding",1.35340696222084,0.538746293463275,2
"Training_Old","GO_MF","chemokine binding",-1.35257554322247,0.643533953325145,3
"Training_Old","GO_MF","enzyme inhibitor activity",1.35109136051755,0.538746293463275,88
"Training_Old","GO_MF","D-glucose transmembrane transporter activity",1.34898906507314,0.538746293463275,2
"Training_Old","GO_MF","phosphatidylcholine binding",-1.34747264666751,0.674497071555895,9
"Training_Old","GO_MF","single-stranded DNA binding",-1.34226262505856,0.643533953325145,30
"Training_Old","GO_MF","neuropeptide receptor binding",-1.33890956898733,0.481661328815908,1
"Training_Old","GO_MF","efflux transmembrane transporter activity",-1.33827047134104,0.481661328815908,1
"Training_Old","GO_MF","clathrin-cargo adaptor activity",1.33752953729668,0.674497071555895,5
"Training_Old","GO_MF","structural constituent of synapse",1.33504603106102,0.68045540796964,5
"Training_Old","GO_MF","intramolecular oxidoreductase activity, transposing C=C bonds",-1.33267452852839,0.73225516621743,7
"Training_Old","GO_MF","DNA secondary structure binding",-1.33248774399774,0.70993031358885,5
"Training_Old","GO_MF","G-protein beta/gamma-subunit complex binding",-1.32761892631759,0.674497071555895,3
"Training_Old","GO_MF","MHC class I protein binding",1.3249901532892,0.73225516621743,7
"Training_Old","GO_MF","G-protein beta-subunit binding",1.32029109793973,0.553056844364486,2
"Training_Old","GO_MF","RNA polymerase II complex binding",-1.31993537753823,0.73225516621743,4
"Training_Old","GO_MF","hormone activity",-1.31930894609024,0.73225516621743,4
"Training_Old","GO_MF","polyubiquitin modification-dependent protein binding",-1.31921601254719,0.674497071555895,18
"Training_Old","GO_MF","histone H4 acetyltransferase activity",1.31894750007384,0.553056844364486,2
"Training_Old","GO_MF","phospholipase activity",-1.31767344522812,0.716824501795224,10
"Training_Old","GO_MF","cyclase activity",-1.30567291001609,0.716824501795224,3
"Training_Old","GO_MF","phosphatidylinositol 3-kinase binding",1.30566122585147,0.481661328815908,1
"Training_Old","GO_MF","ion channel inhibitor activity",1.30462328693143,0.674497071555895,16
"Training_Old","GO_MF","protein-disulfide reductase activity",1.3021429448807,0.716824501795224,19
"Training_Old","GO_MF","phosphatidylcholine transporter activity",1.30105570361597,0.643533953325145,2
"Training_Old","GO_MF","oxidoreductase activity, acting on NAD(P)H, quinone or similar compound as acceptor",1.30053253361847,0.73225516621743,13
"Training_Old","GO_MF","cGMP binding",-1.29736822197818,0.538746293463275,1
"Training_Old","GO_MF","kinesin binding",1.29384259084809,0.716824501795224,6
"Training_Old","GO_MF","A2-type glycerophospholipase activity",-1.29225544080782,0.538746293463275,1
"Training_Old","GO_MF","solute:sodium symporter activity",-1.28542880359476,0.716824501795224,2
"Training_Old","GO_MF","transporter inhibitor activity",1.28501732940222,0.73225516621743,17
"Training_Old","GO_MF","CARD domain binding",-1.28458626905228,0.553056844364486,1
"Training_Old","GO_MF","plus-end-directed microtubule motor activity",1.28135536054922,0.538746293463275,1
"Training_Old","GO_MF","cargo receptor activity",-1.28085939566646,0.736423601698744,5
"Training_Old","GO_MF","dioxygenase activity",-1.27982444432835,0.730630049524976,11
"Training_Old","GO_MF","DNA endonuclease activity",1.27931274574038,0.736423601698744,8
"Training_Old","GO_MF","protein N-acyltransferase activity",1.27758391011036,0.736423601698744,4
"Training_Old","GO_MF","ubiquitin-specific protease binding",-1.26483078536027,0.736749452849938,5
"Training_Old","GO_MF","endopeptidase regulator activity",1.26387376816676,0.716824501795224,29
"Training_Old","GO_MF","catalytic activity, acting on DNA",1.26005099317624,0.735977515321239,18
"Training_Old","GO_MF","solute:inorganic anion antiporter activity",1.25877877114811,0.73225516621743,2
"Training_Old","GO_MF","transporter activator activity",1.25839219977798,0.736423601698744,6
"Training_Old","GO_MF","modified amino acid binding",-1.25738976712229,0.716824501795224,24
"Training_Old","GO_MF","cytoskeletal anchor activity",1.25551351139358,0.736423601698744,5
"Training_Old","GO_MF","cysteine-type endopeptidase activity",1.25190176784173,0.735977515321239,15
"Training_Old","GO_MF","phosphatidylglycerol binding",1.25065480537783,0.736423601698744,3
"Training_Old","GO_MF","E-box binding",-1.24815770321349,0.705448065173116,1
"Training_Old","GO_MF","metalloendopeptidase activity",1.24686406664906,0.753582986592695,8
"Training_Old","GO_MF","chromatin-protein adaptor activity",-1.24552637967086,0.770421193062703,7
"Training_Old","GO_MF","sterol transfer activity",1.24435983999453,0.736423601698744,6
"Training_Old","GO_MF","adrenergic receptor binding",-1.24408439673091,0.766489452657433,3
"Training_Old","GO_MF","structural constituent of nuclear pore",-1.24404533108287,0.736423601698744,2
"Training_Old","GO_MF","glycosyltransferase activity",1.2434600764294,0.736423601698744,21
"Training_Old","GO_MF","phosphate transmembrane transporter activity",1.2406982247994,0.766489452657433,4
"Training_Old","GO_MF","oxidoreductase activity, acting on the CH-NH group of donors",-1.24028889832509,0.766489452657433,5
"Training_Old","GO_MF","peptidase activator activity involved in apoptotic process",1.23814166259472,0.736749452849938,3
"Training_Old","GO_MF","vitamin transmembrane transporter activity",-1.23729710378768,0.736749452849938,2
"Training_Old","GO_MF","quaternary ammonium group binding",-1.23601072737362,0.736749452849938,11
"Training_Old","GO_MF","neurotransmitter transmembrane transporter activity",-1.23537575028759,0.73225516621743,1
"Training_Old","GO_MF","copper ion binding",-1.23136099209448,0.754860413298965,16
"Training_Old","GO_MF","translation factor activity",1.23091987894421,0.700362832824094,53
"Training_Old","GO_MF","mRNA regulatory element binding translation repressor activity",-1.22615303679259,0.770421193062703,5
"Training_Old","GO_MF","hyaluronic acid binding",-1.2216647078667,0.770421193062703,2
"Training_Old","GO_MF","oxidoreductase activity, acting on the aldehyde or oxo group of donors",-1.22083755919767,0.736423601698744,21
"Training_Old","GO_MF","chemokine activity",1.21716294705867,0.736423601698744,1
"Training_Old","GO_MF","SH3 domain binding",1.21112584296512,0.766489452657433,12
"Training_Old","GO_MF","AP-3 adaptor complex binding",1.20604762906764,0.770421193062703,3
"Training_Old","GO_MF","protein serine/threonine kinase inhibitor activity",1.2032530649181,0.770421193062703,14
"Training_Old","GO_MF","non-membrane spanning protein tyrosine kinase activity",1.1984661275954,0.754860413298965,1
"Training_Old","GO_MF","calcium-dependent phospholipid binding",-1.19010229021713,0.770421193062703,13
"Training_Old","GO_MF","GTPase activator activity",1.1898455596175,0.766489452657433,21
"Training_Old","GO_MF","neurotransmitter receptor activity",1.18886516510283,0.770421193062703,2
"Training_Old","GO_MF","calcium channel regulator activity",-1.18418159531283,0.770421193062703,18
"Training_Old","GO_MF","carboxylic acid binding",-1.18339503819057,0.758562918838421,30
"Training_Old","GO_MF","organic acid binding",-1.18339503819057,0.758562918838421,30
"Training_Old","GO_MF","hydro-lyase activity",-1.18204921113813,0.766489452657433,21
"Training_Old","GO_MF","dynein light intermediate chain binding",1.17852285350125,0.770421193062703,1
"Training_Old","GO_MF","GTPase binding",1.17787541099528,0.736423601698744,49
"Training_Old","GO_MF","phosphatidylinositol 3-kinase regulator activity",-1.16763139978036,0.770421193062703,1
"Training_Old","GO_MF",NA,NA,NA,NA
"Training_Old","GO_MF",NA,NA,NA,NA
"Training_Old","GO_MF",NA,NA,NA,NA
"Training_Old","GO_MF",NA,NA,NA,NA
"Training_Old","GO_MF",NA,NA,NA,NA
"Training_Old","GO_MF",NA,NA,NA,NA
"Training_Old","GO_MF",NA,NA,NA,NA
"Training_Old","GO_MF",NA,NA,NA,NA
"Training_Old","GO_MF",NA,NA,NA,NA
"Training_Old","GO_MF",NA,NA,NA,NA
"Training_Old","GO_MF",NA,NA,NA,NA
"Training_Old","GO_MF",NA,NA,NA,NA
"Training_Old","GO_MF",NA,NA,NA,NA
"Training_Old","GO_MF",NA,NA,NA,NA
"Training_Old","GO_MF",NA,NA,NA,NA
"Training_Old","GO_MF",NA,NA,NA,NA
"Training_Old","GO_MF",NA,NA,NA,NA
"Training_Old","GO_MF",NA,NA,NA,NA
"Training_Old","GO_MF",NA,NA,NA,NA
"Training_Old","GO_MF",NA,NA,NA,NA
"Training_Old","GO_MF",NA,NA,NA,NA
"Training_Old","GO_MF",NA,NA,NA,NA
"Training_Old","GO_MF",NA,NA,NA,NA
"Training_Old","GO_MF",NA,NA,NA,NA
"Training_Old","GO_MF",NA,NA,NA,NA
"Training_Old","GO_MF",NA,NA,NA,NA
"Training_Old","GO_MF",NA,NA,NA,NA
"Training_Old","GO_MF",NA,NA,NA,NA
"Training_Old","GO_MF",NA,NA,NA,NA
"Training_Old","GO_MF",NA,NA,NA,NA
"Training_Old","GO_MF",NA,NA,NA,NA
"Training_Old","GO_MF",NA,NA,NA,NA
"Training_Old","GO_MF",NA,NA,NA,NA
"Training_Old","GO_MF",NA,NA,NA,NA
"Training_Old","GO_MF",NA,NA,NA,NA
"Training_Old","GO_MF",NA,NA,NA,NA
"Training_Old","GO_MF",NA,NA,NA,NA
"Training_Old","GO_MF",NA,NA,NA,NA
"Training_Old","GO_MF",NA,NA,NA,NA
"Training_Old","GO_MF",NA,NA,NA,NA
"Training_Old","GO_MF",NA,NA,NA,NA
"Training_Old","GO_MF",NA,NA,NA,NA
"Training_Old","GO_MF",NA,NA,NA,NA
"Training_Old","GO_MF",NA,NA,NA,NA
"Training_Old","GO_MF",NA,NA,NA,NA
"Training_Old","GO_MF",NA,NA,NA,NA
"Training_Old","GO_MF",NA,NA,NA,NA
"Training_Old","GO_MF",NA,NA,NA,NA
"Training_Old","GO_MF",NA,NA,NA,NA
"Training_Old","GO_MF",NA,NA,NA,NA
"Training_Old","GO_MF",NA,NA,NA,NA
"Training_Old","GO_MF",NA,NA,NA,NA
"Training_Old","GO_MF",NA,NA,NA,NA
"Training_Old","GO_MF",NA,NA,NA,NA
"Training_Old","GO_MF",NA,NA,NA,NA
"Training_Old","GO_MF",NA,NA,NA,NA
"Training_Old","GO_MF",NA,NA,NA,NA
"Training_Old","GO_MF",NA,NA,NA,NA
"Training_Old","GO_MF",NA,NA,NA,NA
"Training_Old","GO_MF",NA,NA,NA,NA
"Training_Old","GO_MF",NA,NA,NA,NA
"Training_Old","GO_MF",NA,NA,NA,NA
"Training_Old","GO_MF",NA,NA,NA,NA
"Training_Old","GO_MF",NA,NA,NA,NA
"Training_Old","GO_MF",NA,NA,NA,NA
"Training_Old","GO_MF",NA,NA,NA,NA
"Training_Old","GO_MF",NA,NA,NA,NA
"Training_Old","GO_MF",NA,NA,NA,NA
"Training_Old","GO_MF",NA,NA,NA,NA
"Training_Old","GO_MF",NA,NA,NA,NA
"Training_Old","GO_MF",NA,NA,NA,NA
"Training_Old","GO_MF",NA,NA,NA,NA
"Training_Old","GO_MF",NA,NA,NA,NA
"Training_Old","GO_MF",NA,NA,NA,NA
"Training_Old","GO_MF",NA,NA,NA,NA
"Training_Old","GO_MF",NA,NA,NA,NA
"Training_Old","GO_MF",NA,NA,NA,NA
"Training_Old","GO_MF",NA,NA,NA,NA
"Training_Old","GO_MF",NA,NA,NA,NA
"Training_Old","GO_MF",NA,NA,NA,NA
"Training_Old","GO_MF",NA,NA,NA,NA
"Training_Old","GO_MF",NA,NA,NA,NA
"Training_Old","GO_MF",NA,NA,NA,NA
"Training_Old","GO_MF",NA,NA,NA,NA
"Training_Old","GO_MF",NA,NA,NA,NA
"Training_Old","GO_MF",NA,NA,NA,NA
"Training_Old","GO_MF",NA,NA,NA,NA
"Training_Old","GO_MF",NA,NA,NA,NA
"Training_Old","GO_MF",NA,NA,NA,NA
"Training_Old","GO_MF",NA,NA,NA,NA
"Training_Old","GO_MF",NA,NA,NA,NA
"Training_Old","GO_MF",NA,NA,NA,NA
"Training_Old","GO_MF",NA,NA,NA,NA
"Training_Old","GO_MF",NA,NA,NA,NA
"Training_Old","GO_MF",NA,NA,NA,NA
"Training_Old","GO_MF",NA,NA,NA,NA
"Training_Old","GO_MF",NA,NA,NA,NA
"Training_Old","GO_MF",NA,NA,NA,NA
"Training_Old","GO_MF",NA,NA,NA,NA
"Training_Old","GO_MF",NA,NA,NA,NA
"Training_Old","GO_MF",NA,NA,NA,NA
"Training_Old","GO_MF",NA,NA,NA,NA
"Training_Old","GO_MF",NA,NA,NA,NA
"Training_Old","GO_MF",NA,NA,NA,NA
"Training_Old","GO_MF",NA,NA,NA,NA
"Training_Old","GO_MF",NA,NA,NA,NA
"Training_Old","GO_MF",NA,NA,NA,NA
"Training_Old","GO_MF",NA,NA,NA,NA
"Training_Old","GO_MF",NA,NA,NA,NA
"Training_Old","GO_MF",NA,NA,NA,NA
"Training_Old","GO_MF",NA,NA,NA,NA
"Training_Old","GO_MF",NA,NA,NA,NA
"Training_Old","GO_MF",NA,NA,NA,NA
"Training_Old","GO_MF",NA,NA,NA,NA
"Training_Old","GO_MF",NA,NA,NA,NA
"Training_Old","GO_MF",NA,NA,NA,NA
"Training_Old","GO_MF",NA,NA,NA,NA
"Training_Old","GO_MF",NA,NA,NA,NA
"Training_Old","GO_MF",NA,NA,NA,NA
"Training_Old","GO_MF",NA,NA,NA,NA
"Training_Old","GO_MF",NA,NA,NA,NA
"Training_Old","GO_MF",NA,NA,NA,NA
"Training_Old","GO_MF",NA,NA,NA,NA
"Training_Old","GO_MF",NA,NA,NA,NA
"Training_Old","GO_MF",NA,NA,NA,NA
"Training_Old","GO_MF",NA,NA,NA,NA
"Training_Old","GO_MF",NA,NA,NA,NA
"Training_Old","GO_MF",NA,NA,NA,NA
"Training_Old","GO_MF",NA,NA,NA,NA
"Training_Old","GO_MF",NA,NA,NA,NA
"Training_Old","GO_MF",NA,NA,NA,NA
"Training_Old","GO_MF",NA,NA,NA,NA
"Training_Old","GO_MF",NA,NA,NA,NA
"Training_Old","GO_MF",NA,NA,NA,NA
"Training_Old","GO_MF",NA,NA,NA,NA
"Training_Old","GO_MF",NA,NA,NA,NA
"Training_Old","GO_MF",NA,NA,NA,NA
"Training_Old","GO_MF",NA,NA,NA,NA
"Training_Old","GO_MF",NA,NA,NA,NA
"Training_Old","GO_MF",NA,NA,NA,NA
"Aging","GO_BP","cytoplasmic translation",-2.51503013068418,6.27571428571429e-08,131
"Aging","GO_BP","carboxylic acid catabolic process",2.47003350041751,6.27571428571429e-08,87
"Aging","GO_BP","muscle cell development",-2.44023465579286,6.27571428571429e-08,58
"Aging","GO_BP","myofibril assembly",-2.31952355622624,1.12421711122762e-06,40
"Aging","GO_BP","cellular component assembly involved in morphogenesis",-2.29759133180178,7.47283804939585e-06,45
"Aging","GO_BP","membraneless organelle assembly",-2.26473862669965,1.24739641894085e-07,104
"Aging","GO_BP","lipid catabolic process",2.2622232109847,1.36237701979291e-06,60
"Aging","GO_BP","small molecule catabolic process",2.2621814143655,7.50038849757921e-08,122
"Aging","GO_BP","fatty acid metabolic process",2.22308898779777,2.05010212038917e-07,101
"Aging","GO_BP","negative regulation of myoblast fusion",-2.18956884940475,5.62965818009417e-05,38
"Aging","GO_BP","cell-cell fusion",-2.15303229354974,0.00031542024790935,43
"Aging","GO_BP","branched-chain amino acid metabolic process",2.14069829890956,0.000380844349623615,19
"Aging","GO_BP","muscle system process",-2.11343444962771,6.27571428571429e-08,172
"Aging","GO_BP","muscle organ development",-2.09158262709586,0.00011148720866973,72
"Aging","GO_BP","proteinogenic amino acid metabolic process",2.0359166997725,0.0016042018797678,44
"Aging","GO_BP","proteinogenic amino acid catabolic process",2.02507697531226,0.00193003557821723,35
"Aging","GO_BP","actomyosin structure organization",-2.01014081249054,0.000231398077977913,68
"Aging","GO_BP","ribosome biogenesis",-2.00808629925722,0.000556562715483221,60
"Aging","GO_BP","L-amino acid catabolic process",1.98449233943991,0.00492228711377707,37
"Aging","GO_BP","L-amino acid metabolic process",1.97930881561584,0.00217926042408661,48
"Aging","GO_BP","rRNA processing",-1.97173565527317,0.00418589651230581,35
"Aging","GO_BP","intermediate filament-based process",-1.94781493739818,0.00687544029616995,14
"Aging","GO_BP","intermediate filament cytoskeleton organization",-1.94781493739818,0.00687544029616995,14
"Aging","GO_BP","cardiac cell development",-1.91602550329492,0.0274968129283707,15
"Aging","GO_BP","cardiac muscle cell development",-1.91602550329492,0.0274968129283707,15
"Aging","GO_BP","muscle tissue development",-1.91534473866479,0.0034257790893593,60
"Aging","GO_BP","reactive oxygen species biosynthetic process",1.90524048657868,0.0246405606544522,11
"Aging","GO_BP","cardiac muscle tissue development",-1.90386282073683,0.0182531214846002,29
"Aging","GO_BP","regulation of oxidative stress-induced intrinsic apoptotic signaling pathway",1.86961448137943,0.0769454538366373,14
"Aging","GO_BP","rRNA metabolic process",-1.8452999076299,0.0305301632093568,40
"Aging","GO_BP","response to insulin",1.81859499380751,0.0717414175386516,47
"Aging","GO_BP","acyl-CoA metabolic process",1.81786785942991,0.0362004296763992,40
"Aging","GO_BP","phenol-containing compound metabolic process",1.79856609015136,0.174538343965727,14
"Aging","GO_BP","regulation of myeloid cell differentiation",1.78505615039047,0.12138454710839,17
"Aging","GO_BP","ketone metabolic process",1.75783724358508,0.0563425266880366,51
"Aging","GO_BP","cellular response to insulin stimulus",1.75611039230333,0.0769454538366373,40
"Aging","GO_BP","cellular response to glucose starvation",1.75496091349389,0.183484689822096,11
"Aging","GO_BP","regulation of lipid localization",1.74271636973475,0.223238467414636,24
"Aging","GO_BP","sulfur compound metabolic process",1.72872262493772,0.0361804858288282,86
"Aging","GO_BP","ketone biosynthetic process",1.72703272527794,0.253384779765085,15
"Aging","GO_BP","tricarboxylic acid cycle",1.71903272548875,0.134160200764415,25
"Aging","GO_BP","receptor metabolic process",1.71806861834839,0.253384779765085,10
"Aging","GO_BP","acyl-CoA biosynthetic process",1.7109432282714,0.228490768923039,26
"Aging","GO_BP","lipid droplet organization",1.71050046256691,0.186955995544592,9
"Aging","GO_BP","apoptotic mitochondrial changes",1.70143131852441,0.153067333790225,25
"Aging","GO_BP","fatty acid transport",1.69944881874288,0.25339727094809,18
"Aging","GO_BP","fatty acid derivative biosynthetic process",1.69532318481406,0.21000144648335,9
"Aging","GO_BP","regulation of actin cytoskeleton organization",-1.69529836558699,0.121202586896056,57
"Aging","GO_BP","muscle filament sliding",-1.69383679573545,0.268180950040413,13
"Aging","GO_BP","actin-myosin filament sliding",-1.69383679573545,0.268180950040413,13
"Aging","GO_BP","regulation of protein processing",1.68839825146489,0.268180950040413,11
"Aging","GO_BP","pinocytosis",1.6836092081897,0.121202586896056,5
"Aging","GO_BP","positive chemotaxis",1.68100091929753,0.130204215069622,6
"Aging","GO_BP","response to zinc ion",1.67993108531937,0.291322555579216,10
"Aging","GO_BP","response to toxic substance",1.67510376536841,0.121202586896056,67
"Aging","GO_BP","regulation of reactive oxygen species biosynthetic process",1.66825402560458,0.253384779765085,9
"Aging","GO_BP","somatic diversification of immune receptors",1.66676795043517,0.223238467414636,7
"Aging","GO_BP","hindbrain development",-1.66524893973793,0.347572351272015,10
"Aging","GO_BP","release of cytochrome c from mitochondria",1.66506633744399,0.304524183849574,12
"Aging","GO_BP","interleukin-8 production",1.66240751031737,0.253384779765085,9
"Aging","GO_BP","positive regulation of interleukin-6 production",1.65770754933353,0.253384779765085,7
"Aging","GO_BP","skeletal muscle fiber development",-1.65658167091935,0.253384779765085,11
"Aging","GO_BP","regulation of small GTPase mediated signal transduction",-1.65549930552647,0.253384779765085,31
"Aging","GO_BP","monocarboxylic acid transport",1.65477447131661,0.327058103401095,24
"Aging","GO_BP","fatty acid derivative metabolic process",1.65451479068369,0.268180950040413,20
"Aging","GO_BP","regulation of response to cytokine stimulus",1.65231132062872,0.35809931395409,16
"Aging","GO_BP","endoplasmic reticulum organization",-1.64879775642898,0.253384779765085,29
"Aging","GO_BP","regulation of protein secretion",1.64485893443236,0.253384779765085,36
"Aging","GO_BP","positive regulation of epithelial cell proliferation",1.64322862877431,0.33640263511537,12
"Aging","GO_BP","macrophage differentiation",1.64251715280782,0.189989166233775,6
"Aging","GO_BP","porphyrin-containing compound biosynthetic process",1.63546825727276,0.275399456311509,9
"Aging","GO_BP","regulation of type I interferon-mediated signaling pathway",1.63488981242845,0.223238467414636,5
"Aging","GO_BP","positive regulation of insulin secretion involved in cellular response to glucose stimulus",1.6317195981384,0.350685648914178,12
"Aging","GO_BP","sodium ion transmembrane transport",-1.63037428562618,0.304039606412304,14
"Aging","GO_BP","positive regulation of developmental growth",-1.63018815428444,0.33640263511537,13
"Aging","GO_BP","regulation of cellular component size",-1.62952788479758,0.130204215069622,54
"Aging","GO_BP","interferon-mediated signaling pathway",1.62874205069938,0.311043519191957,7
"Aging","GO_BP","cellular response to oxidative stress",1.61785205764395,0.253384779765085,50
"Aging","GO_BP","response to cadmium ion",1.6170863583164,0.346413189177842,8
"Aging","GO_BP","regulation of mitophagy",1.61597262449161,0.365018007805768,15
"Aging","GO_BP","regulation of cytokine-mediated signaling pathway",1.61347269011812,0.368953174661231,15
"Aging","GO_BP","DNA conformation change",1.60708839773985,0.0651305872237569,3
"Aging","GO_BP","V(D)J recombination",1.6044175299213,0.0717414175386516,3
"Aging","GO_BP","intrinsic apoptotic signaling pathway in response to oxidative stress",1.60397981205154,0.350685648914178,18
"Aging","GO_BP","regulation of actin filament-based process",-1.59476100294384,0.207242423099818,70
"Aging","GO_BP","protein K48-linked deubiquitination",1.5910318451351,0.304524183849574,5
"Aging","GO_BP","positive regulation of actin filament polymerization",-1.59015565200204,0.268180950040413,5
"Aging","GO_BP","T cell migration",-1.58793613844025,0.33640263511537,7
"Aging","GO_BP","cell-substrate junction assembly",-1.58705269256905,0.31995459882453,22
"Aging","GO_BP","negative regulation of endocytosis",1.58698395449429,0.413256407750956,16
"Aging","GO_BP","dopamine metabolic process",1.58403115138309,0.350685648914178,9
"Aging","GO_BP","regulation of myoblast differentiation",-1.58291225727979,0.358921734066075,8
"Aging","GO_BP","gland development",1.58156657122208,0.304524183849574,25
"Aging","GO_BP","tissue regeneration",-1.58143195841031,0.33640263511537,11
"Aging","GO_BP","mitochondrial electron transport, NADH to ubiquinone",-1.58063179272229,0.301755585416937,39
"Aging","GO_BP","stress granule assembly",-1.58021116652529,0.368953174661231,13
"Aging","GO_BP","lipid localization",1.57836712404047,0.258365837635673,65
"Aging","GO_BP","protein complex oligomerization",1.5739990277164,0.225250137610875,54
"Aging","GO_BP","indole-containing compound metabolic process",1.57281227895278,0.34272696828474,5
"Aging","GO_BP","cellular response to cadmium ion",1.57142699369295,0.189989166233775,3
"Aging","GO_BP","heart contraction",-1.57138943896702,0.217269371527631,56
"Aging","GO_BP","pigment biosynthetic process",1.56802610620721,0.413256407750956,10
"Aging","GO_BP","aggrephagy",-1.56775465653179,0.35809931395409,6
"Aging","GO_BP","amine metabolic process",1.56490244222773,0.379724114156502,14
"Aging","GO_BP","regulation of protein-containing complex disassembly",-1.56415770870658,0.35809931395409,31
"Aging","GO_BP","organic acid transport",1.56240067376565,0.364465368067385,33
"Aging","GO_BP","terpenoid biosynthetic process",1.56222809026042,0.311043519191957,6
"Aging","GO_BP","regulation of protein catabolic process",-1.56098938918558,0.153067333790225,112
"Aging","GO_BP","positive regulation of sprouting angiogenesis",1.56053473632499,0.304524183849574,4
"Aging","GO_BP","positive regulation of cytoskeleton organization",-1.55802404177608,0.314057493505835,39
"Aging","GO_BP","regulation of phagocytosis",1.5559991546154,0.387962710966703,14
"Aging","GO_BP","positive regulation of protein localization to cell surface",1.55491128498828,0.253384779765085,3
"Aging","GO_BP","production of molecular mediator of immune response",1.55119532377359,0.439670844946049,19
"Aging","GO_BP","negative regulation of phosphorylation",1.55051011481071,0.364465368067385,20
"Aging","GO_BP","cell-substrate junction organization",-1.54723958864602,0.432182536028745,24
"Aging","GO_BP","positive regulation of sodium ion transmembrane transport",-1.54664157141815,0.183484689822096,4
"Aging","GO_BP","modified amino acid catabolic process",1.54635073140818,0.390052000500731,7
"Aging","GO_BP","regulation of innate immune response",1.54546281157172,0.268180950040413,66
"Aging","GO_BP","non-proteinogenic amino acid metabolic process",1.54213077804504,0.4554287476758,15
"Aging","GO_BP","positive regulation of leukocyte activation",1.54161240420513,0.358921734066075,27
"Aging","GO_BP","modified amino acid metabolic process",1.54151976103176,0.33640263511537,50
"Aging","GO_BP","immune response to tumor cell",1.54038135343223,0.379724114156502,9
"Aging","GO_BP","T cell mediated immune response to tumor cell",1.54038135343223,0.379724114156502,9
"Aging","GO_BP","double-strand break repair",1.53975992585942,0.379724114156502,33
"Aging","GO_BP","lamellipodium organization",1.53757526037227,0.423604704213416,18
"Aging","GO_BP","sphingolipid metabolic process",1.53491751887167,0.446482309780036,11
"Aging","GO_BP","inorganic anion transport",-1.53299425130286,0.379724114156502,11
"Aging","GO_BP","cellular oxidant detoxification",1.53230045743401,0.364465368067385,37
"Aging","GO_BP","lipid storage",1.53217153075452,0.428150856872313,8
"Aging","GO_BP","nutrient storage",1.53217153075452,0.428150856872313,8
"Aging","GO_BP","regulation of ER to Golgi vesicle-mediated transport",1.53015805765825,0.365018007805768,6
"Aging","GO_BP","regulation of necroptotic process",-1.53006335056005,0.365018007805768,5
"Aging","GO_BP","myelination in peripheral nervous system",-1.52898478184963,0.126415804571329,3
"Aging","GO_BP","peripheral nervous system axon ensheathment",-1.52898478184963,0.126415804571329,3
"Aging","GO_BP","positive regulation of potassium ion transport",-1.52742657222261,0.379724114156502,6
"Aging","GO_BP","nitric oxide biosynthetic process",1.52654475279785,0.448587852331864,18
"Aging","GO_BP","detection of external stimulus",-1.52563093137895,0.415102428136322,8
"Aging","GO_BP","detection of abiotic stimulus",-1.52563093137895,0.415102428136322,8
"Aging","GO_BP","neural crest cell differentiation",1.52526117925503,0.364936385762664,4
"Aging","GO_BP","positive regulation of lamellipodium organization",1.52511458694116,0.390052000500731,9
"Aging","GO_BP","epithelial cell apoptotic process",-1.52499517035063,0.379724114156502,6
"Aging","GO_BP","regulation of epithelial cell apoptotic process",-1.52499517035063,0.379724114156502,6
"Aging","GO_BP","regulation of ketone metabolic process",1.52410782737881,0.493732060725525,24
"Aging","GO_BP","reactive nitrogen species metabolic process",1.52106782274619,0.379724114156502,20
"Aging","GO_BP","apoptotic cell clearance",1.51890697149466,0.365018007805768,4
"Aging","GO_BP","cellular response to leptin stimulus",1.51714179692178,0.33640263511537,3
"Aging","GO_BP","response to leptin",1.51714179692178,0.33640263511537,3
"Aging","GO_BP","regulation of receptor recycling",1.51624741871516,0.379724114156502,5
"Aging","GO_BP","peptide hormone processing",1.51622450720687,0.379724114156502,5
"Aging","GO_BP","epithelial cell proliferation",1.51598887962161,0.365018007805768,27
"Aging","GO_BP","modulation by symbiont of entry into host",1.51593665317396,0.379724114156502,6
"Aging","GO_BP","regulation of proteasomal protein catabolic process",-1.51481522000786,0.253384779765085,79
"Aging","GO_BP","positive regulation of cold-induced thermogenesis",1.51402269539857,0.493732060725525,15
"Aging","GO_BP","regulation of cAMP/PKA signal transduction",-1.51340068041562,0.493732060725525,7
"Aging","GO_BP","glycolytic process",-1.51266554510463,0.33640263511537,32
"Aging","GO_BP","ADP catabolic process",-1.51266554510463,0.33640263511537,32
"Aging","GO_BP","regulation of peptide secretion",1.51130377700583,0.365018007805768,27
"Aging","GO_BP","type 2 mitophagy",1.5104986061027,0.493732060725525,7
"Aging","GO_BP","positive regulation of lamellipodium assembly",1.51001042835731,0.493732060725525,8
"Aging","GO_BP","developmental growth",-1.50915215764693,0.365018007805768,50
"Aging","GO_BP","regulatory T cell differentiation",-1.50867731876815,0.493732060725525,12
"Aging","GO_BP","regulation of regulatory T cell differentiation",-1.50867731876815,0.493732060725525,12
"Aging","GO_BP","positive regulation of organic acid transport",1.50852867957749,0.368953174661231,4
"Aging","GO_BP","regulation of DNA repair",1.50574756518578,0.387962710966703,26
"Aging","GO_BP","skin epidermis development",-1.50391262440332,0.39391192147428,5
"Aging","GO_BP","positive regulation of DNA binding",1.50189377254145,0.377132021088363,4
"Aging","GO_BP","positive regulation of secretion",1.50135040702941,0.379724114156502,45
"Aging","GO_BP","response to lipopolysaccharide",1.50132870130268,0.379724114156502,31
"Aging","GO_BP","regulation of establishment of protein localization",1.50090456393929,0.258365837635673,85
"Aging","GO_BP","endocrine process",1.49828251106829,0.511458364701069,7
"Aging","GO_BP","zymosterol metabolic process",1.49717763807374,0.364936385762664,3
"Aging","GO_BP","zymosterol biosynthetic process",1.49717763807374,0.364936385762664,3
"Aging","GO_BP","mitochondrial fusion",1.49625838555628,0.498820353010939,9
"Aging","GO_BP","regulation of gliogenesis",1.49481626895596,0.511458364701069,7
"Aging","GO_BP","mitochondrial calcium ion homeostasis",1.49449195880985,0.505062781778913,8
"Aging","GO_BP","positive regulation of myeloid leukocyte cytokine production involved in immune response",1.49423406354343,0.493732060725525,4
"Aging","GO_BP","myeloid leukocyte cytokine production",1.49423406354343,0.493732060725525,4
"Aging","GO_BP","regulation of systemic arterial blood pressure by renin-angiotensin",1.49392477642527,0.404570062582003,5
"Aging","GO_BP","regulation of stem cell proliferation",1.49299670950457,0.404570062582003,6
"Aging","GO_BP","response to ketone",1.48986960738135,0.520906015135167,24
"Aging","GO_BP","postsynaptic actin cytoskeleton organization",-1.48870866543668,0.283056766813991,4
"Aging","GO_BP","negative regulation of Wnt signaling pathway",1.48814506962981,0.538418327222217,10
"Aging","GO_BP","positive regulation of lyase activity",1.48731786129773,0.407497227020299,5
"Aging","GO_BP","response to immobilization stress",1.4864916527829,0.499414736842105,4
"Aging","GO_BP","NADPH regeneration",1.48567479936765,0.515961961051754,11
"Aging","GO_BP","cellular response to heat",-1.48413452581343,0.493732060725525,18
"Aging","GO_BP","regulation of intrinsic apoptotic signaling pathway by p53 class mediator",-1.48363920023203,0.42042666134026,5
"Aging","GO_BP","protein-RNA complex organization",-1.48083152602388,0.379724114156502,64
"Aging","GO_BP","sensory perception of mechanical stimulus",-1.47914228283013,0.493732060725525,13
"Aging","GO_BP","inflammatory response to antigenic stimulus",1.47907452054234,0.515961961051754,11
"Aging","GO_BP","regulation of glial cell proliferation",1.47620568314505,0.379724114156502,3
"Aging","GO_BP","potassium ion transport",-1.47514752755993,0.41616202776761,22
"Aging","GO_BP","carbohydrate catabolic process",-1.47461953134592,0.337186646563688,51
"Aging","GO_BP","antigen processing and presentation",1.47202008838757,0.493732060725525,18
"Aging","GO_BP","response to mechanical stimulus",-1.47108422421065,0.493732060725525,20
"Aging","GO_BP","regulation of cholesterol efflux",1.47008998249986,0.493732060725525,6
"Aging","GO_BP","regulation of hormone levels",1.46951601005849,0.391306741015927,63
"Aging","GO_BP","dicarboxylic acid metabolic process",1.46699027383431,0.379724114156502,36
"Aging","GO_BP","calcium ion transmembrane import into cytosol",-1.46603502343295,0.362919331729459,36
"Aging","GO_BP","pyridine-containing compound catabolic process",-1.46551160071307,0.439670844946049,33
"Aging","GO_BP","positive regulation of transcription initiation by RNA polymerase II",-1.46512179298497,0.320818036364122,3
"Aging","GO_BP","DNA integrity checkpoint signaling",1.46275473857484,0.532318930895998,11
"Aging","GO_BP","mRNA transcription by RNA polymerase II",-1.46197722812093,0.33640263511537,4
"Aging","GO_BP","one-carbon metabolic process",1.46133110650013,0.566229860365199,10
"Aging","GO_BP","ruffle organization",-1.4611355220269,0.511470210374177,8
"Aging","GO_BP","response to tumor cell",1.46095615532207,0.566229860365199,10
"Aging","GO_BP","stem cell development",1.45975867908297,0.515961961051754,3
"Aging","GO_BP","intracellular sodium ion homeostasis",-1.45905366257823,0.493732060725525,5
"Aging","GO_BP","sodium ion homeostasis",-1.45905366257823,0.493732060725525,5
"Aging","GO_BP","ribosome disassembly",-1.45838236906014,0.505062781778913,15
"Aging","GO_BP","chemokine (C-X-C motif) ligand 2 production",1.45741227456129,0.253384779765085,2
"Aging","GO_BP","regulation of chemokine (C-X-C motif) ligand 2 production",1.45741227456129,0.253384779765085,2
"Aging","GO_BP","vasodilation",1.45599715737816,0.517104895310684,6
"Aging","GO_BP","establishment of protein localization to extracellular region",1.45457691504512,0.379724114156502,46
"Aging","GO_BP","protein localization to extracellular region",1.45457691504512,0.379724114156502,46
"Aging","GO_BP","cAMP/PKA signal transduction",-1.45424289832787,0.538418327222217,10
"Aging","GO_BP","phosphatidylglycerol metabolic process",1.45412633413172,0.522762817897457,3
"Aging","GO_BP","chloride transmembrane transport",-1.45401343264953,0.522762817897457,6
"Aging","GO_BP","lung morphogenesis",1.4528341378535,0.271612232673568,2
"Aging","GO_BP","keratinocyte differentiation",-1.45251553440954,0.505062781778913,16
"Aging","GO_BP","NADP+ metabolic process",1.45063279084898,0.515961961051754,17
"Aging","GO_BP","establishment of skin barrier",-1.44923766399527,0.345937332885981,3
"Aging","GO_BP","collagen catabolic process",1.44875034809643,0.530962296859568,4
"Aging","GO_BP","regulation of anatomical structure size",-1.44828697983898,0.350685648914178,69
"Aging","GO_BP","protein-RNA complex assembly",-1.4481943658286,0.379724114156502,61
"Aging","GO_BP","regulation of immune response to tumor cell",1.4475708754077,0.493732060725525,8
"Aging","GO_BP","regulation of T cell mediated immune response to tumor cell",1.4475708754077,0.493732060725525,8
"Aging","GO_BP","positive regulation of leukocyte mediated immunity",1.44698905897379,0.515961961051754,17
"Aging","GO_BP","calcium import into the mitochondrion",1.44632868678349,0.522762817897457,6
"Aging","GO_BP","regulation of cell communication by electrical coupling",-1.4461963595019,0.558065677203532,9
"Aging","GO_BP","cytochrome complex assembly",1.44410360076047,0.498820353010939,15
"Aging","GO_BP","regulation of cyclin-dependent protein serine/threonine kinase activity",1.44367871497228,0.33640263511537,2
"Aging","GO_BP","CD8-positive, alpha-beta T cell differentiation",-1.44316230888152,0.522762817897457,11
"Aging","GO_BP","CD8-positive, alpha-beta T cell homeostasis",-1.44316230888152,0.522762817897457,11
"Aging","GO_BP","regulation of adaptive immune response based on somatic recombination of immune receptors built from immunoglobulin superfamily domains",1.44312491305356,0.530962296859568,20
"Aging","GO_BP","positive regulation of response to biotic stimulus",1.44209709725854,0.411391302398164,59
"Aging","GO_BP","aldehyde metabolic process",1.44105593717836,0.498820353010939,31
"Aging","GO_BP","regulation of muscle system process",-1.43985804143646,0.358921734066075,66
"Aging","GO_BP","neural nucleus development",1.43887278276675,0.400840716954301,21
"Aging","GO_BP","ether lipid metabolic process",-1.43834177876956,0.358921734066075,4
"Aging","GO_BP","negative regulation of ubiquitin-dependent protein catabolic process",-1.43599867677403,0.527986676281721,18
"Aging","GO_BP","response to exogenous dsRNA",1.43568423923226,0.35809931395409,2
"Aging","GO_BP","cellular response to exogenous dsRNA",1.43568423923226,0.35809931395409,2
"Aging","GO_BP","cell adhesion mediated by integrin",1.43031541008538,0.55942440284524,4
"Aging","GO_BP","mitochondrial outer membrane permeabilization involved in programmed cell death",1.42956430649055,0.5491531617006,7
"Aging","GO_BP","positive regulation of membrane permeability",1.42956430649055,0.5491531617006,7
"Aging","GO_BP","response to superoxide",1.42929357577126,0.511458364701069,8
"Aging","GO_BP","regulation of muscle tissue development",-1.42881226939947,0.55942440284524,6
"Aging","GO_BP","respiratory system process",1.42734450679714,0.55942440284524,4
"Aging","GO_BP","regulation of vacuole organization",1.42608468567586,0.59569023219314,11
"Aging","GO_BP","cellular component maintenance",1.42592590410067,0.554671717171717,7
"Aging","GO_BP","negative regulation of cytoskeleton organization",-1.42551047427284,0.498820353010939,29
"Aging","GO_BP","positive regulation of neuron apoptotic process",1.42329887729978,0.572376192902807,4
"Aging","GO_BP","disruption of anatomical structure in another organism",-1.42292003692418,0.566229860365199,10
"Aging","GO_BP","negative regulation of reproductive process",1.4227265519757,0.55942440284524,3
"Aging","GO_BP","response to nutrient levels",1.42250535675686,0.35809931395409,80
"Aging","GO_BP","protein insertion into ER membrane",-1.42088009719456,0.561698008091842,11
"Aging","GO_BP","cytoplasmic microtubule organization",-1.41797551659733,0.515961961051754,17
"Aging","GO_BP","cell communication by electrical coupling",-1.41260474966207,0.5491531617006,13
"Aging","GO_BP","regulation of glial cell migration",1.41242183529736,0.42042666134026,2
"Aging","GO_BP","stem cell proliferation",1.41116186879545,0.530962296859568,8
"Aging","GO_BP","regulation of supramolecular fiber organization",-1.40986079180963,0.346413189177842,80
"Aging","GO_BP","regulation of nitric oxide biosynthetic process",1.40714725175223,0.553448818897638,14
"Aging","GO_BP","alcohol metabolic process",1.40683097988175,0.364936385762664,69
"Aging","GO_BP","secondary metabolic process",1.40437385164874,0.625380877421121,10
"Aging","GO_BP","cellular response to copper ion",1.40337594156454,0.464613196041467,2
"Aging","GO_BP","viral translation",-1.40300735912424,0.605397898932505,11
"Aging","GO_BP","ribosome-associated ubiquitin-dependent protein catabolic process",-1.40014253906751,0.605397898932505,6
"Aging","GO_BP","cilium movement",-1.39953026427165,0.522762817897457,23
"Aging","GO_BP","cilium movement involved in cell motility",-1.39953026427165,0.522762817897457,23
"Aging","GO_BP","positive regulation of ATP metabolic process",-1.3991642135537,0.596270627869035,10
"Aging","GO_BP","vitamin biosynthetic process",1.3988401952859,0.492091455036639,2
"Aging","GO_BP","regulation of amyloid-beta clearance",1.39775853300451,0.62012987012987,3
"Aging","GO_BP","detection of mechanical stimulus",-1.39495169734944,0.59585290178193,5
"Aging","GO_BP","non-canonical Wnt signaling pathway",1.39336178237597,0.626586792183711,3
"Aging","GO_BP","Wnt signaling pathway, planar cell polarity pathway",1.39336178237597,0.626586792183711,3
"Aging","GO_BP","positive regulation of purine nucleotide biosynthetic process",-1.39266934690345,0.605907156368222,6
"Aging","GO_BP","regulation of defense response to virus by host",1.39225250323613,0.629806531449958,4
"Aging","GO_BP","nucleoside metabolic process",-1.39151188565362,0.605397898932505,10
"Aging","GO_BP","T cell chemotaxis",-1.38838439403852,0.364465368067385,2
"Aging","GO_BP","glucose 6-phosphate metabolic process",1.38810647362111,0.594745888419293,9
"Aging","GO_BP","regulation of autophagosome assembly",1.38795373137454,0.557625386996904,8
"Aging","GO_BP","regulation of myotube differentiation",-1.38748046425375,0.608048721409045,5
"Aging","GO_BP","morphogenesis of a branching structure",1.3870802830862,0.626586792183711,5
"Aging","GO_BP","triglyceride catabolic process",1.38478554264696,0.63311715401828,5
"Aging","GO_BP","embryonic heart tube development",1.38477249522114,0.511458364701069,2
"Aging","GO_BP","regulation of cell killing",1.38438079065428,0.654264798687366,10
"Aging","GO_BP","hormone transport",1.38436201491032,0.543562425312021,33
"Aging","GO_BP","positive regulation of D-glucose import across plasma membrane",1.38398884973992,0.626586792183711,7
"Aging","GO_BP","regulation of blood circulation",-1.38213383167134,0.464613196041467,49
"Aging","GO_BP","regulation of T cell proliferation",1.37895098845869,0.654397407573771,11
"Aging","GO_BP","positive regulation of JNK cascade",1.37830116588041,0.493732060725525,2
"Aging","GO_BP","regulation of fibroblast proliferation",1.37682999633993,0.566229860365199,8
"Aging","GO_BP","peroxisome organization",1.376360511511,0.626811145510836,6
"Aging","GO_BP","synaptic vesicle priming",1.37549048819418,0.692795928199079,3
"Aging","GO_BP","protein dephosphorylation",1.3754416750667,0.626586792183711,17
"Aging","GO_BP","positive regulation of protein polymerization",-1.37484326678013,0.59569023219314,18
"Aging","GO_BP","response to iron ion",1.37408194111782,0.629806531449958,6
"Aging","GO_BP","branching morphogenesis of an epithelial tube",1.37105696236804,0.6442451054677,4
"Aging","GO_BP","suppression of viral release by host",-1.36994988723783,0.559658573872529,3
"Aging","GO_BP","positive regulation of T cell activation",1.36945010492266,0.554671717171717,21
"Aging","GO_BP","positive regulation of leukocyte cell-cell adhesion",1.36945010492266,0.554671717171717,21
"Aging","GO_BP","positive regulation of transforming growth factor beta receptor signaling pathway",1.36890690926225,0.648615743587013,4
"Aging","GO_BP","protein localization to cell-cell junction",-1.36870253949588,0.566229860365199,4
"Aging","GO_BP","mesenchymal cell migration",1.36712690393526,0.511470210374177,2
"Aging","GO_BP","glycoprotein catabolic process",-1.36594022035883,0.576136184797244,3
"Aging","GO_BP","Fc receptor mediated stimulatory signaling pathway",1.36568010653548,0.651334637440634,4
"Aging","GO_BP","peptidyl-threonine phosphorylation",1.3651551854457,0.654397407573771,4
"Aging","GO_BP","cortical actin cytoskeleton organization",-1.3634756170994,0.66044734255723,9
"Aging","GO_BP","D-glucose import across plasma membrane",1.36103272759993,0.654397407573771,13
"Aging","GO_BP","negative regulation of secretion by cell",1.35999665942355,0.608048721409045,15
"Aging","GO_BP","response to nicotine",-1.35838852446125,0.660028045808153,6
"Aging","GO_BP","regulation of mononuclear cell proliferation",1.35838351244484,0.66044734255723,13
"Aging","GO_BP","negative regulation of receptor internalization",1.35754795555502,0.709930288520076,3
"Aging","GO_BP","N-glycan processing",1.35747720564121,0.538418327222217,2
"Aging","GO_BP","regulation of toll-like receptor 9 signaling pathway",1.35672779012863,0.538418327222217,2
"Aging","GO_BP","viral RNA genome replication",-1.35205123116608,0.59569023219314,3
"Aging","GO_BP","positive regulation of cAMP/PKA signal transduction",-1.35139312561981,0.627571428571429,4
"Aging","GO_BP","positive regulation of carbohydrate metabolic process",-1.35133436625949,0.62012987012987,14
"Aging","GO_BP","central nervous system neuron development",-1.35107446893466,0.627571428571429,4
"Aging","GO_BP","mitochondrial transmembrane transport",1.35022325595115,0.680030959752322,10
"Aging","GO_BP","regulation of attachment of spindle microtubules to kinetochore",1.34979534537332,0.5491531617006,2
"Aging","GO_BP","response to manganese ion",1.34969834442242,0.670398032280651,6
"Aging","GO_BP","killing of cells of another organism",-1.34897758878362,0.644046864711071,8
"Aging","GO_BP","disruption of cell in another organism",-1.34897758878362,0.644046864711071,8
"Aging","GO_BP","ribosome assembly",-1.34856975285352,0.623022376300032,20
"Aging","GO_BP","respiratory gaseous exchange by respiratory system",1.34854835717265,0.674839537011682,6
"Aging","GO_BP","protein folding",1.34802226065561,0.493732060725525,90
"Aging","GO_BP","lamellipodium assembly",1.34792115120386,0.659207502930832,14
"Aging","GO_BP","protein localization to mitochondrion",1.34780471191229,0.538418327222217,53
"Aging","GO_BP","regulation of gluconeogenesis",1.34779055864683,0.655693740280125,9
"Aging","GO_BP","3'-UTR-mediated mRNA destabilization",1.34632584291091,0.710806918757989,3
"Aging","GO_BP","regulation of cholesterol biosynthetic process",-1.34613279073455,0.647121468244385,8
"Aging","GO_BP","peripheral nervous system development",-1.34496611837093,0.694372509960159,11
"Aging","GO_BP","tight junction organization",-1.34417305280283,0.647121468244385,8
"Aging","GO_BP","glycogen metabolic process",-1.34408439091297,0.623843999760827,26
"Aging","GO_BP","energy reserve metabolic process",-1.34408439091297,0.623843999760827,26
"Aging","GO_BP","histone mRNA catabolic process",-1.34355750035512,0.518376753876505,2
"Aging","GO_BP","L-glutamine family amino acid biosynthetic process",1.34235454028718,0.692795928199079,4
"Aging","GO_BP","astrocyte development",-1.34144635173381,0.518376753876505,2
"Aging","GO_BP","cellular response to zinc ion",1.3406612506669,0.710806918757989,3
"Aging","GO_BP","embryo development ending in birth or egg hatching",-1.33897423109102,0.629806531449958,14
"Aging","GO_BP","limb morphogenesis",-1.33803561596704,0.692795928199079,5
"Aging","GO_BP","cellular response to estradiol stimulus",1.3366764324046,0.72272766915624,3
"Aging","GO_BP","mitotic DNA integrity checkpoint signaling",1.33412060691894,0.688042219952332,6
"Aging","GO_BP","glycoside metabolic process",1.33268975277088,0.70942666596833,7
"Aging","GO_BP","positive regulation of collagen metabolic process",-1.33185262497515,0.630882375171955,3
"Aging","GO_BP","positive regulation of collagen biosynthetic process",-1.33185262497515,0.630882375171955,3
"Aging","GO_BP","diol biosynthetic process",1.33067049905404,0.692795928199079,6
"Aging","GO_BP","mitotic chromosome condensation",-1.32972318238371,0.223238467414636,1
"Aging","GO_BP","pexophagy",-1.32782086023438,0.268180950040413,1
"Aging","GO_BP","negative regulation of toll-like receptor 4 signaling pathway",-1.32782086023438,0.268180950040413,1
"Aging","GO_BP","positive regulation of long-term synaptic potentiation",-1.32782086023438,0.268180950040413,1
"Aging","GO_BP","defense response to Gram-positive bacterium",1.32718227268592,0.692795928199079,10
"Aging","GO_BP","respiratory burst",-1.32478013336072,0.660983796296296,4
"Aging","GO_BP","regulation of respiratory burst",-1.32478013336072,0.660983796296296,4
"Aging","GO_BP","negative regulation of cardiac muscle cell apoptotic process",1.32418506836176,0.717265405845625,4
"Aging","GO_BP","urogenital system development",1.3225859505962,0.258365837635673,1
"Aging","GO_BP","prostate gland development",1.3225859505962,0.258365837635673,1
"Aging","GO_BP","negative regulation of CD4-positive, alpha-beta T cell activation",1.3222923706998,0.735564655564656,3
"Aging","GO_BP","wound healing, spreading of epidermal cells",1.32020971437274,0.731426532675269,4
"Aging","GO_BP","regulation of amyloid fibril formation",1.31847398460455,0.70942666596833,10
"Aging","GO_BP","leukocyte adhesion to vascular endothelial cell",1.31791599188513,0.735564655564656,3
"Aging","GO_BP","polysaccharide metabolic process",-1.31742445601724,0.607405563851557,28
"Aging","GO_BP","negative regulation of systemic arterial blood pressure",1.31501027928013,0.350685648914178,1
"Aging","GO_BP","toxin metabolic process",1.31457530843065,0.637567185289958,2
"Aging","GO_BP","regulation of fibroblast migration",1.31437959165808,0.710806918757989,5
"Aging","GO_BP","regulation of leukocyte mediated cytotoxicity",1.31410814519701,0.688042219952332,8
"Aging","GO_BP","intracellular iron ion homeostasis",1.31356571894177,0.63311715401828,21
"Aging","GO_BP","carbohydrate phosphorylation",1.31289313384895,0.713936317489617,10
"Aging","GO_BP","activated T cell proliferation",1.31262096960781,0.735564655564656,4
"Aging","GO_BP","regulation of circadian rhythm",1.31189611918151,0.688042219952332,19
"Aging","GO_BP","metanephric nephron tubule development",1.3105911376791,0.377132021088363,1
"Aging","GO_BP","photoperiodism",-1.31040898883447,0.674495636564797,3
"Aging","GO_BP","entrainment of circadian clock by photoperiod",-1.31040898883447,0.674495636564797,3
"Aging","GO_BP","negative regulation of epithelial cell differentiation",1.30983710151333,0.649186238965952,2
"Aging","GO_BP","regulation of DNA binding",1.30879345318255,0.72272766915624,5
"Aging","GO_BP","antiviral innate immune response",1.30766817052205,0.706270096463022,12
"Aging","GO_BP","telomere capping",1.30677077406735,0.66044734255723,2
"Aging","GO_BP","myeloid dendritic cell activation",1.30490938419205,0.397132004366683,1
"Aging","GO_BP","toll-like receptor 2 signaling pathway",1.30490938419205,0.397132004366683,1
"Aging","GO_BP","positive regulation of monocyte chemotaxis",1.30490938419205,0.397132004366683,1
"Aging","GO_BP","positive regulation of cellular component biogenesis",-1.30191800877797,0.511470210374177,86
"Aging","GO_BP","cell adhesion molecule production",1.30175285447702,0.433634772290916,1
"Aging","GO_BP","non-proteinogenic amino acid catabolic process",1.3015601113811,0.735564655564656,7
"Aging","GO_BP","positive regulation of glucose metabolic process",-1.30044412382043,0.735564655564656,9
"Aging","GO_BP","chondrocyte proliferation",-1.2999201353775,0.515961961051754,1
"Aging","GO_BP","carbohydrate biosynthetic process",-1.29892273120216,0.55942440284524,46
"Aging","GO_BP","cellular response to fluid shear stress",-1.29844978806039,0.717265405845625,8
"Aging","GO_BP","vascular associated smooth muscle cell apoptotic process",1.29579598422003,0.680030959752322,2
"Aging","GO_BP","regulation of vascular associated smooth muscle cell apoptotic process",1.29579598422003,0.680030959752322,2
"Aging","GO_BP","NLS-bearing protein import into nucleus",-1.29545723729488,0.735564655564656,6
"Aging","GO_BP","regulation of hydrogen peroxide-mediated programmed cell death",1.29426074010717,0.735564655564656,5
"Aging","GO_BP","COPII-coated vesicle cargo loading",1.29423378844068,0.723264265765821,9
"Aging","GO_BP","regulation of melanin biosynthetic process",1.29417718316096,0.499414736842105,1
"Aging","GO_BP","regulation of secondary metabolite biosynthetic process",1.29417718316096,0.499414736842105,1
"Aging","GO_BP","tubulin deacetylation",-1.29399474672178,0.637567185289958,2
"Aging","GO_BP","necroptotic process",-1.29358031049512,0.735564655564656,6
"Aging","GO_BP","negative regulation of autophagy",1.29355619681161,0.710806918757989,12
"Aging","GO_BP","pseudopodium organization",1.29354587721795,0.505062781778913,1
"Aging","GO_BP","pseudopodium assembly",1.29354587721795,0.505062781778913,1
"Aging","GO_BP","cell migration involved in heart development",1.29354587721795,0.505062781778913,1
"Aging","GO_BP","response to salt",1.29162558646338,0.744485418728562,4
"Aging","GO_BP","carbohydrate transport",1.29143413832631,0.710806918757989,14
"Aging","GO_BP","IRE1-mediated unfolded protein response",-1.29067294806889,0.735564655564656,6
"Aging","GO_BP","regulation of dendrite development",-1.2906576065926,0.712186857858495,14
"Aging","GO_BP","thyroid hormone generation",1.28912673561692,0.515961961051754,1
"Aging","GO_BP","fibroblast activation",-1.28912146455751,0.637567185289958,2
"Aging","GO_BP","myeloid cell apoptotic process",1.28834520302181,0.771163484333127,3
"Aging","GO_BP","regulation of myeloid cell apoptotic process",1.28834520302181,0.771163484333127,3
"Aging","GO_BP","negative regulation of ferroptosis",-1.28789640628536,0.735564655564656,8
"Aging","GO_BP","protein insertion into mitochondrial inner membrane",1.2878432500579,0.72272766915624,11
"Aging","GO_BP","protein branched polyubiquitination",1.28734593461814,0.699078544942461,2
"Aging","GO_BP","regulation of polysaccharide metabolic process",-1.28731700052532,0.735564655564656,9
"Aging","GO_BP","phagocytosis, engulfment",1.28704502487382,0.735564655564656,5
"Aging","GO_BP","positive regulation of amyloid-beta formation",1.28617855390415,0.746696128840352,4
"Aging","GO_BP","negative regulation of cell development",1.28616558306162,0.690885404441106,29
"Aging","GO_BP","cellular response to interferon-beta",1.28546269225189,0.734680513242097,8
"Aging","GO_BP","plasma membrane tubulation",1.28463922585142,0.735564655564656,6
"Aging","GO_BP","bone morphogenesis",-1.28450235622358,0.647121468244385,2
"Aging","GO_BP","negative regulation of lipid catabolic process",1.28342934006171,0.704078074474836,2
"Aging","GO_BP","response to nerve growth factor",-1.28327784033038,0.735564655564656,8
"Aging","GO_BP","cellular response to nerve growth factor stimulus",-1.28327784033038,0.735564655564656,8
"Aging","GO_BP","protein neddylation",1.28202130049754,0.710806918757989,15
"Aging","GO_BP","deoxyribose phosphate catabolic process",-1.28032244604062,0.735564655564656,8
"Aging","GO_BP","inositol phosphate metabolic process",1.27950555651816,0.783326281431335,3
"Aging","GO_BP","response to fluid shear stress",-1.27918814739054,0.735564655564656,10
"Aging","GO_BP","glycerophospholipid catabolic process",1.27873041038799,0.746617957545971,5
"Aging","GO_BP","plasma membrane invagination",1.27837388360912,0.750768225018583,7
"Aging","GO_BP","carbohydrate derivative transport",1.27830122162215,0.735564655564656,13
"Aging","GO_BP","cellular response to reactive nitrogen species",1.27753213239828,0.783326281431335,3
"Aging","GO_BP","positive regulation of blood vessel endothelial cell proliferation involved in sprouting angiogenesis",-1.2770922695855,0.607185700575816,1
"Aging","GO_BP","regulation of T-helper 17 cell lineage commitment",1.2769908649459,0.710806918757989,2
"Aging","GO_BP","ceramide biosynthetic process",1.27579724774466,0.744485418728562,6
"Aging","GO_BP","gas transport",1.2752380048708,0.538418327222217,1
"Aging","GO_BP","positive regulation of toll-like receptor 4 signaling pathway",1.27469341756151,0.710806918757989,2
"Aging","GO_BP","regulation of p38MAPK cascade",-1.27407164344012,0.674495636564797,2
"Aging","GO_BP","activation of protein kinase activity",1.27336584877987,0.763711806865334,4
"Aging","GO_BP","cellular response to biotic stimulus",1.27289121529462,0.723368622285053,25
"Aging","GO_BP","positive regulation of alcohol biosynthetic process",-1.2727770053729,0.756834520790565,6
"Aging","GO_BP","amino sugar metabolic process",1.27241347040888,0.758144256636719,5
"Aging","GO_BP","mitochondrial transport",1.27223172830979,0.733582048501422,15
"Aging","GO_BP","aerobic electron transport chain",-1.27185443975095,0.607185700575816,68
"Aging","GO_BP","regulation of dendritic spine morphogenesis",-1.27117478838226,0.756834520790565,7
"Aging","GO_BP","intracellular zinc ion homeostasis",1.27081886326976,0.5491531617006,1
"Aging","GO_BP","energy homeostasis",-1.27081467098761,0.744485418728562,8
"Aging","GO_BP","negative regulation of leukocyte proliferation",1.27010000095859,0.772355113957127,4
"Aging","GO_BP","antimicrobial humoral immune response mediated by antimicrobial peptide",-1.26846857526895,0.740965633565254,10
"Aging","GO_BP","cellular response to mechanical stimulus",-1.26738813340257,0.744485418728562,8
"Aging","GO_BP","cellular response to external stimulus",-1.26738813340257,0.744485418728562,8
"Aging","GO_BP","mitotic G1/S transition checkpoint signaling",1.26706422857208,0.735564655564656,2
"Aging","GO_BP","positive regulation of vascular associated smooth muscle cell proliferation",1.2668524880693,0.789638327172574,3
"Aging","GO_BP","establishment of spindle localization",-1.26439635864469,0.735564655564656,12
"Aging","GO_BP","spindle localization",-1.26439635864469,0.735564655564656,12
"Aging","GO_BP","developmental pigmentation",-1.26407099045216,0.746696128840352,4
"Aging","GO_BP","pigment cell differentiation",-1.26407099045216,0.746696128840352,4
"Aging","GO_BP","sphingosine biosynthetic process",1.26395469932249,0.735564655564656,2
"Aging","GO_BP","sphingoid biosynthetic process",1.26395469932249,0.735564655564656,2
"Aging","GO_BP","adaptive thermogenesis",1.26134940252282,0.709930288520076,27
"Aging","GO_BP","regulation of neurotransmitter secretion",-1.26012192131373,0.763711806865334,7
"Aging","GO_BP","ionotropic glutamate receptor signaling pathway",1.26008666223867,0.566229860365199,1
"Aging","GO_BP","response to hypoxia",1.25943125050986,0.607185700575816,52
"Aging","GO_BP","atrial cardiac muscle cell action potential",-1.25916407429356,0.703803390047743,2
"Aging","GO_BP","protein K48-linked ubiquitination",1.25875474648694,0.735564655564656,19
"Aging","GO_BP","detoxification of copper ion",1.2577183453235,0.735564655564656,2
"Aging","GO_BP","spliceosomal tri-snRNP complex assembly",-1.25715562859473,0.758144256636719,4
"Aging","GO_BP","nuclear RNA surveillance",1.25501045583245,0.735564655564656,2
"Aging","GO_BP","RNA polymerase II transcription initiation surveillance",1.25501045583245,0.735564655564656,2
"Aging","GO_BP","type B pancreatic cell development",1.25410353195577,0.735564655564656,2
"Aging","GO_BP","enteroendocrine cell differentiation",1.25410353195577,0.735564655564656,2
"Aging","GO_BP","negative regulation of binding",-1.25378638256259,0.776255904026439,5
"Aging","GO_BP","antigen processing and presentation of endogenous peptide antigen via MHC class Ib",1.25214322113934,0.796988388969521,3
"Aging","GO_BP","copper ion transport",1.25146522855609,0.735564655564656,2
"Aging","GO_BP","regulation of cell growth involved in cardiac muscle cell development",1.25111519008086,0.796988388969521,3
"Aging","GO_BP","sensory perception of temperature stimulus",-1.25109386687795,0.694372509960159,1
"Aging","GO_BP","detection of temperature stimulus involved in sensory perception of pain",-1.25109386687795,0.694372509960159,1
"Aging","GO_BP","regulation of fibroblast growth factor receptor signaling pathway",1.25085701550359,0.735564655564656,2
"Aging","GO_BP","regulation of neuron differentiation",1.25027904153447,0.764964520482347,10
"Aging","GO_BP","oligosaccharide metabolic process",1.24956681175593,0.796988388969521,3
"Aging","GO_BP","phospholipid homeostasis",1.24929287311928,0.796988388969521,3
"Aging","GO_BP","protein-DNA complex assembly",1.24799295526683,0.750940170940171,14
"Aging","GO_BP","regulation of long-term synaptic depression",-1.2479233299624,0.704547097357127,1
"Aging","GO_BP","central nervous system myelination",1.24682923743556,0.617583554376658,1
"Aging","GO_BP","neuron apoptotic process",1.24619235593856,0.735564655564656,23
"Aging","GO_BP","biogenic amine biosynthetic process",1.24592934219038,0.787736009472841,6
"Aging","GO_BP","heart trabecula morphogenesis",-1.24560125764207,0.76939734897714,3
"Aging","GO_BP","synapse maturation",1.24541765299998,0.785497835497835,5
"Aging","GO_BP","positive regulation of transporter activity",-1.24419275924005,0.771163484333127,9
"Aging","GO_BP","cellular response to radiation",1.24385266615111,0.744485418728562,19
"Aging","GO_BP","nucleus organization",-1.24350886270505,0.710806918757989,30
"Aging","GO_BP","negative regulation of cytokine production involved in inflammatory response",-1.24324260834392,0.76939734897714,3
"Aging","GO_BP","retrograde protein transport, ER to cytosol",-1.24163204642444,0.790354869449209,6
"Aging","GO_BP","endoplasmic reticulum to cytosol transport",-1.24163204642444,0.790354869449209,6
"Aging","GO_BP","positive regulation of glycoprotein biosynthetic process",-1.24158225613129,0.712186857858495,1
"Aging","GO_BP","membrane fission",1.23681765352543,0.744071815718157,18
"Aging","GO_BP","positive regulation of cell migration involved in sprouting angiogenesis",-1.2363229735208,0.735564655564656,2
"Aging","GO_BP","lipoprotein metabolic process",1.2349323987304,0.758206066945607,12
"Aging","GO_BP","host-mediated suppression of viral proces",1.23420311857545,0.649186238965952,1
"Aging","GO_BP","protein localization to lysosome",1.23368885334109,0.783326281431335,10
"Aging","GO_BP","multicellular organismal-level iron ion homeostasis",-1.23186638400428,0.783326281431335,3
"Aging","GO_BP","negative regulation of RNA splicing",-1.23170616108054,0.793367044961315,6
"Aging","GO_BP","phenol-containing compound biosynthetic process",1.23135641462617,0.796988388969521,6
"Aging","GO_BP","positive regulation of protein modification by small protein conjugation or removal",-1.23069403932853,0.735564655564656,26
"Aging","GO_BP","translesion synthesis",-1.23016832323529,0.735564655564656,1
"Aging","GO_BP","lipid droplet formation",1.22978397697441,0.659207502930832,1
"Aging","GO_BP","mitotic cytokinesis",1.22972590830318,0.740280566205942,23
"Aging","GO_BP","regulation of heterotypic cell-cell adhesion",1.2285213650884,0.659207502930832,1
"Aging","GO_BP","regulation of renal system process",1.2285213650884,0.659207502930832,1
"Aging","GO_BP","regulation of transmembrane transporter activity",-1.22809326132076,0.735564655564656,15
"Aging","GO_BP","regeneration",-1.22716057184043,0.735564655564656,23
"Aging","GO_BP","leukocyte mediated immunity",1.22643063801504,0.710806918757989,38
"Aging","GO_BP","epithelial cell development",-1.22574873122112,0.7560921162052,16
"Aging","GO_BP","inflammatory response to wounding",-1.22301305972322,0.746696128840352,2
"Aging","GO_BP","positive regulation of wound healing",1.22274668606215,0.783326281431335,8
"Aging","GO_BP","wound healing",-1.22237125931737,0.654397407573771,69
"Aging","GO_BP","amino acid transmembrane transport",1.21961708257132,0.793367044961315,7
"Aging","GO_BP","positive regulation of cardiac muscle cell apoptotic process",-1.21961646204552,0.793841825796444,3
"Aging","GO_BP","positive regulation of neuron migration",-1.21941112509319,0.793841825796444,3
"Aging","GO_BP","negative regulation of lipoprotein particle clearance",1.21317677397137,0.789638327172574,2
"Aging","GO_BP","ribonucleoside monophosphate biosynthetic process",-1.21267471556839,0.750940170940171,15
"Aging","GO_BP","circadian rhythm",1.21262021227379,0.736750894454383,28
"Aging","GO_BP","cytokinetic process",-1.21065337419741,0.758144256636719,17
"Aging","GO_BP","acrosome assembly",1.21061349054343,0.790354869449209,2
"Aging","GO_BP","regulation of polysaccharide biosynthetic process",-1.20948595153778,0.796988388969521,8
"Aging","GO_BP","cellular response to ketone",1.20799772627695,0.776255904026439,13
"Aging","GO_BP","visual learning",1.20579435114021,0.710806918757989,1
"Aging","GO_BP","positive regulation of growth",-1.20562474497829,0.741056879025374,29
"Aging","GO_BP","regulation of cardiac muscle contraction by calcium ion signaling",-1.20511270799723,0.772355113957127,17
"Aging","GO_BP","negative regulation of chondrocyte differentiation",1.20486724956237,0.793841825796444,2
"Aging","GO_BP","microtubule depolymerization",-1.2048226098095,0.781986870413622,2
"Aging","GO_BP","negative regulation of microtubule depolymerization",-1.2048226098095,0.781986870413622,2
"Aging","GO_BP","response to fatty acid",1.20190385817192,0.785693140749695,11
"Aging","GO_BP","musculoskeletal movement",-1.20121761060513,0.758144256636719,30
"Aging","GO_BP","peptide metabolic process",-1.20086870914339,0.787736009472841,14
"Aging","GO_BP","protein import into mitochondrial matrix",1.20042890780015,0.787736009472841,11
"Aging","GO_BP","protein transmembrane transport",1.20003287750493,0.756834520790565,23
"Aging","GO_BP","interleukin-1 beta production",1.1995783629554,0.796988388969521,7
"Aging","GO_BP","regulation of CD8-positive, alpha-beta T cell activation",1.19948129171016,0.735564655564656,1
"Aging","GO_BP","vitamin transmembrane transport",1.19632476199513,0.735564655564656,1
"Aging","GO_BP","positive regulation of receptor internalization",-1.19574991704155,0.789638327172574,2
"Aging","GO_BP","L-tryptophan metabolic process",1.19506215010912,0.735564655564656,1
"Aging","GO_BP","regulation of ubiquitin-protein transferase activity",-1.19212188024863,0.771163484333127,1
"Aging","GO_BP","cilium assembly",1.18857203520651,0.746696128840352,32
"Aging","GO_BP","epidermis development",-1.18809803584109,0.746696128840352,29
"Aging","GO_BP","ATP metabolic process",-1.18759692495175,0.633185884691849,117
"Aging","GO_BP","amyloid fibril formation",1.18345290451989,0.786044603220144,20
"Aging","GO_BP","membrane docking",-1.1823795927743,0.789638327172574,19
"Aging","GO_BP","G0 to G1 transition",-1.18134205473574,0.785693140749695,1
"Aging","GO_BP","regulation of G0 to G1 transition",-1.18134205473574,0.785693140749695,1
"Aging","GO_BP","meiotic sister chromatid cohesion",1.18054211342,0.741056879025374,1
"Aging","GO_BP","vesicle tethering",1.17675427776196,0.755222127659575,1
"Aging","GO_BP","neuromuscular process",-1.17590470084138,0.772355113957127,32
"Aging","GO_BP","G protein-coupled receptor internalization",1.17296644210393,0.758144256636719,1
"Aging","GO_BP","carbohydrate derivative catabolic process",-1.16111461541246,0.747764262239273,55
"Aging","GO_BP","detection of chemical stimulus involved in sensory perception of bitter taste",1.15844640541481,0.783326281431335,1
"Aging","GO_BP","sensory perception of bitter taste",1.15844640541481,0.783326281431335,1
"Aging","GO_BP","negative regulation of execution phase of apoptosis",1.15655248758579,0.790354869449209,1
"Aging","GO_BP","import across plasma membrane",1.14744401575078,0.796988388969521,29
"Aging","GO_BP","regulation of trans-synaptic signaling",-1.14068073211437,0.789471401127843,50
"Aging","GO_BP","regulation of lipid metabolic process",1.14056318948451,0.786044603220144,53
"Aging","GO_BP",NA,NA,NA,NA
"Aging","GO_BP",NA,NA,NA,NA
"Aging","GO_BP",NA,NA,NA,NA
"Aging","GO_BP",NA,NA,NA,NA
"Aging","GO_BP",NA,NA,NA,NA
"Aging","GO_BP",NA,NA,NA,NA
"Aging","GO_BP",NA,NA,NA,NA
"Aging","GO_BP",NA,NA,NA,NA
"Aging","GO_BP",NA,NA,NA,NA
"Aging","GO_BP",NA,NA,NA,NA
"Aging","GO_BP",NA,NA,NA,NA
"Aging","GO_BP",NA,NA,NA,NA
"Aging","GO_BP",NA,NA,NA,NA
"Aging","GO_BP",NA,NA,NA,NA
"Aging","GO_BP",NA,NA,NA,NA
"Aging","GO_BP",NA,NA,NA,NA
"Aging","GO_BP",NA,NA,NA,NA
"Aging","GO_BP",NA,NA,NA,NA
"Aging","GO_BP",NA,NA,NA,NA
"Aging","GO_BP",NA,NA,NA,NA
"Aging","GO_BP",NA,NA,NA,NA
"Aging","GO_BP",NA,NA,NA,NA
"Aging","GO_BP",NA,NA,NA,NA
"Aging","GO_BP",NA,NA,NA,NA
"Aging","GO_BP",NA,NA,NA,NA
"Aging","GO_BP",NA,NA,NA,NA
"Aging","GO_BP",NA,NA,NA,NA
"Aging","GO_BP",NA,NA,NA,NA
"Aging","GO_BP",NA,NA,NA,NA
"Aging","GO_BP",NA,NA,NA,NA
"Aging","GO_BP",NA,NA,NA,NA
"Aging","GO_BP",NA,NA,NA,NA
"Aging","GO_BP",NA,NA,NA,NA
"Aging","GO_BP",NA,NA,NA,NA
"Aging","GO_BP",NA,NA,NA,NA
"Aging","GO_BP",NA,NA,NA,NA
"Aging","GO_BP",NA,NA,NA,NA
"Aging","GO_BP",NA,NA,NA,NA
"Aging","GO_BP",NA,NA,NA,NA
"Aging","GO_BP",NA,NA,NA,NA
"Aging","GO_BP",NA,NA,NA,NA
"Aging","GO_BP",NA,NA,NA,NA
"Aging","GO_BP",NA,NA,NA,NA
"Aging","GO_BP",NA,NA,NA,NA
"Aging","GO_BP",NA,NA,NA,NA
"Aging","GO_BP",NA,NA,NA,NA
"Aging","GO_BP",NA,NA,NA,NA
"Aging","GO_BP",NA,NA,NA,NA
"Aging","GO_BP",NA,NA,NA,NA
"Aging","GO_BP",NA,NA,NA,NA
"Aging","GO_BP",NA,NA,NA,NA
"Aging","GO_BP",NA,NA,NA,NA
"Aging","GO_BP",NA,NA,NA,NA
"Aging","GO_BP",NA,NA,NA,NA
"Aging","GO_BP",NA,NA,NA,NA
"Aging","GO_BP",NA,NA,NA,NA
"Aging","GO_BP",NA,NA,NA,NA
"Aging","GO_BP",NA,NA,NA,NA
"Aging","GO_BP",NA,NA,NA,NA
"Aging","GO_BP",NA,NA,NA,NA
"Aging","GO_BP",NA,NA,NA,NA
"Aging","GO_BP",NA,NA,NA,NA
"Aging","GO_BP",NA,NA,NA,NA
"Aging","GO_BP",NA,NA,NA,NA
"Aging","GO_BP",NA,NA,NA,NA
"Aging","GO_BP",NA,NA,NA,NA
"Aging","GO_BP",NA,NA,NA,NA
"Aging","GO_BP",NA,NA,NA,NA
"Aging","GO_BP",NA,NA,NA,NA
"Aging","GO_BP",NA,NA,NA,NA
"Aging","GO_BP",NA,NA,NA,NA
"Aging","GO_BP",NA,NA,NA,NA
"Aging","GO_BP",NA,NA,NA,NA
"Aging","GO_BP",NA,NA,NA,NA
"Aging","GO_BP",NA,NA,NA,NA
"Aging","GO_BP",NA,NA,NA,NA
"Aging","GO_BP",NA,NA,NA,NA
"Aging","GO_BP",NA,NA,NA,NA
"Aging","GO_BP",NA,NA,NA,NA
"Aging","GO_BP",NA,NA,NA,NA
"Aging","GO_BP",NA,NA,NA,NA
"Aging","GO_BP",NA,NA,NA,NA
"Aging","GO_BP",NA,NA,NA,NA
"Aging","GO_BP",NA,NA,NA,NA
"Aging","GO_BP",NA,NA,NA,NA
"Aging","GO_BP",NA,NA,NA,NA
"Aging","GO_BP",NA,NA,NA,NA
"Aging","GO_BP",NA,NA,NA,NA
"Aging","GO_BP",NA,NA,NA,NA
"Aging","GO_BP",NA,NA,NA,NA
"Aging","GO_BP",NA,NA,NA,NA
"Aging","GO_BP",NA,NA,NA,NA
"Aging","GO_BP",NA,NA,NA,NA
"Aging","GO_BP",NA,NA,NA,NA
"Aging","GO_BP",NA,NA,NA,NA
"Aging","GO_BP",NA,NA,NA,NA
"Aging","GO_BP",NA,NA,NA,NA
"Aging","GO_BP",NA,NA,NA,NA
"Aging","GO_BP",NA,NA,NA,NA
"Aging","GO_BP",NA,NA,NA,NA
"Aging","GO_BP",NA,NA,NA,NA
"Aging","GO_BP",NA,NA,NA,NA
"Aging","GO_BP",NA,NA,NA,NA
"Aging","GO_BP",NA,NA,NA,NA
"Aging","GO_BP",NA,NA,NA,NA
"Aging","GO_BP",NA,NA,NA,NA
"Aging","GO_BP",NA,NA,NA,NA
"Aging","GO_BP",NA,NA,NA,NA
"Aging","GO_BP",NA,NA,NA,NA
"Aging","GO_BP",NA,NA,NA,NA
"Aging","GO_BP",NA,NA,NA,NA
"Aging","GO_BP",NA,NA,NA,NA
"Aging","GO_BP",NA,NA,NA,NA
"Aging","GO_BP",NA,NA,NA,NA
"Aging","GO_BP",NA,NA,NA,NA
"Aging","GO_BP",NA,NA,NA,NA
"Aging","GO_BP",NA,NA,NA,NA
"Aging","GO_BP",NA,NA,NA,NA
"Aging","GO_BP",NA,NA,NA,NA
"Aging","GO_BP",NA,NA,NA,NA
"Aging","GO_BP",NA,NA,NA,NA
"Aging","GO_BP",NA,NA,NA,NA
"Aging","GO_BP",NA,NA,NA,NA
"Aging","GO_BP",NA,NA,NA,NA
"Aging","GO_BP",NA,NA,NA,NA
"Aging","GO_BP",NA,NA,NA,NA
"Aging","GO_BP",NA,NA,NA,NA
"Aging","GO_BP",NA,NA,NA,NA
"Aging","GO_BP",NA,NA,NA,NA
"Aging","GO_BP",NA,NA,NA,NA
"Aging","GO_BP",NA,NA,NA,NA
"Aging","GO_BP",NA,NA,NA,NA
"Aging","GO_BP",NA,NA,NA,NA
"Aging","GO_BP",NA,NA,NA,NA
"Aging","GO_BP",NA,NA,NA,NA
"Aging","GO_BP",NA,NA,NA,NA
"Aging","GO_BP",NA,NA,NA,NA
"Aging","GO_BP",NA,NA,NA,NA
"Aging","GO_BP",NA,NA,NA,NA
"Aging","GO_BP",NA,NA,NA,NA
"Aging","GO_BP",NA,NA,NA,NA
"Aging","GO_BP",NA,NA,NA,NA
"Aging","GO_BP",NA,NA,NA,NA
"Aging","GO_BP",NA,NA,NA,NA
"Aging","GO_BP",NA,NA,NA,NA
"Aging","GO_BP",NA,NA,NA,NA
"Aging","GO_BP",NA,NA,NA,NA
"Aging","GO_BP",NA,NA,NA,NA
"Aging","GO_BP",NA,NA,NA,NA
"Aging","GO_BP",NA,NA,NA,NA
"Aging","GO_BP",NA,NA,NA,NA
"Aging","GO_BP",NA,NA,NA,NA
"Aging","GO_BP",NA,NA,NA,NA
"Aging","GO_BP",NA,NA,NA,NA
"Aging","GO_BP",NA,NA,NA,NA
"Aging","GO_BP",NA,NA,NA,NA
"Aging","GO_BP",NA,NA,NA,NA
"Aging","GO_BP",NA,NA,NA,NA
"Aging","GO_BP",NA,NA,NA,NA
"Aging","GO_BP",NA,NA,NA,NA
"Aging","GO_BP",NA,NA,NA,NA
"Aging","GO_BP",NA,NA,NA,NA
"Aging","GO_BP",NA,NA,NA,NA
"Aging","GO_BP",NA,NA,NA,NA
"Aging","GO_BP",NA,NA,NA,NA
"Aging","GO_BP",NA,NA,NA,NA
"Aging","GO_BP",NA,NA,NA,NA
"Aging","GO_BP",NA,NA,NA,NA
"Aging","GO_BP",NA,NA,NA,NA
"Aging","GO_BP",NA,NA,NA,NA
"Aging","GO_BP",NA,NA,NA,NA
"Aging","GO_BP",NA,NA,NA,NA
"Aging","GO_BP",NA,NA,NA,NA
"Aging","GO_BP",NA,NA,NA,NA
"Aging","GO_BP",NA,NA,NA,NA
"Aging","GO_BP",NA,NA,NA,NA
"Aging","GO_BP",NA,NA,NA,NA
"Aging","GO_BP",NA,NA,NA,NA
"Aging","GO_BP",NA,NA,NA,NA
"Aging","GO_BP",NA,NA,NA,NA
"Aging","GO_BP",NA,NA,NA,NA
"Aging","GO_BP",NA,NA,NA,NA
"Aging","GO_BP",NA,NA,NA,NA
"Aging","GO_BP",NA,NA,NA,NA
"Aging","GO_BP",NA,NA,NA,NA
"Aging","GO_BP",NA,NA,NA,NA
"Aging","GO_BP",NA,NA,NA,NA
"Aging","GO_BP",NA,NA,NA,NA
"Aging","GO_BP",NA,NA,NA,NA
"Aging","GO_BP",NA,NA,NA,NA
"Aging","GO_BP",NA,NA,NA,NA
"Aging","GO_BP",NA,NA,NA,NA
"Aging","GO_BP",NA,NA,NA,NA
"Aging","GO_BP",NA,NA,NA,NA
"Aging","GO_BP",NA,NA,NA,NA
"Aging","GO_BP",NA,NA,NA,NA
"Aging","GO_BP",NA,NA,NA,NA
"Aging","GO_BP",NA,NA,NA,NA
"Aging","GO_BP",NA,NA,NA,NA
"Aging","GO_BP",NA,NA,NA,NA
"Aging","GO_BP",NA,NA,NA,NA
"Aging","GO_BP",NA,NA,NA,NA
"Aging","GO_BP",NA,NA,NA,NA
"Aging","GO_BP",NA,NA,NA,NA
"Aging","GO_BP",NA,NA,NA,NA
"Aging","GO_BP",NA,NA,NA,NA
"Aging","GO_BP",NA,NA,NA,NA
"Aging","GO_BP",NA,NA,NA,NA
"Aging","GO_BP",NA,NA,NA,NA
"Aging","GO_BP",NA,NA,NA,NA
"Aging","GO_BP",NA,NA,NA,NA
"Aging","GO_BP",NA,NA,NA,NA
"Aging","GO_BP",NA,NA,NA,NA
"Aging","GO_BP",NA,NA,NA,NA
"Aging","GO_BP",NA,NA,NA,NA
"Aging","GO_BP",NA,NA,NA,NA
"Aging","GO_BP",NA,NA,NA,NA
"Aging","GO_BP",NA,NA,NA,NA
"Aging","GO_BP",NA,NA,NA,NA
"Aging","GO_BP",NA,NA,NA,NA
"Aging","GO_BP",NA,NA,NA,NA
"Aging","GO_BP",NA,NA,NA,NA
"Aging","GO_BP",NA,NA,NA,NA
"Aging","GO_BP",NA,NA,NA,NA
"Aging","GO_BP",NA,NA,NA,NA
"Aging","GO_BP",NA,NA,NA,NA
"Aging","GO_BP",NA,NA,NA,NA
"Aging","GO_BP",NA,NA,NA,NA
"Aging","GO_BP",NA,NA,NA,NA
"Aging","GO_BP",NA,NA,NA,NA
"Aging","GO_BP",NA,NA,NA,NA
"Aging","GO_BP",NA,NA,NA,NA
"Aging","GO_BP",NA,NA,NA,NA
"Aging","GO_BP",NA,NA,NA,NA
"Aging","GO_BP",NA,NA,NA,NA
"Aging","GO_BP",NA,NA,NA,NA
"Aging","GO_BP",NA,NA,NA,NA
"Aging","GO_BP",NA,NA,NA,NA
"Aging","GO_BP",NA,NA,NA,NA
"Aging","GO_BP",NA,NA,NA,NA
"Aging","GO_BP",NA,NA,NA,NA
"Aging","GO_BP",NA,NA,NA,NA
"Aging","GO_BP",NA,NA,NA,NA
"Aging","GO_BP",NA,NA,NA,NA
"Aging","GO_BP",NA,NA,NA,NA
"Aging","GO_BP",NA,NA,NA,NA
"Aging","GO_BP",NA,NA,NA,NA
"Aging","GO_BP",NA,NA,NA,NA
"Aging","GO_BP",NA,NA,NA,NA
"Aging","GO_BP",NA,NA,NA,NA
"Aging","GO_BP",NA,NA,NA,NA
"Aging","GO_BP",NA,NA,NA,NA
"Aging","GO_BP",NA,NA,NA,NA
"Aging","GO_BP",NA,NA,NA,NA
"Aging","GO_BP",NA,NA,NA,NA
"Aging","GO_BP",NA,NA,NA,NA
"Aging","GO_BP",NA,NA,NA,NA
"Aging","GO_BP",NA,NA,NA,NA
"Aging","GO_BP",NA,NA,NA,NA
"Aging","GO_BP",NA,NA,NA,NA
"Aging","GO_BP",NA,NA,NA,NA
"Aging","GO_BP",NA,NA,NA,NA
"Aging","GO_BP",NA,NA,NA,NA
"Aging","GO_BP",NA,NA,NA,NA
"Aging","GO_BP",NA,NA,NA,NA
"Aging","GO_BP",NA,NA,NA,NA
"Aging","GO_BP",NA,NA,NA,NA
"Aging","GO_BP",NA,NA,NA,NA
"Aging","GO_BP",NA,NA,NA,NA
"Aging","GO_BP",NA,NA,NA,NA
"Aging","GO_BP",NA,NA,NA,NA
"Aging","GO_BP",NA,NA,NA,NA
"Aging","GO_BP",NA,NA,NA,NA
"Aging","GO_BP",NA,NA,NA,NA
"Aging","GO_BP",NA,NA,NA,NA
"Aging","GO_BP",NA,NA,NA,NA
"Aging","GO_BP",NA,NA,NA,NA
"Aging","GO_BP",NA,NA,NA,NA
"Aging","GO_BP",NA,NA,NA,NA
"Aging","GO_BP",NA,NA,NA,NA
"Aging","GO_BP",NA,NA,NA,NA
"Aging","GO_BP",NA,NA,NA,NA
"Aging","GO_BP",NA,NA,NA,NA
"Aging","GO_BP",NA,NA,NA,NA
"Aging","GO_BP",NA,NA,NA,NA
"Aging","GO_BP",NA,NA,NA,NA
"Aging","GO_BP",NA,NA,NA,NA
"Aging","GO_BP",NA,NA,NA,NA
"Aging","GO_BP",NA,NA,NA,NA
"Aging","GO_BP",NA,NA,NA,NA
"Aging","GO_BP",NA,NA,NA,NA
"Aging","GO_BP",NA,NA,NA,NA
"Aging","GO_BP",NA,NA,NA,NA
"Aging","GO_BP",NA,NA,NA,NA
"Aging","GO_BP",NA,NA,NA,NA
"Aging","GO_BP",NA,NA,NA,NA
"Aging","GO_BP",NA,NA,NA,NA
"Aging","GO_BP",NA,NA,NA,NA
"Aging","GO_BP",NA,NA,NA,NA
"Aging","GO_BP",NA,NA,NA,NA
"Aging","GO_BP",NA,NA,NA,NA
"Aging","GO_BP",NA,NA,NA,NA
"Aging","GO_BP",NA,NA,NA,NA
"Aging","GO_BP",NA,NA,NA,NA
"Aging","GO_CC","cytosolic ribosome",-2.52615929188219,9.13333333333333e-09,81
"Aging","GO_CC","sarcomere",-2.32623922194278,9.13333333333333e-09,130
"Aging","GO_CC","nucleoid",2.21414880730988,1.62801348838694e-05,22
"Aging","GO_CC","mitochondrial nucleoid",2.21414880730988,1.62801348838694e-05,22
"Aging","GO_CC","proteasome regulatory particle",-2.00245410777935,0.00267304469252388,20
"Aging","GO_CC","synaptic vesicle",-1.90602373250957,0.00144864057624333,67
"Aging","GO_CC","preribosome",-1.88623353590215,0.00522991259303504,25
"Aging","GO_CC","mitochondrial intermembrane space",1.84727132074153,0.0127028513898347,38
"Aging","GO_CC","sarcolemma",-1.82787315297453,0.00496101599591562,66
"Aging","GO_CC","pseudopodium",-1.81992454373705,0.0279865358161627,11
"Aging","GO_CC","intermediate filament",-1.78238157257934,0.032154326562647,21
"Aging","GO_CC","lysosomal lumen",1.77722596141766,0.0370699279464316,20
"Aging","GO_CC","myosin filament",-1.77185506099422,0.0459870978244925,16
"Aging","GO_CC","postsynaptic density",-1.71366186558284,0.0186311424828566,50
"Aging","GO_CC","eukaryotic translation initiation factor 3 complex",-1.71190832778858,0.0753319786887121,15
"Aging","GO_CC","tertiary granule lumen",1.67920384854867,0.135038521354974,17
"Aging","GO_CC","phagophore assembly site",-1.67610194040015,0.00413416066087199,4
"Aging","GO_CC","eukaryotic 43S preinitiation complex",-1.65706822084527,0.134690046534618,15
"Aging","GO_CC","endosome lumen",1.63200559285641,0.0374280692438478,4
"Aging","GO_CC","inclusion body",-1.62490427775073,0.142713174313787,16
"Aging","GO_CC","TIM23 mitochondrial import inner membrane translocase complex",1.62429189577118,0.0933954682616878,7
"Aging","GO_CC","actin filament",-1.5980697677951,0.146052037221922,35
"Aging","GO_CC","asymmetric synapse",-1.58020943314219,0.0918097915735624,53
"Aging","GO_CC","transcription repressor complex",1.56962370540308,0.183638014992266,5
"Aging","GO_CC","cell-substrate junction",-1.56081521104582,0.00894708035665486,185
"Aging","GO_CC","protein phosphatase type 1 complex",-1.52660217580909,0.145546601954331,4
"Aging","GO_CC","peroxisome",1.52536265176938,0.133356486902552,41
"Aging","GO_CC","postsynaptic cytoskeleton",-1.50668622527299,0.183638014992266,4
"Aging","GO_CC","dendritic shaft",-1.50060711852142,0.0934290588739234,3
"Aging","GO_CC","serine/threonine protein kinase complex",-1.49353469347527,0.392675159235669,10
"Aging","GO_CC","respiratory chain complex I",-1.47822934121736,0.145546601954331,41
"Aging","GO_CC","brush border",-1.44285141643237,0.360256157698326,22
"Aging","GO_CC","cortical cytoskeleton",-1.41906731970484,0.212081895569264,41
"Aging","GO_CC","centriolar satellite",-1.41799066648393,0.472163308589608,9
"Aging","GO_CC","filopodium tip",1.4064945334938,0.293005802566521,2
"Aging","GO_CC","uropod",-1.39898125615838,0.513012544467328,6
"Aging","GO_CC","cell trailing edge",-1.39898125615838,0.513012544467328,6
"Aging","GO_CC","sarcoplasm",-1.39784094384333,0.245073546513186,50
"Aging","GO_CC","COP9 signalosome",1.39603289227982,0.513012544467328,18
"Aging","GO_CC","COPII vesicle coat",1.39143281719898,0.513012544467328,6
"Aging","GO_CC","external side of plasma membrane",1.38113659368711,0.513012544467328,23
"Aging","GO_CC","chloride channel complex",-1.37683800871512,0.513012544467328,4
"Aging","GO_CC","spindle pole centrosome",1.36166037104645,0.547227443609023,4
"Aging","GO_CC","primary lysosome",1.36101222366976,0.3701405913844,52
"Aging","GO_CC","azurophil granule",1.36101222366976,0.3701405913844,52
"Aging","GO_CC","organelle membrane contact site",-1.35497880745756,0.513012544467328,21
"Aging","GO_CC","fibrillar center",-1.32672734649448,0.597008130081301,9
"Aging","GO_CC","COPII-coated ER to Golgi transport vesicle",1.32630545732137,0.56003585835948,25
"Aging","GO_CC","rough endoplasmic reticulum membrane",-1.32284402114936,0.609442927914265,10
"Aging","GO_CC","mitochondrial protein-containing complex",1.32247822783026,0.421626914737357,75
"Aging","GO_CC","microvillus membrane",-1.32212730729828,0.472163308589608,2
"Aging","GO_CC","AMPA glutamate receptor complex",-1.30422357711562,0.421626914737357,1
"Aging","GO_CC","neurotransmitter receptor complex",-1.30422357711562,0.421626914737357,1
"Aging","GO_CC","GABA-ergic synapse",-1.29624333202701,0.676653369155201,14
"Aging","GO_CC","RNA cap binding complex",-1.29252899989857,0.676653369155201,7
"Aging","GO_CC","Cul4-RING E3 ubiquitin ligase complex",1.28782003472257,0.708746666666667,6
"Aging","GO_CC","U4/U6 x U5 tri-snRNP complex",-1.28745744836493,0.640489998816428,4
"Aging","GO_CC","asymmetric, glutamatergic, excitatory synapse",1.28529680187226,0.648540907533713,2
"Aging","GO_CC","phagocytic vesicle membrane",1.28203962587168,0.640489998816428,14
"Aging","GO_CC","Golgi cisterna",1.26671370365323,0.711051763016339,8
"Aging","GO_CC","lamellipodium membrane",1.26543933852641,0.729046563192905,5
"Aging","GO_CC","INTAC complex",1.25689245265961,0.706438966044255,2
"Aging","GO_CC","chromosomal region",1.2547619557511,0.581133409386699,53
"Aging","GO_CC","caveola",-1.25340550759256,0.62872679837176,20
"Aging","GO_CC","cytoplasmic side of lysosomal membrane",-1.24740739668174,0.640489998816428,2
"Aging","GO_CC","calyx of Held",-1.24671554565751,0.640489998816428,2
"Aging","GO_CC","collagenous component of interstitial matrix",-1.24666337267974,0.72989156058463,5
"Aging","GO_CC","intercalated disc",-1.24639183315821,0.706438966044255,18
"Aging","GO_CC","collagen trimer",-1.24518803535318,0.711051763016339,14
"Aging","GO_CC","clathrin-coated vesicle membrane",-1.22391754842481,0.704201781124858,22
"Aging","GO_CC","nuclear inner membrane",1.22247532623691,0.755186198190616,9
"Aging","GO_CC","protein-DNA complex",1.22153558201153,0.709338780163405,17
"Aging","GO_CC","U2-type prespliceosome",1.2214159876819,0.72989156058463,2
"Aging","GO_CC","cornified envelope",1.21872688057593,0.711051763016339,12
"Aging","GO_CC","alpha-ketoacid dehydrogenase complex",1.21621584658164,0.711051763016339,12
"Aging","GO_CC","TRAPP complex",1.20211296538087,0.712425218591809,1
"Aging","GO_CC","clathrin coat",-1.19628667473534,0.755186198190616,11
"Aging","GO_CC","mitochondrial large ribosomal subunit",-1.18167217181409,0.755186198190616,19
"Aging","GO_CC","mitotic spindle",1.1795296110547,0.755186198190616,27
"Aging","GO_CC","outer membrane",1.17833889466103,0.640489998816428,78
"Aging","GO_CC","organelle outer membrane",1.17833889466103,0.640489998816428,78
"Aging","GO_CC","intercellular bridge",1.16968802573807,0.755186198190616,12
"Aging","GO_CC",NA,NA,NA,NA
"Aging","GO_CC",NA,NA,NA,NA
"Aging","GO_CC",NA,NA,NA,NA
"Aging","GO_CC",NA,NA,NA,NA
"Aging","GO_CC",NA,NA,NA,NA
"Aging","GO_CC",NA,NA,NA,NA
"Aging","GO_CC",NA,NA,NA,NA
"Aging","GO_CC",NA,NA,NA,NA
"Aging","GO_CC",NA,NA,NA,NA
"Aging","GO_CC",NA,NA,NA,NA
"Aging","GO_CC",NA,NA,NA,NA
"Aging","GO_CC",NA,NA,NA,NA
"Aging","GO_CC",NA,NA,NA,NA
"Aging","GO_CC",NA,NA,NA,NA
"Aging","GO_CC",NA,NA,NA,NA
"Aging","GO_CC",NA,NA,NA,NA
"Aging","GO_CC",NA,NA,NA,NA
"Aging","GO_CC",NA,NA,NA,NA
"Aging","GO_CC",NA,NA,NA,NA
"Aging","GO_CC",NA,NA,NA,NA
"Aging","GO_CC",NA,NA,NA,NA
"Aging","GO_CC",NA,NA,NA,NA
"Aging","GO_CC",NA,NA,NA,NA
"Aging","GO_CC",NA,NA,NA,NA
"Aging","GO_CC",NA,NA,NA,NA
"Aging","GO_CC",NA,NA,NA,NA
"Aging","GO_CC",NA,NA,NA,NA
"Aging","GO_CC",NA,NA,NA,NA
"Aging","GO_CC",NA,NA,NA,NA
"Aging","GO_CC",NA,NA,NA,NA
"Aging","GO_CC",NA,NA,NA,NA
"Aging","GO_CC",NA,NA,NA,NA
"Aging","GO_CC",NA,NA,NA,NA
"Aging","GO_CC",NA,NA,NA,NA
"Aging","GO_CC",NA,NA,NA,NA
"Aging","GO_CC",NA,NA,NA,NA
"Aging","GO_CC",NA,NA,NA,NA
"Aging","GO_CC",NA,NA,NA,NA
"Aging","GO_CC",NA,NA,NA,NA
"Aging","GO_CC",NA,NA,NA,NA
"Aging","GO_CC",NA,NA,NA,NA
"Aging","GO_CC",NA,NA,NA,NA
"Aging","GO_CC",NA,NA,NA,NA
"Aging","GO_CC",NA,NA,NA,NA
"Aging","GO_CC",NA,NA,NA,NA
"Aging","GO_CC",NA,NA,NA,NA
"Aging","GO_CC",NA,NA,NA,NA
"Aging","GO_CC",NA,NA,NA,NA
"Aging","GO_CC",NA,NA,NA,NA
"Aging","GO_CC",NA,NA,NA,NA
"Aging","GO_MF","structural constituent of ribosome",-2.55416123772086,8.15e-08,93
"Aging","GO_MF","structural constituent of muscle",-2.22229260980564,2.94007078418643e-05,38
"Aging","GO_MF","flavin adenine dinucleotide binding",1.94173764179151,0.0112352544378233,26
"Aging","GO_MF","actin binding",-1.92207419559484,0.000107485903095928,144
"Aging","GO_MF","acyltransferase activity, transferring groups other than amino-acyl groups",1.91036950766254,0.0142561461425992,33
"Aging","GO_MF","translation factor activity",-1.88707191062702,0.0112352544378233,53
"Aging","GO_MF","carbon-oxygen lyase activity",1.8725660246583,0.0307054182152929,25
"Aging","GO_MF","monocarboxylic acid binding",1.78829002374592,0.0679019121028285,18
"Aging","GO_MF","2 iron, 2 sulfur cluster binding",1.77197117282643,0.111527390098016,13
"Aging","GO_MF","vitamin binding",1.76998379576572,0.0679019121028285,25
"Aging","GO_MF","intramolecular oxidoreductase activity, transposing C=C bonds",1.76818717797518,0.0679019121028285,7
"Aging","GO_MF","oxidoreductase activity, acting on the CH-CH group of donors",1.76529164768895,0.0679019121028285,26
"Aging","GO_MF","organic acid binding",1.76458571113674,0.094525863544417,29
"Aging","GO_MF","phosphatidylinositol bisphosphate binding",-1.74722364501218,0.101621588524894,17
"Aging","GO_MF","translation initiation factor activity",-1.73979557377456,0.0746179414159818,36
"Aging","GO_MF","ligase activity, forming carbon-sulfur bonds",1.73585225949625,0.148311543285274,13
"Aging","GO_MF","polypeptide conformation or assembly isomerase activity",-1.73461796902752,0.0746179414159818,25
"Aging","GO_MF","chemoattractant activity",1.72721662191683,0.0663225365152723,5
"Aging","GO_MF","structural constituent of cytoskeleton",-1.7242139779086,0.0679019121028285,42
"Aging","GO_MF","ankyrin binding",-1.68116467486545,0.0479525659137146,5
"Aging","GO_MF","ceramide binding",1.66776760356287,0.111527390098016,5
"Aging","GO_MF","calmodulin binding",-1.65488840366126,0.0746179414159818,54
"Aging","GO_MF","glycolipid binding",1.63792852188444,0.0746179414159818,4
"Aging","GO_MF","damaged DNA binding",1.63759139866098,0.253764290572486,13
"Aging","GO_MF","translation initiation factor binding",-1.63245659146888,0.200283000362936,11
"Aging","GO_MF","ionotropic glutamate receptor binding",-1.60530560549359,0.101621588524894,5
"Aging","GO_MF","sulfur compound binding",1.60360761920323,0.185067409090481,41
"Aging","GO_MF","pyridoxal phosphate binding",1.60315373396406,0.253764290572486,17
"Aging","GO_MF","DNA polymerase binding",1.59730338963527,0.143171124886726,6
"Aging","GO_MF","oxidoreductase activity, acting on the CH-NH2 group of donors, oxygen as acceptor",1.59287967217698,0.0679019121028285,3
"Aging","GO_MF","antioxidant activity",1.59122350343167,0.143536164075594,34
"Aging","GO_MF","DNA binding, bending",1.58995184307127,0.0746179414159818,3
"Aging","GO_MF","oxidoreductase activity, acting on the aldehyde or oxo group of donors",1.57173326913792,0.280506964737971,21
"Aging","GO_MF","macromolecular conformation isomerase activity",-1.56994273481585,0.17759230970617,42
"Aging","GO_MF","fatty-acyl-CoA binding",1.56246517230837,0.253764290572486,5
"Aging","GO_MF","fatty acid derivative binding",1.56246517230837,0.253764290572486,5
"Aging","GO_MF","cytoskeletal motor activity",-1.5562623299945,0.275787966132552,22
"Aging","GO_MF","tropomyosin binding",-1.55246756604647,0.30978002625388,9
"Aging","GO_MF","signal sequence binding",-1.55215900685386,0.345077094226611,15
"Aging","GO_MF","thiolester hydrolase activity",1.54888150857415,0.340185202631956,13
"Aging","GO_MF","peptidyl-prolyl cis-trans isomerase activity",1.54882300381703,0.253764290572486,15
"Aging","GO_MF","manganese ion binding",1.54825869991973,0.253764290572486,15
"Aging","GO_MF","protein serine/threonine kinase activity",-1.54249954123796,0.175189451358884,53
"Aging","GO_MF","DNA-binding transcription factor binding",1.53879434798765,0.179311516699317,62
"Aging","GO_MF","single-stranded DNA binding",1.52978340093957,0.253764290572486,30
"Aging","GO_MF","ribonucleoprotein complex binding",-1.52670615450503,0.148311543285274,55
"Aging","GO_MF","polysaccharide binding",-1.52579883966406,0.203901493096374,5
"Aging","GO_MF","actinin binding",-1.51202272754958,0.410389139542378,15
"Aging","GO_MF","hydrolase activity, acting on carbon-nitrogen (but not peptide) bonds, in cyclic amides",1.51023393294508,0.253764290572486,3
"Aging","GO_MF","structural constituent of postsynapse",-1.50885657562577,0.227087377368773,4
"Aging","GO_MF","NADH dehydrogenase (ubiquinone) activity",-1.50682713712702,0.28459601628095,36
"Aging","GO_MF","telomeric DNA binding",1.49449281368315,0.410389139542378,10
"Aging","GO_MF","oxidoreductase activity, acting on the CH-OH group of donors, NAD or NADP as acceptor",1.4935893711407,0.185067409090481,51
"Aging","GO_MF","fatty acid ligase activity",1.49119152743651,0.280506964737971,6
"Aging","GO_MF","fatty acid-CoA ligase activity",1.49119152743651,0.280506964737971,6
"Aging","GO_MF","phosphoprotein binding",1.47517037174523,0.444545454545454,16
"Aging","GO_MF","transforming growth factor beta receptor binding",1.47384049359962,0.423774300139217,5
"Aging","GO_MF","serine-type endopeptidase activity",1.47237668463014,0.386380004968522,8
"Aging","GO_MF","mRNA 5'-UTR binding",-1.47159000954987,0.423774300139217,11
"Aging","GO_MF","snoRNA binding",1.46941275591439,0.410389139542378,4
"Aging","GO_MF","four-way junction DNA binding",1.46384037079748,0.0966365745988541,2
"Aging","GO_MF","cyclosporin A binding",1.45122701931504,0.423774300139217,5
"Aging","GO_MF","transaminase activity",1.44996869123176,0.444545454545454,8
"Aging","GO_MF","nuclear import signal receptor activity",-1.44781180321016,0.453766756606279,10
"Aging","GO_MF","oxidoreductase activity, acting on metal ions",1.44708011334335,0.408285163776493,3
"Aging","GO_MF","serine hydrolase activity",1.44577486062881,0.511995931554386,9
"Aging","GO_MF","chloride channel activity",-1.44493691232865,0.423774300139217,6
"Aging","GO_MF","ferrous iron binding",1.43106247991042,0.41802263883976,6
"Aging","GO_MF","oxygen binding",1.43055517610591,0.200283000362936,2
"Aging","GO_MF","ubiquitin-modified protein reader activity",-1.42865944682814,0.350117949551104,4
"Aging","GO_MF","amyloid-beta binding",1.42614005708252,0.511995931554386,16
"Aging","GO_MF","protein phosphatase 1 binding",-1.42020711342352,0.385676339016438,4
"Aging","GO_MF","protein-folding chaperone binding",1.41908219571402,0.408285163776493,53
"Aging","GO_MF","kinesin binding",-1.41843974430039,0.511995931554386,6
"Aging","GO_MF","transcription corepressor activity",1.41214827182081,0.453766756606279,23
"Aging","GO_MF","scaffold protein binding",1.41202633856646,0.511995931554386,18
"Aging","GO_MF","dynactin binding",-1.41104119190655,0.517490187023782,6
"Aging","GO_MF","cadherin binding",-1.40916315695553,0.180177605135574,142
"Aging","GO_MF","chemokine binding",1.40899109838236,0.444545454545454,3
"Aging","GO_MF","SNARE binding",1.40823579992141,0.526621866115275,16
"Aging","GO_MF","long-chain fatty acid transmembrane transporter activity",1.40215282473177,0.52708505794702,5
"Aging","GO_MF","fatty acid transmembrane transporter activity",1.40215282473177,0.52708505794702,5
"Aging","GO_MF","snRNA binding",-1.39683463886807,0.519081290456755,7
"Aging","GO_MF","phosphatidylserine binding",1.39291131038867,0.53667419233457,16
"Aging","GO_MF","voltage-gated monoatomic cation channel activity",-1.38060357508225,0.558588580071847,8
"Aging","GO_MF","phosphoric ester hydrolase activity",1.37839956154417,0.30978002625388,58
"Aging","GO_MF","3'-5' exonuclease activity",1.37749978775074,0.539709569083771,6
"Aging","GO_MF","magnesium ion binding",1.37005846161466,0.280506964737971,63
"Aging","GO_MF","calcium ion sensor activity",1.36921476562774,0.511995931554386,2
"Aging","GO_MF","metal ion sensor activity",1.36921476562774,0.511995931554386,2
"Aging","GO_MF","PDZ domain binding",-1.36843631552595,0.558588580071847,7
"Aging","GO_MF","transporter activator activity",-1.36599330467617,0.566286826014452,6
"Aging","GO_MF","nucleosome binding",-1.36405802528179,0.558588580071847,7
"Aging","GO_MF","growth factor binding",-1.3635883158499,0.535918114143921,14
"Aging","GO_MF","lipid transmembrane transporter activity",1.35676809997909,0.566286826014452,6
"Aging","GO_MF","K63-linked deubiquitinase activity",-1.35551060127805,0.526621866115275,3
"Aging","GO_MF","tau protein binding",1.34846890225411,0.52708505794702,20
"Aging","GO_MF","RNA cap binding",-1.34496894539768,0.604072200906871,6
"Aging","GO_MF","protein tag activity",-1.34380828654265,0.539709569083771,4
"Aging","GO_MF","molecular tag activity",-1.34380828654265,0.539709569083771,4
"Aging","GO_MF","deacylase activity",1.34314276422475,0.517490187023782,19
"Aging","GO_MF","carboxypeptidase activity",1.33725345738686,0.585698886094143,8
"Aging","GO_MF","phosphatidylinositol-3,4-bisphosphate binding",-1.33714101210371,0.0966365745988541,1
"Aging","GO_MF","mitogen-activated protein kinase binding",-1.33404730906938,0.412145228723934,2
"Aging","GO_MF","demethylase activity",1.33027267068046,0.614154786150713,3
"Aging","GO_MF","histone demethylase activity",1.33027267068046,0.614154786150713,3
"Aging","GO_MF","dipeptidase activity",-1.32404035656814,0.614154786150713,5
"Aging","GO_MF","channel activator activity",-1.31820489751847,0.634130210663502,5
"Aging","GO_MF","G protein-coupled receptor binding",-1.31780102500051,0.565373942917548,24
"Aging","GO_MF","SH2 domain binding",-1.31562884033298,0.566286826014452,3
"Aging","GO_MF","N-methyltransferase activity",-1.30912325585661,0.658878043971212,5
"Aging","GO_MF","nuclear retinoic acid receptor binding",-1.30911137678567,0.350117949551104,1
"Aging","GO_MF","mRNA 3'-UTR binding",-1.30818517569127,0.566286826014452,27
"Aging","GO_MF","histone modifying activity",1.30767773496555,0.614154786150713,21
"Aging","GO_MF","oxidoreduction-driven active transmembrane transporter activity",-1.30547457514676,0.517490187023782,53
"Aging","GO_MF","oxidoreductase activity, acting on NAD(P)H, quinone or similar compound as acceptor",1.304454874891,0.60722384191772,13
"Aging","GO_MF","cargo receptor activity",-1.29677083629798,0.677486081039282,5
"Aging","GO_MF","CARD domain binding",1.29639984799014,0.410389139542378,1
"Aging","GO_MF","oxidoreductase activity, acting on paired donors, with incorporation or reduction of molecular oxygen, NAD(P)H as one donor, and incorporation of one atom of oxygen",1.29263309137462,0.679314343697905,5
"Aging","GO_MF","receptor antagonist activity",1.2919752751301,0.429676870748299,1
"Aging","GO_MF","ubiquitin-like ligase-substrate adaptor activity",-1.28998999037737,0.677486081039282,6
"Aging","GO_MF","A2-type glycerophospholipase activity",1.28944694778151,0.44881762228701,1
"Aging","GO_MF","glycosaminoglycan binding",1.28598393394092,0.603470478398043,24
"Aging","GO_MF","extracellular matrix structural constituent conferring tensile strength",-1.2797445255216,0.658878043971212,13
"Aging","GO_MF","telomerase RNA binding",-1.27727122960781,0.529220779220779,2
"Aging","GO_MF","DNA damage sensor activity",1.27490906552711,0.517490187023782,1
"Aging","GO_MF","protein kinase C binding",-1.2657845402871,0.677486081039282,13
"Aging","GO_MF","phosphatidylinositol 3-kinase regulator activity",1.25721077408697,0.539709569083771,1
"Aging","GO_MF","nucleosomal DNA binding",-1.25713357153519,0.733610733695652,4
"Aging","GO_MF","calcium channel activity",-1.2550560552794,0.777588603482452,11
"Aging","GO_MF","carbohydrate kinase activity",1.25348842589958,0.717729840959821,9
"Aging","GO_MF","GDP-dissociation inhibitor activity",1.25324998345254,0.766847503602611,5
"Aging","GO_MF","sodium:proton antiporter activity",-1.24731877165272,0.558588580071847,1
"Aging","GO_MF","histone H3 methyltransferase activity",-1.24555837038733,0.752526375185951,4
"Aging","GO_MF","potassium channel regulator activity",-1.24456018121615,0.752526375185951,10
"Aging","GO_MF","mitogen-activated protein kinase kinase kinase binding",1.2367051559594,0.777012711864407,4
"Aging","GO_MF","disordered domain specific binding",-1.23602623568823,0.766847503602611,10
"Aging","GO_MF","unfolded protein binding",1.23362678158943,0.595085004359198,57
"Aging","GO_MF","pentosyltransferase activity",-1.23243095860041,0.742407528121814,8
"Aging","GO_MF","ubiquitin conjugating enzyme binding",-1.2284353367897,0.782744135160641,6
"Aging","GO_MF","active monoatomic ion transmembrane transporter activity",-1.22821173505774,0.558588580071847,67
"Aging","GO_MF","single-stranded RNA binding",1.22602397196249,0.730960985517951,21
"Aging","GO_MF","monoatomic anion transmembrane transporter activity",-1.21825316092408,0.78551912568306,10
"Aging","GO_MF","histone H3K9me2/3 reader activity",1.21384731279481,0.79527712724434,2
"Aging","GO_MF","histone H3 reader activity",1.21384731279481,0.79527712724434,2
"Aging","GO_MF","tRNA methyltransferase activity",1.21359712732377,0.658878043971212,1
"Aging","GO_MF","ubiquitin-like protein conjugating enzyme activity",1.21018291387812,0.78677280040647,14
"Aging","GO_MF","immunoglobulin receptor binding",-1.20996363477261,0.730960985517951,2
"Aging","GO_MF","BMP binding",-1.20081505851143,0.715578411697248,1
"Aging","GO_MF","efflux transmembrane transporter activity",1.19779508139508,0.716024526402489,1
"Aging","GO_MF","minus-end-directed microtubule motor activity",-1.19508172401456,0.716024526402489,1
"Aging","GO_MF","dynein light intermediate chain binding",-1.19508172401456,0.716024526402489,1
"Aging","GO_MF","transmembrane transporter binding",-1.19381785931936,0.733610733695652,40
"Aging","GO_MF","G-protein beta-subunit binding",-1.19091991525652,0.786922090777794,2
"Aging","GO_MF","metal ion transmembrane transporter activity",-1.17108520219087,0.799314310622318,26
"Aging","GO_MF","G protein activity",1.15487876983538,0.78551912568306,30
"Aging","GO_MF","electron transfer activity",1.14882795369506,0.679314343697905,75
"Aging","GO_MF",NA,NA,NA,NA
"Aging","GO_MF",NA,NA,NA,NA
"Aging","GO_MF",NA,NA,NA,NA
"Aging","GO_MF",NA,NA,NA,NA
"Aging","GO_MF",NA,NA,NA,NA
"Aging","GO_MF",NA,NA,NA,NA
"Aging","GO_MF",NA,NA,NA,NA
"Aging","GO_MF",NA,NA,NA,NA
"Aging","GO_MF",NA,NA,NA,NA
"Aging","GO_MF",NA,NA,NA,NA
"Aging","GO_MF",NA,NA,NA,NA
"Aging","GO_MF",NA,NA,NA,NA
"Aging","GO_MF",NA,NA,NA,NA
"Aging","GO_MF",NA,NA,NA,NA
"Aging","GO_MF",NA,NA,NA,NA
"Aging","GO_MF",NA,NA,NA,NA
"Aging","GO_MF",NA,NA,NA,NA
"Aging","GO_MF",NA,NA,NA,NA
"Aging","GO_MF",NA,NA,NA,NA
"Aging","GO_MF",NA,NA,NA,NA
"Aging","GO_MF",NA,NA,NA,NA
"Aging","GO_MF",NA,NA,NA,NA
"Aging","GO_MF",NA,NA,NA,NA
"Aging","GO_MF",NA,NA,NA,NA
"Aging","GO_MF",NA,NA,NA,NA
"Aging","GO_MF",NA,NA,NA,NA
"Aging","GO_MF",NA,NA,NA,NA
"Aging","GO_MF",NA,NA,NA,NA
"Aging","GO_MF",NA,NA,NA,NA
"Aging","GO_MF",NA,NA,NA,NA
"Aging","GO_MF",NA,NA,NA,NA
"Aging","GO_MF",NA,NA,NA,NA
"Aging","GO_MF",NA,NA,NA,NA
"Aging","GO_MF",NA,NA,NA,NA
"Aging","GO_MF",NA,NA,NA,NA
"Aging","GO_MF",NA,NA,NA,NA
"Aging","GO_MF",NA,NA,NA,NA
"Aging","GO_MF",NA,NA,NA,NA
"Aging","GO_MF",NA,NA,NA,NA
"Aging","GO_MF",NA,NA,NA,NA
"Aging","GO_MF",NA,NA,NA,NA
"Aging","GO_MF",NA,NA,NA,NA
"Aging","GO_MF",NA,NA,NA,NA
"Aging","GO_MF",NA,NA,NA,NA
"Aging","GO_MF",NA,NA,NA,NA
"Aging","GO_MF",NA,NA,NA,NA
"Aging","GO_MF",NA,NA,NA,NA
"Aging","GO_MF",NA,NA,NA,NA
"Aging","GO_MF",NA,NA,NA,NA
"Aging","GO_MF",NA,NA,NA,NA
"Aging","GO_MF",NA,NA,NA,NA
"Aging","GO_MF",NA,NA,NA,NA
"Aging","GO_MF",NA,NA,NA,NA
"Aging","GO_MF",NA,NA,NA,NA
"Aging","GO_MF",NA,NA,NA,NA
"Aging","GO_MF",NA,NA,NA,NA
"Aging","GO_MF",NA,NA,NA,NA
"Aging","GO_MF",NA,NA,NA,NA
"Aging","GO_MF",NA,NA,NA,NA
"Aging","GO_MF",NA,NA,NA,NA
"Aging","GO_MF",NA,NA,NA,NA
"Aging","GO_MF",NA,NA,NA,NA
"Aging","GO_MF",NA,NA,NA,NA
"Aging","GO_MF",NA,NA,NA,NA
"Aging","GO_MF",NA,NA,NA,NA
"Aging","GO_MF",NA,NA,NA,NA
"Aging","GO_MF",NA,NA,NA,NA
"Aging","GO_MF",NA,NA,NA,NA
"Aging","GO_MF",NA,NA,NA,NA
"Aging","GO_MF",NA,NA,NA,NA
"Aging","GO_MF",NA,NA,NA,NA
"Aging","GO_MF",NA,NA,NA,NA
"Aging","GO_MF",NA,NA,NA,NA
"Aging","GO_MF",NA,NA,NA,NA
"Aging","GO_MF",NA,NA,NA,NA
"Aging","GO_MF",NA,NA,NA,NA
"Aging","GO_MF",NA,NA,NA,NA
"Aging","GO_MF",NA,NA,NA,NA
"Aging","GO_MF",NA,NA,NA,NA
"Aging","GO_MF",NA,NA,NA,NA
"Aging","GO_MF",NA,NA,NA,NA
"Aging","GO_MF",NA,NA,NA,NA
"Aging","GO_MF",NA,NA,NA,NA
"Aging","GO_MF",NA,NA,NA,NA
"Aging","GO_MF",NA,NA,NA,NA
"Aging","GO_MF",NA,NA,NA,NA
"Aging","GO_MF",NA,NA,NA,NA
"Aging","GO_MF",NA,NA,NA,NA
"Aging","GO_MF",NA,NA,NA,NA
"Aging","GO_MF",NA,NA,NA,NA
"Aging","GO_MF",NA,NA,NA,NA
"Aging","GO_MF",NA,NA,NA,NA
"Aging","GO_MF",NA,NA,NA,NA
"Aging","GO_MF",NA,NA,NA,NA
"Aging","GO_MF",NA,NA,NA,NA
"Aging","GO_MF",NA,NA,NA,NA
"Aging","GO_MF",NA,NA,NA,NA
"Aging","GO_MF",NA,NA,NA,NA
"Aging","GO_MF",NA,NA,NA,NA
"Aging","GO_MF",NA,NA,NA,NA
"Aging","GO_MF",NA,NA,NA,NA
"Aging","GO_MF",NA,NA,NA,NA
"Aging","GO_MF",NA,NA,NA,NA
"Aging","GO_MF",NA,NA,NA,NA
"Aging","GO_MF",NA,NA,NA,NA
"Aging","GO_MF",NA,NA,NA,NA
"Aging","GO_MF",NA,NA,NA,NA
"Aging","GO_MF",NA,NA,NA,NA
"Aging","GO_MF",NA,NA,NA,NA
"Aging","GO_MF",NA,NA,NA,NA
"Aging","GO_MF",NA,NA,NA,NA
"Aging","GO_MF",NA,NA,NA,NA
"Aging","GO_MF",NA,NA,NA,NA
"Aging","GO_MF",NA,NA,NA,NA
"Aging","GO_MF",NA,NA,NA,NA
"Aging","GO_MF",NA,NA,NA,NA
"Aging","GO_MF",NA,NA,NA,NA
"Aging","GO_MF",NA,NA,NA,NA
"Aging","GO_MF",NA,NA,NA,NA
"Aging","GO_MF",NA,NA,NA,NA
"Aging","GO_MF",NA,NA,NA,NA
"Aging","GO_MF",NA,NA,NA,NA
"Aging","GO_MF",NA,NA,NA,NA
"Aging","GO_MF",NA,NA,NA,NA
"Aging","GO_MF",NA,NA,NA,NA
"Aging","GO_MF",NA,NA,NA,NA
"Aging","GO_MF",NA,NA,NA,NA
"Aging","GO_MF",NA,NA,NA,NA
"Aging","GO_MF",NA,NA,NA,NA
"Aging","GO_MF",NA,NA,NA,NA
"Aging","GO_MF",NA,NA,NA,NA
"Aging","GO_MF",NA,NA,NA,NA
"Aging","GO_MF",NA,NA,NA,NA
"Aging","GO_MF",NA,NA,NA,NA
"Aging","GO_MF",NA,NA,NA,NA
"Aging","GO_MF",NA,NA,NA,NA
"Aging","GO_MF",NA,NA,NA,NA
"Aging","GO_MF",NA,NA,NA,NA
"Aging","GO_MF",NA,NA,NA,NA
"Aging","GO_MF",NA,NA,NA,NA
"Interaction","GO_BP","mitochondrial electron transport, NADH to ubiquinone",2.63932997650187,2.31157894736842e-08,39
"Interaction","GO_BP","proton transmembrane transport",2.43706650937218,2.31157894736842e-08,85
"Interaction","GO_BP","proton motive force-driven mitochondrial ATP synthesis",2.43298410858557,2.31157894736842e-08,60
"Interaction","GO_BP","ribose phosphate biosynthetic process",2.3070595246225,4.90814774319792e-08,93
"Interaction","GO_BP","tRNA aminoacylation for protein translation",-2.24409118717106,0.000180109536577993,28
"Interaction","GO_BP","tRNA aminoacylation",-2.24409118717106,0.000180109536577993,28
"Interaction","GO_BP","mitochondrial respiratory chain complex assembly",2.20888485288851,2.42860571352658e-05,38
"Interaction","GO_BP","extracellular matrix organization",2.1254293003196,0.000259550373018332,33
"Interaction","GO_BP","ATP metabolic process",2.08086046962153,2.12222227206245e-06,117
"Interaction","GO_BP","cytoplasmic microtubule organization",-2.02479084027721,0.0240167674966037,16
"Interaction","GO_BP","cellular response to xenobiotic stimulus",-1.98783271488763,0.0287735829291664,25
"Interaction","GO_BP","protein modification by small protein removal",-1.96015299635396,0.029087677163981,29
"Interaction","GO_BP","regulation of protein localization to nucleus",-1.94067723194284,0.0251265196922792,35
"Interaction","GO_BP","protein-DNA complex organization",1.93954467267892,0.0313558718449786,15
"Interaction","GO_BP","regulation of microtubule polymerization",-1.93763286678292,0.0403530245068689,17
"Interaction","GO_BP","cellular response to type I interferon",-1.93749731726043,0.0230806580521295,40
"Interaction","GO_BP","positive regulation of protein-containing complex assembly",-1.93056976032832,0.0240167674966037,40
"Interaction","GO_BP","muscle tissue morphogenesis",1.92091353827776,0.0372387831662636,11
"Interaction","GO_BP","nucleosome assembly",1.91645856935773,0.0381869704898757,11
"Interaction","GO_BP","nucleosome organization",1.91645856935773,0.0381869704898757,11
"Interaction","GO_BP","regulation of proteasomal protein catabolic process",-1.85564720491576,0.0105129612208014,79
"Interaction","GO_BP","protein-DNA complex assembly",1.85256556651114,0.0507771936172968,14
"Interaction","GO_BP","endoplasmic reticulum to Golgi vesicle-mediated transport",-1.84708666203387,0.05187036009505,40
"Interaction","GO_BP","muscle filament sliding",1.84269893300614,0.0840887888281253,13
"Interaction","GO_BP","actin-myosin filament sliding",1.84269893300614,0.0840887888281253,13
"Interaction","GO_BP","regulation of microtubule-based process",-1.83911341484577,0.0443433492256929,45
"Interaction","GO_BP","positive regulation of cell cycle",-1.83324571138447,0.064508338407584,30
"Interaction","GO_BP","regulation of response to cytokine stimulus",-1.83130194025804,0.148893451258203,16
"Interaction","GO_BP","cellular response to glucose starvation",-1.82460637848242,0.10292502459019,11
"Interaction","GO_BP","regulation of cytokine-mediated signaling pathway",-1.80659440663845,0.12083413339444,15
"Interaction","GO_BP","peroxisome organization",-1.80526995638432,0.0329453141917168,6
"Interaction","GO_BP","microtubule-based movement",-1.80361000007929,0.0287735829291664,59
"Interaction","GO_BP","negative regulation of mitotic nuclear division",-1.79372567130335,0.157143272043365,10
"Interaction","GO_BP","negative regulation of nuclear division",-1.79372567130335,0.157143272043365,10
"Interaction","GO_BP","negative regulation of amyloid-beta formation",-1.79185763590077,0.093646634826332,7
"Interaction","GO_BP","clathrin-dependent endocytosis",-1.78922267483326,0.0576678042791752,8
"Interaction","GO_BP","regulation of mitotic sister chromatid segregation",-1.77890583785574,0.149896388764229,11
"Interaction","GO_BP","regulation of protein import into nucleus",-1.77867597834215,0.148893451258203,15
"Interaction","GO_BP","regulation of mitotic cell cycle",-1.77513206752337,0.0313558718449786,58
"Interaction","GO_BP","regulation of microtubule cytoskeleton organization",-1.77412665097361,0.0978986827464443,36
"Interaction","GO_BP","regulation of TORC1 signaling",-1.76712982999934,0.224172993632642,21
"Interaction","GO_BP","chaperone-mediated autophagy",-1.7626598751259,0.188800626506425,9
"Interaction","GO_BP","establishment of spindle localization",-1.75665132438108,0.1393102241754,12
"Interaction","GO_BP","spindle localization",-1.75665132438108,0.1393102241754,12
"Interaction","GO_BP","lipid homeostasis",-1.74568993875375,0.18696100726261,27
"Interaction","GO_BP","regulation of neuron differentiation",-1.74419701194388,0.204111106994684,10
"Interaction","GO_BP","chromosome separation",-1.7416932146452,0.152436918741035,12
"Interaction","GO_BP","regulation of chromosome separation",-1.7416932146452,0.152436918741035,12
"Interaction","GO_BP","negative regulation of chromosome segregation",-1.73807176981523,0.204111106994684,9
"Interaction","GO_BP","negative regulation of myoblast fusion",1.73577782246897,0.091926760078573,38
"Interaction","GO_BP","aldehyde metabolic process",-1.72921581793197,0.12083413339444,31
"Interaction","GO_BP","protein localization to vacuole",-1.72903152755808,0.188800626506425,17
"Interaction","GO_BP","lipid droplet organization",-1.72561911300993,0.222757354157639,9
"Interaction","GO_BP","proteasomal ubiquitin-independent protein catabolic process",-1.7240790717479,0.204111106994684,15
"Interaction","GO_BP","regulation of organelle assembly",-1.71117476358625,0.120149457694469,42
"Interaction","GO_BP","cell-cell fusion",1.70246785021069,0.112459451726034,43
"Interaction","GO_BP","positive regulation of endocytosis",-1.70070092115268,0.241342499004348,26
"Interaction","GO_BP","regulation of spindle checkpoint",-1.69239025364724,0.178401000014805,8
"Interaction","GO_BP","regulation of mitotic cell cycle spindle assembly checkpoint",-1.69239025364724,0.178401000014805,8
"Interaction","GO_BP","regulation of mitotic spindle checkpoint",-1.69239025364724,0.178401000014805,8
"Interaction","GO_BP","regulation of mitotic cell cycle phase transition",-1.691183073828,0.188800626506425,43
"Interaction","GO_BP","regulation of protein stability",-1.69072815772449,0.0372387831662636,82
"Interaction","GO_BP","telomerase RNA localization to Cajal body",-1.69066487359916,0.274553795843571,9
"Interaction","GO_BP","telomerase RNA localization",-1.69066487359916,0.274553795843571,9
"Interaction","GO_BP","amyloid-beta formation",-1.68994354179225,0.279570165198031,10
"Interaction","GO_BP","protein tetramerization",-1.68643259860299,0.247645016052788,25
"Interaction","GO_BP","protein folding",-1.68386798520456,0.0372387831662636,90
"Interaction","GO_BP","response to nutrient levels",-1.68209678080341,0.10292502459019,80
"Interaction","GO_BP","maturation of SSU-rRNA",1.67943730197555,0.293239508153385,9
"Interaction","GO_BP","protein targeting to lysosome",-1.67882638986256,0.218618796065938,7
"Interaction","GO_BP","synapse assembly",-1.67842196122448,0.352538938100906,18
"Interaction","GO_BP","negative regulation of kinase activity",-1.67801059546433,0.274553795843571,15
"Interaction","GO_BP","regulation of receptor clustering",1.67780027341225,0.0660120908651915,4
"Interaction","GO_BP","organ growth",-1.6762759163252,0.28809278138847,9
"Interaction","GO_BP","biogenic amine catabolic process",1.67517279200689,0.112818945322215,6
"Interaction","GO_BP","establishment of endothelial barrier",-1.67235912067466,0.235965560242277,7
"Interaction","GO_BP","protein neddylation",-1.67211379193951,0.274553795843571,15
"Interaction","GO_BP","negative regulation of neurogenesis",-1.6605679371006,0.256289397435259,7
"Interaction","GO_BP","negative regulation of nervous system development",-1.6605679371006,0.256289397435259,7
"Interaction","GO_BP","protein-lipid complex assembly",-1.65844980566147,0.238662737677125,5
"Interaction","GO_BP","protein-lipid complex organization",-1.65844980566147,0.238662737677125,5
"Interaction","GO_BP","ventricular cardiac muscle tissue development",1.656987938635,0.1393102241754,6
"Interaction","GO_BP","response to amino acid",-1.65230384992863,0.272915357812788,17
"Interaction","GO_BP","response to acid chemical",-1.65037318331658,0.188800626506425,20
"Interaction","GO_BP","axon development",-1.64932371507345,0.204111106994684,43
"Interaction","GO_BP","secondary metabolic process",-1.64733933375981,0.304956220273003,10
"Interaction","GO_BP","inflammasome-mediated signaling pathway",-1.64669294532651,0.320177432794746,9
"Interaction","GO_BP","regulation of inflammasome-mediated signaling pathway",-1.64669294532651,0.320177432794746,9
"Interaction","GO_BP","microtubule polymerization",-1.64646829493219,0.188800626506425,20
"Interaction","GO_BP","renal absorption",-1.64582697542062,0.0660120908651915,4
"Interaction","GO_BP","regulation of vacuole organization",-1.6452402255538,0.304956220273003,11
"Interaction","GO_BP","T cell differentiation in thymus",-1.64461400320673,0.302417072343264,14
"Interaction","GO_BP","ribosomal small subunit biogenesis",1.64394774830534,0.247645016052788,30
"Interaction","GO_BP","response to fatty acid",-1.64131729286665,0.304956220273003,11
"Interaction","GO_BP","establishment of organelle localization",-1.63786356305851,0.091926760078573,67
"Interaction","GO_BP","mitotic cell cycle phase transition",-1.63743207977786,0.10292502459019,60
"Interaction","GO_BP","cardiac ventricle morphogenesis",1.63359443436028,0.18510651649937,7
"Interaction","GO_BP","chondrocyte differentiation",1.63031165359402,0.179410967079534,6
"Interaction","GO_BP","glycoside metabolic process",-1.62792694214383,0.299717594464718,7
"Interaction","GO_BP","prostanoid biosynthetic process",-1.62784906517881,0.299717594464718,7
"Interaction","GO_BP","tumor necrosis factor production",-1.62645756329436,0.308144880594162,26
"Interaction","GO_BP","amino-acid betaine metabolic process",1.62564826912885,0.352538938100906,10
"Interaction","GO_BP","cellular response to virus",-1.62321915879099,0.272915357812788,6
"Interaction","GO_BP","regulation of protein catabolic process",-1.61191196652779,0.0303276163176998,112
"Interaction","GO_BP","receptor metabolic process",-1.6064577178256,0.371840406990521,10
"Interaction","GO_BP","muscle cell differentiation",1.60640884812335,0.0507771936172968,113
"Interaction","GO_BP","canonical inflammasome complex assembly",-1.6023658811084,0.299717594464718,8
"Interaction","GO_BP","membrane fission",-1.60148971170288,0.483445828360118,18
"Interaction","GO_BP","lymphocyte migration",-1.59957308553096,0.303422365477894,8
"Interaction","GO_BP","regulation of cellular senescence",-1.59137349378364,0.344645763338843,5
"Interaction","GO_BP","neutrophil activation",1.58846736728458,0.254829297599971,6
"Interaction","GO_BP","ameboidal-type cell migration",-1.58287799664034,0.487070657781264,23
"Interaction","GO_BP","response to lead ion",-1.57858046891494,0.356239432970312,6
"Interaction","GO_BP","Golgi organization",-1.57792518846556,0.362846923174244,27
"Interaction","GO_BP","alcohol catabolic process",-1.57777605857521,0.409811222352011,11
"Interaction","GO_BP","positive regulation of defense response to virus by host",-1.57168771040628,0.0727444996844781,3
"Interaction","GO_BP","vacuole organization",-1.56834433121524,0.299717594464718,43
"Interaction","GO_BP","interferon-beta production",-1.5627808129676,0.466610934633053,9
"Interaction","GO_BP","heterochromatin formation",1.56216704213322,0.465639771142887,16
"Interaction","GO_BP","response to heat",-1.5595448185273,0.304956220273003,30
"Interaction","GO_BP","synaptic vesicle priming",-1.5591964615331,0.103919904129205,3
"Interaction","GO_BP","chromosome segregation",-1.55787861881022,0.18510651649937,55
"Interaction","GO_BP","mitochondrial calcium ion homeostasis",1.55267394172769,0.389317652433995,8
"Interaction","GO_BP","cellular pigmentation",-1.5521567399243,0.370456845884637,8
"Interaction","GO_BP","mitochondrion organization",1.55131740258489,0.109714802212347,127
"Interaction","GO_BP","intestinal absorption",-1.5500850760042,0.466610934633053,5
"Interaction","GO_BP","positive regulation of myeloid leukocyte cytokine production involved in immune response",-1.54340339309973,0.247645016052788,4
"Interaction","GO_BP","myeloid leukocyte cytokine production",-1.54340339309973,0.247645016052788,4
"Interaction","GO_BP","T cell homeostasis",-1.54203384846838,0.461176691583548,13
"Interaction","GO_BP","tertiary alcohol metabolic process",-1.53606320522137,0.404567247417282,8
"Interaction","GO_BP","endoderm development",1.53190147899704,0.315622190172187,7
"Interaction","GO_BP","negative regulation of protein kinase activity",-1.53123575530225,0.486681894734052,13
"Interaction","GO_BP","maintenance of protein localization in organelle",-1.5302344571265,0.520427106236752,7
"Interaction","GO_BP","cellular response to acid chemical",-1.52368921896856,0.487687879756956,13
"Interaction","GO_BP","myeloid leukocyte migration",1.52332036109947,0.439189875047598,28
"Interaction","GO_BP","locomotory behavior",-1.51911246776488,0.50478228267976,6
"Interaction","GO_BP","sex differentiation",-1.51553470005287,0.540265704444809,10
"Interaction","GO_BP","response to cocaine",1.51527560789327,0.392109317509544,4
"Interaction","GO_BP","cellular response to steroid hormone stimulus",-1.51504775001006,0.387492302350126,35
"Interaction","GO_BP","heterochromatin organization",1.51061338525918,0.487687879756956,18
"Interaction","GO_BP","regulation of lipid localization",-1.50829694388083,0.493827345496768,24
"Interaction","GO_BP","brown fat cell differentiation",-1.5072792704921,0.304956220273003,4
"Interaction","GO_BP","positive regulation of inflammasome-mediated signaling pathway",-1.50711805986416,0.532415264510498,7
"Interaction","GO_BP","negative regulation of T cell mediated immunity",-1.50702353011575,0.238662737677125,3
"Interaction","GO_BP","negative regulation of adaptive immune response based on somatic recombination of immune receptors built from immunoglobulin superfamily domains",-1.50657572661279,0.540265704444809,5
"Interaction","GO_BP","vesicle organization",-1.50563037098807,0.303441820755344,80
"Interaction","GO_BP","pigmentation",-1.50404417653662,0.545842217484009,10
"Interaction","GO_BP","macroautophagy",-1.50302233849884,0.149896388764229,100
"Interaction","GO_BP","positive regulation of reactive oxygen species metabolic process",-1.50276346740416,0.582516725425423,18
"Interaction","GO_BP","nuclear envelope organization",1.50207594368445,0.487687879756956,20
"Interaction","GO_BP","positive regulation of viral genome replication",-1.50027319367616,0.540265704444809,7
"Interaction","GO_BP","negative regulation of leukocyte mediated cytotoxicity",1.49972109461587,0.188800626506425,3
"Interaction","GO_BP","negative regulation of natural killer cell mediated cytotoxicity",1.49972109461587,0.188800626506425,3
"Interaction","GO_BP","long-chain fatty acid import into cell",-1.4994456591694,0.540265704444809,7
"Interaction","GO_BP","positive regulation of smooth muscle cell apoptotic process",-1.49895696746941,0.238662737677125,3
"Interaction","GO_BP","regulation of protein modification by small protein conjugation or removal",-1.49806057821435,0.28809278138847,53
"Interaction","GO_BP","one-carbon metabolic process",-1.49789084208511,0.529195862529196,10
"Interaction","GO_BP","Fc receptor mediated stimulatory signaling pathway",-1.49334863081244,0.325626348212592,4
"Interaction","GO_BP","odontogenesis",1.49216411175601,0.504123658748108,6
"Interaction","GO_BP","response to cadmium ion",-1.49192736848861,0.540265704444809,8
"Interaction","GO_BP","mitochondrial calcium ion transmembrane transport",1.48945164603808,0.523908523908524,9
"Interaction","GO_BP","negative regulation of cholesterol transport",-1.48844115175701,0.275544082485805,3
"Interaction","GO_BP","progesterone metabolic process",-1.48786664489942,0.352538938100906,4
"Interaction","GO_BP","myofibril assembly",1.48557939677085,0.444142327749712,40
"Interaction","GO_BP","positive regulation of myoblast differentiation",1.48481793470843,0.477814839662532,4
"Interaction","GO_BP","COPII vesicle coating",-1.48407945799244,0.540265704444809,8
"Interaction","GO_BP","regulation of vascular associated smooth muscle cell proliferation",-1.48155393836548,0.540265704444809,8
"Interaction","GO_BP","vascular associated smooth muscle cell proliferation",-1.48155393836548,0.540265704444809,8
"Interaction","GO_BP","negative regulation of muscle cell differentiation",-1.48081711381355,0.523908523908524,5
"Interaction","GO_BP","skeletal system development",1.4807791993807,0.462639778221104,31
"Interaction","GO_BP","ceramide catabolic process",-1.48055823283464,0.0327679794772893,2
"Interaction","GO_BP","fibroblast proliferation",1.47858363739794,0.532415264510498,9
"Interaction","GO_BP","tissue homeostasis",1.47843154286009,0.523908523908524,18
"Interaction","GO_BP","anatomical structure homeostasis",1.47843154286009,0.523908523908524,18
"Interaction","GO_BP","developmental cell growth",-1.47696378430992,0.557041586356267,26
"Interaction","GO_BP","inclusion body assembly",-1.4768866295181,0.517953846444138,11
"Interaction","GO_BP","recombinational repair",1.47528018832981,0.514251074078397,20
"Interaction","GO_BP","T cell costimulation",1.47325443190122,0.298362801940598,3
"Interaction","GO_BP","lipoprotein transport",-1.47077295704427,0.568584579976985,6
"Interaction","GO_BP","lipoprotein localization",-1.47077295704427,0.568584579976985,6
"Interaction","GO_BP","response to testosterone",-1.46969138847383,0.389317652433995,4
"Interaction","GO_BP","transcription initiation-coupled chromatin remodeling",1.46837491365415,0.523908523908524,6
"Interaction","GO_BP","positive regulation of gene expression, epigenetic",1.46837491365415,0.523908523908524,6
"Interaction","GO_BP","tissue regeneration",1.46775871729046,0.54376624984524,11
"Interaction","GO_BP","regulation of glial cell differentiation",-1.46616334792857,0.397409023391543,4
"Interaction","GO_BP","neutrophil mediated immunity",1.46594995431904,0.487687879756956,5
"Interaction","GO_BP","deadenylation-dependent decapping of nuclear-transcribed mRNA",1.46280021863291,0.304956220273003,3
"Interaction","GO_BP","termination of RNA polymerase II transcription",1.46205639087877,0.0391089449653622,2
"Interaction","GO_BP","regulation of hormone metabolic process",-1.46181563021478,0.325626348212592,3
"Interaction","GO_BP","positive regulation of lipid storage",-1.45644403966419,0.545842217484009,5
"Interaction","GO_BP","lipid catabolic process",-1.45528112813136,0.296946430695368,60
"Interaction","GO_BP","antibacterial humoral response",1.45474796096792,0.569188850887896,7
"Interaction","GO_BP","developmental growth involved in morphogenesis",-1.45335966548239,0.564488143435512,24
"Interaction","GO_BP","mRNA splicing, via spliceosome",1.45225793123714,0.318019963603577,48
"Interaction","GO_BP","CD8-positive, alpha-beta T cell differentiation",-1.45034617573317,0.540265704444809,11
"Interaction","GO_BP","negative regulation of regulatory T cell differentiation",-1.45034617573317,0.540265704444809,11
"Interaction","GO_BP","CD8-positive, alpha-beta T cell homeostasis",-1.45034617573317,0.540265704444809,11
"Interaction","GO_BP","regulation of retinoic acid receptor signaling pathway",-1.44809575891126,0.18510651649937,2
"Interaction","GO_BP","tissue morphogenesis",1.44804254672819,0.487687879756956,41
"Interaction","GO_BP","dense core granule localization",1.44766484209463,0.320177432794746,3
"Interaction","GO_BP","transport across blood-brain barrier",-1.44755716696281,0.582516725425423,12
"Interaction","GO_BP","membrane biogenesis",1.44547090859177,0.517953846444138,23
"Interaction","GO_BP","membrane assembly",1.44547090859177,0.517953846444138,23
"Interaction","GO_BP","muscle contraction",1.44445953758099,0.238662737677125,152
"Interaction","GO_BP","retinoic acid metabolic process",-1.44385263065393,0.456952150994234,4
"Interaction","GO_BP","granulocyte differentiation",-1.44301640873223,0.387492302350126,3
"Interaction","GO_BP","cell-matrix adhesion",1.44299728460542,0.462639778221104,38
"Interaction","GO_BP","spinal cord development",-1.44198911398981,0.391717131244022,3
"Interaction","GO_BP","cellular response to ketone",-1.4419517914263,0.565651361967931,13
"Interaction","GO_BP","CD8-positive, alpha-beta T cell activation",-1.44008798559022,0.602615012106538,12
"Interaction","GO_BP","cellular response to amino acid stimulus",-1.43954370595021,0.602615012106538,12
"Interaction","GO_BP","mitochondrion transport along microtubule",-1.43827673098979,0.404567247417282,3
"Interaction","GO_BP","aorta development",1.43713548067836,0.18510651649937,2
"Interaction","GO_BP","aorta morphogenesis",1.43713548067836,0.18510651649937,2
"Interaction","GO_BP","smooth muscle tissue development",1.43713548067836,0.18510651649937,2
"Interaction","GO_BP","regulation of carbohydrate catabolic process",-1.43531682789981,0.568584579976985,15
"Interaction","GO_BP","positive regulation of cytokine production",-1.43529043772728,0.304956220273003,55
"Interaction","GO_BP","cellular response to retinoic acid",1.4349696891184,0.529195862529196,5
"Interaction","GO_BP","mitochondrial transport",1.4333076828712,0.602615012106538,15
"Interaction","GO_BP","regulation of lymphocyte migration",-1.43311091874396,0.556675372561069,6
"Interaction","GO_BP","non-motile cilium assembly",-1.43156643842726,0.568584579976985,5
"Interaction","GO_BP","leukocyte activation involved in inflammatory response",-1.43147487109026,0.427984384247357,3
"Interaction","GO_BP","glial cell activation",-1.43147487109026,0.427984384247357,3
"Interaction","GO_BP","negative regulation of mRNA splicing, via spliceosome",1.43042627654497,0.564488143435512,4
"Interaction","GO_BP","cellular response to hydrogen peroxide",-1.43040698438073,0.582516725425423,10
"Interaction","GO_BP","positive regulation of purine nucleotide catabolic process",-1.42984160682581,0.487687879756956,4
"Interaction","GO_BP","positive regulation of glycolytic process",-1.42984160682581,0.487687879756956,4
"Interaction","GO_BP","positive regulation of supramolecular fiber organization",-1.42937694885284,0.502653975890673,38
"Interaction","GO_BP","lipid localization",-1.42892282020678,0.304956220273003,65
"Interaction","GO_BP","female gamete generation",-1.42606878711231,0.274898264418636,2
"Interaction","GO_BP","regulation of DNA binding",1.42506601881321,0.54376624984524,5
"Interaction","GO_BP","regulation of developmental growth",-1.42445317364821,0.54677519060375,28
"Interaction","GO_BP","vesicle docking",1.4241223229902,0.568584579976985,6
"Interaction","GO_BP","regulation of necroptotic process",1.42265548405947,0.556381996851078,5
"Interaction","GO_BP","2-oxoglutarate metabolic process",-1.42231044291166,0.545842217484009,11
"Interaction","GO_BP","regulation of gluconeogenesis",-1.42156404956305,0.576500638569604,9
"Interaction","GO_BP","metabolic compound salvage",1.4125851447111,0.607660726370404,14
"Interaction","GO_BP","in utero embryonic development",1.41213357438433,0.568584579976985,5
"Interaction","GO_BP","T cell chemotaxis",-1.41199958851003,0.304956220273003,2
"Interaction","GO_BP","positive regulation of lyase activity",1.41009632955151,0.568584579976985,5
"Interaction","GO_BP","linoleic acid metabolic process",-1.40938498098914,0.316761835786542,2
"Interaction","GO_BP","protein transport to vacuole involved in ubiquitin-dependent protein catabolic process via the multivesicular body sorting pathway",-1.40745562003468,0.586019265816194,6
"Interaction","GO_BP","positive regulation of transporter activity",1.40733760205232,0.607660726370404,9
"Interaction","GO_BP","positive regulation of ion transmembrane transporter activity",1.40733760205232,0.607660726370404,9
"Interaction","GO_BP","protein-DNA complex disassembly",1.40633646384185,0.304956220273003,2
"Interaction","GO_BP","regulation of p38MAPK cascade",-1.40546291026814,0.330338123714021,2
"Interaction","GO_BP","vacuolar transport",-1.40349944543622,0.539393220740942,40
"Interaction","GO_BP","cAMP/PKA signal transduction",-1.40309684405516,0.607660726370404,10
"Interaction","GO_BP","negative regulation of calcium ion transmembrane transport",-1.40256985404581,0.568584579976985,11
"Interaction","GO_BP","kidney development",-1.40236390354854,0.607660726370404,14
"Interaction","GO_BP","meiotic cell cycle",-1.40229099749167,0.574975726301779,21
"Interaction","GO_BP","positive regulation of cellular component biogenesis",-1.40180331105264,0.299717594464718,85
"Interaction","GO_BP","retinal metabolic process",-1.39917699698936,0.602615012106538,6
"Interaction","GO_BP","positive regulation of myeloid leukocyte mediated immunity",-1.39851636729625,0.545842217484009,3
"Interaction","GO_BP","positive regulation of intracellular transport",-1.39737478622065,0.523908523908524,41
"Interaction","GO_BP","musculoskeletal movement",1.39624594106548,0.557357419522227,30
"Interaction","GO_BP","monoatomic anion transmembrane transport",1.39622325835091,0.627381399894745,10
"Interaction","GO_BP","response to manganese ion",-1.39525957737548,0.602615012106538,6
"Interaction","GO_BP","membrane raft organization",1.39433692296743,0.607660726370404,11
"Interaction","GO_BP","response to angiotensin",1.39147287855136,0.607660726370404,8
"Interaction","GO_BP","modulation of chemical synaptic transmission",-1.39146035474188,0.523908523908524,48
"Interaction","GO_BP","regulation of calcium ion-dependent exocytosis",1.3906970513236,0.607660726370404,4
"Interaction","GO_BP","eye morphogenesis",1.39068620364519,0.607660726370404,7
"Interaction","GO_BP","maintenance of synapse structure",-1.39054141324305,0.397409023391543,2
"Interaction","GO_BP","positive regulation of mRNA processing",-1.3895107514876,0.557357419522227,4
"Interaction","GO_BP","macrophage derived foam cell differentiation",-1.38815404216149,0.551842826682912,3
"Interaction","GO_BP","regulation of macrophage derived foam cell differentiation",-1.38815404216149,0.551842826682912,3
"Interaction","GO_BP","negative regulation of inflammasome-mediated signaling pathway",-1.38719386844418,0.409811222352011,2
"Interaction","GO_BP","positive regulation of DNA binding",1.38471230119524,0.607660726370404,4
"Interaction","GO_BP","negative regulation of catalytic activity",-1.38350273100543,0.608072058430259,29
"Interaction","GO_BP","dendrite self-avoidance",1.38295075050128,0.607660726370404,4
"Interaction","GO_BP","regulation of metaphase plate congression",-1.3818157678707,0.564488143435512,3
"Interaction","GO_BP","action potential",-1.38115032096102,0.558125349463732,24
"Interaction","GO_BP","postsynaptic membrane organization",1.37975609983756,0.613747049064323,6
"Interaction","GO_BP","ribosome assembly",1.3784294894367,0.58490136781067,20
"Interaction","GO_BP","regulation of behavior",1.37781419710603,0.618109104982613,6
"Interaction","GO_BP","interferon-mediated signaling pathway",-1.37775409938804,0.624240486088903,7
"Interaction","GO_BP","regulation of fibroblast migration",-1.37401982246115,0.623734765544309,5
"Interaction","GO_BP","response to oxygen radical",-1.37395772706003,0.607660726370404,9
"Interaction","GO_BP","positive regulation of filopodium assembly",1.3733594200169,0.623734765544309,5
"Interaction","GO_BP","fatty acid derivative biosynthetic process",-1.3732700028403,0.607660726370404,9
"Interaction","GO_BP","regulation of granulocyte chemotaxis",1.37273588073152,0.623734765544309,8
"Interaction","GO_BP","membrane repolarization during cardiac muscle cell action potential",-1.37086038397184,0.627381399894745,5
"Interaction","GO_BP","positive regulation of cold-induced thermogenesis",-1.36628607975861,0.627381399894745,15
"Interaction","GO_BP","response to xenobiotic stimulus",-1.36440124722232,0.54376624984524,48
"Interaction","GO_BP","response to hyperoxia",1.36439222234076,0.643516483516483,6
"Interaction","GO_BP","vascular endothelial cell proliferation",1.3638290981445,0.540265704444809,3
"Interaction","GO_BP","negative regulation of response to biotic stimulus",1.36167077410681,0.613747049064323,17
"Interaction","GO_BP","reactive nitrogen species metabolic process",-1.36131810411316,0.602615012106538,20
"Interaction","GO_BP","cardiac conduction",-1.36051754851989,0.607660726370404,22
"Interaction","GO_BP","endodermal cell differentiation",1.36045540856141,0.647145497896965,6
"Interaction","GO_BP","carbohydrate catabolic process",-1.3603406055929,0.520536162255301,51
"Interaction","GO_BP","transmission of nerve impulse",-1.36006593956855,0.607660726370404,4
"Interaction","GO_BP","protein localization to microtubule",-1.35790694254981,0.607660726370404,4
"Interaction","GO_BP","negative regulation of heart contraction",-1.3572109691634,0.607660726370404,4
"Interaction","GO_BP","glycerolipid biosynthetic process",-1.35695125085773,0.607660726370404,21
"Interaction","GO_BP","negative regulation of endoplasmic reticulum stress-induced intrinsic apoptotic signaling pathway",-1.35675725286849,0.643516483516483,5
"Interaction","GO_BP","vascular associated smooth muscle cell apoptotic process",-1.35277838623058,0.540265704444809,2
"Interaction","GO_BP","nitric oxide biosynthetic process",-1.35179057925815,0.607660726370404,18
"Interaction","GO_BP","nitric oxide metabolic process",-1.35179057925815,0.607660726370404,18
"Interaction","GO_BP","negative regulation of intracellular protein transport",-1.35109583694746,0.640046633634509,8
"Interaction","GO_BP","positive regulation of cell adhesion",1.34823875221996,0.54376624984524,54
"Interaction","GO_BP","centrosome localization",-1.34773776073251,0.623734765544309,4
"Interaction","GO_BP","microtubule organizing center localization",-1.34773776073251,0.623734765544309,4
"Interaction","GO_BP","negative regulation of blood pressure",-1.34740059611007,0.607660726370404,3
"Interaction","GO_BP","positive regulation of neuron migration",-1.34715748222748,0.607660726370404,3
"Interaction","GO_BP","positive regulation of DNA-templated transcription, elongation",1.34607428887894,0.564488143435512,3
"Interaction","GO_BP","chromosome localization",-1.34457874857384,0.607763094167301,22
"Interaction","GO_BP","myeloid cell apoptotic process",-1.34252941500061,0.610381488430269,3
"Interaction","GO_BP","regulation of myeloid cell apoptotic process",-1.34252941500061,0.610381488430269,3
"Interaction","GO_BP","cellular response to alcohol",-1.34099712610414,0.643516483516483,15
"Interaction","GO_BP","negative regulation of cardiac muscle hypertrophy",-1.34012101127151,0.665970280014826,7
"Interaction","GO_BP","response to exogenous dsRNA",-1.33965942324027,0.54376624984524,2
"Interaction","GO_BP","cellular response to exogenous dsRNA",-1.33965942324027,0.54376624984524,2
"Interaction","GO_BP","organelle fusion",-1.33620129472083,0.585131894484412,36
"Interaction","GO_BP","positive regulation of glycogen biosynthetic process",1.33602821028778,0.570333557951482,3
"Interaction","GO_BP","cellular response to biotic stimulus",-1.33534907939234,0.607660726370404,25
"Interaction","GO_BP","blood coagulation, fibrin clot formation",-1.33441072620899,0.640046633634509,4
"Interaction","GO_BP","maternal placenta development",1.33405953455196,0.681290605153661,4
"Interaction","GO_BP","positive regulation of T-helper cell differentiation",-1.33387587384708,0.62047693173048,3
"Interaction","GO_BP","ERAD pathway",-1.33383557649112,0.602615012106538,27
"Interaction","GO_BP","activation of adenylate cyclase activity",1.3334034629377,0.583263636158141,3
"Interaction","GO_BP","cellular response to estrogen stimulus",1.33120873993694,0.299717594464718,1
"Interaction","GO_BP","limb morphogenesis",1.33114341537925,0.681290605153661,5
"Interaction","GO_BP","positive regulation of MAP kinase activity",1.33057027051731,0.304956220273003,1
"Interaction","GO_BP","negative regulation of vascular endothelial cell proliferation",1.33057027051731,0.304956220273003,1
"Interaction","GO_BP","intraciliary anterograde transport",1.32993180109768,0.304956220273003,1
"Interaction","GO_BP","regulation of adenylate cyclase activity",1.32938106419635,0.681290605153661,5
"Interaction","GO_BP","endochondral bone morphogenesis",1.32929333167804,0.308144880594162,1
"Interaction","GO_BP","branching involved in blood vessel morphogenesis",1.32865486225841,0.316761835786542,1
"Interaction","GO_BP","renal tubule morphogenesis",1.32865486225841,0.316761835786542,1
"Interaction","GO_BP","response to steroid hormone",-1.32852777962427,0.54376624984524,46
"Interaction","GO_BP","positive regulation of homotypic cell-cell adhesion",1.32808041910636,0.602615012106538,2
"Interaction","GO_BP","phenol-containing compound biosynthetic process",-1.32798234000231,0.657004546591528,6
"Interaction","GO_BP","production of molecular mediator of immune response",-1.32788202316627,0.618109104982613,19
"Interaction","GO_BP","response to iron ion",-1.32775388356086,0.657004546591528,6
"Interaction","GO_BP","visual perception",1.32748286598536,0.643516483516483,16
"Interaction","GO_BP","natural killer cell activation",-1.32745548425313,0.669294891585722,8
"Interaction","GO_BP","negative regulation of cell projection organization",-1.32524396069953,0.657004546591528,17
"Interaction","GO_BP","response to hydroperoxide",1.32365291680665,0.681290605153661,4
"Interaction","GO_BP","cellular response to cadmium ion",-1.32344931310511,0.643516483516483,3
"Interaction","GO_BP","tissue remodeling",1.32339721778911,0.640046633634509,11
"Interaction","GO_BP","negative regulation of leukocyte mediated immunity",1.32287982903086,0.676333720071722,7
"Interaction","GO_BP","positive regulation of double-strand break repair via nonhomologous end joining",-1.32252683640636,0.568584579976985,2
"Interaction","GO_BP","cellular component assembly involved in morphogenesis",1.32234609584304,0.568584579976985,44
"Interaction","GO_BP","modified amino acid catabolic process",-1.32153452505455,0.681290605153661,7
"Interaction","GO_BP","negative regulation of gene silencing by regulatory ncRNA",1.32130872364367,0.692544630618136,5
"Interaction","GO_BP","regulation of superoxide metabolic process",-1.31904908929372,0.681290605153661,6
"Interaction","GO_BP","stem cell division",-1.31877611802713,0.568584579976985,2
"Interaction","GO_BP","cochlea development",-1.31877611802713,0.568584579976985,2
"Interaction","GO_BP","steroid metabolic process",-1.31861943606047,0.598193071929055,44
"Interaction","GO_BP","intrinsic apoptotic signaling pathway in response to endoplasmic reticulum stress",-1.31781915057265,0.651220516763228,11
"Interaction","GO_BP","nucleosome disassembly",1.31780088212463,0.476376263750952,1
"Interaction","GO_BP","extracellular transport",-1.31717110568271,0.18696100726261,1
"Interaction","GO_BP","export across plasma membrane",-1.31704740048275,0.681290605153661,8
"Interaction","GO_BP","leukocyte mediated cytotoxicity",1.31669917466151,0.661391941391941,13
"Interaction","GO_BP","acrosome assembly",-1.31451283316282,0.582516725425423,2
"Interaction","GO_BP","norepinephrine transport",1.31376735787475,0.607660726370404,2
"Interaction","GO_BP","regulation of attachment of spindle microtubules to kinetochore",-1.31344294585294,0.582516725425423,2
"Interaction","GO_BP","anoikis",1.31180292091889,0.607660726370404,3
"Interaction","GO_BP","negative regulation of anoikis",1.31180292091889,0.607660726370404,3
"Interaction","GO_BP","regulation of lipid metabolic process",-1.31174779207767,0.551842826682912,53
"Interaction","GO_BP","binding of sperm to zona pellucida",1.31122856983436,0.607660726370404,3
"Interaction","GO_BP","glycolipid metabolic process",-1.30989948757517,0.69837105298821,5
"Interaction","GO_BP","peroxisomal membrane transport",-1.30899382565698,0.304956220273003,1
"Interaction","GO_BP","protein import into peroxisome matrix",-1.30899382565698,0.304956220273003,1
"Interaction","GO_BP","protein transmembrane import into intracellular organelle",-1.30899382565698,0.304956220273003,1
"Interaction","GO_BP","protein localization to peroxisome",-1.30899382565698,0.304956220273003,1
"Interaction","GO_BP","T-helper 1 cell differentiation",-1.3085028731837,0.693016349534518,14
"Interaction","GO_BP","pigment cell differentiation",-1.3081992758195,0.681290605153661,4
"Interaction","GO_BP","ribosomal large subunit assembly",1.30792832515402,0.69837105298821,5
"Interaction","GO_BP","tight junction organization",-1.30663266411694,0.688459358759481,8
"Interaction","GO_BP","regulation of vesicle size",-1.3059862634342,0.607660726370404,2
"Interaction","GO_BP","N-glycan processing",-1.30527571595681,0.607660726370404,2
"Interaction","GO_BP","cell cycle G1/S phase transition",-1.30513623580061,0.607660726370404,39
"Interaction","GO_BP","amine metabolic process",1.30487796776093,0.681290605153661,14
"Interaction","GO_BP","detoxification of inorganic compound",-1.30209348452905,0.681290605153661,4
"Interaction","GO_BP","response to endoplasmic reticulum stress",-1.30189472835916,0.50478228267976,71
"Interaction","GO_BP","antigen processing and presentation of peptide antigen via MHC class Ib",1.30124936460341,0.69837105298821,4
"Interaction","GO_BP","innate immune response in mucosa",1.30091497878583,0.627381399894745,2
"Interaction","GO_BP","mucosal immune response",1.30091497878583,0.627381399894745,2
"Interaction","GO_BP","regulation of DNA replication",-1.30019131822738,0.681290605153661,15
"Interaction","GO_BP","heterophilic cell-cell adhesion",-1.30018752409082,0.499520308375691,1
"Interaction","GO_BP","cochlea morphogenesis",-1.30018752409082,0.499520308375691,1
"Interaction","GO_BP","striated muscle adaptation",1.29977400836896,0.69837105298821,10
"Interaction","GO_BP","plasma lipoprotein particle assembly",-1.29961693754753,0.681290605153661,4
"Interaction","GO_BP","adaptive thermogenesis",-1.29884096066865,0.615023660243657,27
"Interaction","GO_BP","negative regulation of cAMP/PKA signal transduction",-1.29862494146422,0.681290605153661,3
"Interaction","GO_BP","regulation of protein localization to synapse",-1.29843655304676,0.681290605153661,4
"Interaction","GO_BP","positive regulation of dendrite extension",-1.29704241638861,0.514251074078397,1
"Interaction","GO_BP","NADP+ metabolic process",-1.29646578226963,0.681290605153661,17
"Interaction","GO_BP","endothelial cell apoptotic process",-1.29641339484817,0.523908523908524,1
"Interaction","GO_BP","positive regulation of endothelial cell apoptotic process",-1.29641339484817,0.523908523908524,1
"Interaction","GO_BP","positive regulation of T-helper 17 type immune response",-1.29589486887592,0.618109104982613,2
"Interaction","GO_BP","regulation of vasculogenesis",-1.29527955261429,0.681290605153661,3
"Interaction","GO_BP","maternal process involved in female pregnancy",1.29513019317296,0.71086316441965,5
"Interaction","GO_BP","epigenetic programming of gene expression",-1.29461750379603,0.623734765544309,2
"Interaction","GO_BP","regulation of receptor recycling",-1.29439545896599,0.704647916700092,5
"Interaction","GO_BP","myelination in peripheral nervous system",-1.29411949023055,0.681290605153661,3
"Interaction","GO_BP","peripheral nervous system axon ensheathment",-1.29411949023055,0.681290605153661,3
"Interaction","GO_BP","positive regulation of smooth muscle cell migration",-1.29319640884126,0.627381399894745,2
"Interaction","GO_BP","Fc-gamma receptor signaling pathway",-1.29319640884126,0.627381399894745,2
"Interaction","GO_BP","developmental maturation",-1.29290600101991,0.657004546591528,19
"Interaction","GO_BP","regulation of circadian sleep/wake cycle, sleep",1.29098223853909,0.643516483516483,2
"Interaction","GO_BP","regulation of calcium ion transport into cytosol",1.29008601591435,0.643516483516483,2
"Interaction","GO_BP","lipid digestion",-1.28983477044246,0.681290605153661,3
"Interaction","GO_BP","protein N-linked glycosylation",-1.28976915441371,0.69837105298821,12
"Interaction","GO_BP","connective tissue development",1.28941164664807,0.694258498164974,15
"Interaction","GO_BP","hematopoietic stem cell proliferation",1.28924223428043,0.643516483516483,2
"Interaction","GO_BP","regulation of brown fat cell differentiation",-1.28873602751654,0.638599651038442,2
"Interaction","GO_BP","response to acidic pH",1.28742338779268,0.701020595653699,4
"Interaction","GO_BP","pyrimidine nucleobase metabolic process",-1.2866447395864,0.69837105298821,4
"Interaction","GO_BP","regulation of dopamine metabolic process",-1.28629183591104,0.711593571840855,5
"Interaction","GO_BP","negative regulation of cell killing",1.28564983207224,0.711579427419306,5
"Interaction","GO_BP","removal of superoxide radicals",-1.28544540904482,0.69837105298821,8
"Interaction","GO_BP","gap junction assembly",1.28482879447971,0.661274077150719,2
"Interaction","GO_BP","phosphatidylethanolamine metabolic process",-1.2844619855798,0.568584579976985,1
"Interaction","GO_BP","positive regulation of excitatory postsynaptic potential",-1.28383296403936,0.576500638569604,1
"Interaction","GO_BP","regulation of establishment of endothelial barrier",-1.28324874415787,0.643516483516483,2
"Interaction","GO_BP","humoral immune response",1.28313669245003,0.681290605153661,21
"Interaction","GO_BP","negative regulation of epidermal growth factor receptor signaling pathway",-1.28312746799212,0.69837105298821,8
"Interaction","GO_BP","positive regulation of cellular extravasation",-1.28308913168198,0.643516483516483,2
"Interaction","GO_BP","associative learning",-1.28147004328821,0.690684508492023,3
"Interaction","GO_BP","amyloid-beta clearance",-1.28143922545276,0.69837105298821,8
"Interaction","GO_BP","regulation of T-helper 1 type immune response",-1.28111710172571,0.647145497896965,2
"Interaction","GO_BP","negative regulation of cytokine production involved in inflammatory response",1.28011155205466,0.627912961427387,3
"Interaction","GO_BP","detection of bacterium",1.27901394541158,0.63238361185043,3
"Interaction","GO_BP","cellular response to vitamin",1.27821577810732,0.607660726370404,1
"Interaction","GO_BP","extracellular exosome biogenesis",-1.2754002950234,0.69837105298821,9
"Interaction","GO_BP","exosomal secretion",-1.2754002950234,0.69837105298821,9
"Interaction","GO_BP","positive regulation of macrophage chemotaxis",1.27387584912837,0.681290605153661,2
"Interaction","GO_BP","plasma membrane phospholipid scrambling",1.27310802275025,0.615023660243657,1
"Interaction","GO_BP","regulation of membrane lipid distribution",1.27310802275025,0.615023660243657,1
"Interaction","GO_BP","regulation of tolerance induction",1.27256641175331,0.681290605153661,2
"Interaction","GO_BP","dendritic cell differentiation",1.27256641175331,0.681290605153661,2
"Interaction","GO_BP","meiotic sister chromatid cohesion",-1.27251057631143,0.607660726370404,1
"Interaction","GO_BP","D-glucose import across plasma membrane",-1.27198127057994,0.694258498164974,13
"Interaction","GO_BP","import across plasma membrane",-1.270746452836,0.643516483516483,29
"Interaction","GO_BP","regulation of amine transport",-1.27023182806688,0.711579427419306,4
"Interaction","GO_BP","regulation of granulocyte differentiation",-1.26999449014966,0.610381488430269,1
"Interaction","GO_BP","regulation of heterotypic cell-cell adhesion",-1.26999449014966,0.610381488430269,1
"Interaction","GO_BP","regulation of renal system process",-1.26999449014966,0.610381488430269,1
"Interaction","GO_BP","carbohydrate transport",-1.2697615234259,0.69837105298821,14
"Interaction","GO_BP","import into nucleus",-1.26907392750709,0.643516483516483,36
"Interaction","GO_BP","wound healing, spreading of cells",-1.26832388475833,0.69837105298821,7
"Interaction","GO_BP","establishment of cell polarity",-1.26782239802756,0.681290605153661,21
"Interaction","GO_BP","astrocyte activation",-1.2674784039879,0.615023660243657,1
"Interaction","GO_BP","chondrocyte proliferation",1.26736179797354,0.627381399894745,1
"Interaction","GO_BP","positive regulation of molecular function",1.26731408720897,0.618109104982613,53
"Interaction","GO_BP","regulation of cardiac muscle contraction by regulation of the release of sequestered calcium ion",-1.26651865531744,0.69837105298821,13
"Interaction","GO_BP","endothelium development",-1.26636624784024,0.701020595653699,14
"Interaction","GO_BP","receptor catabolic process",-1.26634742110835,0.69837105298821,3
"Interaction","GO_BP","establishment or maintenance of monopolar cell polarity",-1.26605308943006,0.724845886158518,4
"Interaction","GO_BP","catecholamine biosynthetic process",-1.26584940749558,0.724845886158518,4
"Interaction","GO_BP","regulation of response to oxidative stress",1.26521534244843,0.643516483516483,3
"Interaction","GO_BP","negative regulation of cell development",-1.26473575029108,0.64842165123769,29
"Interaction","GO_BP","negative regulation of epithelial cell apoptotic process",-1.26463863986867,0.69837105298821,3
"Interaction","GO_BP","cellular response to ATP",-1.26449143045799,0.69837105298821,3
"Interaction","GO_BP","positive regulation of ossification",1.26447210401385,0.724845886158518,4
"Interaction","GO_BP","dicarboxylic acid catabolic process",-1.2643637320948,0.702559629055341,7
"Interaction","GO_BP","antiviral innate immune response",-1.2639177964157,0.709259505209905,12
"Interaction","GO_BP","chromosome condensation",1.26306361267774,0.69837105298821,2
"Interaction","GO_BP","mesenchyme morphogenesis",1.2628925120361,0.643516483516483,1
"Interaction","GO_BP","female meiotic nuclear division",-1.26244623166438,0.618109104982613,1
"Interaction","GO_BP","regulation of macroautophagy",-1.26216198545825,0.607660726370404,52
"Interaction","GO_BP","positive regulation of epithelial cell migration",-1.26181974857925,0.724845886158518,5
"Interaction","GO_BP","negative regulation of megakaryocyte differentiation",-1.26181721012394,0.623734765544309,1
"Interaction","GO_BP","regulation of microtubule-based movement",-1.26145530172529,0.724845886158518,5
"Interaction","GO_BP","membrane fusion",-1.2614288402128,0.651220516763228,36
"Interaction","GO_BP","olefinic compound metabolic process",-1.26118011854797,0.681290605153661,25
"Interaction","GO_BP","T-helper 1 type immune response",-1.26056840492247,0.69837105298821,15
"Interaction","GO_BP","vascular process in circulatory system",-1.25883223884332,0.661274077150719,32
"Interaction","GO_BP","regulation of oxidative phosphorylation",1.25804979867347,0.709259505209905,9
"Interaction","GO_BP","regulation of cAMP/PKA signal transduction",-1.2579510230646,0.711579427419306,7
"Interaction","GO_BP","synaptic transmission, cholinergic",1.25738608847351,0.69837105298821,2
"Interaction","GO_BP","nutrient storage",-1.25728412291554,0.71086316441965,8
"Interaction","GO_BP","nuclear migration",-1.25725538357577,0.71086316441965,8
"Interaction","GO_BP","nucleus localization",-1.25725538357577,0.71086316441965,8
"Interaction","GO_BP","sperm flagellum assembly",1.25715834292636,0.69837105298821,2
"Interaction","GO_BP","cristae formation",-1.25655817177501,0.711504711504712,12
"Interaction","GO_BP","inflammatory response to wounding",1.25575760939663,0.69837105298821,2
"Interaction","GO_BP","positive regulation of nitric oxide biosynthetic process",-1.25553512059071,0.71086316441965,8
"Interaction","GO_BP","regulation of cellular response to hypoxia",1.25546531490106,0.724845886158518,8
"Interaction","GO_BP","circadian regulation of gene expression",-1.25463323252835,0.711579427419306,7
"Interaction","GO_BP","aromatic amino acid metabolic process",-1.25390418143598,0.711579427419306,7
"Interaction","GO_BP","regulation of acute inflammatory response",-1.25340575010768,0.69837105298821,2
"Interaction","GO_BP","detoxification of copper ion",-1.25340575010768,0.69837105298821,2
"Interaction","GO_BP","digestive system process",-1.25312603794516,0.713847868487044,10
"Interaction","GO_BP","negative regulation of lymphocyte apoptotic process",-1.25248426783715,0.69837105298821,2
"Interaction","GO_BP","natural killer cell mediated immunity",1.25128236477824,0.727545638945233,10
"Interaction","GO_BP","constitutive heterochromatin formation",1.25077474096006,0.711103416435826,2
"Interaction","GO_BP","vitamin transmembrane transport",-1.250494822396,0.661274077150719,1
"Interaction","GO_BP","regulation of stem cell proliferation",-1.24994108579553,0.727545638945233,6
"Interaction","GO_BP","positive regulation of toll-like receptor 4 signaling pathway",1.24959374017906,0.711579427419306,2
"Interaction","GO_BP","signal release",-1.24869166123602,0.618109104982613,46
"Interaction","GO_BP","regulation of natural killer cell activation",-1.24714961742788,0.711526401605418,3
"Interaction","GO_BP","cilium organization",-1.2470585810612,0.677809689721738,35
"Interaction","GO_BP","response to estrogen",1.24517857538598,0.716140216377648,9
"Interaction","GO_BP","hormone-mediated signaling pathway",-1.2448349785483,0.681290605153661,25
"Interaction","GO_BP","heart trabecula morphogenesis",-1.24423413460489,0.711579427419306,3
"Interaction","GO_BP","receptor localization to synapse",-1.2426983873948,0.724845886158518,8
"Interaction","GO_BP","cellular response to angiotensin",1.24180566201621,0.71086316441965,7
"Interaction","GO_BP","superoxide anion generation",-1.24171457120665,0.728047740835465,6
"Interaction","GO_BP","negative regulation of fibroblast proliferation",1.24107389341848,0.69837105298821,3
"Interaction","GO_BP","cellular response to interferon-beta",-1.24103650521729,0.724845886158518,8
"Interaction","GO_BP","T-helper 17 type immune response",-1.24057458111495,0.711579427419306,15
"Interaction","GO_BP","lipid droplet formation",-1.24043047774895,0.669294891585722,1
"Interaction","GO_BP","positive regulation of actin filament polymerization",-1.24018277760217,0.728880915003364,5
"Interaction","GO_BP","regulation of organic acid transport",-1.23945100052592,0.702981107268414,9
"Interaction","GO_BP","protein insertion into mitochondrial membrane",1.23799254563897,0.709355858317207,18
"Interaction","GO_BP","keratinization",1.23680365033727,0.728790137427505,4
"Interaction","GO_BP","primary miRNA processing",1.23680207115614,0.69837105298821,3
"Interaction","GO_BP","G0 to G1 transition",1.23416138815257,0.69837105298821,1
"Interaction","GO_BP","regulation of G0 to G1 transition",1.23416138815257,0.69837105298821,1
"Interaction","GO_BP","cellular response to fluid shear stress",-1.23325249055278,0.724845886158518,8
"Interaction","GO_BP","regeneration",1.23315817824741,0.69837105298821,23
"Interaction","GO_BP","autophagosome maturation",-1.23235198603674,0.704647916700092,19
"Interaction","GO_BP","heterotypic cell-cell adhesion",-1.23159071438432,0.728880915003364,6
"Interaction","GO_BP","regulation of nuclear-transcribed mRNA catabolic process, nonsense-mediated decay",-1.23121025919764,0.727545638945233,3
"Interaction","GO_BP","regulation of melanin biosynthetic process",-1.23099515464234,0.681290605153661,1
"Interaction","GO_BP","regulation of secondary metabolite biosynthetic process",-1.23099515464234,0.681290605153661,1
"Interaction","GO_BP","microtubule depolymerization",1.22886594017215,0.728047740835465,2
"Interaction","GO_BP","negative regulation of microtubule depolymerization",1.22886594017215,0.728047740835465,2
"Interaction","GO_BP","response to nicotine",1.22801758010543,0.730706041385047,6
"Interaction","GO_BP","regulation of neurotransmitter secretion",-1.22779805389958,0.726543288991687,7
"Interaction","GO_BP","mitochondrial transmembrane transport",1.22735368136765,0.728880915003364,10
"Interaction","GO_BP","fatty acid derivative metabolic process",-1.22680733779517,0.711579427419306,20
"Interaction","GO_BP","glycogen catabolic process",-1.22614278624155,0.724845886158518,11
"Interaction","GO_BP","regulation of translational initiation",-1.22598815606674,0.662261186093637,34
"Interaction","GO_BP","collagen biosynthetic process",1.22588863757195,0.724845886158518,7
"Interaction","GO_BP","gland development",-1.22552542620076,0.69837105298821,25
"Interaction","GO_BP","regulation of angiogenesis",1.22489366550228,0.681290605153661,41
"Interaction","GO_BP","regulation of neurotransmitter transport",-1.22370047366663,0.724845886158518,11
"Interaction","GO_BP","cellular response to lipopolysaccharide",-1.22345372870385,0.711579427419306,22
"Interaction","GO_BP","response to aldosterone",1.22302460852832,0.728880915003364,2
"Interaction","GO_BP","immune response to tumor cell",-1.22269832123903,0.71086316441965,9
"Interaction","GO_BP","T cell mediated immune response to tumor cell",-1.22269832123903,0.71086316441965,9
"Interaction","GO_BP","positive regulation of reproductive process",1.22143963791842,0.728880915003364,2
"Interaction","GO_BP","platelet activation",1.219963631621,0.711579427419306,21
"Interaction","GO_BP","P-body assembly",-1.21994471633653,0.728880915003364,3
"Interaction","GO_BP","negative regulation of reproductive process",-1.21910275623537,0.728880915003364,3
"Interaction","GO_BP","negative regulation of muscle contraction",-1.21900372879097,0.728880915003364,7
"Interaction","GO_BP","negative regulation of axon extension",-1.21778570229309,0.69837105298821,1
"Interaction","GO_BP","regulation of morphogenesis of a branching structure",-1.21778570229309,0.69837105298821,1
"Interaction","GO_BP","hepatocyte proliferation",-1.21778570229309,0.69837105298821,1
"Interaction","GO_BP","synaptic vesicle membrane organization",-1.21716782876103,0.724845886158518,2
"Interaction","GO_BP","regulation of ERK1 and ERK2 cascade",-1.21632526214483,0.69837105298821,32
"Interaction","GO_BP","immunological memory process",1.2158801103753,0.732809253384133,2
"Interaction","GO_BP","pigment biosynthetic process",-1.21539925284398,0.728880915003364,10
"Interaction","GO_BP","DNA replication",1.21503716945117,0.69837105298821,35
"Interaction","GO_BP","protein localization to ciliary membrane",-1.21432563885149,0.724845886158518,2
"Interaction","GO_BP","negative regulation of phagocytosis",-1.21372986369062,0.728880915003364,7
"Interaction","GO_BP","nuclear RNA surveillance",-1.21346519568724,0.724845886158518,2
"Interaction","GO_BP","RNA polymerase II transcription initiation surveillance",-1.21346519568724,0.724845886158518,2
"Interaction","GO_BP","cell redox homeostasis",-1.21283016061288,0.724845886158518,18
"Interaction","GO_BP","inner ear receptor cell development",-1.21219399641934,0.727545638945233,2
"Interaction","GO_BP","response to interferon-alpha",1.21163450321036,0.732809253384133,2
"Interaction","GO_BP","positive regulation of growth",-1.2094173342635,0.71086316441965,29
"Interaction","GO_BP","organelle disassembly",-1.20894587324203,0.724845886158518,22
"Interaction","GO_BP","early endosome to late endosome transport",-1.2079466885429,0.728880915003364,13
"Interaction","GO_BP","regulation of synapse structure or activity",-1.20770153764655,0.69837105298821,32
"Interaction","GO_BP","regulation of synapse organization",-1.20770153764655,0.69837105298821,32
"Interaction","GO_BP","positive regulation of immune effector process",-1.20609742655498,0.711579427419306,28
"Interaction","GO_BP","epithelium migration",-1.2056971754097,0.728880915003364,8
"Interaction","GO_BP","G protein-coupled receptor internalization",-1.20331820686296,0.711579427419306,1
"Interaction","GO_BP","epidermis development",-1.20309892739,0.716456391219757,29
"Interaction","GO_BP","lung morphogenesis",-1.20223793486863,0.728880915003364,2
"Interaction","GO_BP","hypothalamus development",1.20223791717087,0.717509271516487,1
"Interaction","GO_BP","response to amine",-1.1994041418264,0.728880915003364,2
"Interaction","GO_BP","response to axon injury",-1.19597796171994,0.728047740835465,9
"Interaction","GO_BP","positive regulation of immunoglobulin mediated immune response",-1.19514092683723,0.724845886158518,1
"Interaction","GO_BP","positive regulation of isotype switching",-1.19514092683723,0.724845886158518,1
"Interaction","GO_BP","bile acid and bile salt transport",-1.19497365019787,0.730706041385047,2
"Interaction","GO_BP","positive regulation of small molecule metabolic process",-1.19369985924623,0.689631217451092,34
"Interaction","GO_BP","neuromuscular process",1.19286840630206,0.702981107268414,32
"Interaction","GO_BP","L-amino acid biosynthetic process",-1.19217869907529,0.728880915003364,11
"Interaction","GO_BP","protein polyubiquitination",-1.18894812396924,0.705158198946591,35
"Interaction","GO_BP","magnesium ion transport",-1.18759266835194,0.727545638945233,1
"Interaction","GO_BP","iron ion transmembrane transport",-1.18759266835194,0.727545638945233,1
"Interaction","GO_BP","magnesium ion transmembrane transport",-1.18759266835194,0.727545638945233,1
"Interaction","GO_BP","calcium ion homeostasis",1.18742936845879,0.724845886158518,35
"Interaction","GO_BP","negative regulation of cell-cell adhesion",-1.1851577744012,0.727545638945233,26
"Interaction","GO_BP","organic anion transport",-1.18472810252132,0.69837105298821,43
"Interaction","GO_BP","positive regulation of epidermal growth factor receptor signaling pathway",1.18436077342112,0.728880915003364,1
"Interaction","GO_BP","virion assembly",-1.18386457061893,0.724845886158518,16
"Interaction","GO_BP","nuclear body organization",1.18116842632295,0.728880915003364,1
"Interaction","GO_BP","membraneless organelle assembly",1.18043794477086,0.69837105298821,104
"Interaction","GO_BP","regulation of autophagy of mitochondrion",-1.17678787902619,0.728047740835465,16
"Interaction","GO_BP","protein localization to cell junction",-1.1745872319749,0.728880915003364,16
"Interaction","GO_BP","skeletal muscle tissue development",1.16987160658879,0.727545638945233,29
"Interaction","GO_BP","steroid biosynthetic process",-1.16644901082297,0.728880915003364,28
"Interaction","GO_BP","negative regulation of defense response",1.16545738758684,0.728207691346514,29
"Interaction","GO_BP","osteoblast differentiation",1.1642183310424,0.728880915003364,31
"Interaction","GO_BP","nuclear receptor-mediated signaling pathway",-1.16253748022968,0.728047740835465,25
"Interaction","GO_BP","negative regulation of catabolic process",-1.1575830900699,0.69837105298821,68
"Interaction","GO_BP","protein localization to plasma membrane",1.15155915334595,0.724550138321362,62
"Interaction","GO_BP","cellular response to chemical stress",-1.14980121467339,0.704697986577181,67
"Interaction","GO_BP","negative regulation of transport",-1.14881706385478,0.71086316441965,68
"Interaction","GO_BP","regulation of establishment of protein localization",-1.14415762417311,0.681290605153661,85
"Interaction","GO_BP","response to oxygen levels",1.13127898390307,0.728880915003364,60
"Interaction","GO_BP","actin filament organization",1.12621084707788,0.725196715703045,96
"Interaction","GO_BP",NA,NA,NA,NA
"Interaction","GO_BP",NA,NA,NA,NA
"Interaction","GO_BP",NA,NA,NA,NA
"Interaction","GO_BP",NA,NA,NA,NA
"Interaction","GO_BP",NA,NA,NA,NA
"Interaction","GO_BP",NA,NA,NA,NA
"Interaction","GO_BP",NA,NA,NA,NA
"Interaction","GO_BP",NA,NA,NA,NA
"Interaction","GO_BP",NA,NA,NA,NA
"Interaction","GO_BP",NA,NA,NA,NA
"Interaction","GO_BP",NA,NA,NA,NA
"Interaction","GO_BP",NA,NA,NA,NA
"Interaction","GO_BP",NA,NA,NA,NA
"Interaction","GO_BP",NA,NA,NA,NA
"Interaction","GO_BP",NA,NA,NA,NA
"Interaction","GO_BP",NA,NA,NA,NA
"Interaction","GO_BP",NA,NA,NA,NA
"Interaction","GO_BP",NA,NA,NA,NA
"Interaction","GO_BP",NA,NA,NA,NA
"Interaction","GO_BP",NA,NA,NA,NA
"Interaction","GO_BP",NA,NA,NA,NA
"Interaction","GO_BP",NA,NA,NA,NA
"Interaction","GO_BP",NA,NA,NA,NA
"Interaction","GO_BP",NA,NA,NA,NA
"Interaction","GO_BP",NA,NA,NA,NA
"Interaction","GO_BP",NA,NA,NA,NA
"Interaction","GO_BP",NA,NA,NA,NA
"Interaction","GO_BP",NA,NA,NA,NA
"Interaction","GO_BP",NA,NA,NA,NA
"Interaction","GO_BP",NA,NA,NA,NA
"Interaction","GO_BP",NA,NA,NA,NA
"Interaction","GO_BP",NA,NA,NA,NA
"Interaction","GO_BP",NA,NA,NA,NA
"Interaction","GO_BP",NA,NA,NA,NA
"Interaction","GO_BP",NA,NA,NA,NA
"Interaction","GO_BP",NA,NA,NA,NA
"Interaction","GO_BP",NA,NA,NA,NA
"Interaction","GO_BP",NA,NA,NA,NA
"Interaction","GO_BP",NA,NA,NA,NA
"Interaction","GO_BP",NA,NA,NA,NA
"Interaction","GO_BP",NA,NA,NA,NA
"Interaction","GO_BP",NA,NA,NA,NA
"Interaction","GO_BP",NA,NA,NA,NA
"Interaction","GO_BP",NA,NA,NA,NA
"Interaction","GO_BP",NA,NA,NA,NA
"Interaction","GO_BP",NA,NA,NA,NA
"Interaction","GO_BP",NA,NA,NA,NA
"Interaction","GO_BP",NA,NA,NA,NA
"Interaction","GO_BP",NA,NA,NA,NA
"Interaction","GO_BP",NA,NA,NA,NA
"Interaction","GO_BP",NA,NA,NA,NA
"Interaction","GO_BP",NA,NA,NA,NA
"Interaction","GO_BP",NA,NA,NA,NA
"Interaction","GO_BP",NA,NA,NA,NA
"Interaction","GO_BP",NA,NA,NA,NA
"Interaction","GO_BP",NA,NA,NA,NA
"Interaction","GO_BP",NA,NA,NA,NA
"Interaction","GO_BP",NA,NA,NA,NA
"Interaction","GO_BP",NA,NA,NA,NA
"Interaction","GO_BP",NA,NA,NA,NA
"Interaction","GO_BP",NA,NA,NA,NA
"Interaction","GO_BP",NA,NA,NA,NA
"Interaction","GO_BP",NA,NA,NA,NA
"Interaction","GO_BP",NA,NA,NA,NA
"Interaction","GO_BP",NA,NA,NA,NA
"Interaction","GO_BP",NA,NA,NA,NA
"Interaction","GO_BP",NA,NA,NA,NA
"Interaction","GO_BP",NA,NA,NA,NA
"Interaction","GO_BP",NA,NA,NA,NA
"Interaction","GO_BP",NA,NA,NA,NA
"Interaction","GO_BP",NA,NA,NA,NA
"Interaction","GO_BP",NA,NA,NA,NA
"Interaction","GO_BP",NA,NA,NA,NA
"Interaction","GO_BP",NA,NA,NA,NA
"Interaction","GO_BP",NA,NA,NA,NA
"Interaction","GO_BP",NA,NA,NA,NA
"Interaction","GO_BP",NA,NA,NA,NA
"Interaction","GO_BP",NA,NA,NA,NA
"Interaction","GO_BP",NA,NA,NA,NA
"Interaction","GO_BP",NA,NA,NA,NA
"Interaction","GO_BP",NA,NA,NA,NA
"Interaction","GO_BP",NA,NA,NA,NA
"Interaction","GO_BP",NA,NA,NA,NA
"Interaction","GO_BP",NA,NA,NA,NA
"Interaction","GO_BP",NA,NA,NA,NA
"Interaction","GO_BP",NA,NA,NA,NA
"Interaction","GO_BP",NA,NA,NA,NA
"Interaction","GO_BP",NA,NA,NA,NA
"Interaction","GO_BP",NA,NA,NA,NA
"Interaction","GO_BP",NA,NA,NA,NA
"Interaction","GO_BP",NA,NA,NA,NA
"Interaction","GO_BP",NA,NA,NA,NA
"Interaction","GO_BP",NA,NA,NA,NA
"Interaction","GO_BP",NA,NA,NA,NA
"Interaction","GO_BP",NA,NA,NA,NA
"Interaction","GO_BP",NA,NA,NA,NA
"Interaction","GO_BP",NA,NA,NA,NA
"Interaction","GO_BP",NA,NA,NA,NA
"Interaction","GO_BP",NA,NA,NA,NA
"Interaction","GO_BP",NA,NA,NA,NA
"Interaction","GO_BP",NA,NA,NA,NA
"Interaction","GO_BP",NA,NA,NA,NA
"Interaction","GO_BP",NA,NA,NA,NA
"Interaction","GO_BP",NA,NA,NA,NA
"Interaction","GO_BP",NA,NA,NA,NA
"Interaction","GO_BP",NA,NA,NA,NA
"Interaction","GO_BP",NA,NA,NA,NA
"Interaction","GO_BP",NA,NA,NA,NA
"Interaction","GO_BP",NA,NA,NA,NA
"Interaction","GO_BP",NA,NA,NA,NA
"Interaction","GO_BP",NA,NA,NA,NA
"Interaction","GO_BP",NA,NA,NA,NA
"Interaction","GO_BP",NA,NA,NA,NA
"Interaction","GO_BP",NA,NA,NA,NA
"Interaction","GO_BP",NA,NA,NA,NA
"Interaction","GO_BP",NA,NA,NA,NA
"Interaction","GO_BP",NA,NA,NA,NA
"Interaction","GO_BP",NA,NA,NA,NA
"Interaction","GO_BP",NA,NA,NA,NA
"Interaction","GO_BP",NA,NA,NA,NA
"Interaction","GO_BP",NA,NA,NA,NA
"Interaction","GO_BP",NA,NA,NA,NA
"Interaction","GO_BP",NA,NA,NA,NA
"Interaction","GO_BP",NA,NA,NA,NA
"Interaction","GO_BP",NA,NA,NA,NA
"Interaction","GO_BP",NA,NA,NA,NA
"Interaction","GO_BP",NA,NA,NA,NA
"Interaction","GO_BP",NA,NA,NA,NA
"Interaction","GO_BP",NA,NA,NA,NA
"Interaction","GO_BP",NA,NA,NA,NA
"Interaction","GO_BP",NA,NA,NA,NA
"Interaction","GO_BP",NA,NA,NA,NA
"Interaction","GO_BP",NA,NA,NA,NA
"Interaction","GO_BP",NA,NA,NA,NA
"Interaction","GO_BP",NA,NA,NA,NA
"Interaction","GO_BP",NA,NA,NA,NA
"Interaction","GO_BP",NA,NA,NA,NA
"Interaction","GO_BP",NA,NA,NA,NA
"Interaction","GO_BP",NA,NA,NA,NA
"Interaction","GO_BP",NA,NA,NA,NA
"Interaction","GO_BP",NA,NA,NA,NA
"Interaction","GO_BP",NA,NA,NA,NA
"Interaction","GO_BP",NA,NA,NA,NA
"Interaction","GO_BP",NA,NA,NA,NA
"Interaction","GO_BP",NA,NA,NA,NA
"Interaction","GO_BP",NA,NA,NA,NA
"Interaction","GO_BP",NA,NA,NA,NA
"Interaction","GO_BP",NA,NA,NA,NA
"Interaction","GO_BP",NA,NA,NA,NA
"Interaction","GO_BP",NA,NA,NA,NA
"Interaction","GO_BP",NA,NA,NA,NA
"Interaction","GO_BP",NA,NA,NA,NA
"Interaction","GO_BP",NA,NA,NA,NA
"Interaction","GO_BP",NA,NA,NA,NA
"Interaction","GO_BP",NA,NA,NA,NA
"Interaction","GO_BP",NA,NA,NA,NA
"Interaction","GO_BP",NA,NA,NA,NA
"Interaction","GO_BP",NA,NA,NA,NA
"Interaction","GO_BP",NA,NA,NA,NA
"Interaction","GO_BP",NA,NA,NA,NA
"Interaction","GO_BP",NA,NA,NA,NA
"Interaction","GO_BP",NA,NA,NA,NA
"Interaction","GO_BP",NA,NA,NA,NA
"Interaction","GO_BP",NA,NA,NA,NA
"Interaction","GO_BP",NA,NA,NA,NA
"Interaction","GO_BP",NA,NA,NA,NA
"Interaction","GO_BP",NA,NA,NA,NA
"Interaction","GO_BP",NA,NA,NA,NA
"Interaction","GO_BP",NA,NA,NA,NA
"Interaction","GO_BP",NA,NA,NA,NA
"Interaction","GO_BP",NA,NA,NA,NA
"Interaction","GO_BP",NA,NA,NA,NA
"Interaction","GO_BP",NA,NA,NA,NA
"Interaction","GO_BP",NA,NA,NA,NA
"Interaction","GO_BP",NA,NA,NA,NA
"Interaction","GO_BP",NA,NA,NA,NA
"Interaction","GO_BP",NA,NA,NA,NA
"Interaction","GO_BP",NA,NA,NA,NA
"Interaction","GO_BP",NA,NA,NA,NA
"Interaction","GO_BP",NA,NA,NA,NA
"Interaction","GO_BP",NA,NA,NA,NA
"Interaction","GO_BP",NA,NA,NA,NA
"Interaction","GO_BP",NA,NA,NA,NA
"Interaction","GO_BP",NA,NA,NA,NA
"Interaction","GO_BP",NA,NA,NA,NA
"Interaction","GO_BP",NA,NA,NA,NA
"Interaction","GO_BP",NA,NA,NA,NA
"Interaction","GO_BP",NA,NA,NA,NA
"Interaction","GO_BP",NA,NA,NA,NA
"Interaction","GO_BP",NA,NA,NA,NA
"Interaction","GO_BP",NA,NA,NA,NA
"Interaction","GO_BP",NA,NA,NA,NA
"Interaction","GO_BP",NA,NA,NA,NA
"Interaction","GO_BP",NA,NA,NA,NA
"Interaction","GO_BP",NA,NA,NA,NA
"Interaction","GO_BP",NA,NA,NA,NA
"Interaction","GO_BP",NA,NA,NA,NA
"Interaction","GO_BP",NA,NA,NA,NA
"Interaction","GO_BP",NA,NA,NA,NA
"Interaction","GO_BP",NA,NA,NA,NA
"Interaction","GO_BP",NA,NA,NA,NA
"Interaction","GO_BP",NA,NA,NA,NA
"Interaction","GO_BP",NA,NA,NA,NA
"Interaction","GO_BP",NA,NA,NA,NA
"Interaction","GO_BP",NA,NA,NA,NA
"Interaction","GO_BP",NA,NA,NA,NA
"Interaction","GO_BP",NA,NA,NA,NA
"Interaction","GO_BP",NA,NA,NA,NA
"Interaction","GO_BP",NA,NA,NA,NA
"Interaction","GO_BP",NA,NA,NA,NA
"Interaction","GO_BP",NA,NA,NA,NA
"Interaction","GO_BP",NA,NA,NA,NA
"Interaction","GO_BP",NA,NA,NA,NA
"Interaction","GO_BP",NA,NA,NA,NA
"Interaction","GO_BP",NA,NA,NA,NA
"Interaction","GO_BP",NA,NA,NA,NA
"Interaction","GO_BP",NA,NA,NA,NA
"Interaction","GO_BP",NA,NA,NA,NA
"Interaction","GO_BP",NA,NA,NA,NA
"Interaction","GO_BP",NA,NA,NA,NA
"Interaction","GO_BP",NA,NA,NA,NA
"Interaction","GO_BP",NA,NA,NA,NA
"Interaction","GO_BP",NA,NA,NA,NA
"Interaction","GO_BP",NA,NA,NA,NA
"Interaction","GO_BP",NA,NA,NA,NA
"Interaction","GO_BP",NA,NA,NA,NA
"Interaction","GO_BP",NA,NA,NA,NA
"Interaction","GO_BP",NA,NA,NA,NA
"Interaction","GO_BP",NA,NA,NA,NA
"Interaction","GO_BP",NA,NA,NA,NA
"Interaction","GO_BP",NA,NA,NA,NA
"Interaction","GO_BP",NA,NA,NA,NA
"Interaction","GO_BP",NA,NA,NA,NA
"Interaction","GO_BP",NA,NA,NA,NA
"Interaction","GO_BP",NA,NA,NA,NA
"Interaction","GO_BP",NA,NA,NA,NA
"Interaction","GO_BP",NA,NA,NA,NA
"Interaction","GO_BP",NA,NA,NA,NA
"Interaction","GO_BP",NA,NA,NA,NA
"Interaction","GO_BP",NA,NA,NA,NA
"Interaction","GO_BP",NA,NA,NA,NA
"Interaction","GO_BP",NA,NA,NA,NA
"Interaction","GO_BP",NA,NA,NA,NA
"Interaction","GO_BP",NA,NA,NA,NA
"Interaction","GO_BP",NA,NA,NA,NA
"Interaction","GO_BP",NA,NA,NA,NA
"Interaction","GO_BP",NA,NA,NA,NA
"Interaction","GO_BP",NA,NA,NA,NA
"Interaction","GO_BP",NA,NA,NA,NA
"Interaction","GO_BP",NA,NA,NA,NA
"Interaction","GO_BP",NA,NA,NA,NA
"Interaction","GO_BP",NA,NA,NA,NA
"Interaction","GO_BP",NA,NA,NA,NA
"Interaction","GO_BP",NA,NA,NA,NA
"Interaction","GO_BP",NA,NA,NA,NA
"Interaction","GO_BP",NA,NA,NA,NA
"Interaction","GO_BP",NA,NA,NA,NA
"Interaction","GO_BP",NA,NA,NA,NA
"Interaction","GO_BP",NA,NA,NA,NA
"Interaction","GO_BP",NA,NA,NA,NA
"Interaction","GO_BP",NA,NA,NA,NA
"Interaction","GO_BP",NA,NA,NA,NA
"Interaction","GO_BP",NA,NA,NA,NA
"Interaction","GO_BP",NA,NA,NA,NA
"Interaction","GO_BP",NA,NA,NA,NA
"Interaction","GO_BP",NA,NA,NA,NA
"Interaction","GO_BP",NA,NA,NA,NA
"Interaction","GO_BP",NA,NA,NA,NA
"Interaction","GO_BP",NA,NA,NA,NA
"Interaction","GO_BP",NA,NA,NA,NA
"Interaction","GO_BP",NA,NA,NA,NA
"Interaction","GO_BP",NA,NA,NA,NA
"Interaction","GO_BP",NA,NA,NA,NA
"Interaction","GO_BP",NA,NA,NA,NA
"Interaction","GO_BP",NA,NA,NA,NA
"Interaction","GO_BP",NA,NA,NA,NA
"Interaction","GO_BP",NA,NA,NA,NA
"Interaction","GO_BP",NA,NA,NA,NA
"Interaction","GO_BP",NA,NA,NA,NA
"Interaction","GO_BP",NA,NA,NA,NA
"Interaction","GO_BP",NA,NA,NA,NA
"Interaction","GO_BP",NA,NA,NA,NA
"Interaction","GO_BP",NA,NA,NA,NA
"Interaction","GO_BP",NA,NA,NA,NA
"Interaction","GO_BP",NA,NA,NA,NA
"Interaction","GO_BP",NA,NA,NA,NA
"Interaction","GO_BP",NA,NA,NA,NA
"Interaction","GO_BP",NA,NA,NA,NA
"Interaction","GO_BP",NA,NA,NA,NA
"Interaction","GO_BP",NA,NA,NA,NA
"Interaction","GO_BP",NA,NA,NA,NA
"Interaction","GO_BP",NA,NA,NA,NA
"Interaction","GO_BP",NA,NA,NA,NA
"Interaction","GO_BP",NA,NA,NA,NA
"Interaction","GO_BP",NA,NA,NA,NA
"Interaction","GO_BP",NA,NA,NA,NA
"Interaction","GO_BP",NA,NA,NA,NA
"Interaction","GO_BP",NA,NA,NA,NA
"Interaction","GO_BP",NA,NA,NA,NA
"Interaction","GO_BP",NA,NA,NA,NA
"Interaction","GO_BP",NA,NA,NA,NA
"Interaction","GO_BP",NA,NA,NA,NA
"Interaction","GO_BP",NA,NA,NA,NA
"Interaction","GO_BP",NA,NA,NA,NA
"Interaction","GO_BP",NA,NA,NA,NA
"Interaction","GO_CC","respiratory chain complex I",2.66411826042879,1.096e-08,41
"Interaction","GO_CC","oxidoreductase complex",2.51710643456622,1.096e-08,71
"Interaction","GO_CC","transmembrane transporter complex",2.43626880290281,1.096e-08,119
"Interaction","GO_CC","cytochrome complex",2.19741802079146,2.57198304340912e-05,25
"Interaction","GO_CC","germ cell nucleus",-2.03791239014153,0.00469035112732353,11
"Interaction","GO_CC","protein folding chaperone complex",-2.0043174073513,0.00703984797805121,20
"Interaction","GO_CC","dynein complex",-1.98110361904384,0.0118732845403285,11
"Interaction","GO_CC","collagen trimer",1.9730927810786,0.00613569183041161,14
"Interaction","GO_CC","exocytic vesicle",-1.96803676035197,0.000495450658921809,70
"Interaction","GO_CC","proteasome complex",-1.94469618721192,0.00369856099175081,51
"Interaction","GO_CC","basement membrane",1.92884708314127,0.0137053889498938,22
"Interaction","GO_CC","complex of collagen trimers",1.92148374690743,0.0100026389612693,12
"Interaction","GO_CC","clathrin-coated vesicle membrane",-1.91059932456166,0.0262843928911972,22
"Interaction","GO_CC","clathrin coat",-1.88798736005801,0.0286996621812426,11
"Interaction","GO_CC","striated muscle thin filament",1.85587676247434,0.022365608606833,16
"Interaction","GO_CC","protein-DNA complex",1.84876161788722,0.0257886915186666,17
"Interaction","GO_CC","ribosomal subunit",1.83925851990787,0.000869287551322539,100
"Interaction","GO_CC","microtubule",-1.82285728043049,0.00372722694727312,82
"Interaction","GO_CC","solid phase of basement membrane",1.78736684951686,0.0220495801691259,7
"Interaction","GO_CC","solid phase of interstitial matrix",1.77970791489362,0.0441823259673902,19
"Interaction","GO_CC","main axon",-1.76187396865521,0.049299171672162,6
"Interaction","GO_CC","neuron projection terminus",-1.74690935961208,0.0564801479263514,12
"Interaction","GO_CC","spliceosomal snRNP complex",1.7360468775699,0.044617342197856,8
"Interaction","GO_CC","myosin II complex",1.73582100461561,0.0516137149060134,18
"Interaction","GO_CC","interstitial matrix",1.72766720683335,0.0626281787049257,20
"Interaction","GO_CC","Sm-like protein family complex",1.7271166681472,0.0587196737819464,9
"Interaction","GO_CC","proton-transporting two-sector ATPase complex",-1.72684726051183,0.0703378102108795,20
"Interaction","GO_CC","specific granule lumen",-1.72139515636596,0.0737603832406492,13
"Interaction","GO_CC","clathrin coat of coated pit",-1.69605140182634,0.0813622329404209,7
"Interaction","GO_CC","ciliary membrane",-1.67400027519602,0.0587196737819464,5
"Interaction","GO_CC","mitochondrial intermembrane space",1.66861662565415,0.0582655915588445,38
"Interaction","GO_CC","replication fork",1.66536963920593,0.0800562137303467,7
"Interaction","GO_CC","axon cytoplasm",-1.65868340502523,0.138735792697143,10
"Interaction","GO_CC","nucleosome",1.64569821811789,0.089000124359014,7
"Interaction","GO_CC","postsynaptic cytoskeleton",1.6269218640243,0.0491085843992846,4
"Interaction","GO_CC","nuclear outer membrane",1.61870928667923,0.111179147162084,7
"Interaction","GO_CC","neuron projection membrane",-1.61811647826894,0.109154340830031,5
"Interaction","GO_CC","endoplasmic reticulum-Golgi intermediate compartment",-1.61438002335938,0.0704204353102485,35
"Interaction","GO_CC","coated membrane",-1.57838743092937,0.138753047790726,24
"Interaction","GO_CC","hippocampal mossy fiber to CA3 synapse",-1.57645407169998,0.153327780729858,6
"Interaction","GO_CC","terminal bouton",-1.57052587229276,0.128833575199809,3
"Interaction","GO_CC","FAR/SIN/STRIPAK complex",-1.56876061608585,0.14359946788039,5
"Interaction","GO_CC","extrinsic component of organelle membrane",-1.5572811969824,0.199463899505631,11
"Interaction","GO_CC","inclusion body",-1.53368014088624,0.175570232455486,16
"Interaction","GO_CC","intercellular bridge",-1.52892699110756,0.184391976892182,12
"Interaction","GO_CC","nuclear replication fork",1.52645187520937,0.137759031765516,5
"Interaction","GO_CC","mitochondrial protein-containing complex",1.52481328872611,0.0797450629843185,75
"Interaction","GO_CC","collagenous component of interstitial matrix",1.5239174163502,0.137759031765516,5
"Interaction","GO_CC","myosin filament",1.5050477491278,0.18694649509436,16
"Interaction","GO_CC","microvillus",-1.50482473046036,0.256618211165024,11
"Interaction","GO_CC","non-collagenous component of interstitial matrix",1.49738704406051,0.191585130792392,14
"Interaction","GO_CC","Cul3-RING ubiquitin ligase complex",-1.45701681202295,0.227021652673442,4
"Interaction","GO_CC","extrinsic component of membrane",-1.44211761741861,0.145225064269044,28
"Interaction","GO_CC","autolysosome",1.44059668682775,0.268358756355756,7
"Interaction","GO_CC","phagophore assembly site membrane",-1.4346895143867,0.285050331677417,3
"Interaction","GO_CC","nuclear inner membrane",1.43003562796499,0.258937488589869,9
"Interaction","GO_CC","synaptic cleft",1.42097721530972,0.230806257521059,3
"Interaction","GO_CC","keratin filament",1.41999840887705,0.200868437376642,8
"Interaction","GO_CC","blood microparticle",-1.41805168988868,0.184391976892182,25
"Interaction","GO_CC","clathrin-coated pit",-1.4147205584307,0.267050023147584,16
"Interaction","GO_CC","mitochondrial large ribosomal subunit",1.40962331425643,0.256618211165024,19
"Interaction","GO_CC","MHC protein complex",1.39651820804265,0.265964477488641,4
"Interaction","GO_CC","elastic fiber",1.39514474180977,0.278359210274104,12
"Interaction","GO_CC","guanyl-nucleotide exchange factor complex",-1.39246591940481,0.271340859576154,6
"Interaction","GO_CC","transcription regulator complex",1.38299666354626,0.26106048053024,23
"Interaction","GO_CC","inner mitochondrial membrane protein complex",1.36070607413822,0.292361808136433,26
"Interaction","GO_CC","presynaptic membrane",-1.35505900292838,0.332267034644253,12
"Interaction","GO_CC","nuclear lamina",1.34179414863197,0.319635452267031,3
"Interaction","GO_CC","mRNA cleavage and polyadenylation specificity factor complex",1.3356306952218,0.0220495801691259,1
"Interaction","GO_CC","protein-lipid complex",-1.33454672528955,0.389777980998831,7
"Interaction","GO_CC","dendritic shaft",1.33082419156073,0.328334451151353,3
"Interaction","GO_CC","nuclear pore",-1.3262908134734,0.314772266522503,19
"Interaction","GO_CC","intraciliary transport particle A",1.32481844673667,0.130004981755441,1
"Interaction","GO_CC","XY body",1.3216383736528,0.143347065648149,1
"Interaction","GO_CC","caveola",1.32132379524231,0.319635452267031,20
"Interaction","GO_CC","excitatory synapse",-1.31161118186036,0.379029671210906,5
"Interaction","GO_CC","extrinsic component of synaptic membrane",-1.30588053817503,0.379029671210906,4
"Interaction","GO_CC","postsynaptic endosome",-1.30511927123964,0.319635452267031,3
"Interaction","GO_CC","sperm midpiece",1.30028483377078,0.389777980998831,10
"Interaction","GO_CC","specialized extracellular matrix",-1.29513950105084,0.249923989054424,1
"Interaction","GO_CC","small-subunit processome",1.2852116927957,0.348489666136725,24
"Interaction","GO_CC","actin filament",1.27663612896116,0.319635452267031,35
"Interaction","GO_CC","sno(s)RNA-containing ribonucleoprotein complex",1.26757713122716,0.328334451151353,1
"Interaction","GO_CC","non-motile cilium",-1.26272494665926,0.403785376939739,12
"Interaction","GO_CC","lysosomal membrane",-1.26112381498098,0.262540344271114,84
"Interaction","GO_CC","protein phosphatase type 1 complex",1.26104207571765,0.460881733501067,4
"Interaction","GO_CC","postsynaptic density membrane",1.25867292659235,0.338010016202681,1
"Interaction","GO_CC","photoreceptor connecting cilium",-1.25599526471935,0.389777980998831,3
"Interaction","GO_CC","ciliary basal body",-1.25497711569446,0.379029671210906,15
"Interaction","GO_CC","desmosome",1.25427333862345,0.466462376574736,4
"Interaction","GO_CC","neuronal cell body",-1.23729889269758,0.326190476190476,57
"Interaction","GO_CC","photoreceptor disc membrane",-1.23493024630367,0.367578542811044,1
"Interaction","GO_CC","focal adhesion",1.22351178242797,0.256618211165024,182
"Interaction","GO_CC","RNAi effector complex",1.20776706453651,0.485021786492375,6
"Interaction","GO_CC","cortical actin cytoskeleton",1.1947133187186,0.439250161603103,24
"Interaction","GO_CC","INTAC complex",-1.19405687653159,0.485021786492375,2
"Interaction","GO_CC","TRAPP complex",-1.19201513919664,0.420460358056266,1
"Interaction","GO_CC","vacuolar lumen",-1.18597375838991,0.379029671210906,50
"Interaction","GO_CC","site of polarized growth",-1.17624021942138,0.479614561398948,26
"Interaction","GO_CC","sarcoplasm",-1.12466795629923,0.485021786492375,50
"Interaction","GO_CC",NA,NA,NA,NA
"Interaction","GO_CC",NA,NA,NA,NA
"Interaction","GO_CC",NA,NA,NA,NA
"Interaction","GO_CC",NA,NA,NA,NA
"Interaction","GO_CC",NA,NA,NA,NA
"Interaction","GO_CC",NA,NA,NA,NA
"Interaction","GO_CC",NA,NA,NA,NA
"Interaction","GO_CC",NA,NA,NA,NA
"Interaction","GO_CC",NA,NA,NA,NA
"Interaction","GO_CC",NA,NA,NA,NA
"Interaction","GO_CC",NA,NA,NA,NA
"Interaction","GO_CC",NA,NA,NA,NA
"Interaction","GO_CC",NA,NA,NA,NA
"Interaction","GO_CC",NA,NA,NA,NA
"Interaction","GO_CC",NA,NA,NA,NA
"Interaction","GO_CC",NA,NA,NA,NA
"Interaction","GO_CC",NA,NA,NA,NA
"Interaction","GO_CC",NA,NA,NA,NA
"Interaction","GO_CC",NA,NA,NA,NA
"Interaction","GO_CC",NA,NA,NA,NA
"Interaction","GO_CC",NA,NA,NA,NA
"Interaction","GO_CC",NA,NA,NA,NA
"Interaction","GO_CC",NA,NA,NA,NA
"Interaction","GO_CC",NA,NA,NA,NA
"Interaction","GO_CC",NA,NA,NA,NA
"Interaction","GO_CC",NA,NA,NA,NA
"Interaction","GO_CC",NA,NA,NA,NA
"Interaction","GO_CC",NA,NA,NA,NA
"Interaction","GO_CC",NA,NA,NA,NA
"Interaction","GO_CC",NA,NA,NA,NA
"Interaction","GO_CC",NA,NA,NA,NA
"Interaction","GO_CC",NA,NA,NA,NA
"Interaction","GO_CC",NA,NA,NA,NA
"Interaction","GO_CC",NA,NA,NA,NA
"Interaction","GO_CC",NA,NA,NA,NA
"Interaction","GO_CC",NA,NA,NA,NA
"Interaction","GO_CC",NA,NA,NA,NA
"Interaction","GO_CC",NA,NA,NA,NA
"Interaction","GO_CC",NA,NA,NA,NA
"Interaction","GO_CC",NA,NA,NA,NA
"Interaction","GO_CC",NA,NA,NA,NA
"Interaction","GO_CC",NA,NA,NA,NA
"Interaction","GO_CC",NA,NA,NA,NA
"Interaction","GO_CC",NA,NA,NA,NA
"Interaction","GO_CC",NA,NA,NA,NA
"Interaction","GO_CC",NA,NA,NA,NA
"Interaction","GO_CC",NA,NA,NA,NA
"Interaction","GO_CC",NA,NA,NA,NA
"Interaction","GO_CC",NA,NA,NA,NA
"Interaction","GO_CC",NA,NA,NA,NA
"Interaction","GO_MF","oxidoreduction-driven active transmembrane transporter activity",2.81560642786902,1.16428571428571e-08,53
"Interaction","GO_MF","NADH dehydrogenase (ubiquinone) activity",2.6892436306083,1.16428571428571e-08,36
"Interaction","GO_MF","electron transfer activity",2.66224876041229,1.16428571428571e-08,75
"Interaction","GO_MF","active monoatomic ion transmembrane transporter activity",2.6292402256092,1.16428571428571e-08,67
"Interaction","GO_MF","proton transmembrane transporter activity",2.48101968264886,1.16428571428571e-08,83
"Interaction","GO_MF","aminoacyl-tRNA ligase activity",-2.18034116615153,0.00165174685077733,26
"Interaction","GO_MF","ligase activity",-2.07135042913886,0.000295198074265294,73
"Interaction","GO_MF","extracellular matrix structural constituent",2.06091973610325,0.000790325636920518,35
"Interaction","GO_MF","heat shock protein binding",-2.04538181551113,0.00663019797602072,36
"Interaction","GO_MF","unfolded protein binding",-2.0077777638303,0.0013931364177145,57
"Interaction","GO_MF","GTPase binding",-1.92762417513146,0.0106738690022423,49
"Interaction","GO_MF","protein-folding chaperone binding",-1.92612466828376,0.00314744167157877,53
"Interaction","GO_MF","catalytic activity, acting on a tRNA",-1.9215728194121,0.0102585310214579,33
"Interaction","GO_MF","clathrin binding",-1.85538905000822,0.0535640151753789,9
"Interaction","GO_MF","ubiquitin-like protein peptidase activity",-1.81379609737106,0.0696026447581575,18
"Interaction","GO_MF","tau protein binding",-1.80658916006594,0.0837558462191754,20
"Interaction","GO_MF","nucleosome binding",1.77962386792162,0.0251155137270095,7
"Interaction","GO_MF","structural constituent of ribosome",1.76571802264085,0.0119109966495024,93
"Interaction","GO_MF","growth factor binding",1.76446346003696,0.0621189068253339,14
"Interaction","GO_MF","proteasome binding",-1.7513971068379,0.0951979192483208,13
"Interaction","GO_MF","cysteine-type deubiquitinase activity",-1.72582159202313,0.116870572279468,14
"Interaction","GO_MF","nucleocytoplasmic carrier activity",-1.72175985531117,0.172401219931802,15
"Interaction","GO_MF","ubiquitin binding",-1.70714452141024,0.0951979192483208,24
"Interaction","GO_MF","pyridoxal phosphate binding",-1.70527507566796,0.172401219931802,17
"Interaction","GO_MF","ferrous iron binding",1.66418770192854,0.107130158589156,6
"Interaction","GO_MF","protein serine/threonine kinase binding",-1.66385859725805,0.187693510614663,6
"Interaction","GO_MF","aldehyde dehydrogenase (NAD+) activity",-1.6627122208738,0.195572054231765,12
"Interaction","GO_MF","iron-sulfur cluster binding",1.65079478721588,0.136704943352658,25
"Interaction","GO_MF","GTPase activity",-1.64396199654722,0.0621189068253339,72
"Interaction","GO_MF","structural constituent of chromatin",1.63571592538485,0.153793209164856,4
"Interaction","GO_MF","nucleosomal DNA binding",1.63571592538485,0.153793209164856,4
"Interaction","GO_MF","ATP-dependent protein folding chaperone",-1.63536027115547,0.195572054231765,14
"Interaction","GO_MF","vitamin binding",-1.62706146993468,0.194051061187583,25
"Interaction","GO_MF","transaminase activity",-1.62650977063098,0.259175920872944,8
"Interaction","GO_MF","epidermal growth factor receptor binding",1.62313405228768,0.172401219931802,4
"Interaction","GO_MF","oxidoreductase activity, acting on paired donors, with incorporation or reduction of molecular oxygen, NAD(P)H as one donor, and incorporation of one atom of oxygen",-1.6186244227034,0.190825322634988,5
"Interaction","GO_MF","integrin binding",1.61689760026377,0.237316639000949,29
"Interaction","GO_MF","carboxylic acid binding",-1.61512165437096,0.237316639000949,29
"Interaction","GO_MF","organic acid binding",-1.61512165437096,0.237316639000949,29
"Interaction","GO_MF","methyl-CpG binding",-1.60078807861571,0.21142998101065,5
"Interaction","GO_MF","dynein intermediate chain binding",-1.58969344150137,0.319907868032914,8
"Interaction","GO_MF","tRNA binding",-1.58075285593286,0.287572728502017,23
"Interaction","GO_MF","hydrolase activity, hydrolyzing O-glycosyl compounds",-1.5764239520656,0.302503921663781,7
"Interaction","GO_MF","calcium-dependent phospholipid binding",-1.57211750917887,0.257442654280902,13
"Interaction","GO_MF","RNA polymerase II CTD heptapeptide repeat modifying activity",1.56200784538124,0.257442654280902,4
"Interaction","GO_MF","wide pore channel activity",1.56176068407755,0.257442654280902,4
"Interaction","GO_MF","RNA polymerase II CTD heptapeptide repeat phosphatase activity",1.55968649003398,0.0880068384723883,3
"Interaction","GO_MF","SNAP receptor activity",-1.54497212338996,0.351310761961812,6
"Interaction","GO_MF","alcohol dehydrogenase (NAD+) activity",-1.54061274250455,0.351310761961812,7
"Interaction","GO_MF","microtubule motor activity",-1.5341999406922,0.257442654280902,4
"Interaction","GO_MF","myosin binding",1.52455271637268,0.295087399356907,19
"Interaction","GO_MF","proteoglycan binding",1.50294075274911,0.420096028814458,5
"Interaction","GO_MF","oxidoreductase activity, acting on NAD(P)H",1.49913378999371,0.319264882267747,25
"Interaction","GO_MF","structural constituent of muscle",1.49604733721257,0.237316639000949,38
"Interaction","GO_MF","RNA stem-loop binding",-1.49556344232406,0.420096028814458,5
"Interaction","GO_MF","cargo adaptor activity",-1.49374435513508,0.430298584472909,7
"Interaction","GO_MF","collagen binding",1.49296793221536,0.457873207043663,16
"Interaction","GO_MF","kinase activator activity",-1.48303206291091,0.477290473711609,19
"Interaction","GO_MF","ankyrin binding",-1.48137117464862,0.43063753789643,5
"Interaction","GO_MF","transmembrane receptor protein tyrosine kinase activity",1.46830386848308,0.291557027314974,3
"Interaction","GO_MF","scavenger receptor activity",-1.46429503681438,0.0487101578092999,2
"Interaction","GO_MF","long-chain fatty acid-CoA ligase activity",-1.46363230478734,0.496630582837479,4
"Interaction","GO_MF","polyubiquitin modification-dependent protein binding",-1.46310262169489,0.464222143111428,18
"Interaction","GO_MF","ubiquitin-like protein ligase activity",-1.45573008969107,0.382270462349783,25
"Interaction","GO_MF","calcium-dependent protein binding",-1.44946175639102,0.482126542122726,26
"Interaction","GO_MF","ubiquitin-specific protease binding",-1.44059565007262,0.477290473711609,5
"Interaction","GO_MF","clathrin-cargo adaptor activity",-1.43624608908254,0.477290473711609,5
"Interaction","GO_MF","extracellular matrix binding",1.42658582385396,0.556541928434854,12
"Interaction","GO_MF","telomeric DNA binding",1.42596702093701,0.477290473711609,10
"Interaction","GO_MF","peptide antigen binding",1.42128203528794,0.510078556629834,6
"Interaction","GO_MF","phospholipase inhibitor activity",-1.42091049212132,0.505165289256198,5
"Interaction","GO_MF","phosphatidylinositol-5-phosphate binding",1.41301657364259,0.510078556629834,7
"Interaction","GO_MF","carbohydrate binding",-1.41111486490939,0.410326968769092,37
"Interaction","GO_MF","histone H4 methyltransferase activity",-1.41094190478618,0.287572728502017,2
"Interaction","GO_MF","protein folding chaperone",-1.40332451560997,0.494042642140468,33
"Interaction","GO_MF","endonuclease activity",1.40130251830134,0.551341928265706,16
"Interaction","GO_MF","quinone binding",1.40025096350016,0.550540407762221,11
"Interaction","GO_MF","syntaxin-1 binding",1.39946332597922,0.464222143111428,3
"Interaction","GO_MF","GTPase regulator activity",-1.39805376689398,0.420096028814458,42
"Interaction","GO_MF","G protein activity",-1.39643775462693,0.477290473711609,30
"Interaction","GO_MF","voltage-gated monoatomic anion channel activity",1.39624025269803,0.477290473711609,3
"Interaction","GO_MF","monoatomic anion transmembrane transporter activity",1.39597551952944,0.510078556629834,10
"Interaction","GO_MF","general transcription initiation factor binding",-1.39430070759694,0.619636091853303,6
"Interaction","GO_MF","calcium/calmodulin-dependent protein kinase activity",1.39118755172925,0.594801452150155,9
"Interaction","GO_MF","GDP binding",-1.38742215978979,0.510078556629834,21
"Interaction","GO_MF","all-trans-retinol dehydrogenase (NAD+) activity",-1.37994849548168,0.587975951903808,4
"Interaction","GO_MF","snRNA binding",1.37743821381135,0.565758696144269,7
"Interaction","GO_MF","phospholipase activator activity",-1.37485700663225,0.550540407762221,3
"Interaction","GO_MF","lipid transmembrane transporter activity",-1.37243400837251,0.64136500214623,6
"Interaction","GO_MF","ATPase-coupled monoatomic cation transmembrane transporter activity",-1.36053647688958,0.565758696144269,14
"Interaction","GO_MF","ATPase-coupled transmembrane transporter activity",-1.36053647688958,0.565758696144269,14
"Interaction","GO_MF","misfolded protein binding",-1.36006545845365,0.565758696144269,5
"Interaction","GO_MF","oxysterol binding",1.35380057697864,0.634989155383352,5
"Interaction","GO_MF","fatty acid-CoA ligase activity",-1.34919253384794,0.651915427187824,6
"Interaction","GO_MF","ribosomal large subunit binding",1.34588755596668,0.622416891284816,6
"Interaction","GO_MF","NAD+-protein mono-ADP-ribosyltransferase activity",1.34246663045781,0.587975951903808,3
"Interaction","GO_MF","protein kinase A binding",-1.3412246732306,0.639277396309749,12
"Interaction","GO_MF","metalloendopeptidase activity",1.34070996656482,0.651915427187824,8
"Interaction","GO_MF","actin binding",1.33710946741152,0.351310761961812,144
"Interaction","GO_MF","DNA-(apurinic or apyrimidinic site) endonuclease activity",1.33463374993934,0.651915427187824,4
"Interaction","GO_MF","dopamine receptor binding",1.33311418138727,0.651915427187824,4
"Interaction","GO_MF","structural constituent of postsynapse",1.33241373928221,0.651915427187824,4
"Interaction","GO_MF","long-chain fatty acid transmembrane transporter activity",-1.32866120622564,0.622416891284816,5
"Interaction","GO_MF","fatty acid transmembrane transporter activity",-1.32866120622564,0.622416891284816,5
"Interaction","GO_MF","SH2 domain binding",1.32501977564635,0.622416891284816,3
"Interaction","GO_MF","CARD domain binding",-1.32457890773369,0.0818563735352237,1
"Interaction","GO_MF","oxidoreductase activity, acting on metal ions",1.32432378721881,0.622416891284816,3
"Interaction","GO_MF","cyclic nucleotide binding",-1.32403671049735,0.646127419674514,3
"Interaction","GO_MF","nuclear estrogen receptor binding",1.32166097022612,0.674282971073705,5
"Interaction","GO_MF","glutamate receptor binding",1.32034283281184,0.646127419674514,6
"Interaction","GO_MF","microtubule plus-end binding",-1.31822593799513,0.646127419674514,9
"Interaction","GO_MF","minus-end-directed microtubule motor activity",-1.31763402308876,0.21142998101065,1
"Interaction","GO_MF","dynein light intermediate chain binding",-1.31763402308876,0.21142998101065,1
"Interaction","GO_MF","microfilament motor activity",1.31437370207461,0.646127419674514,15
"Interaction","GO_MF","E-box binding",-1.31068913844383,0.287572728502017,1
"Interaction","GO_MF","transmembrane receptor protein tyrosine kinase adaptor activity",1.3103552286596,0.43063753789643,1
"Interaction","GO_MF","ephrin receptor binding",1.3103552286596,0.43063753789643,1
"Interaction","GO_MF","vitamin transmembrane transporter activity",-1.30800405674723,0.613427668222189,2
"Interaction","GO_MF","adenyl-nucleotide exchange factor activity",-1.30449852861386,0.674282971073705,8
"Interaction","GO_MF","threonine-type peptidase activity",-1.30347222156489,0.651915427187824,3
"Interaction","GO_MF","poly-purine tract binding",-1.30284804128839,0.674282971073705,8
"Interaction","GO_MF","disordered domain specific binding",-1.30227666902876,0.674282971073705,10
"Interaction","GO_MF","P-type ion transporter activity",-1.29711897454414,0.674282971073705,8
"Interaction","GO_MF","insulin receptor binding",1.29566521512419,0.674282971073705,3
"Interaction","GO_MF","phospholipid scramblase activity",1.29029546960357,0.50378401857761,1
"Interaction","GO_MF","ATP hydrolysis activity",-1.28884265518171,0.510078556629834,79
"Interaction","GO_MF","signaling receptor inhibitor activity",-1.28400914950786,0.674282971073705,3
"Interaction","GO_MF","structural constituent of skin epidermis",1.28335321007957,0.682290405874284,6
"Interaction","GO_MF","oxidoreductase activity, acting on the CH-NH2 group of donors, oxygen as acceptor",1.28299234896283,0.691275748658473,3
"Interaction","GO_MF","nuclear retinoic acid receptor binding",1.28188331258008,0.544215622296754,1
"Interaction","GO_MF","calcium ion sensor activity",1.27972001863129,0.646127419674514,2
"Interaction","GO_MF","metal ion sensor activity",1.27972001863129,0.646127419674514,2
"Interaction","GO_MF","translation factor activity, RNA binding",-1.27895749559284,0.662707965548601,15
"Interaction","GO_MF","phosphatidic acid binding",1.27393412959943,0.709792249739995,4
"Interaction","GO_MF","lipid kinase activity",1.27229965312211,0.712284570775137,3
"Interaction","GO_MF","lipoprotein particle binding",-1.2716736007908,0.721770162916718,6
"Interaction","GO_MF","S-adenosyl-L-methionine binding",-1.26649441797607,0.544422177688711,1
"Interaction","GO_MF","C2H2 zinc finger domain binding",1.2657060875349,0.587975951903808,1
"Interaction","GO_MF","ribosomal small subunit binding",-1.26489557609797,0.682290405874284,9
"Interaction","GO_MF","core promoter sequence-specific DNA binding",1.26313090016719,0.721770162916718,5
"Interaction","GO_MF","spectrin binding",-1.25876640590119,0.722764624522008,6
"Interaction","GO_MF","efflux transmembrane transporter activity",-1.25513006128436,0.587975951903808,1
"Interaction","GO_MF","phosphoprotein binding",-1.25499694946536,0.691275748658473,16
"Interaction","GO_MF","SH3 domain binding",1.2548557763653,0.710811445439603,12
"Interaction","GO_MF","deaminase activity",1.25439979765233,0.734234234234234,5
"Interaction","GO_MF","transcription coregulator binding",1.2537127655952,0.712284570775137,10
"Interaction","GO_MF","molecular sequestering activity",-1.25136655355751,0.660252195557225,24
"Interaction","GO_MF","lamin binding",1.24846243674298,0.721770162916718,4
"Interaction","GO_MF","G-protein alpha-subunit binding",-1.24830596809317,0.682290405874284,2
"Interaction","GO_MF","DNA-binding transcription factor binding",-1.24551118448745,0.618078165247977,62
"Interaction","GO_MF","double-stranded RNA binding",-1.24409182309108,0.651915427187824,23
"Interaction","GO_MF","ubiquitin protein ligase binding",-1.2435084408109,0.548016382419463,78
"Interaction","GO_MF","N-methyltransferase activity",-1.23850695061742,0.721770162916718,5
"Interaction","GO_MF","carbonate dehydratase activity",-1.2384962218885,0.703211172389255,2
"Interaction","GO_MF","CCR chemokine receptor binding",-1.23810041833651,0.721770162916718,4
"Interaction","GO_MF","peptide hormone receptor binding",1.23717276432956,0.734234234234234,3
"Interaction","GO_MF","enzyme-substrate adaptor activity",-1.23465138577998,0.721770162916718,8
"Interaction","GO_MF","nuclear steroid receptor activity",-1.23429540734956,0.646127419674514,1
"Interaction","GO_MF","alcohol dehydrogenase (NADP+) activity",-1.23024294648368,0.703811231371517,14
"Interaction","GO_MF","nuclear localization sequence binding",-1.22768894980453,0.734234234234234,7
"Interaction","GO_MF","L-amino acid transmembrane transporter activity",1.21962530019816,0.734234234234234,4
"Interaction","GO_MF","low-density lipoprotein particle receptor binding",-1.2179701288284,0.721770162916718,11
"Interaction","GO_MF","oxidoreductase activity, acting on the CH-NH group of donors, NAD or NADP as acceptor",-1.21394729865014,0.734234234234234,4
"Interaction","GO_MF","proline-rich region binding",-1.21365975810766,0.734234234234234,2
"Interaction","GO_MF","ubiquitin-protein transferase inhibitor activity",1.2129746839085,0.743460129768584,8
"Interaction","GO_MF","phosphatidylinositol-3,4-bisphosphate binding",-1.21219804711568,0.674282971073705,1
"Interaction","GO_MF","cytokine activity",-1.20139256607334,0.745068350307826,8
"Interaction","GO_MF","phosphatidylserine binding",-1.19397244877314,0.721770162916718,16
"Interaction","GO_MF","magnesium ion transmembrane transporter activity",-1.19199474633042,0.703811231371517,1
"Interaction","GO_MF","Notch binding",-1.18063038963871,0.724483987430113,1
"Interaction","GO_MF","neuropilin binding",-1.17999903648917,0.724483987430113,1
"Interaction","GO_MF","transcription coactivator activity",1.16807938786121,0.730228575979611,38
"Interaction","GO_MF",NA,NA,NA,NA
"Interaction","GO_MF",NA,NA,NA,NA
"Interaction","GO_MF",NA,NA,NA,NA
"Interaction","GO_MF",NA,NA,NA,NA
"Interaction","GO_MF",NA,NA,NA,NA
"Interaction","GO_MF",NA,NA,NA,NA
"Interaction","GO_MF",NA,NA,NA,NA
"Interaction","GO_MF",NA,NA,NA,NA
"Interaction","GO_MF",NA,NA,NA,NA
"Interaction","GO_MF",NA,NA,NA,NA
"Interaction","GO_MF",NA,NA,NA,NA
"Interaction","GO_MF",NA,NA,NA,NA
"Interaction","GO_MF",NA,NA,NA,NA
"Interaction","GO_MF",NA,NA,NA,NA
"Interaction","GO_MF",NA,NA,NA,NA
"Interaction","GO_MF",NA,NA,NA,NA
"Interaction","GO_MF",NA,NA,NA,NA
"Interaction","GO_MF",NA,NA,NA,NA
"Interaction","GO_MF",NA,NA,NA,NA
"Interaction","GO_MF",NA,NA,NA,NA
"Interaction","GO_MF",NA,NA,NA,NA
"Interaction","GO_MF",NA,NA,NA,NA
"Interaction","GO_MF",NA,NA,NA,NA
"Interaction","GO_MF",NA,NA,NA,NA
"Interaction","GO_MF",NA,NA,NA,NA
"Interaction","GO_MF",NA,NA,NA,NA
"Interaction","GO_MF",NA,NA,NA,NA
"Interaction","GO_MF",NA,NA,NA,NA
"Interaction","GO_MF",NA,NA,NA,NA
"Interaction","GO_MF",NA,NA,NA,NA
"Interaction","GO_MF",NA,NA,NA,NA
"Interaction","GO_MF",NA,NA,NA,NA
"Interaction","GO_MF",NA,NA,NA,NA
"Interaction","GO_MF",NA,NA,NA,NA
"Interaction","GO_MF",NA,NA,NA,NA
"Interaction","GO_MF",NA,NA,NA,NA
"Interaction","GO_MF",NA,NA,NA,NA
"Interaction","GO_MF",NA,NA,NA,NA
"Interaction","GO_MF",NA,NA,NA,NA
"Interaction","GO_MF",NA,NA,NA,NA
"Interaction","GO_MF",NA,NA,NA,NA
"Interaction","GO_MF",NA,NA,NA,NA
"Interaction","GO_MF",NA,NA,NA,NA
"Interaction","GO_MF",NA,NA,NA,NA
"Interaction","GO_MF",NA,NA,NA,NA
"Interaction","GO_MF",NA,NA,NA,NA
"Interaction","GO_MF",NA,NA,NA,NA
"Interaction","GO_MF",NA,NA,NA,NA
"Interaction","GO_MF",NA,NA,NA,NA
"Interaction","GO_MF",NA,NA,NA,NA
"Interaction","GO_MF",NA,NA,NA,NA
"Interaction","GO_MF",NA,NA,NA,NA
"Interaction","GO_MF",NA,NA,NA,NA
"Interaction","GO_MF",NA,NA,NA,NA
"Interaction","GO_MF",NA,NA,NA,NA
"Interaction","GO_MF",NA,NA,NA,NA
"Interaction","GO_MF",NA,NA,NA,NA
"Interaction","GO_MF",NA,NA,NA,NA
"Interaction","GO_MF",NA,NA,NA,NA
"Interaction","GO_MF",NA,NA,NA,NA
"Interaction","GO_MF",NA,NA,NA,NA
"Interaction","GO_MF",NA,NA,NA,NA
"Interaction","GO_MF",NA,NA,NA,NA
"Interaction","GO_MF",NA,NA,NA,NA
"Interaction","GO_MF",NA,NA,NA,NA
"Interaction","GO_MF",NA,NA,NA,NA
"Interaction","GO_MF",NA,NA,NA,NA
"Interaction","GO_MF",NA,NA,NA,NA
"Interaction","GO_MF",NA,NA,NA,NA
"Interaction","GO_MF",NA,NA,NA,NA
"Interaction","GO_MF",NA,NA,NA,NA
"Interaction","GO_MF",NA,NA,NA,NA
"Interaction","GO_MF",NA,NA,NA,NA
"Interaction","GO_MF",NA,NA,NA,NA
"Interaction","GO_MF",NA,NA,NA,NA
"Interaction","GO_MF",NA,NA,NA,NA
"Interaction","GO_MF",NA,NA,NA,NA
"Interaction","GO_MF",NA,NA,NA,NA
"Interaction","GO_MF",NA,NA,NA,NA
"Interaction","GO_MF",NA,NA,NA,NA
"Interaction","GO_MF",NA,NA,NA,NA
"Interaction","GO_MF",NA,NA,NA,NA
"Interaction","GO_MF",NA,NA,NA,NA
"Interaction","GO_MF",NA,NA,NA,NA
"Interaction","GO_MF",NA,NA,NA,NA
"Interaction","GO_MF",NA,NA,NA,NA
"Interaction","GO_MF",NA,NA,NA,NA
"Interaction","GO_MF",NA,NA,NA,NA
"Interaction","GO_MF",NA,NA,NA,NA
"Interaction","GO_MF",NA,NA,NA,NA
"Interaction","GO_MF",NA,NA,NA,NA
"Interaction","GO_MF",NA,NA,NA,NA
"Interaction","GO_MF",NA,NA,NA,NA
"Interaction","GO_MF",NA,NA,NA,NA
"Interaction","GO_MF",NA,NA,NA,NA
"Interaction","GO_MF",NA,NA,NA,NA
"Interaction","GO_MF",NA,NA,NA,NA
"Interaction","GO_MF",NA,NA,NA,NA
"Interaction","GO_MF",NA,NA,NA,NA
"Interaction","GO_MF",NA,NA,NA,NA
"Interaction","GO_MF",NA,NA,NA,NA
"Interaction","GO_MF",NA,NA,NA,NA
"Interaction","GO_MF",NA,NA,NA,NA
"Interaction","GO_MF",NA,NA,NA,NA
"Interaction","GO_MF",NA,NA,NA,NA
"Interaction","GO_MF",NA,NA,NA,NA
"Interaction","GO_MF",NA,NA,NA,NA
"Interaction","GO_MF",NA,NA,NA,NA
"Interaction","GO_MF",NA,NA,NA,NA
"Interaction","GO_MF",NA,NA,NA,NA
"Interaction","GO_MF",NA,NA,NA,NA
"Interaction","GO_MF",NA,NA,NA,NA
"Interaction","GO_MF",NA,NA,NA,NA
"Interaction","GO_MF",NA,NA,NA,NA
"Interaction","GO_MF",NA,NA,NA,NA
"Interaction","GO_MF",NA,NA,NA,NA
"Interaction","GO_MF",NA,NA,NA,NA
"Interaction","GO_MF",NA,NA,NA,NA
"Interaction","GO_MF",NA,NA,NA,NA
"Interaction","GO_MF",NA,NA,NA,NA
"Interaction","GO_MF",NA,NA,NA,NA
"Interaction","GO_MF",NA,NA,NA,NA
"Interaction","GO_MF",NA,NA,NA,NA
"Interaction","GO_MF",NA,NA,NA,NA
"Interaction","GO_MF",NA,NA,NA,NA
"Interaction","GO_MF",NA,NA,NA,NA
"Interaction","GO_MF",NA,NA,NA,NA
"Interaction","GO_MF",NA,NA,NA,NA
"Interaction","GO_MF",NA,NA,NA,NA
"Interaction","GO_MF",NA,NA,NA,NA
"Interaction","GO_MF",NA,NA,NA,NA
"Interaction","GO_MF",NA,NA,NA,NA
"Interaction","GO_MF",NA,NA,NA,NA
"Interaction","GO_MF",NA,NA,NA,NA
"Interaction","GO_MF",NA,NA,NA,NA
"Interaction","GO_MF",NA,NA,NA,NA
"Interaction","GO_MF",NA,NA,NA,NA
"Interaction","GO_MF",NA,NA,NA,NA
"Interaction","GO_MF",NA,NA,NA,NA
"Interaction","GO_MF",NA,NA,NA,NA
